{"type":"FeatureCollection","features":[{"type":"Feature","properties":{"zone":"A11","district":"Centrum","rawHours":"Mo–So 9–21 Uhr","rawFee":"A1: 0,30 starttarief, 4,50 per uur (2026) — 1. Stunde 4,80 €, 2. Stunde 4,50 €, 3. Stunde 4,50 €","note":"Centrum - uurtarief A — A1.1 - uurtarief","windows":[{"weekdays":[2],"fromMinute":540,"toMinute":1260},{"weekdays":[4],"fromMinute":540,"toMinute":1260},{"weekdays":[1],"fromMinute":540,"toMinute":1260},{"weekdays":[5],"fromMinute":540,"toMinute":1260},{"weekdays":[3],"fromMinute":540,"toMinute":1260},{"weekdays":[6],"fromMinute":540,"toMinute":1260},{"weekdays":[0],"fromMinute":540,"toMinute":1260}],"fee":{"kind":"range","minCentsPerHour":450,"maxCentsPerHour":480},"unmodelledRules":["Feiertage 2026 laut Quelle: gebührenpflichtig wie am Wochentag am 01.01., 06.04., 27.04., 14.05., 25.05., 25.12., 26.12."],"sourceDefect":null,"freeOnHolidays":false,"spaces":null,"maxStayMinutes":null,"maxStay":null,"maxStayShare":0,"maxStayValues":[],"chargingPoints":0,"carsharing":0},"geometry":{"type":"Polygon","coordinates":[[[5.47112,51.44059],[5.47147,51.44035],[5.47223,51.44044],[5.47326,51.44058],[5.47324,51.44083],[5.47368,51.44096],[5.47391,51.44027],[5.47404,51.44012],[5.474,51.43997],[5.47374,51.43974],[5.47353,51.43947],[5.47343,51.43924],[5.47122,51.4397],[5.47072,51.43876],[5.47062,51.43869],[5.47038,51.43872],[5.47051,51.43924],[5.47104,51.43991],[5.47095,51.44022],[5.47095,51.44039],[5.471,51.44046],[5.471,51.44053],[5.47112,51.44059]]]}},{"type":"Feature","properties":{"zone":"A11","district":"Centrum","rawHours":"Mo–So 9–21 Uhr","rawFee":"A1: 0,30 starttarief, 4,50 per uur (2026) — 1. Stunde 4,80 €, 2. Stunde 4,50 €, 3. Stunde 4,50 €","note":"Centrum - uurtarief A — A1.1 - uurtarief","windows":[{"weekdays":[2],"fromMinute":540,"toMinute":1260},{"weekdays":[4],"fromMinute":540,"toMinute":1260},{"weekdays":[1],"fromMinute":540,"toMinute":1260},{"weekdays":[5],"fromMinute":540,"toMinute":1260},{"weekdays":[3],"fromMinute":540,"toMinute":1260},{"weekdays":[6],"fromMinute":540,"toMinute":1260},{"weekdays":[0],"fromMinute":540,"toMinute":1260}],"fee":{"kind":"range","minCentsPerHour":450,"maxCentsPerHour":480},"unmodelledRules":["Feiertage 2026 laut Quelle: gebührenpflichtig wie am Wochentag am 01.01., 06.04., 27.04., 14.05., 25.05., 25.12., 26.12."],"sourceDefect":null,"freeOnHolidays":false,"spaces":null,"maxStayMinutes":null,"maxStay":null,"maxStayShare":0,"maxStayValues":[],"chargingPoints":0,"carsharing":0},"geometry":{"type":"Polygon","coordinates":[[[5.47292,51.43854],[5.47419,51.4384],[5.47459,51.43838],[5.47486,51.43845],[5.47502,51.43835],[5.47462,51.43814],[5.47452,51.43793],[5.47412,51.43802],[5.47391,51.43799],[5.47363,51.43803],[5.47344,51.43795],[5.47244,51.43804],[5.47228,51.43834],[5.47215,51.43836],[5.47208,51.43813],[5.47147,51.43819],[5.47149,51.43839],[5.47138,51.43831],[5.4705,51.43819],[5.46994,51.43828],[5.46929,51.43856],[5.46933,51.43875],[5.4696,51.43881],[5.47039,51.43882],[5.47037,51.43872],[5.47063,51.43869],[5.47072,51.43876],[5.47171,51.43867],[5.47182,51.43859],[5.47211,51.43856],[5.47255,51.43859],[5.47292,51.43854]]]}},{"type":"Feature","properties":{"zone":"A11","district":"Centrum","rawHours":"Mo–So 9–21 Uhr","rawFee":"A1: 0,30 starttarief, 4,50 per uur (2026) — 1. Stunde 4,80 €, 2. Stunde 4,50 €, 3. Stunde 4,50 €","note":"Centrum - uurtarief A — A1.1 - uurtarief","windows":[{"weekdays":[2],"fromMinute":540,"toMinute":1260},{"weekdays":[4],"fromMinute":540,"toMinute":1260},{"weekdays":[1],"fromMinute":540,"toMinute":1260},{"weekdays":[5],"fromMinute":540,"toMinute":1260},{"weekdays":[3],"fromMinute":540,"toMinute":1260},{"weekdays":[6],"fromMinute":540,"toMinute":1260},{"weekdays":[0],"fromMinute":540,"toMinute":1260}],"fee":{"kind":"range","minCentsPerHour":450,"maxCentsPerHour":480},"unmodelledRules":["Feiertage 2026 laut Quelle: gebührenpflichtig wie am Wochentag am 01.01., 06.04., 27.04., 14.05., 25.05., 25.12., 26.12."],"sourceDefect":null,"freeOnHolidays":false,"spaces":null,"maxStayMinutes":null,"maxStay":null,"maxStayShare":0,"maxStayValues":[],"chargingPoints":0,"carsharing":0},"geometry":{"type":"Polygon","coordinates":[[[5.48068,51.44001],[5.48077,51.44004],[5.48164,51.44063],[5.48168,51.44091],[5.48179,51.44094],[5.48215,51.44094],[5.48217,51.44044],[5.48216,51.44029],[5.48199,51.44014],[5.48098,51.43981],[5.48074,51.43991],[5.48068,51.44001]]]}},{"type":"Feature","properties":{"zone":"A11","district":"Centrum","rawHours":"Mo–So 9–21 Uhr","rawFee":"A1: 0,30 starttarief, 4,50 per uur (2026) — 1. Stunde 4,80 €, 2. Stunde 4,50 €, 3. Stunde 4,50 €","note":"Centrum - uurtarief A — A1.1 - uurtarief","windows":[{"weekdays":[2],"fromMinute":540,"toMinute":1260},{"weekdays":[4],"fromMinute":540,"toMinute":1260},{"weekdays":[1],"fromMinute":540,"toMinute":1260},{"weekdays":[5],"fromMinute":540,"toMinute":1260},{"weekdays":[3],"fromMinute":540,"toMinute":1260},{"weekdays":[6],"fromMinute":540,"toMinute":1260},{"weekdays":[0],"fromMinute":540,"toMinute":1260}],"fee":{"kind":"range","minCentsPerHour":450,"maxCentsPerHour":480},"unmodelledRules":["Feiertage 2026 laut Quelle: gebührenpflichtig wie am Wochentag am 01.01., 06.04., 27.04., 14.05., 25.05., 25.12., 26.12."],"sourceDefect":null,"freeOnHolidays":false,"spaces":null,"maxStayMinutes":null,"maxStay":null,"maxStayShare":0,"maxStayValues":[],"chargingPoints":0,"carsharing":0},"geometry":{"type":"Polygon","coordinates":[[[5.48294,51.4396],[5.48256,51.43959],[5.48231,51.43965],[5.48209,51.43996],[5.482,51.44013],[5.48217,51.44029],[5.48218,51.44044],[5.48216,51.44092],[5.48229,51.44101],[5.48293,51.44102],[5.48295,51.4409],[5.48297,51.44041],[5.48299,51.43961],[5.48294,51.4396]]]}},{"type":"Feature","properties":{"zone":"A11","district":"Centrum","rawHours":"Mo–So 9–21 Uhr","rawFee":"A1: 0,30 starttarief, 4,50 per uur (2026) — 1. Stunde 4,80 €, 2. Stunde 4,50 €, 3. Stunde 4,50 €","note":"Centrum - uurtarief A — A1.1 - uurtarief","windows":[{"weekdays":[2],"fromMinute":540,"toMinute":1260},{"weekdays":[4],"fromMinute":540,"toMinute":1260},{"weekdays":[1],"fromMinute":540,"toMinute":1260},{"weekdays":[5],"fromMinute":540,"toMinute":1260},{"weekdays":[3],"fromMinute":540,"toMinute":1260},{"weekdays":[6],"fromMinute":540,"toMinute":1260},{"weekdays":[0],"fromMinute":540,"toMinute":1260}],"fee":{"kind":"range","minCentsPerHour":450,"maxCentsPerHour":480},"unmodelledRules":["Feiertage 2026 laut Quelle: gebührenpflichtig wie am Wochentag am 01.01., 06.04., 27.04., 14.05., 25.05., 25.12., 26.12."],"sourceDefect":null,"freeOnHolidays":false,"spaces":null,"maxStayMinutes":null,"maxStay":null,"maxStayShare":0,"maxStayValues":[],"chargingPoints":0,"carsharing":0},"geometry":{"type":"Polygon","coordinates":[[[5.47608,51.43786],[5.47686,51.43736],[5.47668,51.43726],[5.47659,51.43731],[5.47635,51.43718],[5.47624,51.43725],[5.476,51.43711],[5.47595,51.43709],[5.47559,51.43727],[5.4757,51.43738],[5.47554,51.4375],[5.47567,51.43759],[5.47573,51.43772],[5.47595,51.4379],[5.47608,51.43786]]]}},{"type":"Feature","properties":{"zone":"A11","district":"Centrum","rawHours":"Mo–So 9–21 Uhr","rawFee":"A1: 0,30 starttarief, 4,50 per uur (2026) — 1. Stunde 4,80 €, 2. Stunde 4,50 €, 3. Stunde 4,50 €","note":"Centrum - uurtarief A — A1.1 - uurtarief","windows":[{"weekdays":[2],"fromMinute":540,"toMinute":1260},{"weekdays":[4],"fromMinute":540,"toMinute":1260},{"weekdays":[1],"fromMinute":540,"toMinute":1260},{"weekdays":[5],"fromMinute":540,"toMinute":1260},{"weekdays":[3],"fromMinute":540,"toMinute":1260},{"weekdays":[6],"fromMinute":540,"toMinute":1260},{"weekdays":[0],"fromMinute":540,"toMinute":1260}],"fee":{"kind":"range","minCentsPerHour":450,"maxCentsPerHour":480},"unmodelledRules":["Feiertage 2026 laut Quelle: gebührenpflichtig wie am Wochentag am 01.01., 06.04., 27.04., 14.05., 25.05., 25.12., 26.12."],"sourceDefect":null,"freeOnHolidays":false,"spaces":null,"maxStayMinutes":null,"maxStay":null,"maxStayShare":0,"maxStayValues":[],"chargingPoints":0,"carsharing":0},"geometry":{"type":"Polygon","coordinates":[[[5.47866,51.43433],[5.47827,51.4343],[5.47773,51.43433],[5.47764,51.43445],[5.47742,51.43444],[5.4773,51.4347],[5.47763,51.43486],[5.47763,51.43534],[5.4776,51.43557],[5.47749,51.43583],[5.47715,51.4359],[5.47711,51.43606],[5.47758,51.4362],[5.47776,51.4362],[5.47836,51.43581],[5.47855,51.43556],[5.47874,51.43514],[5.47875,51.43478],[5.47902,51.43447],[5.47866,51.43433]]]}},{"type":"Feature","properties":{"zone":"A11","district":"Centrum","rawHours":"Mo–So 9–21 Uhr","rawFee":"A1: 0,30 starttarief, 4,50 per uur (2026) — 1. Stunde 4,80 €, 2. Stunde 4,50 €, 3. Stunde 4,50 €","note":"Centrum - uurtarief A — A1.1 - uurtarief","windows":[{"weekdays":[2],"fromMinute":540,"toMinute":1260},{"weekdays":[4],"fromMinute":540,"toMinute":1260},{"weekdays":[1],"fromMinute":540,"toMinute":1260},{"weekdays":[5],"fromMinute":540,"toMinute":1260},{"weekdays":[3],"fromMinute":540,"toMinute":1260},{"weekdays":[6],"fromMinute":540,"toMinute":1260},{"weekdays":[0],"fromMinute":540,"toMinute":1260}],"fee":{"kind":"range","minCentsPerHour":450,"maxCentsPerHour":480},"unmodelledRules":["Feiertage 2026 laut Quelle: gebührenpflichtig wie am Wochentag am 01.01., 06.04., 27.04., 14.05., 25.05., 25.12., 26.12."],"sourceDefect":null,"freeOnHolidays":false,"spaces":null,"maxStayMinutes":null,"maxStay":null,"maxStayShare":0,"maxStayValues":[],"chargingPoints":0,"carsharing":0},"geometry":{"type":"Polygon","coordinates":[[[5.47308,51.44294],[5.47443,51.44315],[5.4749,51.44245],[5.47362,51.44236],[5.47223,51.44236],[5.4721,51.44281],[5.47308,51.44294]]]}},{"type":"Feature","properties":{"zone":"A11","district":"Centrum","rawHours":"Mo–So 9–21 Uhr","rawFee":"A1: 0,30 starttarief, 4,50 per uur (2026) — 1. Stunde 4,80 €, 2. Stunde 4,50 €, 3. Stunde 4,50 €","note":"Centrum - uurtarief A — A1.1 - uurtarief","windows":[{"weekdays":[2],"fromMinute":540,"toMinute":1260},{"weekdays":[4],"fromMinute":540,"toMinute":1260},{"weekdays":[1],"fromMinute":540,"toMinute":1260},{"weekdays":[5],"fromMinute":540,"toMinute":1260},{"weekdays":[3],"fromMinute":540,"toMinute":1260},{"weekdays":[6],"fromMinute":540,"toMinute":1260},{"weekdays":[0],"fromMinute":540,"toMinute":1260}],"fee":{"kind":"range","minCentsPerHour":450,"maxCentsPerHour":480},"unmodelledRules":["Feiertage 2026 laut Quelle: gebührenpflichtig wie am Wochentag am 01.01., 06.04., 27.04., 14.05., 25.05., 25.12., 26.12."],"sourceDefect":null,"freeOnHolidays":false,"spaces":null,"maxStayMinutes":null,"maxStay":null,"maxStayShare":0,"maxStayValues":[],"chargingPoints":0,"carsharing":0},"geometry":{"type":"Polygon","coordinates":[[[5.47205,51.44147],[5.47232,51.44145],[5.4725,51.4415],[5.47267,51.44149],[5.47297,51.44152],[5.47327,51.44151],[5.4733,51.44123],[5.47336,51.44098],[5.47323,51.44086],[5.47253,51.44084],[5.4717,51.441],[5.47159,51.44067],[5.47124,51.44051],[5.47111,51.44059],[5.471,51.44053],[5.47099,51.44047],[5.47001,51.44028],[5.46933,51.44021],[5.4691,51.44028],[5.46911,51.44086],[5.46929,51.44116],[5.47007,51.4417],[5.4704,51.44181],[5.47142,51.44161],[5.47162,51.44144],[5.47178,51.44142],[5.47205,51.44147]]]}},{"type":"Feature","properties":{"zone":"A11","district":"Centrum","rawHours":"Mo–So 9–21 Uhr","rawFee":"A1: 0,30 starttarief, 4,50 per uur (2026) — 1. Stunde 4,80 €, 2. Stunde 4,50 €, 3. Stunde 4,50 €","note":"Centrum - uurtarief A — A1.1 - uurtarief","windows":[{"weekdays":[2],"fromMinute":540,"toMinute":1260},{"weekdays":[4],"fromMinute":540,"toMinute":1260},{"weekdays":[1],"fromMinute":540,"toMinute":1260},{"weekdays":[5],"fromMinute":540,"toMinute":1260},{"weekdays":[3],"fromMinute":540,"toMinute":1260},{"weekdays":[6],"fromMinute":540,"toMinute":1260},{"weekdays":[0],"fromMinute":540,"toMinute":1260}],"fee":{"kind":"range","minCentsPerHour":450,"maxCentsPerHour":480},"unmodelledRules":["Feiertage 2026 laut Quelle: gebührenpflichtig wie am Wochentag am 01.01., 06.04., 27.04., 14.05., 25.05., 25.12., 26.12."],"sourceDefect":null,"freeOnHolidays":false,"spaces":null,"maxStayMinutes":null,"maxStay":null,"maxStayShare":0,"maxStayValues":[],"chargingPoints":0,"carsharing":0},"geometry":{"type":"Polygon","coordinates":[[[5.48188,51.44207],[5.48223,51.44212],[5.48267,51.44215],[5.48276,51.44212],[5.48307,51.44194],[5.48308,51.44186],[5.4825,51.44177],[5.48248,51.44173],[5.4824,51.4417],[5.48166,51.44153],[5.48098,51.44134],[5.48018,51.44125],[5.47998,51.44152],[5.48024,51.44156],[5.48075,51.44178],[5.48075,51.44213],[5.48143,51.44227],[5.48178,51.44226],[5.48188,51.44207]]]}},{"type":"Feature","properties":{"zone":"A11","district":"Centrum","rawHours":"Mo–So 9–21 Uhr","rawFee":"A1: 0,30 starttarief, 4,50 per uur (2026) — 1. Stunde 4,80 €, 2. Stunde 4,50 €, 3. Stunde 4,50 €","note":"Centrum - uurtarief A — A1.1 - uurtarief","windows":[{"weekdays":[2],"fromMinute":540,"toMinute":1260},{"weekdays":[4],"fromMinute":540,"toMinute":1260},{"weekdays":[1],"fromMinute":540,"toMinute":1260},{"weekdays":[5],"fromMinute":540,"toMinute":1260},{"weekdays":[3],"fromMinute":540,"toMinute":1260},{"weekdays":[6],"fromMinute":540,"toMinute":1260},{"weekdays":[0],"fromMinute":540,"toMinute":1260}],"fee":{"kind":"range","minCentsPerHour":450,"maxCentsPerHour":480},"unmodelledRules":["Feiertage 2026 laut Quelle: gebührenpflichtig wie am Wochentag am 01.01., 06.04., 27.04., 14.05., 25.05., 25.12., 26.12."],"sourceDefect":null,"freeOnHolidays":false,"spaces":null,"maxStayMinutes":null,"maxStay":null,"maxStayShare":0,"maxStayValues":[],"chargingPoints":0,"carsharing":0},"geometry":{"type":"Polygon","coordinates":[[[5.47866,51.43432],[5.4787,51.43424],[5.47839,51.43414],[5.47841,51.43405],[5.47791,51.43378],[5.47779,51.43366],[5.47751,51.43352],[5.47737,51.43352],[5.47713,51.43377],[5.47693,51.43391],[5.47673,51.43397],[5.47682,51.4345],[5.47698,51.43456],[5.47713,51.43469],[5.47729,51.4347],[5.47742,51.43444],[5.47763,51.43444],[5.47773,51.43433],[5.47827,51.43429],[5.47866,51.43432]]]}},{"type":"Feature","properties":{"zone":"A11","district":"Centrum","rawHours":"Mo–So 9–21 Uhr","rawFee":"A1: 0,30 starttarief, 4,50 per uur (2026) — 1. Stunde 4,80 €, 2. Stunde 4,50 €, 3. Stunde 4,50 €","note":"Centrum - uurtarief A — A1.1 - uurtarief","windows":[{"weekdays":[2],"fromMinute":540,"toMinute":1260},{"weekdays":[4],"fromMinute":540,"toMinute":1260},{"weekdays":[1],"fromMinute":540,"toMinute":1260},{"weekdays":[5],"fromMinute":540,"toMinute":1260},{"weekdays":[3],"fromMinute":540,"toMinute":1260},{"weekdays":[6],"fromMinute":540,"toMinute":1260},{"weekdays":[0],"fromMinute":540,"toMinute":1260}],"fee":{"kind":"range","minCentsPerHour":450,"maxCentsPerHour":480},"unmodelledRules":["Feiertage 2026 laut Quelle: gebührenpflichtig wie am Wochentag am 01.01., 06.04., 27.04., 14.05., 25.05., 25.12., 26.12."],"sourceDefect":null,"freeOnHolidays":false,"spaces":null,"maxStayMinutes":null,"maxStay":null,"maxStayShare":0,"maxStayValues":[],"chargingPoints":0,"carsharing":0},"geometry":{"type":"Polygon","coordinates":[[[5.47565,51.435],[5.47573,51.435],[5.47591,51.43507],[5.47685,51.4349],[5.47682,51.43477],[5.477,51.43472],[5.47713,51.43482],[5.47716,51.43472],[5.47698,51.43456],[5.47682,51.43451],[5.4758,51.43475],[5.4757,51.43485],[5.47556,51.43493],[5.47565,51.435]]]}},{"type":"Feature","properties":{"zone":"A11","district":"Centrum","rawHours":"Mo–So 9–21 Uhr","rawFee":"A1: 0,30 starttarief, 4,50 per uur (2026) — 1. Stunde 4,80 €, 2. Stunde 4,50 €, 3. Stunde 4,50 €","note":"Centrum - uurtarief A — A1.1 - uurtarief","windows":[{"weekdays":[2],"fromMinute":540,"toMinute":1260},{"weekdays":[4],"fromMinute":540,"toMinute":1260},{"weekdays":[1],"fromMinute":540,"toMinute":1260},{"weekdays":[5],"fromMinute":540,"toMinute":1260},{"weekdays":[3],"fromMinute":540,"toMinute":1260},{"weekdays":[6],"fromMinute":540,"toMinute":1260},{"weekdays":[0],"fromMinute":540,"toMinute":1260}],"fee":{"kind":"range","minCentsPerHour":450,"maxCentsPerHour":480},"unmodelledRules":["Feiertage 2026 laut Quelle: gebührenpflichtig wie am Wochentag am 01.01., 06.04., 27.04., 14.05., 25.05., 25.12., 26.12."],"sourceDefect":null,"freeOnHolidays":false,"spaces":null,"maxStayMinutes":null,"maxStay":null,"maxStayShare":0,"maxStayValues":[],"chargingPoints":0,"carsharing":0},"geometry":{"type":"Polygon","coordinates":[[[5.47778,51.43355],[5.4779,51.43334],[5.47797,51.43264],[5.47746,51.43258],[5.47721,51.43331],[5.47778,51.43355]]]}},{"type":"Feature","properties":{"zone":"A11","district":"Centrum","rawHours":"Mo–So 9–21 Uhr","rawFee":"A1: 0,30 starttarief, 4,50 per uur (2026) — 1. Stunde 4,80 €, 2. Stunde 4,50 €, 3. Stunde 4,50 €","note":"Centrum - uurtarief A — A1.1 - uurtarief","windows":[{"weekdays":[2],"fromMinute":540,"toMinute":1260},{"weekdays":[4],"fromMinute":540,"toMinute":1260},{"weekdays":[1],"fromMinute":540,"toMinute":1260},{"weekdays":[5],"fromMinute":540,"toMinute":1260},{"weekdays":[3],"fromMinute":540,"toMinute":1260},{"weekdays":[6],"fromMinute":540,"toMinute":1260},{"weekdays":[0],"fromMinute":540,"toMinute":1260}],"fee":{"kind":"range","minCentsPerHour":450,"maxCentsPerHour":480},"unmodelledRules":["Feiertage 2026 laut Quelle: gebührenpflichtig wie am Wochentag am 01.01., 06.04., 27.04., 14.05., 25.05., 25.12., 26.12."],"sourceDefect":null,"freeOnHolidays":false,"spaces":null,"maxStayMinutes":null,"maxStay":null,"maxStayShare":0,"maxStayValues":[],"chargingPoints":0,"carsharing":0},"geometry":{"type":"Polygon","coordinates":[[[5.48419,51.43555],[5.48479,51.43623],[5.48492,51.43616],[5.48428,51.43544],[5.4843,51.43535],[5.48434,51.4353],[5.48438,51.43522],[5.4846,51.43498],[5.48475,51.43484],[5.48487,51.43487],[5.48571,51.43492],[5.48598,51.43474],[5.48595,51.43456],[5.48567,51.43447],[5.48553,51.43363],[5.48535,51.43303],[5.48523,51.43268],[5.48504,51.4325],[5.48471,51.43244],[5.48434,51.43254],[5.48368,51.43279],[5.48353,51.4329],[5.48292,51.4329],[5.48274,51.43303],[5.48284,51.4332],[5.48266,51.43331],[5.48231,51.43358],[5.48197,51.43378],[5.48168,51.43382],[5.48152,51.43394],[5.48103,51.43437],[5.48167,51.43479],[5.48329,51.43517],[5.48342,51.43522],[5.48419,51.43555]]]}},{"type":"Feature","properties":{"zone":"A11","district":"Centrum","rawHours":"Mo–So 9–21 Uhr","rawFee":"A1: 0,30 starttarief, 4,50 per uur (2026) — 1. Stunde 4,80 €, 2. Stunde 4,50 €, 3. Stunde 4,50 €","note":"Centrum - uurtarief A — A1.1 - uurtarief","windows":[{"weekdays":[2],"fromMinute":540,"toMinute":1260},{"weekdays":[4],"fromMinute":540,"toMinute":1260},{"weekdays":[1],"fromMinute":540,"toMinute":1260},{"weekdays":[5],"fromMinute":540,"toMinute":1260},{"weekdays":[3],"fromMinute":540,"toMinute":1260},{"weekdays":[6],"fromMinute":540,"toMinute":1260},{"weekdays":[0],"fromMinute":540,"toMinute":1260}],"fee":{"kind":"range","minCentsPerHour":450,"maxCentsPerHour":480},"unmodelledRules":["Feiertage 2026 laut Quelle: gebührenpflichtig wie am Wochentag am 01.01., 06.04., 27.04., 14.05., 25.05., 25.12., 26.12."],"sourceDefect":null,"freeOnHolidays":false,"spaces":null,"maxStayMinutes":null,"maxStay":null,"maxStayShare":0,"maxStayValues":[],"chargingPoints":0,"carsharing":0},"geometry":{"type":"Polygon","coordinates":[[[5.48294,51.4396],[5.48299,51.4393],[5.48338,51.43932],[5.4834,51.43917],[5.48223,51.43883],[5.48175,51.43937],[5.48245,51.43958],[5.48294,51.4396]]]}},{"type":"Feature","properties":{"zone":"A11","district":"Centrum","rawHours":"Mo–So 9–21 Uhr","rawFee":"A1: 0,30 starttarief, 4,50 per uur (2026) — 1. Stunde 4,80 €, 2. Stunde 4,50 €, 3. Stunde 4,50 €","note":"Centrum - uurtarief A — A1.1 - uurtarief","windows":[{"weekdays":[2],"fromMinute":540,"toMinute":1260},{"weekdays":[4],"fromMinute":540,"toMinute":1260},{"weekdays":[1],"fromMinute":540,"toMinute":1260},{"weekdays":[5],"fromMinute":540,"toMinute":1260},{"weekdays":[3],"fromMinute":540,"toMinute":1260},{"weekdays":[6],"fromMinute":540,"toMinute":1260},{"weekdays":[0],"fromMinute":540,"toMinute":1260}],"fee":{"kind":"range","minCentsPerHour":450,"maxCentsPerHour":480},"unmodelledRules":["Feiertage 2026 laut Quelle: gebührenpflichtig wie am Wochentag am 01.01., 06.04., 27.04., 14.05., 25.05., 25.12., 26.12."],"sourceDefect":null,"freeOnHolidays":false,"spaces":null,"maxStayMinutes":null,"maxStay":null,"maxStayShare":0,"maxStayValues":[],"chargingPoints":0,"carsharing":0},"geometry":{"type":"Polygon","coordinates":[[[5.47387,51.4352],[5.47442,51.43493],[5.47385,51.43448],[5.47367,51.43455],[5.47343,51.43457],[5.4729,51.43485],[5.47358,51.43527],[5.47387,51.4352]]]}},{"type":"Feature","properties":{"zone":"A11","district":"Centrum","rawHours":"Mo–So 9–21 Uhr","rawFee":"A1: 0,30 starttarief, 4,50 per uur (2026) — 1. Stunde 4,80 €, 2. Stunde 4,50 €, 3. Stunde 4,50 €","note":"Centrum - uurtarief A — A1.1 - uurtarief","windows":[{"weekdays":[2],"fromMinute":540,"toMinute":1260},{"weekdays":[4],"fromMinute":540,"toMinute":1260},{"weekdays":[1],"fromMinute":540,"toMinute":1260},{"weekdays":[5],"fromMinute":540,"toMinute":1260},{"weekdays":[3],"fromMinute":540,"toMinute":1260},{"weekdays":[6],"fromMinute":540,"toMinute":1260},{"weekdays":[0],"fromMinute":540,"toMinute":1260}],"fee":{"kind":"range","minCentsPerHour":450,"maxCentsPerHour":480},"unmodelledRules":["Feiertage 2026 laut Quelle: gebührenpflichtig wie am Wochentag am 01.01., 06.04., 27.04., 14.05., 25.05., 25.12., 26.12."],"sourceDefect":null,"freeOnHolidays":false,"spaces":null,"maxStayMinutes":null,"maxStay":null,"maxStayShare":0,"maxStayValues":[],"chargingPoints":0,"carsharing":0},"geometry":{"type":"Polygon","coordinates":[[[5.47573,51.435],[5.47565,51.43501],[5.47556,51.43493],[5.47548,51.43494],[5.47527,51.43501],[5.47444,51.43496],[5.47401,51.43517],[5.47358,51.43528],[5.4728,51.4348],[5.47245,51.43498],[5.47236,51.43527],[5.47276,51.43541],[5.47284,51.43549],[5.47305,51.43555],[5.47314,51.43555],[5.47325,51.43542],[5.47378,51.43549],[5.47439,51.43583],[5.47534,51.4359],[5.47629,51.43615],[5.4768,51.43621],[5.47684,51.43618],[5.47693,51.43616],[5.47708,51.43622],[5.47714,51.43642],[5.47743,51.43659],[5.4777,51.43649],[5.47784,51.43638],[5.47788,51.43627],[5.47776,51.43621],[5.47757,51.43621],[5.47709,51.43606],[5.47713,51.4359],[5.47592,51.43563],[5.47588,51.43506],[5.47573,51.435]]]}},{"type":"Feature","properties":{"zone":"A11","district":"Centrum","rawHours":"Mo–So 9–21 Uhr","rawFee":"A1: 0,30 starttarief, 4,50 per uur (2026) — 1. Stunde 4,80 €, 2. Stunde 4,50 €, 3. Stunde 4,50 €","note":"Centrum - uurtarief A — A1.1 - uurtarief","windows":[{"weekdays":[2],"fromMinute":540,"toMinute":1260},{"weekdays":[4],"fromMinute":540,"toMinute":1260},{"weekdays":[1],"fromMinute":540,"toMinute":1260},{"weekdays":[5],"fromMinute":540,"toMinute":1260},{"weekdays":[3],"fromMinute":540,"toMinute":1260},{"weekdays":[6],"fromMinute":540,"toMinute":1260},{"weekdays":[0],"fromMinute":540,"toMinute":1260}],"fee":{"kind":"range","minCentsPerHour":450,"maxCentsPerHour":480},"unmodelledRules":["Feiertage 2026 laut Quelle: gebührenpflichtig wie am Wochentag am 01.01., 06.04., 27.04., 14.05., 25.05., 25.12., 26.12."],"sourceDefect":null,"freeOnHolidays":false,"spaces":null,"maxStayMinutes":null,"maxStay":null,"maxStayShare":0,"maxStayValues":[],"chargingPoints":0,"carsharing":0},"geometry":{"type":"Polygon","coordinates":[[[5.48334,51.44151],[5.48328,51.44156],[5.48324,51.44163],[5.48376,51.44168],[5.48421,51.44167],[5.48454,51.44171],[5.48458,51.44162],[5.48553,51.44165],[5.48564,51.44156],[5.48543,51.44148],[5.48455,51.44145],[5.48437,51.44139],[5.48393,51.44135],[5.48352,51.44136],[5.48336,51.44141],[5.48334,51.44151]]]}},{"type":"Feature","properties":{"zone":"B11","district":"Oud-Woensel","rawHours":"Mo–So 9–21 Uhr","rawFee":"B1: 0,20 starttarief, 2,55 per uur (2026) — 1. Stunde 2,75 €, 2. Stunde 2,55 €, 3. Stunde 2,55 €","note":"Schil - uurtarief B — B1.1 - uurtarief","windows":[{"weekdays":[2],"fromMinute":540,"toMinute":1260},{"weekdays":[4],"fromMinute":540,"toMinute":1260},{"weekdays":[1],"fromMinute":540,"toMinute":1260},{"weekdays":[5],"fromMinute":540,"toMinute":1260},{"weekdays":[3],"fromMinute":540,"toMinute":1260},{"weekdays":[6],"fromMinute":540,"toMinute":1260},{"weekdays":[0],"fromMinute":540,"toMinute":1260}],"fee":{"kind":"range","minCentsPerHour":255,"maxCentsPerHour":275},"unmodelledRules":["Feiertage 2026 laut Quelle: gebührenpflichtig wie am Wochentag am 01.01., 06.04., 27.04., 14.05., 25.05., 25.12., 26.12."],"sourceDefect":null,"freeOnHolidays":false,"spaces":null,"maxStayMinutes":null,"maxStay":null,"maxStayShare":0,"maxStayValues":[],"chargingPoints":0,"carsharing":0},"geometry":{"type":"Polygon","coordinates":[[[5.48207,51.45087],[5.48285,51.45061],[5.48252,51.45023],[5.48226,51.44983],[5.48158,51.44904],[5.48066,51.44792],[5.48036,51.44741],[5.48032,51.44698],[5.48025,51.44652],[5.47914,51.44647],[5.47911,51.44656],[5.47887,51.44656],[5.47887,51.44648],[5.47877,51.44644],[5.47733,51.44642],[5.47741,51.44792],[5.47795,51.45119],[5.48207,51.45087]]]}},{"type":"Feature","properties":{"zone":"B11","district":"Oud-Stratum","rawHours":"Mo–So 9–21 Uhr","rawFee":"B1: 0,20 starttarief, 2,55 per uur (2026) — 1. Stunde 2,75 €, 2. Stunde 2,55 €, 3. Stunde 2,55 €","note":"Schil - uurtarief B — B1.1 - uurtarief","windows":[{"weekdays":[2],"fromMinute":540,"toMinute":1260},{"weekdays":[4],"fromMinute":540,"toMinute":1260},{"weekdays":[1],"fromMinute":540,"toMinute":1260},{"weekdays":[5],"fromMinute":540,"toMinute":1260},{"weekdays":[3],"fromMinute":540,"toMinute":1260},{"weekdays":[6],"fromMinute":540,"toMinute":1260},{"weekdays":[0],"fromMinute":540,"toMinute":1260}],"fee":{"kind":"range","minCentsPerHour":255,"maxCentsPerHour":275},"unmodelledRules":["Feiertage 2026 laut Quelle: gebührenpflichtig wie am Wochentag am 01.01., 06.04., 27.04., 14.05., 25.05., 25.12., 26.12."],"sourceDefect":null,"freeOnHolidays":false,"spaces":null,"maxStayMinutes":null,"maxStay":null,"maxStayShare":0,"maxStayValues":[],"chargingPoints":0,"carsharing":0},"geometry":{"type":"Polygon","coordinates":[[[5.48653,51.42647],[5.48653,51.42646],[5.48668,51.42637],[5.48685,51.42634],[5.48667,51.42589],[5.48656,51.42515],[5.48644,51.42471],[5.48617,51.42474],[5.48591,51.42455],[5.48589,51.42446],[5.48608,51.4244],[5.48613,51.42423],[5.48583,51.42416],[5.4855,51.42419],[5.48545,51.42433],[5.48528,51.42436],[5.48501,51.42472],[5.48524,51.42533],[5.48566,51.42562],[5.4858,51.42637],[5.48621,51.42647],[5.48624,51.42657],[5.48598,51.42665],[5.48584,51.42678],[5.486,51.42733],[5.48613,51.42754],[5.48598,51.42754],[5.48591,51.4279],[5.48608,51.42819],[5.48635,51.42817],[5.48635,51.4285],[5.48641,51.42862],[5.48636,51.42884],[5.48692,51.42897],[5.48721,51.42852],[5.48778,51.42806],[5.48767,51.428],[5.48774,51.42793],[5.48786,51.42798],[5.48867,51.42739],[5.4888,51.42745],[5.48896,51.42734],[5.48912,51.42712],[5.48907,51.42706],[5.48914,51.42698],[5.48909,51.4269],[5.48935,51.42667],[5.48969,51.42625],[5.49014,51.42589],[5.4901,51.42581],[5.4902,51.42571],[5.49031,51.42568],[5.49053,51.4257],[5.49174,51.42535],[5.49183,51.42523],[5.4921,51.42515],[5.49229,51.42494],[5.49243,51.42491],[5.49283,51.42437],[5.49247,51.4242],[5.49218,51.42449],[5.49197,51.42476],[5.49204,51.42484],[5.49199,51.42492],[5.49185,51.42496],[5.49159,51.4251],[5.49077,51.42532],[5.49071,51.42542],[5.49061,51.42545],[5.49049,51.42543],[5.48984,51.42567],[5.48965,51.42579],[5.48946,51.42573],[5.48882,51.42617],[5.48835,51.42673],[5.48864,51.42681],[5.4885,51.42698],[5.48815,51.42697],[5.48777,51.4273],[5.48799,51.42742],[5.48794,51.42746],[5.48771,51.42748],[5.48758,51.42763],[5.4872,51.42768],[5.48706,51.4273],[5.48683,51.42731],[5.48681,51.42725],[5.4871,51.42718],[5.487,51.42673],[5.48657,51.42661],[5.48653,51.42647]]]}},{"type":"Feature","properties":{"zone":"B11","district":"Oud-Stratum","rawHours":"Mo–So 9–21 Uhr","rawFee":"B1: 0,20 starttarief, 2,55 per uur (2026) — 1. Stunde 2,75 €, 2. Stunde 2,55 €, 3. Stunde 2,55 €","note":"Schil - uurtarief B — B1.1 - uurtarief","windows":[{"weekdays":[2],"fromMinute":540,"toMinute":1260},{"weekdays":[4],"fromMinute":540,"toMinute":1260},{"weekdays":[1],"fromMinute":540,"toMinute":1260},{"weekdays":[5],"fromMinute":540,"toMinute":1260},{"weekdays":[3],"fromMinute":540,"toMinute":1260},{"weekdays":[6],"fromMinute":540,"toMinute":1260},{"weekdays":[0],"fromMinute":540,"toMinute":1260}],"fee":{"kind":"range","minCentsPerHour":255,"maxCentsPerHour":275},"unmodelledRules":["Feiertage 2026 laut Quelle: gebührenpflichtig wie am Wochentag am 01.01., 06.04., 27.04., 14.05., 25.05., 25.12., 26.12."],"sourceDefect":null,"freeOnHolidays":false,"spaces":null,"maxStayMinutes":null,"maxStay":null,"maxStayShare":0,"maxStayValues":[],"chargingPoints":0,"carsharing":0},"geometry":{"type":"Polygon","coordinates":[[[5.48597,51.43613],[5.48585,51.43623],[5.4855,51.43608],[5.48531,51.43602],[5.4846,51.43641],[5.48535,51.43744],[5.48574,51.43735],[5.48555,51.43698],[5.4856,51.43671],[5.48571,51.43661],[5.4862,51.43679],[5.48629,51.43687],[5.48622,51.43702],[5.4863,51.43721],[5.48652,51.43723],[5.4865,51.43716],[5.48667,51.43713],[5.48669,51.437],[5.4868,51.43692],[5.48698,51.43682],[5.48712,51.43664],[5.48713,51.43658],[5.48731,51.43658],[5.48776,51.43673],[5.48782,51.43681],[5.48779,51.4371],[5.4878,51.43715],[5.48974,51.43684],[5.48977,51.43687],[5.49602,51.43597],[5.49583,51.43542],[5.49563,51.43535],[5.49561,51.43528],[5.49576,51.43521],[5.49561,51.43475],[5.49532,51.43466],[5.49528,51.43451],[5.49547,51.43439],[5.49511,51.43346],[5.49475,51.43283],[5.49429,51.43279],[5.49422,51.43272],[5.49428,51.43262],[5.49402,51.43218],[5.49368,51.43217],[5.49326,51.43223],[5.49329,51.43248],[5.49187,51.43291],[5.49123,51.43285],[5.49101,51.43284],[5.4908,51.43292],[5.49024,51.43332],[5.48986,51.43349],[5.48948,51.43371],[5.48871,51.43408],[5.48843,51.43409],[5.4882,51.43401],[5.48813,51.43405],[5.48808,51.43418],[5.48722,51.43466],[5.48677,51.4347],[5.48652,51.43467],[5.48631,51.43473],[5.48642,51.43486],[5.48699,51.43538],[5.48715,51.43578],[5.48698,51.43603],[5.48686,51.436],[5.48676,51.43599],[5.48665,51.43619],[5.48634,51.43623],[5.48597,51.43613]]]}},{"type":"Feature","properties":{"zone":"B11","district":"Oud-Woensel","rawHours":"Mo–So 9–21 Uhr","rawFee":"B1: 0,20 starttarief, 2,55 per uur (2026) — 1. Stunde 2,75 €, 2. Stunde 2,55 €, 3. Stunde 2,55 €","note":"Schil - uurtarief B — B1.1 - uurtarief","windows":[{"weekdays":[2],"fromMinute":540,"toMinute":1260},{"weekdays":[4],"fromMinute":540,"toMinute":1260},{"weekdays":[1],"fromMinute":540,"toMinute":1260},{"weekdays":[5],"fromMinute":540,"toMinute":1260},{"weekdays":[3],"fromMinute":540,"toMinute":1260},{"weekdays":[6],"fromMinute":540,"toMinute":1260},{"weekdays":[0],"fromMinute":540,"toMinute":1260}],"fee":{"kind":"range","minCentsPerHour":255,"maxCentsPerHour":275},"unmodelledRules":["Feiertage 2026 laut Quelle: gebührenpflichtig wie am Wochentag am 01.01., 06.04., 27.04., 14.05., 25.05., 25.12., 26.12."],"sourceDefect":null,"freeOnHolidays":false,"spaces":null,"maxStayMinutes":null,"maxStay":null,"maxStayShare":0,"maxStayValues":[],"chargingPoints":0,"carsharing":0},"geometry":{"type":"Polygon","coordinates":[[[5.47504,51.44578],[5.47495,51.44587],[5.47484,51.44593],[5.47463,51.44618],[5.47447,51.44625],[5.47433,51.4464],[5.47459,51.44647],[5.47471,51.44646],[5.47478,51.44686],[5.47484,51.44713],[5.47484,51.44747],[5.47486,51.44755],[5.47515,51.44759],[5.47524,51.44768],[5.47524,51.44775],[5.47514,51.4478],[5.47483,51.44779],[5.47465,51.44806],[5.47494,51.44822],[5.47481,51.4484],[5.47472,51.44841],[5.4745,51.4484],[5.47424,51.44855],[5.47361,51.44922],[5.47344,51.44922],[5.47265,51.4497],[5.47271,51.4499],[5.47295,51.45],[5.473,51.45008],[5.47322,51.45017],[5.47325,51.45014],[5.47335,51.45021],[5.47357,51.45018],[5.47382,51.45017],[5.47426,51.44979],[5.47453,51.44957],[5.47469,51.44934],[5.47491,51.44902],[5.47473,51.44892],[5.47471,51.44886],[5.47486,51.4487],[5.47505,51.44875],[5.4751,51.44875],[5.47546,51.44846],[5.47547,51.44832],[5.47558,51.44815],[5.47567,51.44796],[5.47562,51.44793],[5.47551,51.44789],[5.47553,51.44783],[5.47554,51.44757],[5.47566,51.4475],[5.47573,51.4474],[5.47581,51.44738],[5.47596,51.44736],[5.47596,51.44725],[5.47589,51.44671],[5.47589,51.44648],[5.47581,51.44608],[5.47546,51.4458],[5.47529,51.44582],[5.47527,51.44575],[5.47557,51.44565],[5.47555,51.44561],[5.47494,51.44539],[5.47489,51.4455],[5.47486,51.44574],[5.47504,51.44578]]]}},{"type":"Feature","properties":{"zone":"B11","district":"Oud-Strijp","rawHours":"Mo–So 9–21 Uhr","rawFee":"B1: 0,20 starttarief, 2,55 per uur (2026) — 1. Stunde 2,75 €, 2. Stunde 2,55 €, 3. Stunde 2,55 €","note":"Schil - uurtarief B — B1.1 - uurtarief","windows":[{"weekdays":[2],"fromMinute":540,"toMinute":1260},{"weekdays":[4],"fromMinute":540,"toMinute":1260},{"weekdays":[1],"fromMinute":540,"toMinute":1260},{"weekdays":[5],"fromMinute":540,"toMinute":1260},{"weekdays":[3],"fromMinute":540,"toMinute":1260},{"weekdays":[6],"fromMinute":540,"toMinute":1260},{"weekdays":[0],"fromMinute":540,"toMinute":1260}],"fee":{"kind":"range","minCentsPerHour":255,"maxCentsPerHour":275},"unmodelledRules":["Feiertage 2026 laut Quelle: gebührenpflichtig wie am Wochentag am 01.01., 06.04., 27.04., 14.05., 25.05., 25.12., 26.12."],"sourceDefect":null,"freeOnHolidays":false,"spaces":null,"maxStayMinutes":null,"maxStay":null,"maxStayShare":0,"maxStayValues":[],"chargingPoints":0,"carsharing":0},"geometry":{"type":"Polygon","coordinates":[[[5.44954,51.44641],[5.4493,51.44641],[5.44893,51.44645],[5.44898,51.44653],[5.44942,51.44665],[5.44963,51.44673],[5.44983,51.44685],[5.4509,51.44721],[5.45163,51.44742],[5.45195,51.44732],[5.45214,51.44732],[5.45232,51.44717],[5.45215,51.4471],[5.45198,51.44688],[5.45067,51.4465],[5.45051,51.44665],[5.4498,51.44644],[5.44954,51.44641]]]}},{"type":"Feature","properties":{"zone":"B11","district":"Oud-Stratum","rawHours":"Mo–So 9–21 Uhr","rawFee":"B1: 0,20 starttarief, 2,55 per uur (2026) — 1. Stunde 2,75 €, 2. Stunde 2,55 €, 3. Stunde 2,55 €","note":"Schil - uurtarief B — B1.1 - uurtarief","windows":[{"weekdays":[2],"fromMinute":540,"toMinute":1260},{"weekdays":[4],"fromMinute":540,"toMinute":1260},{"weekdays":[1],"fromMinute":540,"toMinute":1260},{"weekdays":[5],"fromMinute":540,"toMinute":1260},{"weekdays":[3],"fromMinute":540,"toMinute":1260},{"weekdays":[6],"fromMinute":540,"toMinute":1260},{"weekdays":[0],"fromMinute":540,"toMinute":1260}],"fee":{"kind":"range","minCentsPerHour":255,"maxCentsPerHour":275},"unmodelledRules":["Feiertage 2026 laut Quelle: gebührenpflichtig wie am Wochentag am 01.01., 06.04., 27.04., 14.05., 25.05., 25.12., 26.12."],"sourceDefect":null,"freeOnHolidays":false,"spaces":null,"maxStayMinutes":null,"maxStay":null,"maxStayShare":0,"maxStayValues":[],"chargingPoints":0,"carsharing":0},"geometry":{"type":"Polygon","coordinates":[[[5.48819,51.434],[5.48843,51.43408],[5.4887,51.43408],[5.48914,51.43385],[5.48947,51.4337],[5.48984,51.43349],[5.49022,51.43332],[5.49078,51.43291],[5.49101,51.43283],[5.49184,51.4329],[5.49325,51.43247],[5.49323,51.43221],[5.4931,51.43206],[5.49313,51.43198],[5.49255,51.43171],[5.49244,51.43145],[5.49075,51.43114],[5.49056,51.4313],[5.49026,51.43124],[5.48973,51.43103],[5.48934,51.43076],[5.48903,51.43059],[5.48875,51.43054],[5.48845,51.43055],[5.48822,51.43052],[5.48796,51.43063],[5.48715,51.43049],[5.48714,51.43084],[5.48685,51.43127],[5.48648,51.43121],[5.48619,51.43112],[5.48586,51.43115],[5.48575,51.43136],[5.48602,51.43145],[5.4858,51.43185],[5.48619,51.43216],[5.48604,51.43234],[5.48566,51.43243],[5.48593,51.43313],[5.48632,51.43318],[5.48641,51.43429],[5.48631,51.43473],[5.48652,51.43466],[5.48677,51.43469],[5.48721,51.43466],[5.48807,51.43418],[5.48812,51.43405],[5.48819,51.434]]]}},{"type":"Feature","properties":{"zone":"B11","district":"Oud-Strijp","rawHours":"Mo–So 9–21 Uhr","rawFee":"B1: 0,20 starttarief, 2,55 per uur (2026) — 1. Stunde 2,75 €, 2. Stunde 2,55 €, 3. Stunde 2,55 €","note":"Schil - uurtarief B — B1.1 - uurtarief","windows":[{"weekdays":[2],"fromMinute":540,"toMinute":1260},{"weekdays":[4],"fromMinute":540,"toMinute":1260},{"weekdays":[1],"fromMinute":540,"toMinute":1260},{"weekdays":[5],"fromMinute":540,"toMinute":1260},{"weekdays":[3],"fromMinute":540,"toMinute":1260},{"weekdays":[6],"fromMinute":540,"toMinute":1260},{"weekdays":[0],"fromMinute":540,"toMinute":1260}],"fee":{"kind":"range","minCentsPerHour":255,"maxCentsPerHour":275},"unmodelledRules":["Feiertage 2026 laut Quelle: gebührenpflichtig wie am Wochentag am 01.01., 06.04., 27.04., 14.05., 25.05., 25.12., 26.12."],"sourceDefect":null,"freeOnHolidays":false,"spaces":null,"maxStayMinutes":null,"maxStay":null,"maxStayShare":0,"maxStayValues":[],"chargingPoints":0,"carsharing":0},"geometry":{"type":"Polygon","coordinates":[[[5.45099,51.43988],[5.45073,51.4398],[5.45058,51.43998],[5.45025,51.44015],[5.4501,51.44076],[5.45021,51.44094],[5.45034,51.4411],[5.45038,51.44129],[5.45033,51.44142],[5.45024,51.44153],[5.45008,51.44163],[5.44987,51.44172],[5.44972,51.44185],[5.44949,51.44235],[5.44903,51.44402],[5.4489,51.44474],[5.44906,51.44487],[5.45048,51.44511],[5.45044,51.44538],[5.45222,51.44574],[5.45272,51.44594],[5.45338,51.44586],[5.45378,51.44596],[5.45379,51.44602],[5.45492,51.44567],[5.46073,51.44372],[5.46118,51.44384],[5.46181,51.44429],[5.4622,51.44479],[5.46243,51.44494],[5.46356,51.44458],[5.46403,51.44437],[5.4643,51.44416],[5.46566,51.44347],[5.46639,51.44262],[5.46632,51.44245],[5.4655,51.44194],[5.46747,51.44058],[5.46772,51.44023],[5.46839,51.44035],[5.46876,51.44029],[5.46881,51.44012],[5.46877,51.44],[5.46847,51.43989],[5.46806,51.43984],[5.46851,51.4389],[5.46887,51.43878],[5.46885,51.43859],[5.46794,51.43868],[5.46757,51.43874],[5.46682,51.43882],[5.46495,51.43891],[5.46475,51.43885],[5.46387,51.43903],[5.46347,51.43905],[5.46253,51.43877],[5.46157,51.4386],[5.46146,51.43868],[5.46132,51.43864],[5.46119,51.43858],[5.46036,51.43857],[5.46018,51.43864],[5.46005,51.43865],[5.45992,51.43857],[5.45901,51.43852],[5.45886,51.43856],[5.45873,51.43849],[5.45859,51.4385],[5.45849,51.43845],[5.45868,51.43802],[5.4586,51.43799],[5.4584,51.43797],[5.45791,51.43777],[5.45757,51.43749],[5.45673,51.437],[5.45585,51.43734],[5.45579,51.43745],[5.45587,51.43747],[5.45589,51.43758],[5.4553,51.43874],[5.45609,51.43878],[5.45687,51.43885],[5.45752,51.43835],[5.4583,51.43884],[5.4581,51.43922],[5.45825,51.43952],[5.45822,51.43962],[5.45792,51.43955],[5.45782,51.43965],[5.4573,51.43973],[5.45684,51.44047],[5.45649,51.4406],[5.45658,51.44088],[5.4551,51.44129],[5.45497,51.44138],[5.45415,51.44119],[5.45403,51.44113],[5.45386,51.4411],[5.45376,51.44096],[5.45314,51.44078],[5.45224,51.44027],[5.45206,51.44039],[5.45197,51.44034],[5.45202,51.44022],[5.45118,51.43983],[5.45099,51.43988]]]}},{"type":"Feature","properties":{"zone":"B11","district":"Oud-Woensel","rawHours":"Mo–So 9–21 Uhr","rawFee":"B1: 0,20 starttarief, 2,55 per uur (2026) — 1. Stunde 2,75 €, 2. Stunde 2,55 €, 3. Stunde 2,55 €","note":"Schil - uurtarief B — B1.1 - uurtarief","windows":[{"weekdays":[2],"fromMinute":540,"toMinute":1260},{"weekdays":[4],"fromMinute":540,"toMinute":1260},{"weekdays":[1],"fromMinute":540,"toMinute":1260},{"weekdays":[5],"fromMinute":540,"toMinute":1260},{"weekdays":[3],"fromMinute":540,"toMinute":1260},{"weekdays":[6],"fromMinute":540,"toMinute":1260},{"weekdays":[0],"fromMinute":540,"toMinute":1260}],"fee":{"kind":"range","minCentsPerHour":255,"maxCentsPerHour":275},"unmodelledRules":["Feiertage 2026 laut Quelle: gebührenpflichtig wie am Wochentag am 01.01., 06.04., 27.04., 14.05., 25.05., 25.12., 26.12."],"sourceDefect":null,"freeOnHolidays":false,"spaces":null,"maxStayMinutes":null,"maxStay":null,"maxStayShare":0,"maxStayValues":[],"chargingPoints":0,"carsharing":0},"geometry":{"type":"Polygon","coordinates":[[[5.46444,51.45164],[5.46491,51.45177],[5.46547,51.45116],[5.4656,51.45117],[5.46572,51.45107],[5.46573,51.45097],[5.46612,51.45055],[5.46608,51.45045],[5.46618,51.45036],[5.46638,51.45033],[5.46714,51.44952],[5.46707,51.44943],[5.46714,51.44933],[5.46735,51.44932],[5.46778,51.44888],[5.46793,51.44879],[5.46837,51.4484],[5.46858,51.44818],[5.4692,51.44767],[5.46911,51.44761],[5.46907,51.4475],[5.46903,51.44748],[5.46908,51.44744],[5.46918,51.44745],[5.46943,51.44728],[5.4699,51.44684],[5.46977,51.44677],[5.46983,51.44671],[5.46999,51.44674],[5.47022,51.44649],[5.47016,51.44637],[5.47093,51.44567],[5.47113,51.44573],[5.47146,51.4454],[5.4713,51.44531],[5.47147,51.44505],[5.47093,51.44487],[5.47013,51.44573],[5.47002,51.44605],[5.46979,51.44625],[5.46959,51.44633],[5.46896,51.44698],[5.46898,51.44706],[5.46894,51.44711],[5.46875,51.44719],[5.46805,51.44789],[5.46808,51.44798],[5.468,51.44807],[5.46784,51.44809],[5.46671,51.44925],[5.46679,51.44933],[5.46671,51.44941],[5.46654,51.44942],[5.46587,51.45013],[5.4659,51.45025],[5.46586,51.45031],[5.46565,51.45033],[5.46447,51.45151],[5.46444,51.45164]]]}},{"type":"Feature","properties":{"zone":"B21","district":"Oud-Woensel","rawHours":"Mo–So 9–21 Uhr","rawFee":"B2: 0,20 starttarief, 2,55 per uur, 8,55 dagtarief (2026) — 1. Stunde 2,75 €, 2. Stunde 2,55 €, 3. Stunde 2,55 €","note":"Schil - uurtarief B met dagtarief — B2.1 - uurtarief","windows":[{"weekdays":[2],"fromMinute":540,"toMinute":1260},{"weekdays":[4],"fromMinute":540,"toMinute":1260},{"weekdays":[1],"fromMinute":540,"toMinute":1260},{"weekdays":[5],"fromMinute":540,"toMinute":1260},{"weekdays":[3],"fromMinute":540,"toMinute":1260},{"weekdays":[6],"fromMinute":540,"toMinute":1260},{"weekdays":[0],"fromMinute":540,"toMinute":1260}],"fee":{"kind":"range","minCentsPerHour":255,"maxCentsPerHour":275},"unmodelledRules":["Feiertage 2026 laut Quelle: gebührenpflichtig wie am Wochentag am 01.01., 06.04., 27.04., 14.05., 25.05., 25.12., 26.12."],"sourceDefect":null,"freeOnHolidays":false,"spaces":null,"maxStayMinutes":null,"maxStay":null,"maxStayShare":0,"maxStayValues":[],"chargingPoints":0,"carsharing":0},"geometry":{"type":"Polygon","coordinates":[[[5.47604,51.44585],[5.47604,51.44603],[5.47581,51.44608],[5.47589,51.44648],[5.4759,51.44672],[5.47598,51.44736],[5.47575,51.4474],[5.47566,51.4475],[5.47554,51.44757],[5.47554,51.44783],[5.47552,51.44789],[5.47563,51.44793],[5.47567,51.44796],[5.4756,51.44812],[5.47547,51.44832],[5.47547,51.44846],[5.4751,51.44875],[5.47505,51.44876],[5.47486,51.4487],[5.47471,51.44886],[5.47473,51.44892],[5.47492,51.44902],[5.47454,51.44957],[5.47382,51.45018],[5.47357,51.45019],[5.47335,51.45022],[5.47325,51.45015],[5.47311,51.45027],[5.47311,51.45036],[5.47308,51.45049],[5.47268,51.45112],[5.4725,51.45112],[5.47243,51.45121],[5.47255,51.45131],[5.47193,51.45234],[5.47208,51.45259],[5.47209,51.45275],[5.47315,51.4529],[5.47381,51.45293],[5.47528,51.45284],[5.4765,51.45284],[5.47722,51.45273],[5.47737,51.45221],[5.47736,51.45206],[5.47747,51.45198],[5.47751,51.45193],[5.4775,51.4519],[5.47754,51.45188],[5.4774,51.45097],[5.47694,51.4486],[5.47689,51.44851],[5.47677,51.44783],[5.47678,51.44761],[5.47661,51.44631],[5.4765,51.44542],[5.47644,51.44523],[5.47633,51.44522],[5.47511,51.44528],[5.47497,51.4454],[5.47555,51.44561],[5.47627,51.44554],[5.47625,51.44561],[5.47595,51.44562],[5.47604,51.44585]]]}},{"type":"Feature","properties":{"zone":"B21","district":"Centrum","rawHours":"Mo–So 9–21 Uhr","rawFee":"B2: 0,20 starttarief, 2,55 per uur, 8,55 dagtarief (2026) — 1. Stunde 2,75 €, 2. Stunde 2,55 €, 3. Stunde 2,55 €","note":"Schil - uurtarief B met dagtarief — B2.1 - uurtarief","windows":[{"weekdays":[2],"fromMinute":540,"toMinute":1260},{"weekdays":[4],"fromMinute":540,"toMinute":1260},{"weekdays":[1],"fromMinute":540,"toMinute":1260},{"weekdays":[5],"fromMinute":540,"toMinute":1260},{"weekdays":[3],"fromMinute":540,"toMinute":1260},{"weekdays":[6],"fromMinute":540,"toMinute":1260},{"weekdays":[0],"fromMinute":540,"toMinute":1260}],"fee":{"kind":"range","minCentsPerHour":255,"maxCentsPerHour":275},"unmodelledRules":["Feiertage 2026 laut Quelle: gebührenpflichtig wie am Wochentag am 01.01., 06.04., 27.04., 14.05., 25.05., 25.12., 26.12."],"sourceDefect":null,"freeOnHolidays":false,"spaces":null,"maxStayMinutes":null,"maxStay":null,"maxStayShare":0,"maxStayValues":[],"chargingPoints":0,"carsharing":0},"geometry":{"type":"Polygon","coordinates":[[[5.48382,51.44502],[5.48448,51.44503],[5.48555,51.44509],[5.48657,51.44517],[5.48658,51.44506],[5.48648,51.4449],[5.48611,51.44468],[5.48542,51.44442],[5.4853,51.44453],[5.48523,51.44503],[5.48472,51.44498],[5.4847,51.44475],[5.48479,51.44434],[5.48483,51.44425],[5.48415,51.44418],[5.48375,51.44418],[5.4836,51.44489],[5.48382,51.44502]]]}},{"type":"Feature","properties":{"zone":"B21","district":"Oud-Woensel","rawHours":"Mo–So 9–21 Uhr","rawFee":"B2: 0,20 starttarief, 2,55 per uur, 8,55 dagtarief (2026) — 1. Stunde 2,75 €, 2. Stunde 2,55 €, 3. Stunde 2,55 €","note":"Schil - uurtarief B met dagtarief — B2.1 - uurtarief","windows":[{"weekdays":[2],"fromMinute":540,"toMinute":1260},{"weekdays":[4],"fromMinute":540,"toMinute":1260},{"weekdays":[1],"fromMinute":540,"toMinute":1260},{"weekdays":[5],"fromMinute":540,"toMinute":1260},{"weekdays":[3],"fromMinute":540,"toMinute":1260},{"weekdays":[6],"fromMinute":540,"toMinute":1260},{"weekdays":[0],"fromMinute":540,"toMinute":1260}],"fee":{"kind":"range","minCentsPerHour":255,"maxCentsPerHour":275},"unmodelledRules":["Feiertage 2026 laut Quelle: gebührenpflichtig wie am Wochentag am 01.01., 06.04., 27.04., 14.05., 25.05., 25.12., 26.12."],"sourceDefect":null,"freeOnHolidays":false,"spaces":null,"maxStayMinutes":null,"maxStay":null,"maxStayShare":0,"maxStayValues":[],"chargingPoints":0,"carsharing":0},"geometry":{"type":"Polygon","coordinates":[[[5.45939,51.44993],[5.45928,51.44982],[5.45929,51.44979],[5.45913,51.4498],[5.45878,51.44977],[5.45857,51.44972],[5.45847,51.44976],[5.45844,51.4498],[5.45836,51.44982],[5.45829,51.44988],[5.45845,51.4499],[5.45912,51.44995],[5.4593,51.44998],[5.45939,51.44993]]]}},{"type":"Feature","properties":{"zone":"B21","district":"Oud-Woensel","rawHours":"Mo–So 9–21 Uhr","rawFee":"B2: 0,20 starttarief, 2,55 per uur, 8,55 dagtarief (2026) — 1. Stunde 2,75 €, 2. Stunde 2,55 €, 3. Stunde 2,55 €","note":"Schil - uurtarief B met dagtarief — B2.1 - uurtarief","windows":[{"weekdays":[2],"fromMinute":540,"toMinute":1260},{"weekdays":[4],"fromMinute":540,"toMinute":1260},{"weekdays":[1],"fromMinute":540,"toMinute":1260},{"weekdays":[5],"fromMinute":540,"toMinute":1260},{"weekdays":[3],"fromMinute":540,"toMinute":1260},{"weekdays":[6],"fromMinute":540,"toMinute":1260},{"weekdays":[0],"fromMinute":540,"toMinute":1260}],"fee":{"kind":"range","minCentsPerHour":255,"maxCentsPerHour":275},"unmodelledRules":["Feiertage 2026 laut Quelle: gebührenpflichtig wie am Wochentag am 01.01., 06.04., 27.04., 14.05., 25.05., 25.12., 26.12."],"sourceDefect":null,"freeOnHolidays":false,"spaces":null,"maxStayMinutes":null,"maxStay":null,"maxStayShare":0,"maxStayValues":[],"chargingPoints":0,"carsharing":0},"geometry":{"type":"Polygon","coordinates":[[[5.47509,51.44528],[5.47511,51.44526],[5.47506,51.44525],[5.4749,51.44507],[5.47427,51.44494],[5.47412,51.44507],[5.474,51.44503],[5.4741,51.44488],[5.47274,51.44464],[5.4723,51.44444],[5.47188,51.44477],[5.47205,51.44481],[5.47216,51.44491],[5.47302,51.44513],[5.47319,51.44516],[5.47343,51.44508],[5.47364,51.44512],[5.47372,51.44525],[5.47419,51.44546],[5.47408,51.44563],[5.47447,51.4457],[5.47444,51.44582],[5.47475,51.44592],[5.47482,51.44594],[5.47494,51.44587],[5.47503,51.44578],[5.47485,51.44574],[5.47488,51.4455],[5.47494,51.44539],[5.47497,51.4454],[5.47509,51.44528]]]}},{"type":"Feature","properties":{"zone":"B21","district":"Oud-Stratum","rawHours":"Mo–So 9–21 Uhr","rawFee":"B2: 0,20 starttarief, 2,55 per uur, 8,55 dagtarief (2026) — 1. Stunde 2,75 €, 2. Stunde 2,55 €, 3. Stunde 2,55 €","note":"Schil - uurtarief B met dagtarief — B2.1 - uurtarief","windows":[{"weekdays":[2],"fromMinute":540,"toMinute":1260},{"weekdays":[4],"fromMinute":540,"toMinute":1260},{"weekdays":[1],"fromMinute":540,"toMinute":1260},{"weekdays":[5],"fromMinute":540,"toMinute":1260},{"weekdays":[3],"fromMinute":540,"toMinute":1260},{"weekdays":[6],"fromMinute":540,"toMinute":1260},{"weekdays":[0],"fromMinute":540,"toMinute":1260}],"fee":{"kind":"range","minCentsPerHour":255,"maxCentsPerHour":275},"unmodelledRules":["Feiertage 2026 laut Quelle: gebührenpflichtig wie am Wochentag am 01.01., 06.04., 27.04., 14.05., 25.05., 25.12., 26.12."],"sourceDefect":null,"freeOnHolidays":false,"spaces":null,"maxStayMinutes":null,"maxStay":null,"maxStayShare":0,"maxStayValues":[],"chargingPoints":0,"carsharing":0},"geometry":{"type":"Polygon","coordinates":[[[5.48287,51.42844],[5.48303,51.42844],[5.48382,51.42886],[5.48406,51.42875],[5.4843,51.42857],[5.48441,51.42855],[5.48465,51.42842],[5.48468,51.42838],[5.48473,51.42822],[5.4845,51.42808],[5.48444,51.42796],[5.48442,51.42784],[5.48436,51.42778],[5.48441,51.42779],[5.48438,51.4277],[5.48387,51.42779],[5.48383,51.42773],[5.48352,51.42783],[5.48343,51.42789],[5.483,51.428],[5.48296,51.42808],[5.48279,51.42819],[5.48258,51.42837],[5.4828,51.42844],[5.48287,51.42844]]]}},{"type":"Feature","properties":{"zone":"B21","district":"Rozenknopje","rawHours":"Mo–So 9–21 Uhr","rawFee":"B2: 0,20 starttarief, 2,55 per uur, 8,55 dagtarief (2026) — 1. Stunde 2,75 €, 2. Stunde 2,55 €, 3. Stunde 2,55 €","note":"Schil - uurtarief B met dagtarief — B2.1 - uurtarief","windows":[{"weekdays":[2],"fromMinute":540,"toMinute":1260},{"weekdays":[4],"fromMinute":540,"toMinute":1260},{"weekdays":[1],"fromMinute":540,"toMinute":1260},{"weekdays":[5],"fromMinute":540,"toMinute":1260},{"weekdays":[3],"fromMinute":540,"toMinute":1260},{"weekdays":[6],"fromMinute":540,"toMinute":1260},{"weekdays":[0],"fromMinute":540,"toMinute":1260}],"fee":{"kind":"range","minCentsPerHour":255,"maxCentsPerHour":275},"unmodelledRules":["Feiertage 2026 laut Quelle: gebührenpflichtig wie am Wochentag am 01.01., 06.04., 27.04., 14.05., 25.05., 25.12., 26.12."],"sourceDefect":null,"freeOnHolidays":false,"spaces":null,"maxStayMinutes":null,"maxStay":null,"maxStayShare":0,"maxStayValues":[],"chargingPoints":0,"carsharing":0},"geometry":{"type":"Polygon","coordinates":[[[5.46387,51.43901],[5.46475,51.43883],[5.46496,51.4389],[5.46525,51.43887],[5.46684,51.43881],[5.46757,51.43873],[5.46788,51.43867],[5.46878,51.43859],[5.46844,51.43814],[5.46834,51.43759],[5.46858,51.4372],[5.46876,51.43709],[5.46901,51.43718],[5.46929,51.43704],[5.47083,51.43596],[5.47061,51.43582],[5.47123,51.43544],[5.47149,51.4352],[5.46994,51.43464],[5.47077,51.43411],[5.47042,51.43374],[5.47088,51.43346],[5.47097,51.43352],[5.4711,51.43371],[5.47117,51.4337],[5.47122,51.43382],[5.47129,51.43383],[5.47132,51.43372],[5.47151,51.43367],[5.47175,51.434],[5.47198,51.43393],[5.47186,51.43374],[5.47177,51.43375],[5.47167,51.43358],[5.47173,51.4334],[5.47174,51.43294],[5.47151,51.43257],[5.47139,51.43204],[5.47098,51.43176],[5.47044,51.43189],[5.4699,51.43171],[5.46975,51.43176],[5.46963,51.43166],[5.47002,51.43148],[5.46998,51.43135],[5.46962,51.43102],[5.46904,51.43113],[5.46894,51.43108],[5.469,51.43095],[5.46871,51.43068],[5.46866,51.43071],[5.4683,51.43083],[5.46848,51.43109],[5.46876,51.43115],[5.46888,51.43125],[5.46854,51.43139],[5.46879,51.43167],[5.46914,51.43198],[5.46956,51.43205],[5.46911,51.43223],[5.469,51.43224],[5.46841,51.43263],[5.46783,51.4324],[5.46728,51.43243],[5.46726,51.43232],[5.46752,51.4323],[5.46746,51.43188],[5.46772,51.43185],[5.46793,51.43165],[5.46887,51.43125],[5.46876,51.43115],[5.46847,51.43109],[5.46829,51.43083],[5.46865,51.43071],[5.46769,51.42997],[5.46609,51.42878],[5.46512,51.42818],[5.46477,51.42799],[5.46428,51.42761],[5.46228,51.42817],[5.46158,51.4285],[5.4613,51.4288],[5.46085,51.42906],[5.45989,51.42912],[5.45948,51.42925],[5.45798,51.42993],[5.45613,51.4308],[5.45562,51.43111],[5.45488,51.43166],[5.45409,51.43241],[5.4536,51.43316],[5.45322,51.43382],[5.452,51.43627],[5.45272,51.43647],[5.45394,51.43697],[5.45412,51.43695],[5.45421,51.43698],[5.45421,51.43711],[5.45487,51.43727],[5.45495,51.43722],[5.45504,51.43724],[5.45505,51.43731],[5.45561,51.43742],[5.45567,51.43739],[5.4558,51.43741],[5.45585,51.43733],[5.4567,51.437],[5.45685,51.43653],[5.45671,51.43638],[5.45691,51.4362],[5.4586,51.43694],[5.45898,51.43665],[5.45798,51.43605],[5.45813,51.4359],[5.45869,51.43561],[5.45927,51.43563],[5.46023,51.43634],[5.45871,51.4372],[5.45843,51.43708],[5.4586,51.43695],[5.45691,51.43621],[5.45673,51.43638],[5.45687,51.43652],[5.45673,51.43699],[5.45758,51.43749],[5.45793,51.43776],[5.45841,51.43796],[5.4586,51.43798],[5.45869,51.43802],[5.45849,51.43845],[5.45859,51.4385],[5.45873,51.43849],[5.45886,51.43855],[5.45901,51.43852],[5.45991,51.43855],[5.46006,51.43863],[5.46018,51.43863],[5.46035,51.43856],[5.46119,51.43857],[5.46134,51.43863],[5.46146,51.43866],[5.46156,51.43858],[5.46255,51.43875],[5.46347,51.43903],[5.46387,51.43901]]]}},{"type":"Feature","properties":{"zone":"B21","district":"Oud-Stratum","rawHours":"Mo–So 9–21 Uhr","rawFee":"B2: 0,20 starttarief, 2,55 per uur, 8,55 dagtarief (2026) — 1. Stunde 2,75 €, 2. Stunde 2,55 €, 3. Stunde 2,55 €","note":"Schil - uurtarief B met dagtarief — B2.1 - uurtarief","windows":[{"weekdays":[2],"fromMinute":540,"toMinute":1260},{"weekdays":[4],"fromMinute":540,"toMinute":1260},{"weekdays":[1],"fromMinute":540,"toMinute":1260},{"weekdays":[5],"fromMinute":540,"toMinute":1260},{"weekdays":[3],"fromMinute":540,"toMinute":1260},{"weekdays":[6],"fromMinute":540,"toMinute":1260},{"weekdays":[0],"fromMinute":540,"toMinute":1260}],"fee":{"kind":"range","minCentsPerHour":255,"maxCentsPerHour":275},"unmodelledRules":["Feiertage 2026 laut Quelle: gebührenpflichtig wie am Wochentag am 01.01., 06.04., 27.04., 14.05., 25.05., 25.12., 26.12."],"sourceDefect":null,"freeOnHolidays":false,"spaces":null,"maxStayMinutes":null,"maxStay":null,"maxStayShare":0,"maxStayValues":[],"chargingPoints":0,"carsharing":0},"geometry":{"type":"Polygon","coordinates":[[[5.48409,51.43137],[5.48249,51.43107],[5.48351,51.43004],[5.48432,51.42988],[5.48485,51.4298],[5.48506,51.42985],[5.48518,51.4296],[5.48448,51.42924],[5.48302,51.42846],[5.4828,51.42845],[5.48263,51.4284],[5.48248,51.42833],[5.48211,51.42803],[5.47987,51.42578],[5.47966,51.425],[5.48191,51.42458],[5.48182,51.42437],[5.47948,51.42459],[5.47611,51.42485],[5.47454,51.42504],[5.47234,51.42543],[5.4725,51.42577],[5.47716,51.42495],[5.4769,51.42631],[5.47737,51.42757],[5.47766,51.42782],[5.47842,51.4284],[5.47886,51.4289],[5.47907,51.42905],[5.47978,51.43007],[5.47941,51.43137],[5.47952,51.43152],[5.47953,51.43164],[5.4792,51.43221],[5.47954,51.43304],[5.47997,51.43338],[5.48015,51.43329],[5.4803,51.43312],[5.4806,51.43303],[5.48169,51.4334],[5.4825,51.43293],[5.48272,51.43276],[5.4827,51.43266],[5.4834,51.4322],[5.48353,51.43221],[5.48355,51.43226],[5.48384,51.43216],[5.48342,51.43182],[5.48342,51.43172],[5.48414,51.43167],[5.48474,51.43178],[5.48505,51.43165],[5.4851,51.43157],[5.48458,51.43146],[5.48458,51.4314],[5.48417,51.43132],[5.48409,51.43137]]]}},{"type":"Feature","properties":{"zone":"B21","district":"Oud-Woensel","rawHours":"Mo–So 9–21 Uhr","rawFee":"B2: 0,20 starttarief, 2,55 per uur, 8,55 dagtarief (2026) — 1. Stunde 2,75 €, 2. Stunde 2,55 €, 3. Stunde 2,55 €","note":"Schil - uurtarief B met dagtarief — B2.1 - uurtarief","windows":[{"weekdays":[2],"fromMinute":540,"toMinute":1260},{"weekdays":[4],"fromMinute":540,"toMinute":1260},{"weekdays":[1],"fromMinute":540,"toMinute":1260},{"weekdays":[5],"fromMinute":540,"toMinute":1260},{"weekdays":[3],"fromMinute":540,"toMinute":1260},{"weekdays":[6],"fromMinute":540,"toMinute":1260},{"weekdays":[0],"fromMinute":540,"toMinute":1260}],"fee":{"kind":"range","minCentsPerHour":255,"maxCentsPerHour":275},"unmodelledRules":["Feiertage 2026 laut Quelle: gebührenpflichtig wie am Wochentag am 01.01., 06.04., 27.04., 14.05., 25.05., 25.12., 26.12."],"sourceDefect":null,"freeOnHolidays":false,"spaces":null,"maxStayMinutes":null,"maxStay":null,"maxStayShare":0,"maxStayValues":[],"chargingPoints":0,"carsharing":0},"geometry":{"type":"Polygon","coordinates":[[[5.47162,51.44356],[5.47113,51.44315],[5.47083,51.44296],[5.47053,51.44281],[5.47042,51.44258],[5.46984,51.44266],[5.46815,51.4431],[5.46713,51.44347],[5.46619,51.44387],[5.46531,51.44438],[5.46384,51.44544],[5.46448,51.44579],[5.46498,51.44622],[5.46484,51.44633],[5.46503,51.44641],[5.46625,51.44651],[5.46634,51.44648],[5.46642,51.44648],[5.46651,51.44658],[5.46718,51.44664],[5.46732,51.44653],[5.46731,51.44631],[5.46763,51.44629],[5.46813,51.44601],[5.46846,51.44604],[5.46853,51.44599],[5.46844,51.44582],[5.46908,51.4453],[5.47014,51.44569],[5.47122,51.44452],[5.47162,51.44448],[5.47169,51.44438],[5.47128,51.44421],[5.47163,51.44383],[5.47162,51.44356]]]}},{"type":"Feature","properties":{"zone":"B21","district":"Oud-Stratum","rawHours":"Mo–So 9–21 Uhr","rawFee":"B2: 0,20 starttarief, 2,55 per uur, 8,55 dagtarief (2026) — 1. Stunde 2,75 €, 2. Stunde 2,55 €, 3. Stunde 2,55 €","note":"Schil - uurtarief B met dagtarief — B2.1 - uurtarief","windows":[{"weekdays":[2],"fromMinute":540,"toMinute":1260},{"weekdays":[4],"fromMinute":540,"toMinute":1260},{"weekdays":[1],"fromMinute":540,"toMinute":1260},{"weekdays":[5],"fromMinute":540,"toMinute":1260},{"weekdays":[3],"fromMinute":540,"toMinute":1260},{"weekdays":[6],"fromMinute":540,"toMinute":1260},{"weekdays":[0],"fromMinute":540,"toMinute":1260}],"fee":{"kind":"range","minCentsPerHour":255,"maxCentsPerHour":275},"unmodelledRules":["Feiertage 2026 laut Quelle: gebührenpflichtig wie am Wochentag am 01.01., 06.04., 27.04., 14.05., 25.05., 25.12., 26.12."],"sourceDefect":null,"freeOnHolidays":false,"spaces":null,"maxStayMinutes":null,"maxStay":null,"maxStayShare":0,"maxStayValues":[],"chargingPoints":0,"carsharing":0},"geometry":{"type":"Polygon","coordinates":[[[5.48409,51.43136],[5.48421,51.43113],[5.48494,51.43127],[5.48538,51.43037],[5.48484,51.43029],[5.48503,51.42984],[5.48484,51.42981],[5.48466,51.43029],[5.48429,51.43024],[5.48413,51.43027],[5.48385,51.4308],[5.48334,51.43069],[5.48294,51.43109],[5.48299,51.43113],[5.48363,51.43126],[5.48367,51.43123],[5.48384,51.43091],[5.48408,51.43096],[5.4839,51.43132],[5.48409,51.43136]]]}},{"type":"Feature","properties":{"zone":"B21","district":"De Laak","rawHours":"Mo–So 9–21 Uhr","rawFee":"B2: 0,20 starttarief, 2,55 per uur, 8,55 dagtarief (2026) — 1. Stunde 2,75 €, 2. Stunde 2,55 €, 3. Stunde 2,55 €","note":"Schil - uurtarief B met dagtarief — B2.1 - uurtarief","windows":[{"weekdays":[2],"fromMinute":540,"toMinute":1260},{"weekdays":[4],"fromMinute":540,"toMinute":1260},{"weekdays":[1],"fromMinute":540,"toMinute":1260},{"weekdays":[5],"fromMinute":540,"toMinute":1260},{"weekdays":[3],"fromMinute":540,"toMinute":1260},{"weekdays":[6],"fromMinute":540,"toMinute":1260},{"weekdays":[0],"fromMinute":540,"toMinute":1260}],"fee":{"kind":"range","minCentsPerHour":255,"maxCentsPerHour":275},"unmodelledRules":["Feiertage 2026 laut Quelle: gebührenpflichtig wie am Wochentag am 01.01., 06.04., 27.04., 14.05., 25.05., 25.12., 26.12."],"sourceDefect":null,"freeOnHolidays":false,"spaces":null,"maxStayMinutes":null,"maxStay":null,"maxStayShare":0,"maxStayValues":[],"chargingPoints":0,"carsharing":0},"geometry":{"type":"Polygon","coordinates":[[[5.48557,51.43764],[5.48589,51.43811],[5.48725,51.43937],[5.48714,51.43989],[5.487,51.44125],[5.48667,51.44144],[5.48635,51.44146],[5.48628,51.44184],[5.48563,51.4421],[5.48559,51.44214],[5.48776,51.44238],[5.48788,51.44211],[5.48888,51.44229],[5.48929,51.44263],[5.49127,51.44294],[5.49161,51.4431],[5.49185,51.44314],[5.49204,51.44304],[5.49233,51.44309],[5.49254,51.44323],[5.49258,51.44327],[5.4927,51.44328],[5.49296,51.44313],[5.49317,51.44317],[5.49339,51.44333],[5.49339,51.44338],[5.49352,51.4434],[5.49361,51.44337],[5.49378,51.44329],[5.49432,51.44334],[5.49432,51.44349],[5.49441,51.44351],[5.49446,51.44348],[5.49453,51.44349],[5.49476,51.44343],[5.49626,51.44363],[5.49657,51.44374],[5.49648,51.44401],[5.50241,51.44448],[5.50336,51.44312],[5.50362,51.44241],[5.5035,51.44229],[5.50297,51.44222],[5.50258,51.44229],[5.50227,51.44243],[5.50176,51.44253],[5.50145,51.44243],[5.50135,51.44253],[5.5012,51.44248],[5.50123,51.44233],[5.50136,51.44226],[5.50212,51.44213],[5.50376,51.44198],[5.50395,51.44134],[5.50417,51.44076],[5.50449,51.43977],[5.50471,51.43838],[5.5047,51.43758],[5.50463,51.437],[5.50453,51.43673],[5.50363,51.43504],[5.49582,51.43613],[5.49631,51.43753],[5.49631,51.43762],[5.49446,51.43889],[5.49276,51.43799],[5.49308,51.43783],[5.49411,51.43665],[5.494,51.43638],[5.49366,51.43643],[5.49143,51.43673],[5.48863,51.43718],[5.48557,51.43764]]]}},{"type":"Feature","properties":{"zone":"B21","district":"Oud-Woensel","rawHours":"Mo–So 9–21 Uhr","rawFee":"B2: 0,20 starttarief, 2,55 per uur, 8,55 dagtarief (2026) — 1. Stunde 2,75 €, 2. Stunde 2,55 €, 3. Stunde 2,55 €","note":"Schil - uurtarief B met dagtarief — B2.1 - uurtarief","windows":[{"weekdays":[2],"fromMinute":540,"toMinute":1260},{"weekdays":[4],"fromMinute":540,"toMinute":1260},{"weekdays":[1],"fromMinute":540,"toMinute":1260},{"weekdays":[5],"fromMinute":540,"toMinute":1260},{"weekdays":[3],"fromMinute":540,"toMinute":1260},{"weekdays":[6],"fromMinute":540,"toMinute":1260},{"weekdays":[0],"fromMinute":540,"toMinute":1260}],"fee":{"kind":"range","minCentsPerHour":255,"maxCentsPerHour":275},"unmodelledRules":["Feiertage 2026 laut Quelle: gebührenpflichtig wie am Wochentag am 01.01., 06.04., 27.04., 14.05., 25.05., 25.12., 26.12."],"sourceDefect":null,"freeOnHolidays":false,"spaces":null,"maxStayMinutes":null,"maxStay":null,"maxStayShare":0,"maxStayValues":[],"chargingPoints":0,"carsharing":0},"geometry":{"type":"Polygon","coordinates":[[[5.47514,51.44759],[5.47486,51.44755],[5.47483,51.44745],[5.4747,51.44647],[5.47459,51.44648],[5.4745,51.44646],[5.47432,51.4464],[5.47446,51.44625],[5.47463,51.44618],[5.47482,51.44595],[5.47444,51.44582],[5.47446,51.44571],[5.47408,51.44563],[5.47418,51.44547],[5.47371,51.44525],[5.47364,51.44513],[5.47344,51.44508],[5.47319,51.44517],[5.473,51.44514],[5.47215,51.44492],[5.47205,51.44482],[5.47188,51.44477],[5.47148,51.44505],[5.47131,51.44531],[5.47147,51.4454],[5.47113,51.44574],[5.47093,51.44568],[5.47017,51.44637],[5.47023,51.44649],[5.46999,51.44674],[5.46984,51.44672],[5.46978,51.44677],[5.46992,51.44684],[5.46944,51.44728],[5.46918,51.44746],[5.46909,51.44745],[5.46903,51.44748],[5.46907,51.4475],[5.46912,51.4476],[5.46923,51.44767],[5.46871,51.44811],[5.46794,51.44879],[5.46779,51.44888],[5.46736,51.44933],[5.46715,51.44934],[5.46709,51.44943],[5.46716,51.44952],[5.4664,51.45034],[5.46619,51.45037],[5.4661,51.45045],[5.46613,51.45054],[5.46574,51.45097],[5.46573,51.45107],[5.46561,51.45118],[5.46547,51.45117],[5.46505,51.45164],[5.46627,51.45196],[5.46632,51.45203],[5.46644,51.45203],[5.4665,51.45199],[5.46782,51.45204],[5.46792,51.4518],[5.46821,51.45181],[5.46822,51.45205],[5.46957,51.45223],[5.46984,51.45246],[5.46997,51.45248],[5.47006,51.45207],[5.47068,51.45176],[5.47058,51.45168],[5.47049,51.45157],[5.47059,51.45148],[5.4706,51.4514],[5.47222,51.45051],[5.47249,51.45036],[5.4727,51.45019],[5.47289,51.45015],[5.47298,51.4502],[5.47309,51.45012],[5.47299,51.45008],[5.47294,51.45001],[5.47271,51.4499],[5.47264,51.4497],[5.47345,51.44922],[5.4736,51.44921],[5.47424,51.44855],[5.4745,51.44839],[5.47472,51.44841],[5.47481,51.4484],[5.47493,51.44822],[5.47464,51.44807],[5.47482,51.44779],[5.47514,51.4478],[5.47524,51.44775],[5.47523,51.44768],[5.47514,51.44759]]]}},{"type":"Feature","properties":{"zone":"B21","district":"Oud-Woensel","rawHours":"Mo–So 9–21 Uhr","rawFee":"B2: 0,20 starttarief, 2,55 per uur, 8,55 dagtarief (2026) — 1. Stunde 2,75 €, 2. Stunde 2,55 €, 3. Stunde 2,55 €","note":"Schil - uurtarief B met dagtarief — B2.1 - uurtarief","windows":[{"weekdays":[2],"fromMinute":540,"toMinute":1260},{"weekdays":[4],"fromMinute":540,"toMinute":1260},{"weekdays":[1],"fromMinute":540,"toMinute":1260},{"weekdays":[5],"fromMinute":540,"toMinute":1260},{"weekdays":[3],"fromMinute":540,"toMinute":1260},{"weekdays":[6],"fromMinute":540,"toMinute":1260},{"weekdays":[0],"fromMinute":540,"toMinute":1260}],"fee":{"kind":"range","minCentsPerHour":255,"maxCentsPerHour":275},"unmodelledRules":["Feiertage 2026 laut Quelle: gebührenpflichtig wie am Wochentag am 01.01., 06.04., 27.04., 14.05., 25.05., 25.12., 26.12."],"sourceDefect":null,"freeOnHolidays":false,"spaces":null,"maxStayMinutes":null,"maxStay":null,"maxStayShare":0,"maxStayValues":[],"chargingPoints":0,"carsharing":0},"geometry":{"type":"Polygon","coordinates":[[[5.46119,51.44954],[5.46102,51.44966],[5.4606,51.45009],[5.46046,51.45025],[5.46022,51.45048],[5.46042,51.45054],[5.4608,51.45028],[5.46182,51.45066],[5.46191,51.45056],[5.46176,51.45038],[5.46116,51.4501],[5.46151,51.44973],[5.46144,51.44963],[5.46119,51.44954]]]}},{"type":"Feature","properties":{"zone":"B21","district":"Oud-Strijp","rawHours":"Mo–So 9–21 Uhr","rawFee":"B2: 0,20 starttarief, 2,55 per uur, 8,55 dagtarief (2026) — 1. Stunde 2,75 €, 2. Stunde 2,55 €, 3. Stunde 2,55 €","note":"Schil - uurtarief B met dagtarief — B2.1 - uurtarief","windows":[{"weekdays":[2],"fromMinute":540,"toMinute":1260},{"weekdays":[4],"fromMinute":540,"toMinute":1260},{"weekdays":[1],"fromMinute":540,"toMinute":1260},{"weekdays":[5],"fromMinute":540,"toMinute":1260},{"weekdays":[3],"fromMinute":540,"toMinute":1260},{"weekdays":[6],"fromMinute":540,"toMinute":1260},{"weekdays":[0],"fromMinute":540,"toMinute":1260}],"fee":{"kind":"range","minCentsPerHour":255,"maxCentsPerHour":275},"unmodelledRules":["Feiertage 2026 laut Quelle: gebührenpflichtig wie am Wochentag am 01.01., 06.04., 27.04., 14.05., 25.05., 25.12., 26.12."],"sourceDefect":null,"freeOnHolidays":false,"spaces":null,"maxStayMinutes":null,"maxStay":null,"maxStayShare":0,"maxStayValues":[],"chargingPoints":0,"carsharing":0},"geometry":{"type":"Polygon","coordinates":[[[5.45844,51.43708],[5.45871,51.43719],[5.46021,51.43634],[5.45925,51.43564],[5.45871,51.43562],[5.45815,51.43591],[5.45799,51.43605],[5.459,51.43665],[5.45844,51.43708]]]}},{"type":"Feature","properties":{"zone":"B21","district":"Rozenknopje","rawHours":"Mo–So 9–21 Uhr","rawFee":"B2: 0,20 starttarief, 2,55 per uur, 8,55 dagtarief (2026) — 1. Stunde 2,75 €, 2. Stunde 2,55 €, 3. Stunde 2,55 €","note":"Schil - uurtarief B met dagtarief — B2.1 - uurtarief","windows":[{"weekdays":[2],"fromMinute":540,"toMinute":1260},{"weekdays":[4],"fromMinute":540,"toMinute":1260},{"weekdays":[1],"fromMinute":540,"toMinute":1260},{"weekdays":[5],"fromMinute":540,"toMinute":1260},{"weekdays":[3],"fromMinute":540,"toMinute":1260},{"weekdays":[6],"fromMinute":540,"toMinute":1260},{"weekdays":[0],"fromMinute":540,"toMinute":1260}],"fee":{"kind":"range","minCentsPerHour":255,"maxCentsPerHour":275},"unmodelledRules":["Feiertage 2026 laut Quelle: gebührenpflichtig wie am Wochentag am 01.01., 06.04., 27.04., 14.05., 25.05., 25.12., 26.12."],"sourceDefect":null,"freeOnHolidays":false,"spaces":null,"maxStayMinutes":null,"maxStay":null,"maxStayShare":0,"maxStayValues":[],"chargingPoints":0,"carsharing":0},"geometry":{"type":"Polygon","coordinates":[[[5.46431,51.4276],[5.46478,51.42798],[5.46515,51.42816],[5.46618,51.4288],[5.4673,51.42964],[5.46865,51.4307],[5.46871,51.43067],[5.46901,51.43095],[5.46896,51.43108],[5.46905,51.43112],[5.46963,51.43101],[5.46999,51.43134],[5.47003,51.43149],[5.46964,51.43166],[5.46975,51.43175],[5.46991,51.4317],[5.47044,51.43188],[5.47098,51.43175],[5.47141,51.43204],[5.47152,51.43258],[5.47175,51.43295],[5.47174,51.4334],[5.47168,51.43358],[5.47178,51.43374],[5.47235,51.43373],[5.47318,51.43409],[5.47344,51.43413],[5.47373,51.43425],[5.47386,51.43444],[5.47421,51.43427],[5.47425,51.43398],[5.47495,51.43362],[5.47589,51.43285],[5.47818,51.4311],[5.47782,51.43093],[5.4779,51.43079],[5.47796,51.43073],[5.47802,51.4294],[5.47816,51.4292],[5.47696,51.42872],[5.47526,51.4289],[5.4739,51.42771],[5.47296,51.42702],[5.47206,51.42628],[5.47228,51.42579],[5.4725,51.42577],[5.47233,51.42543],[5.4702,51.42586],[5.46809,51.42641],[5.46431,51.4276]]]}},{"type":"Feature","properties":{"zone":"B21","district":"Oud-Strijp","rawHours":"Mo–So 9–21 Uhr","rawFee":"B2: 0,20 starttarief, 2,55 per uur, 8,55 dagtarief (2026) — 1. Stunde 2,75 €, 2. Stunde 2,55 €, 3. Stunde 2,55 €","note":"Schil - uurtarief B met dagtarief — B2.1 - uurtarief","windows":[{"weekdays":[2],"fromMinute":540,"toMinute":1260},{"weekdays":[4],"fromMinute":540,"toMinute":1260},{"weekdays":[1],"fromMinute":540,"toMinute":1260},{"weekdays":[5],"fromMinute":540,"toMinute":1260},{"weekdays":[3],"fromMinute":540,"toMinute":1260},{"weekdays":[6],"fromMinute":540,"toMinute":1260},{"weekdays":[0],"fromMinute":540,"toMinute":1260}],"fee":{"kind":"range","minCentsPerHour":255,"maxCentsPerHour":275},"unmodelledRules":["Feiertage 2026 laut Quelle: gebührenpflichtig wie am Wochentag am 01.01., 06.04., 27.04., 14.05., 25.05., 25.12., 26.12."],"sourceDefect":null,"freeOnHolidays":false,"spaces":null,"maxStayMinutes":null,"maxStay":null,"maxStayShare":0,"maxStayValues":[],"chargingPoints":0,"carsharing":0},"geometry":{"type":"Polygon","coordinates":[[[5.45204,51.44021],[5.45199,51.44034],[5.45206,51.44037],[5.45224,51.44026],[5.45254,51.44043],[5.45295,51.44017],[5.45314,51.4401],[5.45327,51.43996],[5.45383,51.44004],[5.45371,51.4402],[5.4538,51.4403],[5.45364,51.44073],[5.45387,51.44109],[5.45401,51.44112],[5.45416,51.44081],[5.45498,51.43925],[5.45536,51.43921],[5.45781,51.43965],[5.45792,51.43955],[5.45822,51.43961],[5.45824,51.43952],[5.45809,51.43922],[5.4583,51.43884],[5.45751,51.43836],[5.45688,51.43886],[5.45609,51.43878],[5.45529,51.43874],[5.45588,51.43758],[5.45586,51.43748],[5.45578,51.43745],[5.45579,51.43742],[5.45567,51.4374],[5.45561,51.43743],[5.45504,51.43732],[5.45503,51.43724],[5.45495,51.43723],[5.45487,51.43728],[5.4542,51.43711],[5.4542,51.43699],[5.45412,51.43696],[5.45393,51.43697],[5.45271,51.43647],[5.452,51.43627],[5.45158,51.43698],[5.45066,51.43874],[5.4505,51.43915],[5.45039,51.43968],[5.45099,51.43987],[5.45118,51.43981],[5.45204,51.44021]]]}},{"type":"Feature","properties":{"zone":"B21","district":"Oud-Stratum","rawHours":"Mo–So 9–21 Uhr","rawFee":"B2: 0,20 starttarief, 2,55 per uur, 8,55 dagtarief (2026) — 1. Stunde 2,75 €, 2. Stunde 2,55 €, 3. Stunde 2,55 €","note":"Schil - uurtarief B met dagtarief — B2.1 - uurtarief","windows":[{"weekdays":[2],"fromMinute":540,"toMinute":1260},{"weekdays":[4],"fromMinute":540,"toMinute":1260},{"weekdays":[1],"fromMinute":540,"toMinute":1260},{"weekdays":[5],"fromMinute":540,"toMinute":1260},{"weekdays":[3],"fromMinute":540,"toMinute":1260},{"weekdays":[6],"fromMinute":540,"toMinute":1260},{"weekdays":[0],"fromMinute":540,"toMinute":1260}],"fee":{"kind":"range","minCentsPerHour":255,"maxCentsPerHour":275},"unmodelledRules":["Feiertage 2026 laut Quelle: gebührenpflichtig wie am Wochentag am 01.01., 06.04., 27.04., 14.05., 25.05., 25.12., 26.12."],"sourceDefect":null,"freeOnHolidays":false,"spaces":null,"maxStayMinutes":null,"maxStay":null,"maxStayShare":0,"maxStayValues":[],"chargingPoints":0,"carsharing":0},"geometry":{"type":"Polygon","coordinates":[[[5.48693,51.42897],[5.48667,51.42946],[5.48662,51.42954],[5.48652,51.42964],[5.4864,51.42984],[5.48642,51.42999],[5.48869,51.43046],[5.48903,51.43058],[5.48941,51.43075],[5.4898,51.43103],[5.49027,51.43122],[5.49055,51.43128],[5.49075,51.43113],[5.49246,51.43145],[5.49257,51.43171],[5.49314,51.43198],[5.49311,51.43206],[5.49325,51.43222],[5.49368,51.43216],[5.49404,51.43217],[5.49493,51.43192],[5.4955,51.4318],[5.49646,51.43184],[5.49796,51.43203],[5.49863,51.43204],[5.49971,51.4319],[5.50262,51.43147],[5.50248,51.43082],[5.50222,51.4301],[5.50179,51.42939],[5.50118,51.42876],[5.50075,51.42843],[5.5,51.42796],[5.49925,51.42763],[5.49901,51.4275],[5.49867,51.42726],[5.49796,51.42688],[5.49347,51.42463],[5.49284,51.42438],[5.49244,51.42492],[5.4923,51.42494],[5.49211,51.42515],[5.49183,51.42523],[5.49175,51.42535],[5.49053,51.4257],[5.49031,51.42568],[5.49021,51.42572],[5.49011,51.42581],[5.49015,51.4259],[5.48969,51.42626],[5.48935,51.42667],[5.4891,51.4269],[5.48915,51.42698],[5.48909,51.42706],[5.48913,51.42713],[5.48896,51.42734],[5.4888,51.42746],[5.48867,51.4274],[5.48786,51.42798],[5.48775,51.42794],[5.48767,51.428],[5.48779,51.42806],[5.48722,51.42852],[5.48693,51.42897]]]}},{"type":"Feature","properties":{"zone":"B21","district":"Oud-Stratum","rawHours":"Mo–So 9–21 Uhr","rawFee":"B2: 0,20 starttarief, 2,55 per uur, 8,55 dagtarief (2026) — 1. Stunde 2,75 €, 2. Stunde 2,55 €, 3. Stunde 2,55 €","note":"Schil - uurtarief B met dagtarief — B2.1 - uurtarief","windows":[{"weekdays":[2],"fromMinute":540,"toMinute":1260},{"weekdays":[4],"fromMinute":540,"toMinute":1260},{"weekdays":[1],"fromMinute":540,"toMinute":1260},{"weekdays":[5],"fromMinute":540,"toMinute":1260},{"weekdays":[3],"fromMinute":540,"toMinute":1260},{"weekdays":[6],"fromMinute":540,"toMinute":1260},{"weekdays":[0],"fromMinute":540,"toMinute":1260}],"fee":{"kind":"range","minCentsPerHour":255,"maxCentsPerHour":275},"unmodelledRules":["Feiertage 2026 laut Quelle: gebührenpflichtig wie am Wochentag am 01.01., 06.04., 27.04., 14.05., 25.05., 25.12., 26.12."],"sourceDefect":null,"freeOnHolidays":false,"spaces":null,"maxStayMinutes":null,"maxStay":null,"maxStayShare":0,"maxStayValues":[],"chargingPoints":0,"carsharing":0},"geometry":{"type":"Polygon","coordinates":[[[5.48648,51.42889],[5.48635,51.42884],[5.4864,51.42862],[5.48634,51.4285],[5.48634,51.42817],[5.48608,51.42819],[5.4859,51.4279],[5.48596,51.42754],[5.48611,51.42753],[5.48599,51.42735],[5.48583,51.42678],[5.48597,51.42665],[5.48623,51.42657],[5.4862,51.42647],[5.48579,51.42637],[5.48565,51.42562],[5.48523,51.42533],[5.485,51.42472],[5.48527,51.42435],[5.48544,51.42432],[5.48549,51.42418],[5.48583,51.42415],[5.48613,51.42422],[5.48609,51.4244],[5.48591,51.42447],[5.48592,51.42456],[5.48617,51.42473],[5.48644,51.42471],[5.48658,51.42515],[5.48669,51.4259],[5.48686,51.42635],[5.48669,51.42638],[5.48654,51.42646],[5.48658,51.4266],[5.48709,51.42675],[5.48815,51.42697],[5.4885,51.42697],[5.48863,51.42681],[5.48835,51.42673],[5.48882,51.42616],[5.48946,51.42573],[5.48965,51.42579],[5.48984,51.42567],[5.49049,51.42543],[5.49061,51.42545],[5.49071,51.42542],[5.49077,51.42532],[5.49159,51.4251],[5.49184,51.42495],[5.49199,51.42492],[5.49203,51.42484],[5.49196,51.42476],[5.49217,51.42449],[5.49245,51.4242],[5.4921,51.42405],[5.49179,51.42395],[5.49104,51.42379],[5.49052,51.42373],[5.48983,51.42372],[5.48914,51.42373],[5.48833,51.42377],[5.48759,51.42382],[5.48183,51.42436],[5.48192,51.42458],[5.48234,51.42452],[5.48249,51.4244],[5.48259,51.42439],[5.48271,51.42444],[5.48403,51.42432],[5.48399,51.42447],[5.4839,51.42466],[5.48404,51.42515],[5.48425,51.42537],[5.48454,51.42641],[5.4846,51.42654],[5.48469,51.42662],[5.48469,51.42672],[5.48508,51.4267],[5.48527,51.42754],[5.4846,51.42769],[5.4844,51.42769],[5.48445,51.42795],[5.48451,51.42808],[5.48564,51.42877],[5.48633,51.42911],[5.48648,51.42889]]]}},{"type":"Feature","properties":{"zone":"B21","district":"Oud-Stratum","rawHours":"Mo–So 9–21 Uhr","rawFee":"B2: 0,20 starttarief, 2,55 per uur, 8,55 dagtarief (2026) — 1. Stunde 2,75 €, 2. Stunde 2,55 €, 3. Stunde 2,55 €","note":"Schil - uurtarief B met dagtarief — B2.1 - uurtarief","windows":[{"weekdays":[2],"fromMinute":540,"toMinute":1260},{"weekdays":[4],"fromMinute":540,"toMinute":1260},{"weekdays":[1],"fromMinute":540,"toMinute":1260},{"weekdays":[5],"fromMinute":540,"toMinute":1260},{"weekdays":[3],"fromMinute":540,"toMinute":1260},{"weekdays":[6],"fromMinute":540,"toMinute":1260},{"weekdays":[0],"fromMinute":540,"toMinute":1260}],"fee":{"kind":"range","minCentsPerHour":255,"maxCentsPerHour":275},"unmodelledRules":["Feiertage 2026 laut Quelle: gebührenpflichtig wie am Wochentag am 01.01., 06.04., 27.04., 14.05., 25.05., 25.12., 26.12."],"sourceDefect":null,"freeOnHolidays":false,"spaces":null,"maxStayMinutes":null,"maxStay":null,"maxStayShare":0,"maxStayValues":[],"chargingPoints":0,"carsharing":0},"geometry":{"type":"Polygon","coordinates":[[[5.50263,51.43149],[5.49863,51.43206],[5.49794,51.43204],[5.49645,51.43185],[5.49551,51.43182],[5.49405,51.43218],[5.4943,51.43262],[5.49423,51.43272],[5.4943,51.43278],[5.49476,51.43281],[5.49514,51.43348],[5.49537,51.43401],[5.49549,51.43439],[5.49529,51.43451],[5.49533,51.43465],[5.49562,51.43474],[5.49578,51.43521],[5.49563,51.43529],[5.49564,51.43534],[5.49584,51.43542],[5.49604,51.43596],[5.50382,51.43487],[5.50293,51.43224],[5.50263,51.43149]]]}},{"type":"Feature","properties":{"zone":"B21","district":"Oud-Woensel","rawHours":"Mo–So 9–21 Uhr","rawFee":"B2: 0,20 starttarief, 2,55 per uur, 8,55 dagtarief (2026) — 1. Stunde 2,75 €, 2. Stunde 2,55 €, 3. Stunde 2,55 €","note":"Schil - uurtarief B met dagtarief — B2.1 - uurtarief","windows":[{"weekdays":[2],"fromMinute":540,"toMinute":1260},{"weekdays":[4],"fromMinute":540,"toMinute":1260},{"weekdays":[1],"fromMinute":540,"toMinute":1260},{"weekdays":[5],"fromMinute":540,"toMinute":1260},{"weekdays":[3],"fromMinute":540,"toMinute":1260},{"weekdays":[6],"fromMinute":540,"toMinute":1260},{"weekdays":[0],"fromMinute":540,"toMinute":1260}],"fee":{"kind":"range","minCentsPerHour":255,"maxCentsPerHour":275},"unmodelledRules":["Feiertage 2026 laut Quelle: gebührenpflichtig wie am Wochentag am 01.01., 06.04., 27.04., 14.05., 25.05., 25.12., 26.12."],"sourceDefect":null,"freeOnHolidays":false,"spaces":null,"maxStayMinutes":null,"maxStay":null,"maxStayShare":0,"maxStayValues":[],"chargingPoints":0,"carsharing":0},"geometry":{"type":"Polygon","coordinates":[[[5.47858,51.45277],[5.47894,51.45282],[5.4806,51.45282],[5.48313,51.4527],[5.48309,51.45253],[5.47978,51.45264],[5.47886,51.45264],[5.47858,51.45277]]]}},{"type":"Feature","properties":{"zone":"B21","district":"Oud-Woensel","rawHours":"Mo–So 9–21 Uhr","rawFee":"B2: 0,20 starttarief, 2,55 per uur, 8,55 dagtarief (2026) — 1. Stunde 2,75 €, 2. Stunde 2,55 €, 3. Stunde 2,55 €","note":"Schil - uurtarief B met dagtarief — B2.1 - uurtarief","windows":[{"weekdays":[2],"fromMinute":540,"toMinute":1260},{"weekdays":[4],"fromMinute":540,"toMinute":1260},{"weekdays":[1],"fromMinute":540,"toMinute":1260},{"weekdays":[5],"fromMinute":540,"toMinute":1260},{"weekdays":[3],"fromMinute":540,"toMinute":1260},{"weekdays":[6],"fromMinute":540,"toMinute":1260},{"weekdays":[0],"fromMinute":540,"toMinute":1260}],"fee":{"kind":"range","minCentsPerHour":255,"maxCentsPerHour":275},"unmodelledRules":["Feiertage 2026 laut Quelle: gebührenpflichtig wie am Wochentag am 01.01., 06.04., 27.04., 14.05., 25.05., 25.12., 26.12."],"sourceDefect":null,"freeOnHolidays":false,"spaces":null,"maxStayMinutes":null,"maxStay":null,"maxStayShare":0,"maxStayValues":[],"chargingPoints":0,"carsharing":0},"geometry":{"type":"Polygon","coordinates":[[[5.46957,51.44632],[5.46978,51.44625],[5.47,51.44605],[5.46894,51.44562],[5.46854,51.446],[5.46846,51.44605],[5.46814,51.44602],[5.46763,51.4463],[5.46733,51.44633],[5.46733,51.44654],[5.46719,51.44665],[5.46649,51.44659],[5.46641,51.4465],[5.46634,51.44649],[5.46624,51.44652],[5.46502,51.44641],[5.46468,51.44626],[5.46319,51.44756],[5.46204,51.44853],[5.45948,51.4498],[5.4594,51.44993],[5.45929,51.44999],[5.45893,51.45015],[5.45963,51.45036],[5.46043,51.45024],[5.46098,51.44967],[5.46119,51.44953],[5.46145,51.44962],[5.46153,51.44974],[5.46119,51.4501],[5.46178,51.45037],[5.46193,51.45056],[5.46183,51.45066],[5.46081,51.45029],[5.46061,51.45045],[5.46042,51.45055],[5.46021,51.45048],[5.4603,51.45039],[5.46002,51.45031],[5.45973,51.45036],[5.45976,51.45045],[5.46066,51.45073],[5.46177,51.45103],[5.4629,51.45134],[5.46415,51.45166],[5.46444,51.45152],[5.46563,51.45032],[5.46584,51.4503],[5.46589,51.45025],[5.46585,51.45012],[5.46654,51.44941],[5.46671,51.44941],[5.46677,51.44933],[5.46669,51.44924],[5.46784,51.44808],[5.46799,51.44806],[5.46807,51.44799],[5.46804,51.44788],[5.46875,51.44718],[5.46893,51.44711],[5.46897,51.44706],[5.46895,51.44698],[5.46957,51.44632]]]}},{"type":"Feature","properties":{"zone":"B21","district":"Centrum","rawHours":"Mo–So 9–21 Uhr","rawFee":"B2: 0,20 starttarief, 2,55 per uur, 8,55 dagtarief (2026) — 1. Stunde 2,75 €, 2. Stunde 2,55 €, 3. Stunde 2,55 €","note":"Schil - uurtarief B met dagtarief — B2.1 - uurtarief","windows":[{"weekdays":[2],"fromMinute":540,"toMinute":1260},{"weekdays":[4],"fromMinute":540,"toMinute":1260},{"weekdays":[1],"fromMinute":540,"toMinute":1260},{"weekdays":[5],"fromMinute":540,"toMinute":1260},{"weekdays":[3],"fromMinute":540,"toMinute":1260},{"weekdays":[6],"fromMinute":540,"toMinute":1260},{"weekdays":[0],"fromMinute":540,"toMinute":1260}],"fee":{"kind":"range","minCentsPerHour":255,"maxCentsPerHour":275},"unmodelledRules":["Feiertage 2026 laut Quelle: gebührenpflichtig wie am Wochentag am 01.01., 06.04., 27.04., 14.05., 25.05., 25.12., 26.12."],"sourceDefect":null,"freeOnHolidays":false,"spaces":null,"maxStayMinutes":null,"maxStay":null,"maxStayShare":0,"maxStayValues":[],"chargingPoints":0,"carsharing":0},"geometry":{"type":"Polygon","coordinates":[[[5.48552,51.45252],[5.4872,51.45248],[5.48935,51.4525],[5.49137,51.45245],[5.49298,51.45231],[5.49429,51.45201],[5.49562,51.45156],[5.4967,51.45102],[5.49744,51.45047],[5.49708,51.45043],[5.4963,51.45099],[5.49527,51.45149],[5.49399,51.45193],[5.49342,51.45204],[5.49115,51.4523],[5.48809,51.45235],[5.48548,51.45229],[5.48552,51.45252]]]}},{"type":"Feature","properties":{"zone":"B2WERK","district":"De Laak","rawHours":"Mo–So 9–21 Uhr","rawFee":"B2WERK: 0,20 starttarief, 2,20 per uur, 7,70 dagtarief (2025) — 1. Stunde 2,75 €, 2. Stunde 2,55 €, 3. Stunde 2,55 €","note":"Werknemersparkeren - Fuutlaan/NRE — Werknemersparkeren","windows":[{"weekdays":[2],"fromMinute":540,"toMinute":1260},{"weekdays":[4],"fromMinute":540,"toMinute":1260},{"weekdays":[1],"fromMinute":540,"toMinute":1260},{"weekdays":[5],"fromMinute":540,"toMinute":1260},{"weekdays":[3],"fromMinute":540,"toMinute":1260},{"weekdays":[6],"fromMinute":540,"toMinute":1260},{"weekdays":[0],"fromMinute":540,"toMinute":1260}],"fee":{"kind":"range","minCentsPerHour":255,"maxCentsPerHour":275},"unmodelledRules":["Feiertage 2026 laut Quelle: gebührenpflichtig wie am Wochentag am 01.01., 06.04., 27.04., 14.05., 25.05., 25.12., 26.12."],"sourceDefect":null,"freeOnHolidays":false,"spaces":null,"maxStayMinutes":null,"maxStay":null,"maxStayShare":0,"maxStayValues":[],"chargingPoints":0,"carsharing":0},"geometry":{"type":"Polygon","coordinates":[[[5.48535,51.44245],[5.48777,51.44277],[5.49093,51.44327],[5.49648,51.44401],[5.49656,51.44375],[5.49625,51.44363],[5.49475,51.44343],[5.49453,51.44349],[5.49446,51.44348],[5.49441,51.44351],[5.49431,51.4435],[5.49431,51.44335],[5.49378,51.44329],[5.49361,51.44337],[5.49352,51.4434],[5.49339,51.44338],[5.49339,51.44333],[5.49316,51.44317],[5.49296,51.44314],[5.4927,51.44328],[5.49258,51.44327],[5.49254,51.44323],[5.49232,51.4431],[5.49203,51.44305],[5.49185,51.44315],[5.49161,51.44311],[5.49126,51.44294],[5.48928,51.44264],[5.48888,51.4423],[5.48789,51.44213],[5.48777,51.44239],[5.4856,51.44215],[5.48535,51.44245]]]}},{"type":"Feature","properties":{"zone":"B42","district":"Oud-Strijp","rawHours":"Mo–So 9–24 Uhr","rawFee":"B4: 22,55 per dag (2026) — Pauschale 22,75 € je 900 Minuten","note":"Schil - dagtarief (per 2025) — B4.2 - dagtarief","windows":[{"weekdays":[2],"fromMinute":540,"toMinute":1440},{"weekdays":[4],"fromMinute":540,"toMinute":1440},{"weekdays":[1],"fromMinute":540,"toMinute":1440},{"weekdays":[5],"fromMinute":540,"toMinute":1440},{"weekdays":[3],"fromMinute":540,"toMinute":1440},{"weekdays":[6],"fromMinute":540,"toMinute":1440},{"weekdays":[0],"fromMinute":540,"toMinute":1440}],"fee":{"kind":"range","minCentsPerHour":152,"maxCentsPerHour":2275},"unmodelledRules":["Feiertage 2026 laut Quelle: gebührenpflichtig wie am Wochentag am 01.01., 06.04., 27.04., 14.05., 25.05., 25.12., 26.12."],"sourceDefect":null,"freeOnHolidays":false,"spaces":null,"maxStayMinutes":null,"maxStay":null,"maxStayShare":0,"maxStayValues":[],"chargingPoints":0,"carsharing":0},"geometry":{"type":"Polygon","coordinates":[[[5.45337,51.44588],[5.45275,51.44596],[5.45263,51.44619],[5.45238,51.44651],[5.45198,51.44688],[5.45215,51.4471],[5.45233,51.44717],[5.45215,51.44733],[5.45194,51.44732],[5.45163,51.44743],[5.45153,51.44757],[5.45175,51.44777],[5.45205,51.44786],[5.45216,51.44784],[5.45334,51.44665],[5.45378,51.44603],[5.45376,51.44596],[5.45337,51.44588]]]}},{"type":"Feature","properties":{"zone":"B51","district":"Oud-Woensel","rawHours":"Mo–So 9–21 Uhr","rawFee":"B5: 0,10 1e 30 min, 0,60 2e 30 min, 1,50 2e uur, 5,30 dagtarief (2026) — 1. Stunde 0,70 €, 2. Stunde 1,50 €, 3. Stunde 1,50 €","note":"Schil - runshoptarief (vanaf 2025) — B5.1 - uurtarief","windows":[{"weekdays":[2],"fromMinute":540,"toMinute":1260},{"weekdays":[4],"fromMinute":540,"toMinute":1260},{"weekdays":[1],"fromMinute":540,"toMinute":1260},{"weekdays":[5],"fromMinute":540,"toMinute":1260},{"weekdays":[3],"fromMinute":540,"toMinute":1260},{"weekdays":[6],"fromMinute":540,"toMinute":1260},{"weekdays":[0],"fromMinute":540,"toMinute":1260}],"fee":{"kind":"range","minCentsPerHour":70,"maxCentsPerHour":150},"unmodelledRules":["Feiertage 2026 laut Quelle: gebührenpflichtig wie am Wochentag am 01.01., 06.04., 27.04., 14.05., 25.05., 25.12., 26.12."],"sourceDefect":null,"freeOnHolidays":false,"spaces":null,"maxStayMinutes":null,"maxStay":null,"maxStayShare":0,"maxStayValues":[],"chargingPoints":0,"carsharing":0},"geometry":{"type":"Polygon","coordinates":[[[5.47059,51.45166],[5.47068,51.45174],[5.47166,51.45199],[5.47182,51.45197],[5.47196,51.452],[5.47213,51.45197],[5.47255,51.45132],[5.47242,51.45122],[5.47249,51.45111],[5.47267,51.45111],[5.47306,51.45048],[5.47309,51.45038],[5.4731,51.45027],[5.47289,51.45016],[5.47271,51.45019],[5.4725,51.45036],[5.47218,51.45056],[5.47149,51.45092],[5.47133,51.45104],[5.47063,51.45141],[5.47061,51.45149],[5.47051,51.45157],[5.47059,51.45166]]]}},{"type":"Feature","properties":{"zone":"B51","district":"Oud-Woensel","rawHours":"Mo–So 9–21 Uhr","rawFee":"B5: 0,10 1e 30 min, 0,60 2e 30 min, 1,50 2e uur, 5,30 dagtarief (2026) — 1. Stunde 0,70 €, 2. Stunde 1,50 €, 3. Stunde 1,50 €","note":"Schil - runshoptarief (vanaf 2025) — B5.1 - uurtarief","windows":[{"weekdays":[2],"fromMinute":540,"toMinute":1260},{"weekdays":[4],"fromMinute":540,"toMinute":1260},{"weekdays":[1],"fromMinute":540,"toMinute":1260},{"weekdays":[5],"fromMinute":540,"toMinute":1260},{"weekdays":[3],"fromMinute":540,"toMinute":1260},{"weekdays":[6],"fromMinute":540,"toMinute":1260},{"weekdays":[0],"fromMinute":540,"toMinute":1260}],"fee":{"kind":"range","minCentsPerHour":70,"maxCentsPerHour":150},"unmodelledRules":["Feiertage 2026 laut Quelle: gebührenpflichtig wie am Wochentag am 01.01., 06.04., 27.04., 14.05., 25.05., 25.12., 26.12."],"sourceDefect":null,"freeOnHolidays":false,"spaces":null,"maxStayMinutes":null,"maxStay":null,"maxStayShare":0,"maxStayValues":[],"chargingPoints":0,"carsharing":0},"geometry":{"type":"Polygon","coordinates":[[[5.4655,51.45177],[5.4654,51.45186],[5.46538,51.45192],[5.4656,51.45198],[5.46642,51.45215],[5.4668,51.45218],[5.4674,51.45219],[5.46815,51.45223],[5.46982,51.45245],[5.46957,51.45224],[5.4682,51.45205],[5.46819,51.45181],[5.46792,51.45181],[5.46784,51.45205],[5.46651,51.452],[5.46645,51.45204],[5.46631,51.45204],[5.46626,51.45197],[5.4655,51.45177]]]}},{"type":"Feature","properties":{"zone":"B51","district":"Oud-Strijp","rawHours":"Mo–So 9–21 Uhr","rawFee":"B5: 0,10 1e 30 min, 0,60 2e 30 min, 1,50 2e uur, 5,30 dagtarief (2026) — 1. Stunde 0,70 €, 2. Stunde 1,50 €, 3. Stunde 1,50 €","note":"Schil - runshoptarief (vanaf 2025) — B5.1 - uurtarief","windows":[{"weekdays":[2],"fromMinute":540,"toMinute":1260},{"weekdays":[4],"fromMinute":540,"toMinute":1260},{"weekdays":[1],"fromMinute":540,"toMinute":1260},{"weekdays":[5],"fromMinute":540,"toMinute":1260},{"weekdays":[3],"fromMinute":540,"toMinute":1260},{"weekdays":[6],"fromMinute":540,"toMinute":1260},{"weekdays":[0],"fromMinute":540,"toMinute":1260}],"fee":{"kind":"range","minCentsPerHour":70,"maxCentsPerHour":150},"unmodelledRules":["Feiertage 2026 laut Quelle: gebührenpflichtig wie am Wochentag am 01.01., 06.04., 27.04., 14.05., 25.05., 25.12., 26.12."],"sourceDefect":null,"freeOnHolidays":false,"spaces":null,"maxStayMinutes":null,"maxStay":null,"maxStayShare":0,"maxStayValues":[],"chargingPoints":0,"carsharing":0},"geometry":{"type":"Polygon","coordinates":[[[5.45296,51.44017],[5.45254,51.44043],[5.45362,51.44073],[5.45379,51.44031],[5.4537,51.4402],[5.45382,51.44004],[5.45327,51.43997],[5.45315,51.4401],[5.45296,51.44017]]]}},{"type":"Feature","properties":{"zone":"B51","district":"De Laak","rawHours":"Mo–So 9–21 Uhr","rawFee":"B5: 0,10 1e 30 min, 0,60 2e 30 min, 1,50 2e uur, 5,30 dagtarief (2026) — 1. Stunde 0,70 €, 2. Stunde 1,50 €, 3. Stunde 1,50 €","note":"Schil - runshoptarief (vanaf 2025) — B5.1 - uurtarief","windows":[{"weekdays":[2],"fromMinute":540,"toMinute":1260},{"weekdays":[4],"fromMinute":540,"toMinute":1260},{"weekdays":[1],"fromMinute":540,"toMinute":1260},{"weekdays":[5],"fromMinute":540,"toMinute":1260},{"weekdays":[3],"fromMinute":540,"toMinute":1260},{"weekdays":[6],"fromMinute":540,"toMinute":1260},{"weekdays":[0],"fromMinute":540,"toMinute":1260}],"fee":{"kind":"range","minCentsPerHour":70,"maxCentsPerHour":150},"unmodelledRules":["Feiertage 2026 laut Quelle: gebührenpflichtig wie am Wochentag am 01.01., 06.04., 27.04., 14.05., 25.05., 25.12., 26.12."],"sourceDefect":null,"freeOnHolidays":false,"spaces":null,"maxStayMinutes":null,"maxStay":null,"maxStayShare":0,"maxStayValues":[],"chargingPoints":0,"carsharing":0},"geometry":{"type":"Polygon","coordinates":[[[5.50226,51.44243],[5.50212,51.44213],[5.50137,51.44227],[5.50124,51.44233],[5.50121,51.44248],[5.50134,51.44253],[5.50144,51.44242],[5.50175,51.44252],[5.50226,51.44243]]]}},{"type":"Feature","properties":{"zone":"B51","district":"Oud-Strijp","rawHours":"Mo–So 9–21 Uhr","rawFee":"B5: 0,10 1e 30 min, 0,60 2e 30 min, 1,50 2e uur, 5,30 dagtarief (2026) — 1. Stunde 0,70 €, 2. Stunde 1,50 €, 3. Stunde 1,50 €","note":"Schil - runshoptarief (vanaf 2025) — B5.1 - uurtarief","windows":[{"weekdays":[2],"fromMinute":540,"toMinute":1260},{"weekdays":[4],"fromMinute":540,"toMinute":1260},{"weekdays":[1],"fromMinute":540,"toMinute":1260},{"weekdays":[5],"fromMinute":540,"toMinute":1260},{"weekdays":[3],"fromMinute":540,"toMinute":1260},{"weekdays":[6],"fromMinute":540,"toMinute":1260},{"weekdays":[0],"fromMinute":540,"toMinute":1260}],"fee":{"kind":"range","minCentsPerHour":70,"maxCentsPerHour":150},"unmodelledRules":["Feiertage 2026 laut Quelle: gebührenpflichtig wie am Wochentag am 01.01., 06.04., 27.04., 14.05., 25.05., 25.12., 26.12."],"sourceDefect":null,"freeOnHolidays":false,"spaces":null,"maxStayMinutes":null,"maxStay":null,"maxStayShare":0,"maxStayValues":[],"chargingPoints":0,"carsharing":0},"geometry":{"type":"Polygon","coordinates":[[[5.45403,51.44112],[5.45415,51.44119],[5.45497,51.44137],[5.45509,51.44129],[5.45555,51.44116],[5.45569,51.44093],[5.4542,51.44076],[5.45403,51.44112]]]}},{"type":"Feature","properties":{"zone":"C11","district":"Ontginning","rawHours":"Mo–So 9–21 Uhr","rawFee":"C1: 2,10 per uur (2026) — 2,10 €/h","note":"Rest Eindhoven - buiten Ring uurtarief C — C1.1 - uurtarief","windows":[{"weekdays":[2],"fromMinute":540,"toMinute":1260},{"weekdays":[4],"fromMinute":540,"toMinute":1260},{"weekdays":[1],"fromMinute":540,"toMinute":1260},{"weekdays":[5],"fromMinute":540,"toMinute":1260},{"weekdays":[3],"fromMinute":540,"toMinute":1260},{"weekdays":[6],"fromMinute":540,"toMinute":1260},{"weekdays":[0],"fromMinute":540,"toMinute":1260}],"fee":{"kind":"exact","centsPerHour":210},"unmodelledRules":["Feiertage 2026 laut Quelle: gebührenpflichtig wie am Wochentag am 01.01., 06.04., 27.04., 14.05., 25.05., 25.12., 26.12."],"sourceDefect":null,"freeOnHolidays":false,"spaces":null,"maxStayMinutes":null,"maxStay":null,"maxStayShare":0,"maxStayValues":[],"chargingPoints":0,"carsharing":0},"geometry":{"type":"Polygon","coordinates":[[[5.47797,51.47221],[5.47798,51.47229],[5.47829,51.47229],[5.47834,51.47232],[5.47835,51.4724],[5.47894,51.47238],[5.47892,51.47219],[5.47797,51.47221]]]}},{"type":"Feature","properties":{"zone":"C11","district":"Halve Maan","rawHours":"Mo–So 9–21 Uhr","rawFee":"C1: 2,10 per uur (2026) — 2,10 €/h","note":"Rest Eindhoven - buiten Ring uurtarief C — C1.1 - uurtarief","windows":[{"weekdays":[2],"fromMinute":540,"toMinute":1260},{"weekdays":[4],"fromMinute":540,"toMinute":1260},{"weekdays":[1],"fromMinute":540,"toMinute":1260},{"weekdays":[5],"fromMinute":540,"toMinute":1260},{"weekdays":[3],"fromMinute":540,"toMinute":1260},{"weekdays":[6],"fromMinute":540,"toMinute":1260},{"weekdays":[0],"fromMinute":540,"toMinute":1260}],"fee":{"kind":"exact","centsPerHour":210},"unmodelledRules":["Feiertage 2026 laut Quelle: gebührenpflichtig wie am Wochentag am 01.01., 06.04., 27.04., 14.05., 25.05., 25.12., 26.12."],"sourceDefect":null,"freeOnHolidays":false,"spaces":null,"maxStayMinutes":null,"maxStay":null,"maxStayShare":0,"maxStayValues":[],"chargingPoints":0,"carsharing":0},"geometry":{"type":"Polygon","coordinates":[[[5.44719,51.44924],[5.4492,51.45002],[5.44948,51.44978],[5.45035,51.44927],[5.45049,51.4493],[5.45075,51.44927],[5.45081,51.44929],[5.45104,51.44911],[5.45162,51.44851],[5.45153,51.44845],[5.45183,51.4481],[5.45181,51.4481],[5.45184,51.44806],[5.45137,51.44791],[5.4514,51.44784],[5.45091,51.44768],[5.45085,51.44773],[5.4501,51.44747],[5.44981,51.44753],[5.44911,51.44832],[5.44894,51.44843],[5.44882,51.44853],[5.44876,51.44852],[5.4486,51.44859],[5.4488,51.44874],[5.44885,51.4489],[5.44913,51.44893],[5.44941,51.44937],[5.44899,51.44949],[5.44757,51.44902],[5.44734,51.44912],[5.44719,51.44924]]]}},{"type":"Feature","properties":{"zone":"C11","district":"Oud-Strijp","rawHours":"Mo–So 9–21 Uhr","rawFee":"C1: 2,10 per uur (2026) — 2,10 €/h","note":"Rest Eindhoven - buiten Ring uurtarief C — C1.1 - uurtarief","windows":[{"weekdays":[2],"fromMinute":540,"toMinute":1260},{"weekdays":[4],"fromMinute":540,"toMinute":1260},{"weekdays":[1],"fromMinute":540,"toMinute":1260},{"weekdays":[5],"fromMinute":540,"toMinute":1260},{"weekdays":[3],"fromMinute":540,"toMinute":1260},{"weekdays":[6],"fromMinute":540,"toMinute":1260},{"weekdays":[0],"fromMinute":540,"toMinute":1260}],"fee":{"kind":"exact","centsPerHour":210},"unmodelledRules":["Feiertage 2026 laut Quelle: gebührenpflichtig wie am Wochentag am 01.01., 06.04., 27.04., 14.05., 25.05., 25.12., 26.12."],"sourceDefect":null,"freeOnHolidays":false,"spaces":null,"maxStayMinutes":null,"maxStay":null,"maxStayShare":0,"maxStayValues":[],"chargingPoints":0,"carsharing":0},"geometry":{"type":"Polygon","coordinates":[[[5.45168,51.44785],[5.45175,51.44777],[5.45169,51.4477],[5.45152,51.44757],[5.45163,51.44743],[5.45092,51.44722],[5.44983,51.44686],[5.44964,51.44674],[5.44942,51.44665],[5.44924,51.44661],[5.44901,51.44667],[5.44925,51.44693],[5.44939,51.447],[5.44953,51.44711],[5.44966,51.44718],[5.45033,51.44743],[5.45093,51.44763],[5.45093,51.44767],[5.4514,51.44784],[5.45148,51.44779],[5.45168,51.44785]]]}},{"type":"Feature","properties":{"zone":"C11","district":"Ontginning","rawHours":"Mo–So 9–21 Uhr","rawFee":"C1: 2,10 per uur (2026) — 2,10 €/h","note":"Rest Eindhoven - buiten Ring uurtarief C — C1.1 - uurtarief","windows":[{"weekdays":[2],"fromMinute":540,"toMinute":1260},{"weekdays":[4],"fromMinute":540,"toMinute":1260},{"weekdays":[1],"fromMinute":540,"toMinute":1260},{"weekdays":[5],"fromMinute":540,"toMinute":1260},{"weekdays":[3],"fromMinute":540,"toMinute":1260},{"weekdays":[6],"fromMinute":540,"toMinute":1260},{"weekdays":[0],"fromMinute":540,"toMinute":1260}],"fee":{"kind":"exact","centsPerHour":210},"unmodelledRules":["Feiertage 2026 laut Quelle: gebührenpflichtig wie am Wochentag am 01.01., 06.04., 27.04., 14.05., 25.05., 25.12., 26.12."],"sourceDefect":null,"freeOnHolidays":false,"spaces":null,"maxStayMinutes":null,"maxStay":null,"maxStayShare":0,"maxStayValues":[],"chargingPoints":0,"carsharing":0},"geometry":{"type":"Polygon","coordinates":[[[5.47793,51.47157],[5.47793,51.47164],[5.4782,51.47163],[5.47828,51.47165],[5.4783,51.47168],[5.4783,51.47175],[5.47889,51.47174],[5.47888,51.47154],[5.47793,51.47157]]]}},{"type":"Feature","properties":{"zone":"C11","district":"Ontginning","rawHours":"Mo–So 9–21 Uhr","rawFee":"C1: 2,10 per uur (2026) — 2,10 €/h","note":"Rest Eindhoven - buiten Ring uurtarief C — C1.1 - uurtarief","windows":[{"weekdays":[2],"fromMinute":540,"toMinute":1260},{"weekdays":[4],"fromMinute":540,"toMinute":1260},{"weekdays":[1],"fromMinute":540,"toMinute":1260},{"weekdays":[5],"fromMinute":540,"toMinute":1260},{"weekdays":[3],"fromMinute":540,"toMinute":1260},{"weekdays":[6],"fromMinute":540,"toMinute":1260},{"weekdays":[0],"fromMinute":540,"toMinute":1260}],"fee":{"kind":"exact","centsPerHour":210},"unmodelledRules":["Feiertage 2026 laut Quelle: gebührenpflichtig wie am Wochentag am 01.01., 06.04., 27.04., 14.05., 25.05., 25.12., 26.12."],"sourceDefect":null,"freeOnHolidays":false,"spaces":null,"maxStayMinutes":null,"maxStay":null,"maxStayShare":0,"maxStayValues":[],"chargingPoints":0,"carsharing":0},"geometry":{"type":"Polygon","coordinates":[[[5.47763,51.4707],[5.47765,51.47104],[5.47789,51.47104],[5.47789,51.471],[5.4782,51.47099],[5.47825,51.47101],[5.47826,51.4711],[5.47885,51.47109],[5.47883,51.4709],[5.47789,51.47092],[5.47787,51.47069],[5.47763,51.4707]]]}},{"type":"Feature","properties":{"zone":"C11","district":"Halve Maan","rawHours":"Mo–So 9–21 Uhr","rawFee":"C1: 2,10 per uur (2026) — 2,10 €/h","note":"Rest Eindhoven - buiten Ring uurtarief C — C1.1 - uurtarief","windows":[{"weekdays":[2],"fromMinute":540,"toMinute":1260},{"weekdays":[4],"fromMinute":540,"toMinute":1260},{"weekdays":[1],"fromMinute":540,"toMinute":1260},{"weekdays":[5],"fromMinute":540,"toMinute":1260},{"weekdays":[3],"fromMinute":540,"toMinute":1260},{"weekdays":[6],"fromMinute":540,"toMinute":1260},{"weekdays":[0],"fromMinute":540,"toMinute":1260}],"fee":{"kind":"exact","centsPerHour":210},"unmodelledRules":["Feiertage 2026 laut Quelle: gebührenpflichtig wie am Wochentag am 01.01., 06.04., 27.04., 14.05., 25.05., 25.12., 26.12."],"sourceDefect":null,"freeOnHolidays":false,"spaces":null,"maxStayMinutes":null,"maxStay":null,"maxStayShare":0,"maxStayValues":[],"chargingPoints":0,"carsharing":0},"geometry":{"type":"Polygon","coordinates":[[[5.44938,51.4473],[5.44907,51.44717],[5.44885,51.44701],[5.44843,51.4472],[5.44794,51.44745],[5.44798,51.44761],[5.4478,51.44776],[5.4482,51.44801],[5.44929,51.44747],[5.44938,51.44734],[5.44938,51.4473]]]}},{"type":"Feature","properties":{"zone":"C11","district":"Ontginning","rawHours":"Mo–So 9–21 Uhr","rawFee":"C1: 2,10 per uur (2026) — 2,10 €/h","note":"Rest Eindhoven - buiten Ring uurtarief C — C1.1 - uurtarief","windows":[{"weekdays":[2],"fromMinute":540,"toMinute":1260},{"weekdays":[4],"fromMinute":540,"toMinute":1260},{"weekdays":[1],"fromMinute":540,"toMinute":1260},{"weekdays":[5],"fromMinute":540,"toMinute":1260},{"weekdays":[3],"fromMinute":540,"toMinute":1260},{"weekdays":[6],"fromMinute":540,"toMinute":1260},{"weekdays":[0],"fromMinute":540,"toMinute":1260}],"fee":{"kind":"exact","centsPerHour":210},"unmodelledRules":["Feiertage 2026 laut Quelle: gebührenpflichtig wie am Wochentag am 01.01., 06.04., 27.04., 14.05., 25.05., 25.12., 26.12."],"sourceDefect":null,"freeOnHolidays":false,"spaces":null,"maxStayMinutes":null,"maxStay":null,"maxStayShare":0,"maxStayValues":[],"chargingPoints":0,"carsharing":0},"geometry":{"type":"Polygon","coordinates":[[[5.48248,51.46788],[5.48221,51.46789],[5.48029,51.46778],[5.47974,51.46779],[5.47954,51.46821],[5.47975,51.46825],[5.47986,51.46888],[5.48012,51.46888],[5.48009,51.46857],[5.48192,51.46852],[5.48197,51.46825],[5.48248,51.46824],[5.48248,51.46788]]]}},{"type":"Feature","properties":{"zone":"C11","district":"Ontginning","rawHours":"Mo–So 9–21 Uhr","rawFee":"C1: 2,10 per uur (2026) — 2,10 €/h","note":"Rest Eindhoven - buiten Ring uurtarief C — C1.1 - uurtarief","windows":[{"weekdays":[2],"fromMinute":540,"toMinute":1260},{"weekdays":[4],"fromMinute":540,"toMinute":1260},{"weekdays":[1],"fromMinute":540,"toMinute":1260},{"weekdays":[5],"fromMinute":540,"toMinute":1260},{"weekdays":[3],"fromMinute":540,"toMinute":1260},{"weekdays":[6],"fromMinute":540,"toMinute":1260},{"weekdays":[0],"fromMinute":540,"toMinute":1260}],"fee":{"kind":"exact","centsPerHour":210},"unmodelledRules":["Feiertage 2026 laut Quelle: gebührenpflichtig wie am Wochentag am 01.01., 06.04., 27.04., 14.05., 25.05., 25.12., 26.12."],"sourceDefect":null,"freeOnHolidays":false,"spaces":null,"maxStayMinutes":null,"maxStay":null,"maxStayShare":0,"maxStayValues":[],"chargingPoints":0,"carsharing":0},"geometry":{"type":"Polygon","coordinates":[[[5.47325,51.4714],[5.47325,51.4713],[5.47222,51.47131],[5.47223,51.47153],[5.47288,51.47152],[5.47288,51.47141],[5.47325,51.4714]]]}},{"type":"Feature","properties":{"zone":"C13","district":"Meerhoven","rawHours":"Mo–Fr 9–18 Uhr","rawFee":"C1: 2,10 per uur (2026) — 2,10 €/h","note":"Rest Eindhoven - Zanddreef — C1.3 uurtarief","windows":[{"weekdays":[2],"fromMinute":540,"toMinute":1080},{"weekdays":[4],"fromMinute":540,"toMinute":1080},{"weekdays":[1],"fromMinute":540,"toMinute":1080},{"weekdays":[5],"fromMinute":540,"toMinute":1080},{"weekdays":[3],"fromMinute":540,"toMinute":1080}],"fee":{"kind":"exact","centsPerHour":210},"unmodelledRules":["Feiertage 2026 laut Quelle: frei am 26.12.; gebührenpflichtig wie am Wochentag am 01.01., 06.04., 27.04., 14.05., 25.05., 25.12."],"sourceDefect":null,"freeOnHolidays":false,"spaces":null,"maxStayMinutes":null,"maxStay":null,"maxStayShare":0,"maxStayValues":[],"chargingPoints":0,"carsharing":0},"geometry":{"type":"Polygon","coordinates":[[[5.40558,51.44835],[5.40624,51.44789],[5.40614,51.44784],[5.40621,51.4478],[5.40629,51.44785],[5.40679,51.44748],[5.40669,51.44743],[5.40675,51.4474],[5.40684,51.44745],[5.40722,51.44716],[5.40719,51.44708],[5.40736,51.44696],[5.40752,51.44692],[5.40799,51.44658],[5.408,51.44652],[5.4081,51.4465],[5.40856,51.44617],[5.40856,51.44611],[5.40866,51.44609],[5.40915,51.44576],[5.40916,51.44563],[5.40902,51.44557],[5.40533,51.44822],[5.40558,51.44835]]]}},{"type":"Feature","properties":{"zone":"C13","district":"Begijnenbroek","rawHours":"Mo–Fr 9–18 Uhr","rawFee":"C1: 2,10 per uur (2026) — 2,10 €/h","note":"Rest Eindhoven - Zanddreef — C1.3 uurtarief","windows":[{"weekdays":[2],"fromMinute":540,"toMinute":1080},{"weekdays":[4],"fromMinute":540,"toMinute":1080},{"weekdays":[1],"fromMinute":540,"toMinute":1080},{"weekdays":[5],"fromMinute":540,"toMinute":1080},{"weekdays":[3],"fromMinute":540,"toMinute":1080}],"fee":{"kind":"exact","centsPerHour":210},"unmodelledRules":["Feiertage 2026 laut Quelle: frei am 26.12.; gebührenpflichtig wie am Wochentag am 01.01., 06.04., 27.04., 14.05., 25.05., 25.12."],"sourceDefect":null,"freeOnHolidays":false,"spaces":null,"maxStayMinutes":null,"maxStay":null,"maxStayShare":0,"maxStayValues":[],"chargingPoints":0,"carsharing":0},"geometry":{"type":"Polygon","coordinates":[[[5.47691,51.46456],[5.47674,51.46457],[5.47674,51.46464],[5.47669,51.46546],[5.47674,51.46559],[5.47673,51.46574],[5.4767,51.46575],[5.4766,51.4662],[5.47701,51.46619],[5.47773,51.46622],[5.47792,51.4662],[5.47805,51.46614],[5.47868,51.46615],[5.47892,51.46587],[5.47933,51.46589],[5.47936,51.46582],[5.47935,51.46577],[5.47922,51.4657],[5.47821,51.46563],[5.47849,51.46537],[5.47852,51.46508],[5.47787,51.46505],[5.47787,51.46482],[5.47724,51.46481],[5.47691,51.46456]]]}},{"type":"Feature","properties":{"zone":"C13","district":"Meerhoven","rawHours":"Mo–Fr 9–18 Uhr","rawFee":"C1: 2,10 per uur (2026) — 2,10 €/h","note":"Rest Eindhoven - Zanddreef — C1.3 uurtarief","windows":[{"weekdays":[2],"fromMinute":540,"toMinute":1080},{"weekdays":[4],"fromMinute":540,"toMinute":1080},{"weekdays":[1],"fromMinute":540,"toMinute":1080},{"weekdays":[5],"fromMinute":540,"toMinute":1080},{"weekdays":[3],"fromMinute":540,"toMinute":1080}],"fee":{"kind":"exact","centsPerHour":210},"unmodelledRules":["Feiertage 2026 laut Quelle: frei am 26.12.; gebührenpflichtig wie am Wochentag am 01.01., 06.04., 27.04., 14.05., 25.05., 25.12."],"sourceDefect":null,"freeOnHolidays":false,"spaces":null,"maxStayMinutes":null,"maxStay":null,"maxStayShare":0,"maxStayValues":[],"chargingPoints":0,"carsharing":0},"geometry":{"type":"Polygon","coordinates":[[[5.40533,51.44824],[5.40517,51.44835],[5.40684,51.44924],[5.40686,51.44906],[5.40753,51.44855],[5.40807,51.4482],[5.40821,51.44822],[5.40878,51.44779],[5.40784,51.44734],[5.40722,51.44716],[5.40684,51.44745],[5.40675,51.4474],[5.40669,51.44743],[5.40679,51.44748],[5.40629,51.44786],[5.40621,51.44781],[5.40615,51.44784],[5.40624,51.44789],[5.40559,51.44837],[5.40533,51.44824]]]}},{"type":"Feature","properties":{"zone":"C15","district":"Oud-Tongelre","rawHours":"Mo–Fr 8–10 Uhr","rawFee":"C4: 2,10 per uur, max 2 uur (2026) — 2,10 €/h","note":"C15 - Rest Eindhoven - Javalaan (vanaf 2026) — C4.5 - uurtarief","windows":[{"weekdays":[2],"fromMinute":480,"toMinute":600},{"weekdays":[4],"fromMinute":480,"toMinute":600},{"weekdays":[1],"fromMinute":480,"toMinute":600},{"weekdays":[5],"fromMinute":480,"toMinute":600},{"weekdays":[3],"fromMinute":480,"toMinute":600}],"fee":{"kind":"exact","centsPerHour":210},"unmodelledRules":["Feiertage 2026 laut Quelle: frei am 26.12.; gebührenpflichtig wie am Wochentag am 01.01., 06.04., 27.04., 14.05., 25.05., 25.12."],"sourceDefect":null,"freeOnHolidays":false,"spaces":null,"maxStayMinutes":120,"maxStay":null,"maxStayShare":0,"maxStayValues":[],"chargingPoints":0,"carsharing":0},"geometry":{"type":"Polygon","coordinates":[[[5.50332,51.45053],[5.50343,51.45028],[5.50245,51.45012],[5.49973,51.44972],[5.49958,51.45005],[5.50308,51.45068],[5.50319,51.45051],[5.50332,51.45053]]]}},{"type":"Feature","properties":{"zone":"C21","district":"Erp","rawHours":"Mo–So 9–21 Uhr","rawFee":"C2: 2,10 per uur, 5,30 dagtarief (2026) — 2,10 €/h","note":"Rest Eindhoven - buiten Ring met dagtarief — C2.1 - uurtarief","windows":[{"weekdays":[2],"fromMinute":540,"toMinute":1260},{"weekdays":[4],"fromMinute":540,"toMinute":1260},{"weekdays":[1],"fromMinute":540,"toMinute":1260},{"weekdays":[5],"fromMinute":540,"toMinute":1260},{"weekdays":[3],"fromMinute":540,"toMinute":1260},{"weekdays":[6],"fromMinute":540,"toMinute":1260},{"weekdays":[0],"fromMinute":540,"toMinute":1260}],"fee":{"kind":"exact","centsPerHour":210},"unmodelledRules":["Feiertage 2026 laut Quelle: gebührenpflichtig wie am Wochentag am 01.01., 06.04., 27.04., 14.05., 25.05., 25.12., 26.12."],"sourceDefect":null,"freeOnHolidays":false,"spaces":null,"maxStayMinutes":null,"maxStay":null,"maxStayShare":0,"maxStayValues":[],"chargingPoints":0,"carsharing":0},"geometry":{"type":"Polygon","coordinates":[[[5.45921,51.4581],[5.45907,51.4582],[5.45892,51.45827],[5.45868,51.45849],[5.45972,51.45889],[5.45986,51.45884],[5.46001,51.45892],[5.46033,51.45904],[5.46085,51.45883],[5.46062,51.45867],[5.46041,51.45867],[5.46027,51.45861],[5.46034,51.45855],[5.45966,51.45793],[5.45921,51.4581]]]}},{"type":"Feature","properties":{"zone":"C21","district":"Oud-Gestel","rawHours":"Mo–So 9–21 Uhr","rawFee":"C2: 2,10 per uur, 5,30 dagtarief (2026) — 2,10 €/h","note":"Rest Eindhoven - buiten Ring met dagtarief — C2.1 - uurtarief","windows":[{"weekdays":[2],"fromMinute":540,"toMinute":1260},{"weekdays":[4],"fromMinute":540,"toMinute":1260},{"weekdays":[1],"fromMinute":540,"toMinute":1260},{"weekdays":[5],"fromMinute":540,"toMinute":1260},{"weekdays":[3],"fromMinute":540,"toMinute":1260},{"weekdays":[6],"fromMinute":540,"toMinute":1260},{"weekdays":[0],"fromMinute":540,"toMinute":1260}],"fee":{"kind":"exact","centsPerHour":210},"unmodelledRules":["Feiertage 2026 laut Quelle: gebührenpflichtig wie am Wochentag am 01.01., 06.04., 27.04., 14.05., 25.05., 25.12., 26.12."],"sourceDefect":null,"freeOnHolidays":false,"spaces":null,"maxStayMinutes":null,"maxStay":null,"maxStayShare":0,"maxStayValues":[],"chargingPoints":0,"carsharing":0},"geometry":{"type":"Polygon","coordinates":[[[5.46256,51.42784],[5.46278,51.42775],[5.46269,51.42747],[5.4632,51.42718],[5.46339,51.42699],[5.46323,51.42677],[5.46262,51.42701],[5.46258,51.42607],[5.46214,51.42608],[5.46213,51.42663],[5.46102,51.42722],[5.46089,51.42735],[5.46102,51.42747],[5.46146,51.42741],[5.46185,51.42727],[5.46211,51.42739],[5.4622,51.42762],[5.46246,51.42772],[5.46256,51.42784]]]}},{"type":"Feature","properties":{"zone":"C23","district":"Meerhoven","rawHours":"Mo–Fr 9–18 Uhr","rawFee":"C2: 2,10 per uur, 5,30 dagtarief (2026) — 2,10 €/h","note":"Rest Eindhoven - Flight Forum — C2.3 - uurtarief","windows":[{"weekdays":[2],"fromMinute":540,"toMinute":1080},{"weekdays":[4],"fromMinute":540,"toMinute":1080},{"weekdays":[1],"fromMinute":540,"toMinute":1080},{"weekdays":[5],"fromMinute":540,"toMinute":1080},{"weekdays":[3],"fromMinute":540,"toMinute":1080}],"fee":{"kind":"exact","centsPerHour":210},"unmodelledRules":["Feiertage 2026 laut Quelle: frei am 26.12.; gebührenpflichtig wie am Wochentag am 01.01., 06.04., 27.04., 14.05., 25.05., 25.12."],"sourceDefect":null,"freeOnHolidays":false,"spaces":null,"maxStayMinutes":null,"maxStay":null,"maxStayShare":0,"maxStayValues":[],"chargingPoints":0,"carsharing":0},"geometry":{"type":"Polygon","coordinates":[[[5.40064,51.45719],[5.40109,51.45688],[5.3994,51.45534],[5.39912,51.45485],[5.39569,51.45093],[5.39489,51.45126],[5.39427,51.45111],[5.38795,51.45386],[5.38828,51.45432],[5.39077,51.45647],[5.39263,51.45681],[5.39289,51.45717],[5.39265,51.4585],[5.39344,51.45928],[5.3971,51.46045],[5.39733,51.46026],[5.39717,51.45962],[5.40052,51.45751],[5.40064,51.45719]]]}},{"type":"Feature","properties":{"zone":"C34","district":"Ontginning","rawHours":"Mo–Sa 9–18 Uhr","rawFee":"C3: 0,10 1e 30 min, 0,60 2e 30 min, 1,50 2e uur, 4,40 dagtarief (2026) — 1. Stunde 0,70 €, 2. Stunde 1,50 €, 3. Stunde 1,50 €","note":"Rest Eindhoven - WoenselXL — C3.4 - uurtarief","windows":[{"weekdays":[2],"fromMinute":540,"toMinute":1080},{"weekdays":[4],"fromMinute":540,"toMinute":1080},{"weekdays":[1],"fromMinute":540,"toMinute":1080},{"weekdays":[5],"fromMinute":540,"toMinute":1080},{"weekdays":[3],"fromMinute":540,"toMinute":1080},{"weekdays":[6],"fromMinute":540,"toMinute":1080}],"fee":{"kind":"range","minCentsPerHour":70,"maxCentsPerHour":150},"unmodelledRules":["Feiertage 2026 laut Quelle: gebührenpflichtig wie am Wochentag am 01.01., 06.04., 27.04., 14.05., 25.05., 25.12., 26.12."],"sourceDefect":null,"freeOnHolidays":false,"spaces":null,"maxStayMinutes":null,"maxStay":null,"maxStayShare":0,"maxStayValues":[],"chargingPoints":0,"carsharing":0},"geometry":{"type":"Polygon","coordinates":[[[5.47834,51.46831],[5.47824,51.46831],[5.47805,51.46825],[5.47741,51.46818],[5.47704,51.46828],[5.47662,51.46832],[5.47668,51.46915],[5.47693,51.46914],[5.47693,51.46922],[5.47737,51.4692],[5.4774,51.46967],[5.47709,51.46968],[5.47694,51.46966],[5.47695,51.46975],[5.47624,51.46977],[5.47628,51.47041],[5.47847,51.47036],[5.47854,51.47004],[5.47854,51.46966],[5.47861,51.46954],[5.47856,51.4693],[5.47862,51.46925],[5.47848,51.46834],[5.47834,51.46831]]]}},{"type":"Feature","properties":{"zone":"C34","district":"Ontginning","rawHours":"Mo–Sa 9–18 Uhr","rawFee":"C3: 0,10 1e 30 min, 0,60 2e 30 min, 1,50 2e uur, 4,40 dagtarief (2026) — 1. Stunde 0,70 €, 2. Stunde 1,50 €, 3. Stunde 1,50 €","note":"Rest Eindhoven - WoenselXL — C3.4 - uurtarief","windows":[{"weekdays":[2],"fromMinute":540,"toMinute":1080},{"weekdays":[4],"fromMinute":540,"toMinute":1080},{"weekdays":[1],"fromMinute":540,"toMinute":1080},{"weekdays":[5],"fromMinute":540,"toMinute":1080},{"weekdays":[3],"fromMinute":540,"toMinute":1080},{"weekdays":[6],"fromMinute":540,"toMinute":1080}],"fee":{"kind":"range","minCentsPerHour":70,"maxCentsPerHour":150},"unmodelledRules":["Feiertage 2026 laut Quelle: gebührenpflichtig wie am Wochentag am 01.01., 06.04., 27.04., 14.05., 25.05., 25.12., 26.12."],"sourceDefect":null,"freeOnHolidays":false,"spaces":null,"maxStayMinutes":null,"maxStay":null,"maxStayShare":0,"maxStayValues":[],"chargingPoints":0,"carsharing":0},"geometry":{"type":"Polygon","coordinates":[[[5.47547,51.47065],[5.47548,51.47052],[5.4755,51.47045],[5.47546,51.46983],[5.47456,51.46985],[5.4745,51.46916],[5.47509,51.46915],[5.4751,51.46921],[5.4752,51.46921],[5.47514,51.46826],[5.47298,51.46832],[5.47296,51.46843],[5.47284,51.46843],[5.47278,51.46847],[5.47261,51.46911],[5.47268,51.46928],[5.47274,51.46934],[5.47276,51.4694],[5.47273,51.46946],[5.47266,51.46949],[5.47257,51.46949],[5.47248,51.46944],[5.47244,51.46964],[5.47368,51.46962],[5.47389,51.46966],[5.47395,51.46969],[5.47399,51.46975],[5.47398,51.46984],[5.47391,51.46989],[5.4739,51.46984],[5.47296,51.46986],[5.47295,51.46994],[5.47293,51.46998],[5.47298,51.47061],[5.47305,51.47061],[5.47306,51.47078],[5.47322,51.47079],[5.47345,51.47078],[5.47402,51.47078],[5.47412,51.47077],[5.4745,51.47076],[5.47492,51.47072],[5.47547,51.47065]]]}},{"type":"Feature","properties":{"zone":"M1","district":"Oud-Strijp","rawHours":"Mo–So 9–21 Uhr","rawFee":"M1: 30 minuten gratis, daarna 3,40 per uur (2025) — 1. Stunde 2,25 €, 2. Stunde 4,50 €, 3. Stunde 4,50 €","note":"Strijp S - straattarief — Strijp S - bezoekerstarief","windows":[{"weekdays":[2],"fromMinute":540,"toMinute":1260},{"weekdays":[4],"fromMinute":540,"toMinute":1260},{"weekdays":[1],"fromMinute":540,"toMinute":1260},{"weekdays":[5],"fromMinute":540,"toMinute":1260},{"weekdays":[3],"fromMinute":540,"toMinute":1260},{"weekdays":[6],"fromMinute":540,"toMinute":1260},{"weekdays":[0],"fromMinute":540,"toMinute":1260}],"fee":{"kind":"range","minCentsPerHour":225,"maxCentsPerHour":450},"unmodelledRules":["Feiertage 2026 laut Quelle: gebührenpflichtig wie am Wochentag am 01.01., 06.04., 27.04., 14.05., 25.05., 25.12., 26.12."],"sourceDefect":null,"freeOnHolidays":false,"spaces":null,"maxStayMinutes":null,"maxStay":null,"maxStayShare":0,"maxStayValues":[],"chargingPoints":0,"carsharing":0},"geometry":{"type":"Polygon","coordinates":[[[5.46072,51.44373],[5.45482,51.44571],[5.45406,51.44596],[5.4538,51.44603],[5.45334,51.44665],[5.45206,51.44795],[5.45577,51.44915],[5.45653,51.44944],[5.45794,51.44946],[5.45885,51.44881],[5.46333,51.44541],[5.46281,51.44521],[5.46218,51.44479],[5.46179,51.4443],[5.46117,51.44385],[5.46072,51.44373]]]}}]}