{"type":"FeatureCollection","features":[{"type":"Feature","properties":{"name":"Hellersdorf"},"geometry":{"type":"MultiPolygon","coordinates":[[[[13.5865,52.5498],[13.5864,52.5498],[13.5864,52.55],[13.5862,52.5494],[13.5848,52.5479],[13.5843,52.547],[13.583,52.5454],[13.5824,52.5444],[13.5809,52.543],[13.5807,52.5422],[13.5811,52.5399],[13.582,52.5391],[13.5833,52.5385],[13.5848,52.5372],[13.5864,52.5351],[13.5866,52.5345],[13.5874,52.5345],[13.5866,52.5345],[13.5866,52.5341],[13.5875,52.534],[13.5866,52.5341],[13.5859,52.5328],[13.5859,52.5324],[13.5864,52.5315],[13.586,52.5309],[13.5866,52.5308],[13.586,52.5309],[13.5852,52.5305],[13.5857,52.5303],[13.5852,52.5305],[13.584,52.53],[13.5846,52.5297],[13.584,52.53],[13.5838,52.53],[13.5833,52.5296],[13.584,52.5293],[13.5833,52.5296],[13.5807,52.5276],[13.5816,52.5272],[13.5807,52.5276],[13.5778,52.5256],[13.577,52.5235],[13.5771,52.5224],[13.5765,52.5191],[13.5759,52.5183],[13.5756,52.5173],[13.5756,52.5168],[13.5747,52.5147],[13.574,52.5134],[13.5734,52.5128],[13.5734,52.5124],[13.5737,52.512],[13.5765,52.5123],[13.5783,52.5122],[13.5788,52.5125],[13.5793,52.5126],[13.5806,52.5132],[13.5805,52.5132],[13.5902,52.5178],[13.5905,52.5173],[13.5944,52.518],[13.5947,52.5183],[13.5983,52.529],[13.6008,52.5287],[13.6008,52.5288],[13.6124,52.5271],[13.6151,52.5284],[13.6156,52.5279],[13.6176,52.5275],[13.6191,52.5267],[13.6208,52.5275],[13.6214,52.527],[13.6253,52.5293],[13.6257,52.5291],[13.6261,52.5295],[13.6258,52.5296],[13.6248,52.5336],[13.6257,52.534],[13.6248,52.5381],[13.6257,52.5378],[13.6275,52.5375],[13.6282,52.5376],[13.6289,52.538],[13.6306,52.5376],[13.6316,52.538],[13.6339,52.5377],[13.6342,52.538],[13.6346,52.5379],[13.6347,52.5383],[13.6349,52.5382],[13.6376,52.5409],[13.6374,52.5423],[13.6355,52.5423],[13.6344,52.5428],[13.6187,52.5442],[13.5874,52.5495],[13.5865,52.5498]]]]}},{"type":"Feature","properties":{"name":"Mahlsdorf"},"geometry":{"type":"MultiPolygon","coordinates":[[[[13.6346,52.5305],[13.6316,52.5306],[13.6267,52.5301],[13.626,52.5304],[13.6257,52.5302],[13.6258,52.5296],[13.6261,52.5295],[13.6257,52.5291],[13.6253,52.5293],[13.6214,52.527],[13.622,52.5268],[13.6133,52.5205],[13.6124,52.5195],[13.6108,52.5174],[13.6051,52.5125],[13.6042,52.5125],[13.6039,52.5124],[13.6018,52.5094],[13.5997,52.507],[13.5989,52.5057],[13.5974,52.5024],[13.5968,52.5016],[13.5957,52.4992],[13.5957,52.4987],[13.5964,52.4978],[13.597,52.4975],[13.5987,52.4971],[13.5993,52.4968],[13.5994,52.4965],[13.5984,52.4944],[13.5974,52.4946],[13.5971,52.4939],[13.5962,52.4898],[13.5901,52.4902],[13.5879,52.4873],[13.587,52.4849],[13.584,52.4835],[13.5849,52.4826],[13.5869,52.4816],[13.5863,52.4811],[13.5952,52.4768],[13.5996,52.4744],[13.6031,52.4728],[13.6084,52.4729],[13.6082,52.4711],[13.6113,52.4705],[13.6165,52.4748],[13.6155,52.4753],[13.6136,52.4756],[13.6149,52.4808],[13.6297,52.493],[13.6258,52.4936],[13.624,52.4942],[13.6258,52.4971],[13.6268,52.4991],[13.6281,52.5034],[13.6292,52.5061],[13.6331,52.5117],[13.6342,52.5128],[13.6358,52.5142],[13.6425,52.5186],[13.647,52.5206],[13.6554,52.5241],[13.6585,52.5259],[13.658,52.5265],[13.6569,52.5298],[13.6463,52.5297],[13.6437,52.5299],[13.6406,52.5304],[13.6346,52.5305]]]]}},{"type":"Feature","properties":{"name":"Kaulsdorf"},"geometry":{"type":"MultiPolygon","coordinates":[[[[13.6007,52.5287],[13.5983,52.529],[13.5947,52.5183],[13.5944,52.518],[13.5905,52.5173],[13.5902,52.5178],[13.5805,52.5132],[13.5806,52.5132],[13.5793,52.5126],[13.5788,52.5125],[13.5783,52.5122],[13.5765,52.5123],[13.5735,52.5121],[13.5739,52.5102],[13.5755,52.5089],[13.5768,52.5082],[13.5778,52.5072],[13.5787,52.5066],[13.5793,52.5058],[13.5795,52.5047],[13.5787,52.5038],[13.5785,52.5025],[13.5774,52.501],[13.5766,52.5006],[13.574,52.5004],[13.5729,52.5005],[13.5723,52.5003],[13.5713,52.4994],[13.57,52.4989],[13.5694,52.4984],[13.5682,52.4965],[13.5682,52.4962],[13.5683,52.496],[13.5684,52.496],[13.5689,52.4943],[13.5692,52.4938],[13.5692,52.493],[13.5695,52.4929],[13.5694,52.4928],[13.5702,52.4927],[13.5695,52.4927],[13.569,52.4917],[13.5685,52.4915],[13.5676,52.4901],[13.5669,52.4894],[13.5661,52.4873],[13.5649,52.4854],[13.5653,52.4853],[13.5652,52.4851],[13.5647,52.4853],[13.5637,52.4845],[13.5638,52.4843],[13.5643,52.4841],[13.564,52.4838],[13.5639,52.4834],[13.5641,52.4828],[13.5636,52.482],[13.5636,52.4804],[13.5635,52.4797],[13.5636,52.4793],[13.5642,52.4787],[13.5669,52.4771],[13.5675,52.4767],[13.5678,52.4761],[13.568,52.4749],[13.5682,52.4747],[13.5734,52.4768],[13.5737,52.4765],[13.5739,52.4765],[13.5738,52.477],[13.5744,52.4775],[13.5751,52.4795],[13.5797,52.481],[13.5819,52.48],[13.5864,52.4811],[13.5869,52.4816],[13.5849,52.4826],[13.584,52.4835],[13.587,52.4849],[13.5879,52.4873],[13.5901,52.4902],[13.5962,52.4898],[13.5971,52.4939],[13.5974,52.4946],[13.5984,52.4944],[13.5994,52.4965],[13.5993,52.4968],[13.5987,52.4971],[13.597,52.4975],[13.5964,52.4978],[13.5957,52.4987],[13.5957,52.4992],[13.5968,52.5016],[13.5974,52.5024],[13.5989,52.5057],[13.5997,52.507],[13.6018,52.5094],[13.6039,52.5124],[13.6042,52.5125],[13.6051,52.5125],[13.6108,52.5174],[13.6124,52.5195],[13.6133,52.5205],[13.622,52.5268],[13.6208,52.5275],[13.6191,52.5267],[13.6176,52.5275],[13.6156,52.5279],[13.6151,52.5284],[13.6124,52.5271],[13.6008,52.5288],[13.6007,52.5287]]]]}},{"type":"Feature","properties":{"name":"Hansaviertel"},"geometry":{"type":"MultiPolygon","coordinates":[[[[13.3454,52.5225],[13.3429,52.5227],[13.3406,52.5221],[13.3399,52.5216],[13.3394,52.5205],[13.3387,52.5196],[13.3356,52.5173],[13.3342,52.5168],[13.3348,52.5155],[13.3354,52.5149],[13.3361,52.5144],[13.3359,52.514],[13.3361,52.514],[13.336,52.5138],[13.3381,52.5139],[13.338,52.5147],[13.3394,52.5146],[13.3393,52.5152],[13.3383,52.5151],[13.3388,52.5155],[13.3393,52.5153],[13.3422,52.5155],[13.3422,52.515],[13.3432,52.5151],[13.3431,52.5156],[13.3441,52.5158],[13.344,52.516],[13.3452,52.516],[13.3456,52.5162],[13.3454,52.5163],[13.3442,52.5162],[13.3442,52.5164],[13.3437,52.5164],[13.3443,52.5167],[13.3441,52.5173],[13.3446,52.5173],[13.3444,52.5181],[13.3453,52.5182],[13.3454,52.5184],[13.3459,52.5182],[13.3459,52.5181],[13.3456,52.5181],[13.3457,52.5177],[13.3472,52.5178],[13.3475,52.5182],[13.3473,52.5185],[13.3473,52.5191],[13.3475,52.5191],[13.3483,52.5197],[13.3504,52.5195],[13.3483,52.5213],[13.3463,52.5223],[13.3454,52.5225]]]]}},{"type":"Feature","properties":{"name":"Gesundbrunnen"},"geometry":{"type":"MultiPolygon","coordinates":[[[[13.3879,52.5673],[13.3843,52.5677],[13.3812,52.5664],[13.3786,52.5662],[13.3771,52.5607],[13.3708,52.5605],[13.3699,52.5599],[13.3667,52.5582],[13.3669,52.5568],[13.3659,52.5567],[13.3664,52.5538],[13.3674,52.5519],[13.3696,52.5483],[13.3694,52.5481],[13.3697,52.5456],[13.3709,52.5454],[13.3699,52.5436],[13.3704,52.5407],[13.3711,52.5402],[13.3704,52.5402],[13.374,52.5378],[13.3749,52.5373],[13.3797,52.5401],[13.3821,52.5377],[13.3877,52.5331],[13.3901,52.5354],[13.3935,52.5374],[13.4035,52.5402],[13.4034,52.5405],[13.402,52.5401],[13.4009,52.542],[13.4002,52.5434],[13.3998,52.5451],[13.3992,52.5465],[13.4003,52.5466],[13.3992,52.5491],[13.3989,52.5509],[13.3968,52.5507],[13.3976,52.5514],[13.398,52.5522],[13.3981,52.5528],[13.3972,52.5563],[13.3971,52.5583],[13.3962,52.5613],[13.3949,52.563],[13.3932,52.5646],[13.3913,52.5656],[13.3907,52.5658],[13.3906,52.566],[13.3889,52.567],[13.3888,52.5672],[13.3891,52.5674],[13.3887,52.5677],[13.3884,52.5677],[13.3879,52.5673]]]]}},{"type":"Feature","properties":{"name":"Wedding"},"geometry":{"type":"MultiPolygon","coordinates":[[[[13.3569,52.562],[13.3491,52.5619],[13.3371,52.5645],[13.3318,52.5617],[13.3309,52.5622],[13.3268,52.5624],[13.3262,52.5614],[13.3249,52.5608],[13.3178,52.5597],[13.3097,52.5577],[13.3036,52.5513],[13.3015,52.5488],[13.3179,52.5482],[13.3262,52.5419],[13.3281,52.5412],[13.3337,52.5412],[13.3394,52.5398],[13.3471,52.5387],[13.3488,52.5388],[13.3526,52.5396],[13.3544,52.5397],[13.361,52.5379],[13.3612,52.5378],[13.3609,52.5377],[13.3614,52.5376],[13.3627,52.5378],[13.365,52.537],[13.3652,52.5371],[13.3654,52.537],[13.3653,52.5369],[13.3657,52.5365],[13.366,52.5365],[13.366,52.5363],[13.3663,52.536],[13.3657,52.5358],[13.3659,52.5357],[13.3679,52.5366],[13.3686,52.536],[13.373,52.538],[13.3745,52.537],[13.3749,52.5373],[13.374,52.5378],[13.3704,52.5402],[13.3711,52.5402],[13.3704,52.5407],[13.3699,52.5436],[13.3709,52.5454],[13.3697,52.5456],[13.3694,52.5481],[13.3696,52.5483],[13.3674,52.5519],[13.3664,52.5538],[13.3659,52.5567],[13.3669,52.5568],[13.3667,52.5582],[13.3651,52.5581],[13.3645,52.5612],[13.3601,52.5605],[13.3597,52.5619],[13.3569,52.562]]]]}},{"type":"Feature","properties":{"name":"Mitte"},"geometry":{"type":"MultiPolygon","coordinates":[[[[13.3797,52.5401],[13.3745,52.537],[13.373,52.538],[13.3686,52.536],[13.3679,52.5366],[13.3659,52.5357],[13.3683,52.5333],[13.3689,52.5328],[13.3709,52.5304],[13.3738,52.5277],[13.3738,52.527],[13.3734,52.5265],[13.371,52.5265],[13.371,52.5252],[13.3717,52.5248],[13.3717,52.5228],[13.3736,52.5226],[13.3753,52.5219],[13.3759,52.5212],[13.3762,52.5201],[13.3769,52.5196],[13.3768,52.518],[13.3772,52.5168],[13.3766,52.5163],[13.3768,52.516],[13.3774,52.5156],[13.3767,52.5128],[13.3768,52.5122],[13.3764,52.5102],[13.3764,52.509],[13.3789,52.5069],[13.3992,52.5081],[13.4002,52.5094],[13.4028,52.5085],[13.4044,52.5078],[13.4053,52.5082],[13.408,52.5062],[13.41,52.5069],[13.4115,52.5049],[13.4141,52.504],[13.4146,52.5048],[13.4149,52.5049],[13.4176,52.5042],[13.4182,52.505],[13.4189,52.5051],[13.4194,52.5056],[13.4215,52.5051],[13.4231,52.505],[13.425,52.5052],[13.4267,52.5058],[13.4272,52.5057],[13.4288,52.508],[13.429,52.508],[13.4294,52.5086],[13.4291,52.5089],[13.4284,52.5091],[13.4245,52.5114],[13.4228,52.5122],[13.4238,52.5134],[13.4251,52.5151],[13.4268,52.518],[13.4262,52.5181],[13.4263,52.5183],[13.4259,52.5184],[13.4269,52.5197],[13.4284,52.5196],[13.4292,52.5212],[13.4255,52.5228],[13.4265,52.5229],[13.4265,52.5233],[13.4254,52.5234],[13.4238,52.524],[13.4154,52.5275],[13.4113,52.5286],[13.4056,52.5297],[13.4061,52.5306],[13.406,52.5308],[13.4064,52.5323],[13.4083,52.5343],[13.4075,52.5347],[13.4047,52.5402],[13.4042,52.5404],[13.3935,52.5374],[13.3901,52.5354],[13.3877,52.5331],[13.3821,52.5377],[13.3797,52.5401]]]]}},{"type":"Feature","properties":{"name":"Moabit"},"geometry":{"type":"MultiPolygon","coordinates":[[[[13.3289,52.5411],[13.3281,52.5412],[13.3273,52.5414],[13.3271,52.5397],[13.3291,52.5382],[13.3289,52.5382],[13.3268,52.5377],[13.3114,52.5356],[13.3125,52.5326],[13.313,52.5319],[13.3175,52.5324],[13.3171,52.5321],[13.3173,52.5315],[13.3166,52.5312],[13.3167,52.5309],[13.3134,52.5303],[13.3166,52.521],[13.3178,52.5204],[13.3188,52.5211],[13.3187,52.5221],[13.3189,52.5231],[13.3193,52.5236],[13.32,52.5241],[13.3217,52.5246],[13.3241,52.5247],[13.3265,52.5239],[13.3289,52.5223],[13.3294,52.5217],[13.3295,52.521],[13.3291,52.5192],[13.3293,52.5184],[13.3298,52.5178],[13.3306,52.5173],[13.3323,52.5167],[13.3342,52.5168],[13.3354,52.5172],[13.3388,52.5197],[13.3394,52.5205],[13.3399,52.5215],[13.3403,52.522],[13.3413,52.5224],[13.3432,52.5227],[13.3454,52.5225],[13.3465,52.5222],[13.3483,52.5213],[13.3509,52.5193],[13.3545,52.5174],[13.3562,52.5171],[13.3576,52.5171],[13.3598,52.5176],[13.3624,52.519],[13.3651,52.5196],[13.3672,52.5203],[13.3681,52.5209],[13.3698,52.5223],[13.3707,52.5226],[13.3717,52.5228],[13.3717,52.5248],[13.371,52.5252],[13.371,52.5265],[13.3734,52.5265],[13.3738,52.527],[13.3738,52.5277],[13.3737,52.5279],[13.3722,52.5291],[13.3709,52.5304],[13.3691,52.5327],[13.3657,52.5358],[13.3663,52.536],[13.366,52.5363],[13.366,52.5365],[13.3657,52.5365],[13.3653,52.5369],[13.3654,52.537],[13.3652,52.5371],[13.365,52.537],[13.3627,52.5378],[13.3614,52.5376],[13.3609,52.5377],[13.3612,52.5378],[13.361,52.5379],[13.3542,52.5397],[13.3526,52.5396],[13.3489,52.5388],[13.3471,52.5387],[13.3394,52.5398],[13.3337,52.5412],[13.3289,52.5411]]]]}},{"type":"Feature","properties":{"name":"Tiergarten"},"geometry":{"type":"MultiPolygon","coordinates":[[[[13.3752,52.5219],[13.3741,52.5225],[13.3731,52.5227],[13.3717,52.5228],[13.3706,52.5226],[13.3696,52.5222],[13.3681,52.5209],[13.3672,52.5204],[13.3651,52.5196],[13.3624,52.519],[13.3598,52.5176],[13.3572,52.5171],[13.3549,52.5173],[13.3504,52.5196],[13.3483,52.5197],[13.3475,52.5191],[13.3473,52.5191],[13.3473,52.5185],[13.3475,52.5182],[13.3472,52.5178],[13.3457,52.5177],[13.3456,52.5181],[13.3459,52.5181],[13.3459,52.5182],[13.3454,52.5184],[13.3453,52.5182],[13.3444,52.5181],[13.3446,52.5173],[13.3441,52.5173],[13.3443,52.5167],[13.3437,52.5164],[13.3442,52.5164],[13.3442,52.5162],[13.3454,52.5163],[13.3456,52.5162],[13.3452,52.516],[13.344,52.516],[13.3441,52.5158],[13.3431,52.5156],[13.3432,52.5151],[13.3422,52.515],[13.3422,52.5155],[13.3393,52.5153],[13.3388,52.5155],[13.3383,52.5151],[13.3393,52.5152],[13.3394,52.5146],[13.338,52.5147],[13.3381,52.5139],[13.336,52.5138],[13.3359,52.5133],[13.3319,52.513],[13.3316,52.5128],[13.3306,52.5128],[13.3308,52.5125],[13.3312,52.5123],[13.334,52.5117],[13.3328,52.511],[13.33,52.5101],[13.3339,52.5088],[13.334,52.509],[13.3347,52.5088],[13.3349,52.5085],[13.3348,52.5082],[13.3337,52.5067],[13.3355,52.5059],[13.3368,52.5057],[13.3386,52.5059],[13.3391,52.5051],[13.3404,52.5051],[13.3469,52.5036],[13.3575,52.5011],[13.3625,52.4997],[13.3693,52.4987],[13.3708,52.4999],[13.3714,52.5016],[13.3736,52.5042],[13.3744,52.5034],[13.3747,52.5032],[13.375,52.5034],[13.3776,52.508],[13.3764,52.509],[13.3764,52.5102],[13.3768,52.5122],[13.3767,52.5128],[13.3774,52.5156],[13.3768,52.516],[13.3766,52.5163],[13.3772,52.5168],[13.3768,52.518],[13.3769,52.5196],[13.3762,52.5201],[13.3759,52.5212],[13.3752,52.5219]]]]}},{"type":"Feature","properties":{"name":"Kreuzberg"},"geometry":{"type":"MultiPolygon","coordinates":[[[[13.4036,52.5082],[13.4002,52.5094],[13.3992,52.5081],[13.3789,52.5069],[13.3776,52.508],[13.375,52.5034],[13.3747,52.5032],[13.3744,52.5034],[13.3736,52.5042],[13.3714,52.5016],[13.3708,52.4999],[13.3695,52.4989],[13.3697,52.4988],[13.3696,52.4981],[13.3687,52.4974],[13.3684,52.4945],[13.3686,52.494],[13.3682,52.4933],[13.3711,52.4929],[13.3711,52.4928],[13.3764,52.4917],[13.3764,52.4914],[13.3755,52.4905],[13.3754,52.4894],[13.3747,52.4894],[13.3735,52.488],[13.3735,52.4877],[13.3742,52.4877],[13.374,52.4852],[13.3716,52.4852],[13.3716,52.485],[13.3863,52.4849],[13.3863,52.4858],[13.3943,52.4858],[13.3942,52.4841],[13.4002,52.4839],[13.4064,52.4828],[13.4069,52.4855],[13.4085,52.4871],[13.4077,52.4888],[13.4079,52.4889],[13.4208,52.4872],[13.4237,52.4864],[13.4249,52.4878],[13.4254,52.4881],[13.4208,52.4955],[13.4204,52.4959],[13.4226,52.4954],[13.4383,52.4904],[13.4393,52.4896],[13.4396,52.4897],[13.4398,52.4904],[13.44,52.4907],[13.445,52.4944],[13.4458,52.4947],[13.4477,52.4947],[13.4509,52.4971],[13.4522,52.4975],[13.4534,52.4975],[13.4527,52.498],[13.4527,52.4982],[13.4516,52.4988],[13.4511,52.4989],[13.4506,52.4987],[13.4502,52.4989],[13.4503,52.4991],[13.4496,52.4995],[13.4465,52.5005],[13.4415,52.5029],[13.4371,52.5046],[13.4355,52.5056],[13.4294,52.5086],[13.429,52.508],[13.4288,52.508],[13.4272,52.5057],[13.4267,52.5058],[13.425,52.5052],[13.4231,52.505],[13.4215,52.5051],[13.4194,52.5056],[13.4189,52.5051],[13.4182,52.505],[13.4176,52.5042],[13.4149,52.5049],[13.4146,52.5048],[13.4141,52.504],[13.4115,52.5049],[13.41,52.5069],[13.408,52.5062],[13.4053,52.5082],[13.4044,52.5078],[13.4036,52.5082]]]]}},{"type":"Feature","properties":{"name":"Friedrichshain"},"geometry":{"type":"MultiPolygon","coordinates":[[[[13.4432,52.5302],[13.4423,52.531],[13.4387,52.5288],[13.4383,52.5288],[13.4375,52.5295],[13.425,52.5281],[13.4249,52.5279],[13.4236,52.5279],[13.4198,52.5255],[13.4241,52.5238],[13.4265,52.5233],[13.4265,52.5229],[13.4255,52.5228],[13.4292,52.5212],[13.4284,52.5196],[13.4269,52.5197],[13.4259,52.5184],[13.4263,52.5183],[13.4262,52.5181],[13.4268,52.518],[13.4251,52.5151],[13.4238,52.5134],[13.4228,52.5122],[13.4245,52.5114],[13.4284,52.5091],[13.4291,52.5089],[13.4294,52.5086],[13.4355,52.5056],[13.4371,52.5046],[13.4415,52.5029],[13.4465,52.5005],[13.4496,52.4995],[13.4503,52.4991],[13.4502,52.4989],[13.4506,52.4987],[13.4511,52.4989],[13.4516,52.4988],[13.4527,52.4982],[13.4527,52.498],[13.4534,52.4975],[13.4551,52.4974],[13.4594,52.4966],[13.4619,52.4956],[13.4631,52.4954],[13.4632,52.4954],[13.464,52.495],[13.4632,52.4943],[13.4632,52.4942],[13.4642,52.4937],[13.4671,52.4927],[13.471,52.4915],[13.4738,52.491],[13.4754,52.4903],[13.4777,52.4888],[13.478,52.4879],[13.4786,52.487],[13.4792,52.4879],[13.4794,52.4879],[13.4817,52.4876],[13.4821,52.4874],[13.483,52.486],[13.4867,52.4876],[13.4885,52.4878],[13.4907,52.4874],[13.4915,52.4883],[13.4888,52.4892],[13.4885,52.4899],[13.4861,52.4908],[13.4858,52.4912],[13.4849,52.4916],[13.4841,52.4917],[13.4731,52.499],[13.4686,52.4997],[13.4698,52.5023],[13.4702,52.5037],[13.4713,52.505],[13.4712,52.5051],[13.4717,52.5057],[13.4727,52.5064],[13.4728,52.5067],[13.4734,52.5069],[13.4731,52.5071],[13.4754,52.5096],[13.4758,52.5103],[13.4763,52.5104],[13.4759,52.5121],[13.4754,52.5134],[13.4759,52.5149],[13.4775,52.5144],[13.4777,52.5147],[13.4765,52.5152],[13.4742,52.5191],[13.4738,52.5191],[13.4731,52.5199],[13.4732,52.5199],[13.4723,52.5207],[13.4627,52.5199],[13.4553,52.5213],[13.4562,52.5225],[13.4558,52.5226],[13.4522,52.5278],[13.4472,52.5264],[13.4432,52.5302]]]]}},{"type":"Feature","properties":{"name":"Französisch Buchholz"},"geometry":{"type":"MultiPolygon","coordinates":[[[[13.4639,52.6271],[13.4645,52.6279],[13.4635,52.6286],[13.4631,52.6291],[13.4616,52.6296],[13.4615,52.6305],[13.4617,52.6314],[13.4616,52.6318],[13.4608,52.6328],[13.4604,52.6337],[13.4457,52.6404],[13.4332,52.6267],[13.4329,52.6269],[13.4296,52.6231],[13.4294,52.6227],[13.43,52.6208],[13.424,52.6238],[13.417,52.618],[13.4127,52.6152],[13.412,52.6149],[13.4123,52.6142],[13.4127,52.612],[13.4153,52.6108],[13.4137,52.6092],[13.4141,52.6082],[13.4142,52.6073],[13.4146,52.6062],[13.4158,52.603],[13.416,52.602],[13.4169,52.5996],[13.4185,52.5967],[13.4194,52.5945],[13.4198,52.5928],[13.424,52.588],[13.4247,52.5883],[13.424,52.5879],[13.4253,52.5863],[13.4262,52.5865],[13.4261,52.5867],[13.4263,52.5868],[13.4266,52.5866],[13.4277,52.5869],[13.4272,52.5866],[13.4278,52.5858],[13.4276,52.5853],[13.4278,52.5852],[13.4277,52.5847],[13.4281,52.5842],[13.4279,52.5837],[13.428,52.5834],[13.4283,52.5834],[13.4283,52.5831],[13.4277,52.583],[13.4278,52.5828],[13.4283,52.5829],[13.4283,52.5827],[13.4288,52.5828],[13.4288,52.5826],[13.43,52.5821],[13.4315,52.5825],[13.4309,52.583],[13.4315,52.5829],[13.4315,52.5831],[13.4339,52.5853],[13.4382,52.589],[13.4406,52.5913],[13.4406,52.5915],[13.4417,52.5924],[13.4441,52.5947],[13.4449,52.5958],[13.4458,52.5976],[13.4489,52.6042],[13.4497,52.6065],[13.4497,52.6081],[13.4504,52.6086],[13.4515,52.6109],[13.4521,52.6117],[13.4583,52.6155],[13.465,52.6187],[13.4689,52.6217],[13.4687,52.6221],[13.4689,52.6228],[13.4663,52.6233],[13.4652,52.6241],[13.4636,52.624],[13.4626,52.6242],[13.4625,52.6257],[13.4639,52.6271]]]]}},{"type":"Feature","properties":{"name":"Wilhelmsruh"},"geometry":{"type":"MultiPolygon","coordinates":[[[[13.3725,52.5925],[13.373,52.5933],[13.366,52.5924],[13.3609,52.5913],[13.3557,52.5909],[13.3518,52.5908],[13.3476,52.5901],[13.3491,52.5892],[13.3499,52.5892],[13.3498,52.5889],[13.3522,52.5876],[13.3521,52.5875],[13.3578,52.5844],[13.3588,52.5842],[13.3592,52.5838],[13.3635,52.5814],[13.3639,52.5813],[13.364,52.5815],[13.3663,52.58],[13.367,52.5809],[13.3662,52.581],[13.3678,52.5831],[13.3708,52.5836],[13.3749,52.5849],[13.3744,52.5868],[13.3727,52.5896],[13.3711,52.5908],[13.3725,52.5925]]]]}},{"type":"Feature","properties":{"name":"Rosenthal"},"geometry":{"type":"MultiPolygon","coordinates":[[[[13.3781,52.6065],[13.3761,52.6067],[13.3758,52.607],[13.3706,52.5995],[13.3606,52.5913],[13.3629,52.5916],[13.366,52.5924],[13.373,52.5933],[13.3724,52.5923],[13.3711,52.5908],[13.3727,52.5896],[13.3744,52.5868],[13.3749,52.5849],[13.3822,52.587],[13.3852,52.5881],[13.388,52.5889],[13.3879,52.589],[13.388,52.5889],[13.3896,52.5892],[13.3917,52.5894],[13.4021,52.5912],[13.4015,52.59],[13.4018,52.59],[13.402,52.59],[13.4019,52.5902],[13.4023,52.5912],[13.4073,52.5923],[13.4194,52.5946],[13.4185,52.5967],[13.4168,52.6001],[13.4152,52.6007],[13.4082,52.6018],[13.3917,52.6034],[13.3884,52.6038],[13.3853,52.6043],[13.3781,52.6065]]]]}},{"type":"Feature","properties":{"name":"Niederschönhausen"},"geometry":{"type":"MultiPolygon","coordinates":[[[[13.4196,52.5935],[13.4194,52.5946],[13.4073,52.5923],[13.4023,52.5912],[13.4019,52.5902],[13.402,52.59],[13.4018,52.59],[13.4015,52.59],[13.4021,52.5912],[13.3917,52.5894],[13.3896,52.5892],[13.388,52.5889],[13.3879,52.589],[13.388,52.5889],[13.3852,52.5881],[13.3822,52.587],[13.3708,52.5836],[13.3678,52.5831],[13.3662,52.581],[13.367,52.5809],[13.3663,52.58],[13.3712,52.5773],[13.3751,52.5756],[13.3782,52.5736],[13.3785,52.5737],[13.3786,52.5734],[13.3789,52.5735],[13.379,52.5731],[13.3793,52.5731],[13.3797,52.5725],[13.3822,52.572],[13.3831,52.5723],[13.3883,52.5695],[13.3878,52.5691],[13.3893,52.5682],[13.392,52.5702],[13.3977,52.5707],[13.4067,52.575],[13.407,52.5751],[13.4076,52.5739],[13.4078,52.574],[13.4082,52.5744],[13.4093,52.5752],[13.4117,52.5771],[13.4123,52.5775],[13.4143,52.5782],[13.4157,52.5786],[13.4188,52.5788],[13.4194,52.579],[13.4192,52.5792],[13.4168,52.5791],[13.4146,52.5792],[13.4146,52.5797],[13.4147,52.5797],[13.4145,52.5801],[13.4185,52.5808],[13.4187,52.5809],[13.4186,52.5808],[13.4193,52.5807],[13.4196,52.5803],[13.4201,52.5802],[13.423,52.581],[13.424,52.5815],[13.4265,52.582],[13.4275,52.5819],[13.4284,52.5824],[13.4283,52.5825],[13.428,52.5824],[13.4277,52.583],[13.4283,52.5831],[13.4283,52.5834],[13.428,52.5834],[13.4279,52.5837],[13.4281,52.5842],[13.4277,52.5847],[13.4278,52.5852],[13.4276,52.5853],[13.4278,52.5858],[13.4272,52.5866],[13.4277,52.5869],[13.4266,52.5866],[13.4263,52.5868],[13.4261,52.5867],[13.4262,52.5865],[13.4253,52.5863],[13.424,52.5879],[13.4247,52.5883],[13.424,52.588],[13.4198,52.5928],[13.4196,52.5935]]]]}},{"type":"Feature","properties":{"name":"Blankenburg"},"geometry":{"type":"MultiPolygon","coordinates":[[[[13.4602,52.6067],[13.457,52.6092],[13.4569,52.6096],[13.4529,52.6123],[13.4523,52.6119],[13.4515,52.6109],[13.4504,52.6086],[13.4497,52.6081],[13.4497,52.6065],[13.4491,52.6047],[13.4449,52.5958],[13.4429,52.5934],[13.441,52.5917],[13.4406,52.5915],[13.4406,52.5913],[13.4373,52.5883],[13.4339,52.5853],[13.4315,52.5831],[13.4315,52.5829],[13.4309,52.583],[13.4315,52.5825],[13.4337,52.5823],[13.4351,52.582],[13.4365,52.5823],[13.4378,52.5829],[13.4398,52.5828],[13.4404,52.5826],[13.4403,52.5825],[13.4449,52.5813],[13.4449,52.5814],[13.4467,52.581],[13.4472,52.5808],[13.4472,52.5805],[13.4475,52.5802],[13.4486,52.5799],[13.4495,52.5793],[13.4496,52.5788],[13.4509,52.5778],[13.4514,52.5772],[13.4517,52.5766],[13.4515,52.5761],[13.4516,52.576],[13.4537,52.5772],[13.4575,52.5756],[13.4576,52.5773],[13.4626,52.5776],[13.462,52.5844],[13.4671,52.5875],[13.4713,52.5897],[13.4785,52.5913],[13.481,52.5959],[13.4835,52.6001],[13.4787,52.5989],[13.4761,52.5985],[13.4734,52.5985],[13.4703,52.5991],[13.4634,52.6046],[13.4631,52.6046],[13.4602,52.6067]]]]}},{"type":"Feature","properties":{"name":"Heinersdorf"},"geometry":{"type":"MultiPolygon","coordinates":[[[[13.4382,52.5829],[13.4378,52.5829],[13.4365,52.5823],[13.4351,52.582],[13.4333,52.5824],[13.4339,52.582],[13.4329,52.5811],[13.4334,52.5809],[13.4331,52.5806],[13.4332,52.5805],[13.433,52.5802],[13.4335,52.58],[13.4335,52.5795],[13.4339,52.5793],[13.4339,52.5788],[13.4298,52.5762],[13.4299,52.5757],[13.4296,52.5743],[13.4272,52.5649],[13.4279,52.5619],[13.4281,52.5618],[13.4286,52.5594],[13.4294,52.5567],[13.4356,52.5588],[13.437,52.5596],[13.4425,52.562],[13.4481,52.5641],[13.4484,52.5645],[13.4488,52.5645],[13.4549,52.5672],[13.4558,52.5674],[13.4576,52.5674],[13.4578,52.5684],[13.4583,52.5701],[13.4581,52.5725],[13.4574,52.5735],[13.4574,52.5738],[13.4575,52.5756],[13.4537,52.5772],[13.4516,52.576],[13.4515,52.5761],[13.4517,52.5766],[13.4514,52.5772],[13.4509,52.5778],[13.4496,52.5788],[13.4495,52.5793],[13.4486,52.5799],[13.4475,52.5802],[13.447,52.5809],[13.4449,52.5814],[13.4449,52.5813],[13.4409,52.5824],[13.4399,52.5828],[13.4382,52.5829]]]]}},{"type":"Feature","properties":{"name":"Buch"},"geometry":{"type":"MultiPolygon","coordinates":[[[[13.5054,52.6197],[13.5055,52.6199],[13.5048,52.6196],[13.5054,52.6197]]],[[[13.4798,52.6747],[13.4801,52.6749],[13.4795,52.6755],[13.4773,52.6739],[13.4755,52.675],[13.4707,52.671],[13.4705,52.6711],[13.4659,52.6671],[13.4596,52.669],[13.4555,52.6657],[13.4508,52.6627],[13.4539,52.6618],[13.4624,52.6575],[13.4735,52.6565],[13.4743,52.6557],[13.474,52.6549],[13.4741,52.6544],[13.4736,52.6539],[13.4722,52.6534],[13.4699,52.6518],[13.4693,52.6517],[13.4671,52.6517],[13.4657,52.6512],[13.4631,52.6499],[13.4622,52.6489],[13.4604,52.6485],[13.4597,52.6481],[13.4521,52.6487],[13.4521,52.6497],[13.4487,52.65],[13.4475,52.65],[13.4449,52.6495],[13.4433,52.6495],[13.4432,52.6493],[13.4429,52.6494],[13.4428,52.6491],[13.4416,52.649],[13.4415,52.6494],[13.4408,52.6493],[13.4398,52.6453],[13.434,52.6443],[13.4334,52.6415],[13.4343,52.638],[13.4327,52.6374],[13.4276,52.6375],[13.4244,52.6355],[13.4217,52.6369],[13.42,52.6364],[13.4332,52.6267],[13.445,52.6397],[13.4457,52.6404],[13.4459,52.6404],[13.4604,52.6337],[13.4608,52.6328],[13.4616,52.6318],[13.4617,52.6314],[13.4615,52.6305],[13.4616,52.6296],[13.4631,52.6291],[13.4635,52.6286],[13.4645,52.6279],[13.4643,52.6275],[13.4625,52.6257],[13.4626,52.6243],[13.4636,52.624],[13.4652,52.6241],[13.4663,52.6233],[13.4689,52.6228],[13.4687,52.6221],[13.4689,52.6217],[13.4704,52.6228],[13.474,52.6242],[13.4789,52.6255],[13.4821,52.6255],[13.4835,52.6259],[13.4834,52.6258],[13.4877,52.624],[13.4937,52.6222],[13.5047,52.6196],[13.5055,52.62],[13.5059,52.6258],[13.5114,52.6278],[13.5178,52.6296],[13.5185,52.6317],[13.5204,52.6357],[13.5211,52.6375],[13.5217,52.6387],[13.5224,52.6408],[13.523,52.645],[13.5204,52.6449],[13.5193,52.6469],[13.5152,52.6461],[13.5128,52.6454],[13.5047,52.6496],[13.5031,52.65],[13.4908,52.6548],[13.4854,52.6594],[13.4884,52.6708],[13.4852,52.6696],[13.478,52.6677],[13.4758,52.6665],[13.4756,52.6669],[13.4757,52.6675],[13.4751,52.668],[13.4746,52.6681],[13.4747,52.6686],[13.4765,52.6714],[13.4798,52.6747]],[[13.4336,52.6421],[13.434,52.6422],[13.4336,52.6419],[13.4336,52.6421]]]]}},{"type":"Feature","properties":{"name":"Weißensee"},"geometry":{"type":"MultiPolygon","coordinates":[[[[13.4795,52.5649],[13.4586,52.5673],[13.4558,52.5674],[13.4549,52.5672],[13.4488,52.5645],[13.4484,52.5645],[13.4481,52.5641],[13.4425,52.562],[13.437,52.5596],[13.4356,52.5588],[13.4294,52.5567],[13.429,52.5564],[13.4302,52.5517],[13.4321,52.5512],[13.434,52.5509],[13.4387,52.5497],[13.4392,52.5494],[13.4394,52.5495],[13.4427,52.5487],[13.447,52.5472],[13.4472,52.5473],[13.448,52.5468],[13.4536,52.5445],[13.4545,52.5448],[13.4548,52.5445],[13.4551,52.5446],[13.4556,52.544],[13.4551,52.5437],[13.4673,52.5385],[13.4698,52.5405],[13.467,52.5481],[13.4674,52.5483],[13.4685,52.5482],[13.4699,52.5477],[13.4796,52.5475],[13.4805,52.5481],[13.4798,52.5491],[13.4793,52.5493],[13.4797,52.5496],[13.4801,52.5495],[13.4803,52.5496],[13.4804,52.5495],[13.4817,52.5495],[13.4822,52.5496],[13.4861,52.5524],[13.4904,52.5517],[13.4944,52.5508],[13.4956,52.5534],[13.4957,52.5541],[13.4955,52.555],[13.4949,52.5561],[13.4916,52.5595],[13.4908,52.5601],[13.49,52.5605],[13.4873,52.5613],[13.4854,52.5616],[13.4852,52.5618],[13.4853,52.5623],[13.4856,52.5624],[13.4861,52.5642],[13.4795,52.5649]]]]}},{"type":"Feature","properties":{"name":"Stadtrandsiedlung Malchow"},"geometry":{"type":"MultiPolygon","coordinates":[[[[13.5003,52.6033],[13.499,52.6052],[13.4967,52.605],[13.4944,52.6027],[13.4938,52.6022],[13.4835,52.6001],[13.481,52.5959],[13.4785,52.5913],[13.4713,52.5897],[13.4671,52.5875],[13.462,52.5844],[13.4626,52.5776],[13.4576,52.5773],[13.4573,52.5738],[13.4574,52.5735],[13.4581,52.5725],[13.4583,52.5701],[13.4578,52.5684],[13.4576,52.5674],[13.4837,52.5644],[13.4842,52.566],[13.4836,52.5661],[13.4876,52.5692],[13.4826,52.5716],[13.4828,52.5726],[13.482,52.5725],[13.4795,52.5727],[13.4796,52.5733],[13.4799,52.5733],[13.4799,52.5735],[13.4796,52.5735],[13.4796,52.5738],[13.4801,52.575],[13.4801,52.5751],[13.4797,52.5751],[13.4799,52.5754],[13.48,52.5777],[13.4805,52.5777],[13.4802,52.5779],[13.4797,52.5801],[13.4798,52.5816],[13.4805,52.5835],[13.4816,52.5833],[13.482,52.584],[13.4836,52.5841],[13.4843,52.5856],[13.4846,52.5856],[13.4853,52.5871],[13.486,52.588],[13.4869,52.5888],[13.4884,52.5898],[13.5052,52.5965],[13.5003,52.6033]]]]}},{"type":"Feature","properties":{"name":"Karow"},"geometry":{"type":"MultiPolygon","coordinates":[[[[13.5035,52.619],[13.5051,52.6196],[13.5048,52.6196],[13.5035,52.619]]],[[[13.4837,52.6257],[13.4834,52.6258],[13.4835,52.6259],[13.4821,52.6255],[13.4789,52.6255],[13.4736,52.6241],[13.4706,52.6229],[13.465,52.6187],[13.4583,52.6155],[13.4529,52.6123],[13.4569,52.6096],[13.457,52.6092],[13.4602,52.6067],[13.4631,52.6046],[13.4634,52.6046],[13.4703,52.5991],[13.4736,52.5985],[13.4756,52.5985],[13.4775,52.5987],[13.4938,52.6022],[13.4944,52.6027],[13.4967,52.605],[13.4975,52.6079],[13.4987,52.611],[13.5033,52.619],[13.5047,52.6196],[13.4937,52.6222],[13.4899,52.6232],[13.4877,52.624],[13.4837,52.6257]]]]}},{"type":"Feature","properties":{"name":"Prenzlauer Berg"},"geometry":{"type":"MultiPolygon","coordinates":[[[[13.4033,52.558],[13.3979,52.5586],[13.3971,52.5583],[13.3972,52.5563],[13.3981,52.5526],[13.3976,52.5514],[13.3968,52.5507],[13.3989,52.5509],[13.3992,52.5491],[13.4003,52.5466],[13.3992,52.5465],[13.3998,52.5451],[13.4002,52.5434],[13.4009,52.542],[13.402,52.5401],[13.4034,52.5405],[13.4035,52.5402],[13.4042,52.5404],[13.4047,52.5402],[13.4075,52.5347],[13.4083,52.5343],[13.4064,52.5323],[13.406,52.5308],[13.4061,52.5306],[13.4056,52.5297],[13.4113,52.5286],[13.4154,52.5275],[13.4198,52.5255],[13.4236,52.5279],[13.4249,52.5279],[13.425,52.5281],[13.4375,52.5295],[13.4383,52.5288],[13.4387,52.5288],[13.4423,52.531],[13.4472,52.5264],[13.4522,52.5278],[13.4558,52.5226],[13.4562,52.5225],[13.4553,52.5213],[13.4627,52.5199],[13.4721,52.5207],[13.4703,52.5224],[13.4686,52.5233],[13.466,52.5241],[13.4628,52.5245],[13.4591,52.5258],[13.4582,52.5264],[13.4562,52.5283],[13.4607,52.5294],[13.4634,52.5326],[13.4644,52.533],[13.4645,52.5332],[13.467,52.5341],[13.4673,52.534],[13.4687,52.5347],[13.4678,52.5362],[13.4664,52.5367],[13.4676,52.5384],[13.4551,52.5437],[13.4556,52.544],[13.4551,52.5446],[13.4548,52.5445],[13.4545,52.5448],[13.4536,52.5445],[13.448,52.5468],[13.4472,52.5473],[13.447,52.5472],[13.4427,52.5487],[13.4394,52.5495],[13.4392,52.5494],[13.4387,52.5497],[13.434,52.5509],[13.4321,52.5512],[13.4301,52.5518],[13.43,52.5515],[13.4273,52.5526],[13.4149,52.554],[13.415,52.5546],[13.4145,52.5574],[13.4033,52.558]]]]}},{"type":"Feature","properties":{"name":"Blankenfelde"},"geometry":{"type":"MultiPolygon","coordinates":[[[[13.3929,52.6456],[13.3927,52.6456],[13.3928,52.6455],[13.3929,52.6456]]],[[[13.3979,52.6481],[13.3979,52.6483],[13.3973,52.6481],[13.3964,52.6474],[13.3945,52.6475],[13.3939,52.6467],[13.3939,52.6463],[13.3931,52.646],[13.3933,52.6458],[13.3929,52.6456],[13.3932,52.6454],[13.3928,52.6453],[13.3928,52.6455],[13.3927,52.6453],[13.3929,52.6452],[13.3924,52.645],[13.3924,52.6448],[13.3919,52.6447],[13.3923,52.6444],[13.392,52.6445],[13.392,52.6443],[13.3918,52.6442],[13.3922,52.644],[13.3917,52.6438],[13.3923,52.6437],[13.3915,52.6436],[13.3923,52.6437],[13.3922,52.6433],[13.392,52.6433],[13.392,52.6435],[13.3913,52.6435],[13.3913,52.6432],[13.3911,52.6432],[13.3912,52.6431],[13.3907,52.6426],[13.3909,52.6425],[13.3901,52.6424],[13.3906,52.6422],[13.3902,52.6422],[13.3903,52.6419],[13.3905,52.6418],[13.39,52.6416],[13.3904,52.6415],[13.3902,52.6413],[13.3897,52.6415],[13.3897,52.6412],[13.3901,52.6412],[13.3899,52.641],[13.3904,52.6409],[13.3901,52.6405],[13.3899,52.6405],[13.3906,52.6399],[13.3899,52.6394],[13.3896,52.6394],[13.3899,52.6391],[13.3896,52.639],[13.3898,52.6389],[13.3894,52.6388],[13.3898,52.6388],[13.3894,52.6382],[13.3891,52.6381],[13.3893,52.638],[13.3889,52.6379],[13.3892,52.6376],[13.3886,52.6376],[13.3883,52.6374],[13.3882,52.6372],[13.3876,52.6372],[13.3871,52.637],[13.3864,52.6369],[13.3864,52.6367],[13.3852,52.6365],[13.3852,52.6364],[13.3851,52.6363],[13.3848,52.6364],[13.3845,52.6362],[13.3843,52.6364],[13.384,52.6362],[13.3838,52.6363],[13.3839,52.6365],[13.3835,52.6364],[13.3833,52.6366],[13.383,52.6363],[13.3818,52.6364],[13.3821,52.6361],[13.3819,52.636],[13.3827,52.6357],[13.3829,52.6352],[13.38,52.6344],[13.3801,52.6343],[13.3794,52.6339],[13.3787,52.6344],[13.3777,52.6334],[13.3776,52.6331],[13.3773,52.6332],[13.3768,52.6329],[13.3768,52.6328],[13.3771,52.6328],[13.3772,52.6327],[13.3766,52.6324],[13.3769,52.6323],[13.3769,52.6322],[13.3765,52.6321],[13.3765,52.6319],[13.3764,52.6318],[13.3758,52.6316],[13.3763,52.6314],[13.3762,52.6311],[13.3763,52.6308],[13.377,52.6298],[13.3768,52.6295],[13.377,52.6293],[13.3769,52.6292],[13.3764,52.6292],[13.3767,52.6289],[13.3758,52.629],[13.3763,52.6288],[13.3764,52.6284],[13.3757,52.6284],[13.3755,52.6287],[13.3752,52.6286],[13.3748,52.628],[13.3746,52.628],[13.3746,52.6278],[13.3742,52.6279],[13.3741,52.6277],[13.3735,52.6278],[13.373,52.6274],[13.3727,52.6276],[13.3723,52.6273],[13.3716,52.6274],[13.3715,52.6272],[13.3708,52.6274],[13.3704,52.627],[13.3702,52.6271],[13.3702,52.6268],[13.3699,52.6267],[13.3695,52.626],[13.3691,52.626],[13.3692,52.6258],[13.3689,52.6257],[13.368,52.6256],[13.3677,52.6257],[13.3677,52.626],[13.3672,52.6258],[13.3669,52.6259],[13.3669,52.6253],[13.3672,52.6253],[13.3679,52.6241],[13.3716,52.6197],[13.3752,52.6142],[13.3757,52.6132],[13.3763,52.6107],[13.3762,52.6077],[13.3758,52.6071],[13.3761,52.6067],[13.3791,52.6062],[13.3861,52.6042],[13.3917,52.6034],[13.4082,52.6018],[13.4142,52.6009],[13.4168,52.6001],[13.4146,52.6062],[13.4142,52.6073],[13.4141,52.6082],[13.4137,52.6093],[13.4153,52.6108],[13.4127,52.612],[13.4123,52.6142],[13.412,52.6149],[13.4127,52.6152],[13.417,52.618],[13.424,52.6238],[13.43,52.6208],[13.4294,52.6227],[13.4296,52.6231],[13.4329,52.6269],[13.42,52.6364],[13.4217,52.6369],[13.4166,52.6394],[13.4143,52.6412],[13.4148,52.6418],[13.4147,52.6424],[13.4144,52.6425],[13.4136,52.6425],[13.4123,52.6435],[13.4079,52.6427],[13.4066,52.6438],[13.4039,52.6449],[13.3979,52.6481]]]]}},{"type":"Feature","properties":{"name":"Pankow"},"geometry":{"type":"MultiPolygon","coordinates":[[[[13.4283,52.5829],[13.4278,52.5828],[13.428,52.5824],[13.4283,52.5825],[13.4284,52.5824],[13.4275,52.5819],[13.4265,52.582],[13.424,52.5815],[13.423,52.581],[13.4201,52.5802],[13.4196,52.5803],[13.4193,52.5807],[13.4186,52.5808],[13.4187,52.5809],[13.4185,52.5808],[13.4145,52.5801],[13.4147,52.5797],[13.4146,52.5797],[13.4146,52.5792],[13.4168,52.5791],[13.4192,52.5792],[13.4194,52.579],[13.4188,52.5788],[13.4152,52.5785],[13.4123,52.5775],[13.4115,52.577],[13.4093,52.5752],[13.4085,52.5746],[13.4078,52.574],[13.4076,52.5739],[13.407,52.5751],[13.4067,52.575],[13.3977,52.5707],[13.392,52.5702],[13.3884,52.5677],[13.389,52.5674],[13.3888,52.5672],[13.3889,52.567],[13.3906,52.566],[13.3907,52.5658],[13.3913,52.5656],[13.3932,52.5646],[13.3949,52.563],[13.3959,52.5618],[13.3963,52.5611],[13.3971,52.5583],[13.3979,52.5586],[13.403,52.558],[13.4145,52.5574],[13.415,52.5546],[13.4149,52.554],[13.4273,52.5526],[13.43,52.5515],[13.4301,52.5518],[13.4302,52.5517],[13.429,52.5564],[13.4294,52.5567],[13.4286,52.5594],[13.4281,52.5618],[13.4279,52.5619],[13.4272,52.5649],[13.4296,52.5743],[13.4299,52.5757],[13.4298,52.5762],[13.4339,52.5788],[13.4339,52.5793],[13.4335,52.5795],[13.4335,52.58],[13.433,52.5802],[13.4332,52.5805],[13.4331,52.5806],[13.4334,52.5809],[13.4329,52.5811],[13.4339,52.582],[13.4333,52.5824],[13.4317,52.5825],[13.43,52.5821],[13.4288,52.5826],[13.4288,52.5828],[13.4283,52.5827],[13.4283,52.5829]]]]}},{"type":"Feature","properties":{"name":"Westend"},"geometry":{"type":"MultiPolygon","coordinates":[[[[13.2813,52.5305],[13.2808,52.5301],[13.2793,52.5303],[13.2779,52.5301],[13.2757,52.5292],[13.2747,52.5289],[13.2687,52.5289],[13.2654,52.5288],[13.2639,52.5285],[13.2609,52.5275],[13.2587,52.5272],[13.2539,52.5271],[13.2498,52.5272],[13.2483,52.5275],[13.2467,52.5283],[13.2463,52.5277],[13.2468,52.5276],[13.2471,52.5273],[13.2472,52.5259],[13.2477,52.5246],[13.2475,52.5243],[13.24,52.5261],[13.2398,52.5259],[13.2386,52.5261],[13.2364,52.5261],[13.2313,52.5258],[13.2282,52.526],[13.228,52.5257],[13.2273,52.5256],[13.222,52.5262],[13.2208,52.5239],[13.2197,52.5224],[13.2194,52.5214],[13.2193,52.5196],[13.2198,52.5158],[13.2201,52.5146],[13.2209,52.5136],[13.2198,52.5136],[13.2197,52.514],[13.2195,52.514],[13.2188,52.5134],[13.2185,52.5134],[13.2162,52.5113],[13.215,52.5095],[13.2157,52.5094],[13.2156,52.5092],[13.2145,52.5094],[13.2141,52.5091],[13.2132,52.5091],[13.2119,52.5093],[13.211,52.5085],[13.2105,52.5072],[13.2088,52.505],[13.2093,52.5043],[13.2097,52.5029],[13.212,52.5026],[13.2119,52.5022],[13.2142,52.5024],[13.2145,52.5026],[13.2234,52.5033],[13.2541,52.5052],[13.2538,52.505],[13.2555,52.5042],[13.2534,52.5025],[13.2538,52.5023],[13.2525,52.5014],[13.2552,52.5001],[13.2518,52.4974],[13.2565,52.4952],[13.2575,52.4921],[13.2581,52.4912],[13.2594,52.49],[13.2616,52.4889],[13.2629,52.4896],[13.2644,52.4907],[13.2676,52.4942],[13.271,52.4969],[13.2712,52.4968],[13.2717,52.4971],[13.2725,52.4976],[13.2724,52.4977],[13.2812,52.5003],[13.2818,52.5009],[13.2819,52.5014],[13.2821,52.5014],[13.2813,52.5027],[13.2813,52.503],[13.2816,52.5036],[13.2814,52.5037],[13.2818,52.5054],[13.2825,52.507],[13.2837,52.5086],[13.2837,52.5088],[13.2849,52.5106],[13.2852,52.5115],[13.2854,52.5128],[13.2846,52.5157],[13.2835,52.5172],[13.2825,52.5194],[13.2818,52.5205],[13.2807,52.5242],[13.2809,52.5242],[13.2809,52.5244],[13.2814,52.5243],[13.2814,52.5245],[13.281,52.5245],[13.2816,52.5267],[13.2819,52.5263],[13.2831,52.5285],[13.2833,52.5289],[13.2836,52.5289],[13.2836,52.5298],[13.2813,52.5305]]]]}},{"type":"Feature","properties":{"name":"Charlottenburg"},"geometry":{"type":"MultiPolygon","coordinates":[[[[13.3129,52.5322],[13.3124,52.5323],[13.3126,52.5322],[13.3128,52.5318],[13.3125,52.5317],[13.2966,52.5296],[13.2963,52.53],[13.2957,52.53],[13.2952,52.5309],[13.2943,52.5315],[13.2914,52.5318],[13.2903,52.5314],[13.2869,52.5299],[13.285,52.5296],[13.2836,52.5298],[13.2836,52.5289],[13.2833,52.5289],[13.2831,52.5285],[13.2819,52.5263],[13.2816,52.5267],[13.281,52.5245],[13.2814,52.5245],[13.2814,52.5243],[13.2809,52.5244],[13.2809,52.5242],[13.2807,52.5242],[13.2818,52.5205],[13.2825,52.5194],[13.2835,52.5172],[13.2846,52.5157],[13.2854,52.5128],[13.2852,52.5115],[13.2849,52.5106],[13.2837,52.5088],[13.2837,52.5086],[13.2825,52.507],[13.2819,52.5056],[13.2814,52.5037],[13.2816,52.5036],[13.2813,52.503],[13.2813,52.5027],[13.2821,52.5014],[13.2819,52.5014],[13.2818,52.5009],[13.2812,52.5003],[13.2827,52.5008],[13.2831,52.5003],[13.284,52.5006],[13.2843,52.5003],[13.2846,52.5004],[13.2844,52.5007],[13.2853,52.501],[13.2849,52.5015],[13.2875,52.5024],[13.2898,52.5025],[13.2953,52.5033],[13.296,52.5022],[13.2949,52.5019],[13.3018,52.4997],[13.3016,52.4988],[13.3071,52.4998],[13.3118,52.5003],[13.3136,52.4996],[13.3161,52.4994],[13.3317,52.5003],[13.3326,52.5012],[13.336,52.4998],[13.3414,52.5049],[13.3401,52.5051],[13.3391,52.5051],[13.3386,52.5059],[13.3367,52.5057],[13.3353,52.5059],[13.3337,52.5067],[13.3348,52.5082],[13.3349,52.5085],[13.3347,52.5088],[13.334,52.509],[13.3339,52.5088],[13.33,52.5101],[13.3328,52.511],[13.334,52.5117],[13.3312,52.5123],[13.3308,52.5125],[13.3306,52.5128],[13.3316,52.5128],[13.3319,52.513],[13.3359,52.5133],[13.3361,52.514],[13.3359,52.514],[13.3361,52.5144],[13.3354,52.5149],[13.3348,52.5155],[13.3342,52.5168],[13.3331,52.5167],[13.3318,52.5168],[13.3307,52.5172],[13.3296,52.518],[13.3293,52.5185],[13.3291,52.519],[13.3295,52.5208],[13.3294,52.5217],[13.3287,52.5226],[13.3269,52.5237],[13.3255,52.5243],[13.3241,52.5247],[13.3224,52.5246],[13.3208,52.5244],[13.3198,52.5239],[13.319,52.5232],[13.3187,52.5221],[13.3188,52.5211],[13.3178,52.5204],[13.3166,52.521],[13.3134,52.5303],[13.3167,52.5309],[13.3166,52.5312],[13.3173,52.5315],[13.3171,52.5321],[13.3175,52.5324],[13.3134,52.5319],[13.313,52.5319],[13.3129,52.5322]]]]}},{"type":"Feature","properties":{"name":"Halensee"},"geometry":{"type":"MultiPolygon","coordinates":[[[[13.2958,52.5025],[13.2953,52.5033],[13.2898,52.5025],[13.2875,52.5024],[13.2849,52.5015],[13.2853,52.501],[13.2844,52.5007],[13.2846,52.5004],[13.2843,52.5003],[13.284,52.5006],[13.2831,52.5003],[13.2827,52.5008],[13.2816,52.5005],[13.282,52.5],[13.2821,52.4998],[13.2813,52.4995],[13.2834,52.4975],[13.2842,52.4965],[13.2844,52.4959],[13.2852,52.4952],[13.2862,52.4951],[13.2861,52.4947],[13.2865,52.4946],[13.2865,52.4947],[13.2888,52.4943],[13.2902,52.4944],[13.2908,52.4939],[13.2909,52.494],[13.2967,52.4907],[13.3004,52.488],[13.3015,52.4887],[13.302,52.4887],[13.3006,52.4898],[13.3007,52.4898],[13.3014,52.4945],[13.3004,52.4948],[13.3012,52.4951],[13.3018,52.4997],[13.2949,52.5019],[13.296,52.5022],[13.2958,52.5025]]]]}},{"type":"Feature","properties":{"name":"Wilmersdorf"},"geometry":{"type":"MultiPolygon","coordinates":[[[[13.3344,52.5005],[13.3326,52.5012],[13.3317,52.5003],[13.3161,52.4994],[13.3136,52.4996],[13.3118,52.5003],[13.3071,52.4998],[13.3016,52.4988],[13.3012,52.4951],[13.3004,52.4948],[13.3014,52.4945],[13.3007,52.4898],[13.3006,52.4898],[13.302,52.4887],[13.3015,52.4887],[13.3003,52.488],[13.3007,52.4878],[13.3009,52.4878],[13.307,52.483],[13.3072,52.4831],[13.3115,52.4799],[13.3029,52.4752],[13.2986,52.4732],[13.2987,52.473],[13.2983,52.4722],[13.2981,52.4702],[13.2979,52.4691],[13.2982,52.4691],[13.298,52.4688],[13.3063,52.4674],[13.3075,52.4679],[13.3086,52.4674],[13.3091,52.4677],[13.3107,52.4669],[13.3114,52.4671],[13.32,52.467],[13.3201,52.4696],[13.3203,52.47],[13.3205,52.4701],[13.3201,52.4707],[13.3204,52.4775],[13.3329,52.4774],[13.333,52.4778],[13.3371,52.4781],[13.3372,52.4804],[13.337,52.4821],[13.3372,52.4825],[13.3372,52.4857],[13.3371,52.4859],[13.3372,52.4881],[13.3369,52.4897],[13.337,52.4904],[13.3375,52.4907],[13.3371,52.491],[13.3371,52.4923],[13.3375,52.4942],[13.3373,52.4959],[13.3378,52.4974],[13.339,52.4994],[13.3388,52.4997],[13.3389,52.4999],[13.337,52.5007],[13.336,52.4998],[13.3344,52.5005]]]]}},{"type":"Feature","properties":{"name":"Charlottenburg-Nord"},"geometry":{"type":"MultiPolygon","coordinates":[[[[13.272,52.5494],[13.2703,52.5493],[13.2703,52.5487],[13.27,52.5486],[13.2707,52.5479],[13.2734,52.5429],[13.2731,52.5429],[13.2735,52.5421],[13.2723,52.5389],[13.2739,52.5384],[13.2752,52.5377],[13.276,52.5364],[13.2763,52.5356],[13.2822,52.5341],[13.2812,52.5305],[13.2841,52.5296],[13.285,52.5296],[13.2869,52.5299],[13.2903,52.5314],[13.2914,52.5318],[13.2943,52.5315],[13.2952,52.5309],[13.2957,52.53],[13.2963,52.53],[13.2966,52.5296],[13.3125,52.5317],[13.3128,52.5318],[13.3126,52.5322],[13.3124,52.5323],[13.3128,52.5323],[13.3114,52.5356],[13.3268,52.5377],[13.3291,52.5382],[13.3272,52.5396],[13.3273,52.5414],[13.3262,52.5419],[13.3179,52.5482],[13.3044,52.5487],[13.272,52.5494]]]]}},{"type":"Feature","properties":{"name":"Schmargendorf"},"geometry":{"type":"MultiPolygon","coordinates":[[[[13.2947,52.4918],[13.2909,52.494],[13.2895,52.484],[13.2848,52.4844],[13.2843,52.4852],[13.2842,52.4852],[13.2816,52.4831],[13.2814,52.4828],[13.281,52.4778],[13.281,52.4773],[13.2814,52.4769],[13.2789,52.4751],[13.2788,52.4748],[13.2788,52.4739],[13.2774,52.4745],[13.2737,52.4746],[13.2725,52.468],[13.2811,52.4688],[13.2891,52.4705],[13.2899,52.4699],[13.2902,52.4703],[13.298,52.4688],[13.2982,52.4691],[13.2979,52.4691],[13.2981,52.4702],[13.2983,52.4722],[13.2987,52.473],[13.2986,52.4732],[13.3029,52.4752],[13.3115,52.4799],[13.3072,52.4831],[13.307,52.483],[13.3008,52.4878],[13.3007,52.4878],[13.2968,52.4906],[13.2947,52.4918]]]]}},{"type":"Feature","properties":{"name":"Grunewald"},"geometry":{"type":"MultiPolygon","coordinates":[[[[13.2546,52.5035],[13.2555,52.5042],[13.2538,52.505],[13.2541,52.5052],[13.2234,52.5033],[13.2145,52.5026],[13.2142,52.5024],[13.2119,52.5022],[13.212,52.5026],[13.2097,52.5029],[13.2051,52.5013],[13.1991,52.4999],[13.1952,52.4997],[13.1917,52.4987],[13.1898,52.4975],[13.1895,52.495],[13.1895,52.4929],[13.1875,52.4912],[13.1866,52.4893],[13.1871,52.4871],[13.1898,52.4843],[13.1902,52.4826],[13.1872,52.4787],[13.1883,52.4741],[13.1882,52.4718],[13.1946,52.471],[13.1952,52.4712],[13.1966,52.4713],[13.1976,52.4706],[13.1977,52.4703],[13.1976,52.4697],[13.1979,52.4691],[13.1992,52.4687],[13.2006,52.469],[13.2017,52.47],[13.2037,52.4705],[13.2051,52.4705],[13.2115,52.4694],[13.2132,52.4695],[13.2162,52.4701],[13.2238,52.47],[13.2302,52.4707],[13.2315,52.4708],[13.2351,52.4697],[13.2526,52.4667],[13.2556,52.4668],[13.2591,52.4665],[13.2603,52.4669],[13.2616,52.4678],[13.2623,52.4672],[13.2635,52.467],[13.2725,52.468],[13.2737,52.4746],[13.2774,52.4745],[13.2788,52.4739],[13.2788,52.4748],[13.2789,52.4751],[13.2814,52.4769],[13.281,52.4773],[13.281,52.4778],[13.2814,52.4828],[13.2816,52.4831],[13.2842,52.4852],[13.2843,52.4852],[13.2848,52.4844],[13.2895,52.484],[13.2908,52.4939],[13.2902,52.4944],[13.2888,52.4943],[13.2865,52.4947],[13.2865,52.4946],[13.2861,52.4947],[13.2862,52.4951],[13.2852,52.4952],[13.2844,52.4959],[13.2842,52.4965],[13.2834,52.4975],[13.2813,52.4995],[13.2821,52.4998],[13.282,52.5],[13.2816,52.5005],[13.2724,52.4977],[13.2725,52.4976],[13.2712,52.4968],[13.271,52.4969],[13.2676,52.4942],[13.2644,52.4907],[13.2629,52.4896],[13.2616,52.4889],[13.2594,52.49],[13.2581,52.4912],[13.2575,52.4921],[13.2565,52.4952],[13.2518,52.4974],[13.2552,52.5001],[13.2525,52.5014],[13.2538,52.5023],[13.2534,52.5025],[13.2546,52.5035]]]]}},{"type":"Feature","properties":{"name":"Staaken"},"geometry":{"type":"MultiPolygon","coordinates":[[[[13.1428,52.5522],[13.1414,52.5525],[13.1363,52.5527],[13.1344,52.5534],[13.1325,52.5549],[13.131,52.5558],[13.1305,52.556],[13.125,52.5438],[13.1256,52.5435],[13.1242,52.5391],[13.124,52.539],[13.1231,52.5366],[13.1218,52.535],[13.1212,52.5333],[13.1202,52.5319],[13.1195,52.5303],[13.1192,52.5291],[13.1183,52.5207],[13.1174,52.5171],[13.1193,52.517],[13.1228,52.5174],[13.127,52.5175],[13.1374,52.5188],[13.1427,52.5198],[13.1444,52.5192],[13.1448,52.5186],[13.145,52.5181],[13.1456,52.5175],[13.1475,52.5172],[13.1518,52.5156],[13.1544,52.5143],[13.1574,52.5132],[13.1586,52.5129],[13.1593,52.5136],[13.1588,52.5139],[13.1596,52.5145],[13.1602,52.5143],[13.1615,52.5152],[13.1638,52.514],[13.1639,52.5141],[13.1643,52.514],[13.1648,52.5142],[13.1649,52.5143],[13.1643,52.5147],[13.165,52.5152],[13.1659,52.5149],[13.1704,52.5192],[13.171,52.5202],[13.1736,52.5196],[13.1742,52.5197],[13.1746,52.5199],[13.1758,52.5219],[13.1756,52.5224],[13.1735,52.5229],[13.1739,52.5233],[13.1722,52.5236],[13.168,52.525],[13.1667,52.5257],[13.1664,52.5264],[13.1666,52.5312],[13.1647,52.5321],[13.1638,52.5333],[13.1635,52.5345],[13.1635,52.5358],[13.1623,52.538],[13.1644,52.5389],[13.1645,52.5409],[13.1638,52.5413],[13.1636,52.5417],[13.1638,52.5432],[13.1575,52.5451],[13.1576,52.5454],[13.1554,52.5458],[13.1552,52.5456],[13.1527,52.5456],[13.1477,52.5464],[13.1466,52.5464],[13.1461,52.5466],[13.1453,52.5471],[13.1442,52.5487],[13.1435,52.5501],[13.1436,52.5514],[13.1439,52.5519],[13.1442,52.5521],[13.1428,52.5522]]]]}},{"type":"Feature","properties":{"name":"Wilhelmstadt"},"geometry":{"type":"MultiPolygon","coordinates":[[[[13.1788,52.5306],[13.1757,52.5309],[13.1707,52.5304],[13.1695,52.5302],[13.1691,52.5308],[13.1666,52.5307],[13.1664,52.5264],[13.1667,52.5257],[13.1673,52.5253],[13.1695,52.5244],[13.1739,52.5233],[13.1735,52.5229],[13.1754,52.5225],[13.1757,52.5222],[13.1758,52.5219],[13.1747,52.52],[13.1743,52.5197],[13.1735,52.5196],[13.171,52.5202],[13.1704,52.5192],[13.1659,52.5149],[13.165,52.5152],[13.1643,52.5147],[13.1649,52.5143],[13.1648,52.5142],[13.1643,52.514],[13.1639,52.5141],[13.1638,52.514],[13.1615,52.5152],[13.1602,52.5143],[13.1596,52.5145],[13.1588,52.5139],[13.1593,52.5136],[13.1586,52.5129],[13.1634,52.5111],[13.1688,52.5092],[13.168,52.5089],[13.1572,52.5016],[13.1855,52.5],[13.1917,52.4987],[13.1952,52.4997],[13.1991,52.4999],[13.2051,52.5013],[13.2097,52.5029],[13.2093,52.5043],[13.2088,52.505],[13.2105,52.5072],[13.211,52.5085],[13.2119,52.5093],[13.2132,52.5091],[13.2141,52.5091],[13.2145,52.5094],[13.2156,52.5092],[13.2157,52.5094],[13.215,52.5095],[13.2162,52.5113],[13.2185,52.5134],[13.2188,52.5134],[13.2195,52.514],[13.2197,52.514],[13.2198,52.5136],[13.2209,52.5136],[13.2201,52.5146],[13.2198,52.5158],[13.2193,52.5196],[13.2194,52.5214],[13.2197,52.5224],[13.2208,52.5239],[13.2218,52.5256],[13.2217,52.5257],[13.2226,52.5271],[13.2227,52.528],[13.2221,52.5288],[13.2201,52.5284],[13.2172,52.5273],[13.2151,52.527],[13.2115,52.5276],[13.2117,52.5282],[13.2083,52.5295],[13.2075,52.529],[13.2077,52.5289],[13.2075,52.5285],[13.2075,52.5266],[13.2083,52.5262],[13.2094,52.5249],[13.2102,52.5237],[13.2116,52.5234],[13.2119,52.5224],[13.2113,52.5211],[13.2112,52.5202],[13.2115,52.5195],[13.2118,52.5193],[13.2109,52.5184],[13.2106,52.5185],[13.2112,52.5193],[13.2105,52.5189],[13.2104,52.5185],[13.2099,52.5184],[13.2098,52.5181],[13.2099,52.518],[13.2095,52.5176],[13.209,52.5175],[13.2078,52.5176],[13.2076,52.5178],[13.2077,52.5183],[13.2083,52.5191],[13.2084,52.5197],[13.2083,52.5201],[13.2066,52.5188],[13.2067,52.5206],[13.2064,52.5222],[13.2059,52.5233],[13.205,52.5245],[13.2049,52.5246],[13.2041,52.5242],[13.2025,52.5259],[13.2022,52.5252],[13.2014,52.5249],[13.2005,52.5252],[13.199,52.526],[13.198,52.5268],[13.1976,52.5276],[13.1966,52.5276],[13.197,52.5292],[13.1954,52.5293],[13.1923,52.5287],[13.1922,52.5294],[13.1873,52.5288],[13.1872,52.5285],[13.1837,52.5291],[13.1791,52.5305],[13.179,52.5307],[13.1788,52.5306]]]]}},{"type":"Feature","properties":{"name":"Haselhorst"},"geometry":{"type":"MultiPolygon","coordinates":[[[[13.2306,52.5615],[13.228,52.5634],[13.2283,52.5626],[13.228,52.562],[13.2256,52.5607],[13.2244,52.5596],[13.2226,52.5567],[13.2221,52.5552],[13.2219,52.5541],[13.2228,52.5487],[13.2226,52.548],[13.2211,52.5459],[13.2192,52.5448],[13.2165,52.5439],[13.2151,52.5436],[13.2111,52.5438],[13.2105,52.5434],[13.2094,52.5431],[13.2087,52.5427],[13.2085,52.5422],[13.2085,52.5416],[13.2095,52.5392],[13.2095,52.5386],[13.2092,52.5376],[13.2082,52.5365],[13.2086,52.5362],[13.2104,52.5364],[13.2132,52.5365],[13.219,52.5361],[13.2253,52.5354],[13.2316,52.5344],[13.2388,52.5358],[13.2402,52.5362],[13.2421,52.537],[13.2427,52.5369],[13.2434,52.5365],[13.2437,52.5365],[13.2445,52.5359],[13.2457,52.5368],[13.2461,52.5375],[13.2452,52.5379],[13.2454,52.5381],[13.2479,52.5379],[13.248,52.5384],[13.2481,52.5396],[13.2472,52.5436],[13.2473,52.5442],[13.248,52.5451],[13.2482,52.5456],[13.2479,52.5476],[13.2393,52.547],[13.2381,52.5472],[13.2372,52.5477],[13.2366,52.5486],[13.2365,52.5495],[13.2385,52.5546],[13.2386,52.5574],[13.2381,52.5575],[13.2346,52.5593],[13.232,52.5606],[13.2309,52.5615],[13.2306,52.5615]]]]}},{"type":"Feature","properties":{"name":"Siemensstadt"},"geometry":{"type":"MultiPolygon","coordinates":[[[[13.241,52.556],[13.2389,52.557],[13.239,52.5572],[13.2386,52.5574],[13.2386,52.555],[13.2366,52.5496],[13.2365,52.549],[13.2366,52.5485],[13.237,52.5479],[13.2377,52.5474],[13.2393,52.547],[13.2479,52.5476],[13.2482,52.5456],[13.248,52.5451],[13.2473,52.5442],[13.2472,52.5436],[13.2481,52.5396],[13.248,52.5384],[13.2479,52.5379],[13.2454,52.5381],[13.2452,52.5379],[13.2461,52.5375],[13.2457,52.5368],[13.2445,52.5359],[13.2437,52.5365],[13.2434,52.5365],[13.2427,52.5369],[13.2421,52.537],[13.2402,52.5362],[13.2388,52.5358],[13.2316,52.5344],[13.2355,52.5336],[13.2378,52.5329],[13.2469,52.5287],[13.2467,52.5283],[13.2476,52.5278],[13.2488,52.5274],[13.2504,52.5271],[13.2539,52.5271],[13.2598,52.5273],[13.2646,52.5287],[13.2659,52.5288],[13.2699,52.529],[13.274,52.5288],[13.2755,52.5291],[13.2774,52.53],[13.2782,52.5302],[13.2793,52.5303],[13.2808,52.5301],[13.2812,52.5306],[13.2822,52.5341],[13.2763,52.5356],[13.276,52.5364],[13.2752,52.5377],[13.2739,52.5384],[13.2723,52.5389],[13.2735,52.5421],[13.2731,52.5429],[13.2734,52.5429],[13.2707,52.5479],[13.27,52.5486],[13.2703,52.5487],[13.2703,52.5493],[13.2584,52.5496],[13.2542,52.5501],[13.2506,52.5513],[13.241,52.556]]]]}},{"type":"Feature","properties":{"name":"Hakenfelde"},"geometry":{"type":"MultiPolygon","coordinates":[[[[13.2022,52.588],[13.2003,52.5888],[13.1985,52.589],[13.1966,52.5895],[13.1917,52.5902],[13.1909,52.5905],[13.1891,52.5914],[13.1856,52.5926],[13.1845,52.5934],[13.1834,52.5937],[13.1812,52.594],[13.1783,52.5949],[13.1747,52.5951],[13.1737,52.5953],[13.172,52.5963],[13.1701,52.5968],[13.1679,52.597],[13.1645,52.5988],[13.1571,52.5976],[13.1539,52.5957],[13.1522,52.5942],[13.1493,52.5919],[13.1435,52.5897],[13.1385,52.5889],[13.1379,52.5887],[13.1355,52.5874],[13.1327,52.5869],[13.1311,52.5869],[13.129,52.5873],[13.1284,52.586],[13.1293,52.5859],[13.128,52.5831],[13.1295,52.5833],[13.1303,52.583],[13.1311,52.5817],[13.1317,52.5802],[13.1321,52.5798],[13.1326,52.5796],[13.136,52.5801],[13.1375,52.5805],[13.1392,52.5804],[13.14,52.5808],[13.142,52.5813],[13.1438,52.5816],[13.1446,52.582],[13.1496,52.5834],[13.1499,52.5829],[13.1512,52.5822],[13.1513,52.5817],[13.1516,52.5811],[13.1532,52.5789],[13.1532,52.5783],[13.1535,52.5779],[13.1536,52.5775],[13.1535,52.5768],[13.1537,52.5758],[13.1535,52.5754],[13.1537,52.5748],[13.1535,52.5745],[13.1535,52.5733],[13.1528,52.5725],[13.1529,52.5716],[13.1527,52.571],[13.1524,52.5705],[13.1513,52.57],[13.1512,52.5692],[13.1503,52.5677],[13.1509,52.5677],[13.1546,52.5666],[13.1568,52.5663],[13.1569,52.5661],[13.1597,52.5646],[13.1596,52.5644],[13.1637,52.5635],[13.1714,52.561],[13.1723,52.5606],[13.1862,52.557],[13.1863,52.5571],[13.1868,52.557],[13.1872,52.5569],[13.1871,52.5568],[13.1888,52.5563],[13.1958,52.555],[13.1983,52.5552],[13.1985,52.5551],[13.1992,52.5553],[13.2071,52.5555],[13.2073,52.5553],[13.2075,52.5537],[13.2076,52.5537],[13.2092,52.5517],[13.2101,52.5491],[13.2101,52.5487],[13.209,52.5467],[13.208,52.5454],[13.2107,52.5447],[13.2102,52.5439],[13.2111,52.5438],[13.2151,52.5436],[13.2187,52.5446],[13.2203,52.5453],[13.2212,52.546],[13.2227,52.5482],[13.2228,52.5488],[13.2219,52.5541],[13.2222,52.5557],[13.223,52.5572],[13.2245,52.5598],[13.2256,52.5607],[13.2276,52.5618],[13.2282,52.5623],[13.2283,52.5628],[13.2279,52.5639],[13.2287,52.5654],[13.2286,52.5662],[13.2283,52.5667],[13.227,52.5678],[13.2267,52.5693],[13.2253,52.5712],[13.2252,52.5718],[13.2253,52.5726],[13.2251,52.5731],[13.2239,52.5742],[13.222,52.5749],[13.2202,52.5761],[13.2189,52.5772],[13.218,52.5785],[13.218,52.5797],[13.2183,52.581],[13.2181,52.5815],[13.2172,52.5824],[13.2154,52.5835],[13.2152,52.5839],[13.2152,52.5843],[13.2154,52.5848],[13.2164,52.5857],[13.2174,52.5875],[13.2112,52.5882],[13.2073,52.5884],[13.2067,52.5866],[13.2054,52.5869],[13.2022,52.588]]]]}},{"type":"Feature","properties":{"name":"Kladow"},"geometry":{"type":"MultiPolygon","coordinates":[[[[13.1366,52.4848],[13.1356,52.4854],[13.1283,52.4798],[13.1263,52.4787],[13.1177,52.4773],[13.1176,52.4746],[13.1172,52.4733],[13.1162,52.4717],[13.1138,52.4698],[13.114,52.4686],[13.1119,52.4674],[13.1106,52.4657],[13.1114,52.4637],[13.1113,52.4619],[13.1105,52.46],[13.1124,52.459],[13.1127,52.4577],[13.112,52.4544],[13.1114,52.4532],[13.1093,52.4506],[13.1154,52.4457],[13.119,52.444],[13.1191,52.4438],[13.119,52.443],[13.1199,52.4415],[13.1231,52.4396],[13.1241,52.4407],[13.1269,52.4411],[13.128,52.441],[13.1295,52.4413],[13.1308,52.4414],[13.1317,52.4411],[13.1333,52.4421],[13.1485,52.4434],[13.1545,52.4466],[13.158,52.4494],[13.1617,52.4521],[13.1709,52.4561],[13.1774,52.4559],[13.1812,52.4596],[13.1853,52.4626],[13.1866,52.4665],[13.1792,52.4674],[13.1789,52.4676],[13.1778,52.4674],[13.1766,52.4675],[13.1693,52.4704],[13.1667,52.4683],[13.164,52.4694],[13.1625,52.4683],[13.1569,52.4711],[13.1521,52.4737],[13.152,52.4739],[13.1542,52.4752],[13.1537,52.4755],[13.1536,52.4766],[13.1542,52.4769],[13.154,52.4785],[13.1519,52.4782],[13.1495,52.4785],[13.1434,52.4777],[13.1431,52.4782],[13.1412,52.4777],[13.1401,52.4789],[13.1407,52.482],[13.1407,52.4829],[13.1366,52.4848]]]]}},{"type":"Feature","properties":{"name":"Falkenhagener Feld"},"geometry":{"type":"MultiPolygon","coordinates":[[[[13.1557,52.5664],[13.1546,52.5666],[13.1509,52.5677],[13.1503,52.5677],[13.1499,52.5668],[13.1481,52.5652],[13.1475,52.5644],[13.1474,52.5625],[13.1471,52.5615],[13.1458,52.5606],[13.1461,52.5604],[13.1463,52.5593],[13.1466,52.5592],[13.1469,52.5586],[13.1469,52.557],[13.1473,52.5558],[13.1472,52.5549],[13.1469,52.5543],[13.1466,52.5541],[13.146,52.5534],[13.1459,52.5529],[13.1452,52.5525],[13.1446,52.5525],[13.1439,52.5519],[13.1436,52.5514],[13.1434,52.5504],[13.1442,52.5487],[13.1453,52.5471],[13.1461,52.5466],[13.1466,52.5464],[13.1477,52.5464],[13.1527,52.5456],[13.1552,52.5456],[13.1554,52.5458],[13.1576,52.5454],[13.1575,52.5451],[13.1638,52.5432],[13.1636,52.5417],[13.1638,52.5413],[13.1645,52.5409],[13.1645,52.5405],[13.17,52.5393],[13.1712,52.5393],[13.1755,52.5386],[13.1768,52.5381],[13.1816,52.5373],[13.1819,52.5384],[13.1823,52.5386],[13.1825,52.5391],[13.1831,52.5399],[13.1832,52.5417],[13.1842,52.5416],[13.1842,52.5415],[13.1863,52.5415],[13.1926,52.5446],[13.1917,52.546],[13.1912,52.5497],[13.1913,52.5505],[13.1917,52.5513],[13.1923,52.5519],[13.1943,52.5537],[13.1958,52.5549],[13.1963,52.555],[13.1958,52.555],[13.1888,52.5563],[13.1871,52.5568],[13.1872,52.5569],[13.1868,52.557],[13.1863,52.5571],[13.1862,52.557],[13.1723,52.5606],[13.1714,52.561],[13.1637,52.5635],[13.1596,52.5644],[13.1597,52.5646],[13.1569,52.5661],[13.1569,52.5663],[13.1557,52.5664]]]]}},{"type":"Feature","properties":{"name":"Gatow"},"geometry":{"type":"MultiPolygon","coordinates":[[[[13.1871,52.4871],[13.1866,52.4893],[13.1875,52.4912],[13.1895,52.4929],[13.1895,52.495],[13.1898,52.4975],[13.1917,52.4987],[13.1855,52.5],[13.1572,52.5016],[13.1512,52.4973],[13.1496,52.4963],[13.1356,52.4854],[13.1407,52.4829],[13.1407,52.482],[13.1401,52.4789],[13.1412,52.4777],[13.1431,52.4782],[13.1434,52.4777],[13.1495,52.4785],[13.1519,52.4782],[13.154,52.4785],[13.1542,52.4769],[13.1536,52.4766],[13.1537,52.4755],[13.1542,52.4752],[13.152,52.4739],[13.1521,52.4737],[13.1625,52.4683],[13.164,52.4694],[13.1667,52.4683],[13.1693,52.4704],[13.1766,52.4675],[13.1778,52.4674],[13.1789,52.4676],[13.1792,52.4674],[13.1866,52.4665],[13.1882,52.4718],[13.1883,52.4741],[13.1872,52.4787],[13.1902,52.4826],[13.1898,52.4843],[13.1871,52.4871]]]]}},{"type":"Feature","properties":{"name":"Spandau"},"geometry":{"type":"MultiPolygon","coordinates":[[[[13.2073,52.5553],[13.2071,52.5555],[13.1992,52.5553],[13.1985,52.5551],[13.1983,52.5552],[13.1962,52.555],[13.1958,52.5548],[13.1922,52.5518],[13.1913,52.5505],[13.1912,52.5497],[13.1917,52.546],[13.1926,52.5446],[13.1863,52.5415],[13.1842,52.5415],[13.1842,52.5416],[13.1832,52.5417],[13.1831,52.5399],[13.1825,52.5391],[13.1823,52.5386],[13.1819,52.5384],[13.1816,52.5373],[13.1768,52.5381],[13.1755,52.5386],[13.1674,52.5398],[13.1645,52.5405],[13.1644,52.5389],[13.1623,52.538],[13.1635,52.5358],[13.1637,52.5335],[13.1647,52.5321],[13.1666,52.5312],[13.1666,52.5307],[13.1691,52.5308],[13.1695,52.5302],[13.1709,52.5304],[13.1765,52.5309],[13.179,52.5307],[13.1791,52.5305],[13.1837,52.5291],[13.1872,52.5285],[13.1873,52.5288],[13.1922,52.5294],[13.1923,52.5287],[13.1954,52.5293],[13.197,52.5292],[13.1966,52.5276],[13.1976,52.5276],[13.198,52.5268],[13.199,52.526],[13.2005,52.5252],[13.2014,52.5249],[13.2022,52.5252],[13.2025,52.5259],[13.2041,52.5242],[13.2049,52.5246],[13.205,52.5245],[13.2059,52.5233],[13.2064,52.5222],[13.2067,52.5206],[13.2066,52.5188],[13.2081,52.52],[13.2084,52.52],[13.2083,52.5191],[13.2076,52.5179],[13.2077,52.5176],[13.208,52.5176],[13.2094,52.5176],[13.2099,52.518],[13.2098,52.5181],[13.2099,52.5184],[13.2104,52.5185],[13.2105,52.5189],[13.2112,52.5193],[13.2106,52.5185],[13.2109,52.5184],[13.2117,52.5191],[13.2118,52.5193],[13.2115,52.5195],[13.2112,52.5202],[13.2113,52.5211],[13.2119,52.5224],[13.2116,52.5234],[13.2102,52.5237],[13.2094,52.5249],[13.2083,52.5262],[13.2075,52.5266],[13.2075,52.5285],[13.2077,52.5289],[13.2075,52.529],[13.2082,52.5295],[13.2117,52.5282],[13.2115,52.5276],[13.2139,52.5272],[13.2151,52.527],[13.2167,52.5272],[13.2202,52.5284],[13.2221,52.5288],[13.2225,52.5283],[13.2227,52.5275],[13.2223,52.5264],[13.222,52.5262],[13.2273,52.5256],[13.228,52.5257],[13.2282,52.526],[13.2313,52.5258],[13.2364,52.5261],[13.2386,52.5261],[13.2398,52.5259],[13.24,52.5261],[13.2475,52.5243],[13.2477,52.5246],[13.2472,52.5259],[13.2471,52.5273],[13.2468,52.5276],[13.2463,52.5277],[13.2469,52.5287],[13.2396,52.5322],[13.2371,52.5332],[13.2342,52.5339],[13.2292,52.5348],[13.2214,52.5359],[13.2134,52.5365],[13.2106,52.5364],[13.2086,52.5362],[13.2082,52.5365],[13.2093,52.5378],[13.2095,52.5388],[13.2085,52.5414],[13.2086,52.5424],[13.2091,52.543],[13.2105,52.5434],[13.2111,52.5438],[13.2102,52.5439],[13.2107,52.5447],[13.208,52.5454],[13.209,52.5467],[13.2101,52.5487],[13.2101,52.5491],[13.2092,52.5517],[13.2076,52.5537],[13.2075,52.5537],[13.2073,52.5553]]]]}},{"type":"Feature","properties":{"name":"Schlachtensee"},"geometry":{"type":"MultiPolygon","coordinates":[[[[13.2187,52.4527],[13.2182,52.453],[13.2178,52.4527],[13.2173,52.4528],[13.2084,52.4458],[13.2086,52.4457],[13.2073,52.4446],[13.2049,52.4429],[13.2021,52.4406],[13.1989,52.4383],[13.1975,52.437],[13.198,52.4362],[13.1989,52.4357],[13.1973,52.435],[13.198,52.4349],[13.1989,52.4342],[13.1988,52.4341],[13.2124,52.4338],[13.2122,52.4337],[13.2132,52.4314],[13.2133,52.4315],[13.2133,52.4312],[13.213,52.4311],[13.2148,52.4276],[13.2403,52.4335],[13.2311,52.4374],[13.2318,52.4381],[13.2308,52.4395],[13.2306,52.4413],[13.2288,52.4438],[13.2286,52.4439],[13.2303,52.4468],[13.2283,52.4479],[13.2274,52.4486],[13.2187,52.4527]]]]}},{"type":"Feature","properties":{"name":"Lankwitz"},"geometry":{"type":"MultiPolygon","coordinates":[[[[13.3345,52.4456],[13.3304,52.4452],[13.3276,52.4443],[13.3281,52.444],[13.3285,52.4436],[13.3286,52.4431],[13.3288,52.443],[13.328,52.4427],[13.3278,52.4415],[13.3279,52.4412],[13.3285,52.4408],[13.3271,52.44],[13.3273,52.4399],[13.3282,52.4378],[13.3304,52.4341],[13.3303,52.434],[13.3306,52.4335],[13.3321,52.4328],[13.3314,52.4322],[13.3327,52.4297],[13.3318,52.4295],[13.3334,52.4271],[13.3339,52.4272],[13.3331,52.4269],[13.3339,52.4257],[13.3337,52.4257],[13.3337,52.4256],[13.3345,52.4244],[13.3332,52.4241],[13.3335,52.4232],[13.3337,52.4231],[13.3356,52.4227],[13.3404,52.4163],[13.3458,52.4152],[13.346,52.4154],[13.3508,52.417],[13.3593,52.4199],[13.3592,52.4201],[13.3603,52.4206],[13.3633,52.4215],[13.3642,52.4223],[13.3679,52.4276],[13.3685,52.4276],[13.3716,52.4291],[13.3624,52.4446],[13.3612,52.4439],[13.3595,52.4433],[13.3586,52.4431],[13.3559,52.443],[13.3499,52.444],[13.3448,52.445],[13.3345,52.4456]]]]}},{"type":"Feature","properties":{"name":"Nikolassee"},"geometry":{"type":"MultiPolygon","coordinates":[[[[13.1939,52.4711],[13.1882,52.4718],[13.1864,52.4656],[13.1853,52.4626],[13.1812,52.4596],[13.1774,52.4559],[13.1709,52.4561],[13.1619,52.4522],[13.1735,52.4282],[13.183,52.4299],[13.1848,52.4298],[13.1848,52.4291],[13.1852,52.429],[13.1856,52.4281],[13.1868,52.4265],[13.1869,52.4259],[13.1866,52.4254],[13.1854,52.4245],[13.1843,52.4239],[13.1853,52.4234],[13.185,52.4232],[13.1852,52.423],[13.1807,52.4206],[13.1805,52.4202],[13.1803,52.4185],[13.1771,52.4191],[13.1765,52.4189],[13.1745,52.418],[13.1744,52.4177],[13.1747,52.4166],[13.1852,52.4115],[13.1972,52.4155],[13.1994,52.4154],[13.2045,52.4158],[13.2097,52.4168],[13.2142,52.418],[13.2171,52.4192],[13.2214,52.4201],[13.2236,52.4208],[13.2237,52.4207],[13.2251,52.4211],[13.2253,52.4209],[13.2391,52.425],[13.2389,52.4252],[13.2369,52.4254],[13.2295,52.4278],[13.2297,52.4297],[13.2296,52.4306],[13.2295,52.431],[13.2147,52.4276],[13.213,52.4311],[13.2133,52.4312],[13.2133,52.4315],[13.2132,52.4314],[13.2122,52.4337],[13.2124,52.4338],[13.1988,52.4341],[13.1989,52.4342],[13.198,52.4349],[13.1973,52.435],[13.1989,52.4357],[13.198,52.4362],[13.1975,52.437],[13.1989,52.4383],[13.2021,52.4406],[13.2049,52.4429],[13.2073,52.4446],[13.2086,52.4457],[13.2084,52.4458],[13.2173,52.4528],[13.2178,52.4527],[13.2182,52.453],[13.2181,52.4531],[13.2189,52.454],[13.2371,52.4685],[13.2383,52.4692],[13.2351,52.4697],[13.2315,52.4708],[13.2302,52.4707],[13.2238,52.47],[13.2162,52.4701],[13.2132,52.4695],[13.2115,52.4694],[13.2046,52.4705],[13.2035,52.4705],[13.2022,52.4702],[13.2017,52.47],[13.2006,52.469],[13.1992,52.4687],[13.1979,52.4691],[13.1976,52.4697],[13.1977,52.4703],[13.1976,52.4706],[13.1966,52.4713],[13.1952,52.4712],[13.1946,52.471],[13.1939,52.4711]]]]}},{"type":"Feature","properties":{"name":"Lichterfelde"},"geometry":{"type":"MultiPolygon","coordinates":[[[[13.3071,52.4589],[13.3072,52.4592],[13.3043,52.4586],[13.3041,52.4584],[13.3036,52.4583],[13.296,52.4511],[13.2952,52.4501],[13.2932,52.4465],[13.2938,52.446],[13.2865,52.4432],[13.2831,52.4422],[13.2826,52.4406],[13.2827,52.4405],[13.2824,52.4403],[13.2819,52.4389],[13.2823,52.4387],[13.2819,52.4385],[13.2815,52.4374],[13.2802,52.4331],[13.28,52.4331],[13.2765,52.4255],[13.2728,52.4147],[13.2728,52.4148],[13.2722,52.4133],[13.2736,52.4097],[13.2712,52.4091],[13.2675,52.4088],[13.2677,52.4074],[13.2682,52.4077],[13.2689,52.4058],[13.2686,52.4058],[13.2691,52.4044],[13.269,52.4045],[13.269,52.4042],[13.272,52.4043],[13.2758,52.4052],[13.2804,52.4074],[13.2932,52.4146],[13.2968,52.4163],[13.2971,52.4158],[13.297,52.4151],[13.2967,52.4147],[13.2959,52.4145],[13.3038,52.4073],[13.3121,52.3991],[13.3141,52.4006],[13.3185,52.4024],[13.3433,52.4117],[13.3429,52.4117],[13.3431,52.4133],[13.3427,52.4142],[13.3455,52.4153],[13.3404,52.4163],[13.3356,52.4227],[13.3337,52.4231],[13.3335,52.4232],[13.3332,52.4241],[13.3345,52.4244],[13.3337,52.4256],[13.3337,52.4257],[13.3339,52.4257],[13.3331,52.4269],[13.3339,52.4272],[13.3334,52.4271],[13.3318,52.4295],[13.3327,52.4297],[13.3314,52.4322],[13.3321,52.4328],[13.3306,52.4335],[13.3303,52.434],[13.3304,52.4341],[13.3282,52.4378],[13.3273,52.4399],[13.3271,52.44],[13.3285,52.4408],[13.3279,52.4412],[13.3278,52.4415],[13.328,52.4427],[13.3288,52.443],[13.3286,52.4431],[13.3285,52.4436],[13.3276,52.4443],[13.3257,52.4434],[13.3232,52.4449],[13.3225,52.4448],[13.32,52.4478],[13.32,52.4479],[13.3204,52.4481],[13.32,52.4491],[13.3186,52.4505],[13.318,52.4514],[13.3181,52.4515],[13.3178,52.4518],[13.3152,52.4505],[13.3153,52.4523],[13.3155,52.4533],[13.3135,52.4526],[13.3128,52.4528],[13.3124,52.4531],[13.3102,52.454],[13.3085,52.4556],[13.3091,52.4559],[13.3068,52.4578],[13.3071,52.4589]]]]}},{"type":"Feature","properties":{"name":"Wannsee"},"geometry":{"type":"MultiPolygon","coordinates":[[[[13.1665,52.4425],[13.1619,52.4522],[13.158,52.4494],[13.1545,52.4466],[13.1485,52.4434],[13.1333,52.4421],[13.1317,52.4411],[13.1308,52.4414],[13.1295,52.4413],[13.128,52.441],[13.1269,52.4411],[13.1241,52.4407],[13.1231,52.4396],[13.1232,52.4387],[13.1221,52.4379],[13.1172,52.4362],[13.1139,52.433],[13.1121,52.4323],[13.1128,52.4292],[13.108,52.4267],[13.1069,52.4256],[13.1054,52.4253],[13.1046,52.424],[13.1016,52.4246],[13.1009,52.4252],[13.1,52.4254],[13.0993,52.4253],[13.0984,52.4249],[13.0977,52.4235],[13.0958,52.422],[13.0883,52.4196],[13.0902,52.4135],[13.0903,52.4122],[13.0908,52.4116],[13.0921,52.4112],[13.0934,52.4105],[13.0974,52.4094],[13.098,52.4099],[13.0986,52.4103],[13.0986,52.4105],[13.099,52.411],[13.0976,52.4117],[13.0965,52.4131],[13.0991,52.4136],[13.1009,52.4138],[13.1007,52.413],[13.1011,52.4116],[13.101,52.4105],[13.1046,52.4097],[13.1051,52.4099],[13.1059,52.4095],[13.1068,52.4097],[13.1071,52.41],[13.1074,52.4121],[13.1071,52.4132],[13.1078,52.4133],[13.1096,52.4129],[13.1101,52.4113],[13.1115,52.4114],[13.1118,52.4105],[13.1104,52.4104],[13.1106,52.4094],[13.1085,52.4092],[13.1069,52.4095],[13.1064,52.4087],[13.1086,52.4085],[13.1093,52.4082],[13.1094,52.408],[13.1083,52.4073],[13.1097,52.4065],[13.1111,52.4053],[13.1112,52.4045],[13.1118,52.404],[13.1163,52.4023],[13.1178,52.4021],[13.1185,52.4013],[13.1202,52.3998],[13.122,52.3985],[13.1248,52.3969],[13.1257,52.3967],[13.1274,52.3966],[13.1325,52.3987],[13.1335,52.3994],[13.135,52.3986],[13.1381,52.3979],[13.138,52.3977],[13.1351,52.3974],[13.1357,52.3962],[13.139,52.396],[13.1345,52.3937],[13.1317,52.3918],[13.1315,52.3919],[13.1313,52.3917],[13.1315,52.3917],[13.1302,52.3905],[13.1299,52.3907],[13.1309,52.3917],[13.131,52.3916],[13.1312,52.3918],[13.1273,52.3916],[13.1267,52.3896],[13.1311,52.3873],[13.1313,52.3872],[13.1314,52.3875],[13.132,52.3875],[13.1332,52.3873],[13.134,52.3887],[13.1329,52.3887],[13.1304,52.3904],[13.1321,52.3918],[13.1347,52.3936],[13.1384,52.3956],[13.1418,52.3971],[13.142,52.397],[13.1432,52.3972],[13.1433,52.3967],[13.1431,52.3967],[13.1439,52.3961],[13.1458,52.3955],[13.1533,52.3948],[13.1589,52.3939],[13.1688,52.3944],[13.1718,52.3956],[13.1712,52.3978],[13.1687,52.3974],[13.1578,52.3964],[13.1579,52.3969],[13.1578,52.3972],[13.1594,52.3999],[13.1592,52.4028],[13.1852,52.4115],[13.1749,52.4164],[13.1746,52.4167],[13.1744,52.4177],[13.1747,52.4181],[13.1771,52.4191],[13.1803,52.4185],[13.1805,52.4202],[13.1807,52.4206],[13.1852,52.423],[13.185,52.4232],[13.1853,52.4234],[13.1843,52.4239],[13.1853,52.4244],[13.1865,52.4253],[13.1868,52.4257],[13.1869,52.4262],[13.1867,52.4267],[13.1855,52.4282],[13.1852,52.429],[13.1848,52.4291],[13.1848,52.4298],[13.183,52.4299],[13.1735,52.4282],[13.1665,52.4425]]]]}},{"type":"Feature","properties":{"name":"Steglitz"},"geometry":{"type":"MultiPolygon","coordinates":[[[[13.3106,52.4669],[13.3099,52.4672],[13.3095,52.4668],[13.3082,52.4661],[13.3074,52.4661],[13.3061,52.4657],[13.305,52.4632],[13.3041,52.4588],[13.3043,52.4586],[13.3072,52.4592],[13.3068,52.4578],[13.3091,52.4559],[13.3085,52.4556],[13.3103,52.454],[13.3135,52.4526],[13.3155,52.4533],[13.3153,52.4523],[13.3152,52.4505],[13.3178,52.4518],[13.3181,52.4515],[13.318,52.4514],[13.3186,52.4505],[13.32,52.4491],[13.3204,52.4481],[13.32,52.4479],[13.32,52.4478],[13.3225,52.4448],[13.3232,52.4449],[13.3257,52.4434],[13.3289,52.4448],[13.3317,52.4454],[13.335,52.4456],[13.3401,52.4454],[13.3448,52.445],[13.3499,52.444],[13.3564,52.443],[13.3595,52.4433],[13.3612,52.4439],[13.3624,52.4446],[13.3599,52.4492],[13.3573,52.4533],[13.3561,52.4556],[13.3542,52.4556],[13.3537,52.4567],[13.3529,52.4571],[13.3509,52.4566],[13.3491,52.4568],[13.349,52.4588],[13.3476,52.459],[13.3478,52.4592],[13.345,52.4617],[13.3389,52.4656],[13.3388,52.4666],[13.3385,52.4664],[13.3363,52.4674],[13.3348,52.4662],[13.3314,52.4659],[13.3306,52.4652],[13.3294,52.4656],[13.3282,52.4643],[13.321,52.467],[13.3114,52.4671],[13.3106,52.4669]]]]}},{"type":"Feature","properties":{"name":"Dahlem"},"geometry":{"type":"MultiPolygon","coordinates":[[[[13.2894,52.4702],[13.2891,52.4705],[13.2829,52.4692],[13.2787,52.4685],[13.2783,52.4686],[13.264,52.467],[13.2623,52.4672],[13.2616,52.4678],[13.2603,52.4669],[13.2591,52.4665],[13.2556,52.4668],[13.2526,52.4667],[13.2478,52.4676],[13.2476,52.4673],[13.2475,52.4667],[13.2475,52.4608],[13.2476,52.4603],[13.249,52.4587],[13.2499,52.4579],[13.2501,52.4571],[13.2505,52.4572],[13.2506,52.4569],[13.2513,52.4568],[13.2529,52.4574],[13.2538,52.4571],[13.2544,52.4571],[13.26,52.4525],[13.2602,52.4525],[13.2616,52.4514],[13.2623,52.4513],[13.2623,52.4509],[13.2634,52.4499],[13.2634,52.4492],[13.2698,52.444],[13.2702,52.4434],[13.2703,52.4425],[13.2778,52.4422],[13.2815,52.4417],[13.2865,52.4432],[13.2938,52.446],[13.2932,52.4465],[13.2952,52.4501],[13.2958,52.4509],[13.3036,52.4583],[13.3042,52.4585],[13.3041,52.4588],[13.305,52.4632],[13.3061,52.4657],[13.3074,52.4661],[13.3082,52.4661],[13.3095,52.4668],[13.3099,52.4672],[13.3091,52.4677],[13.3086,52.4674],[13.3075,52.4679],[13.3063,52.4674],[13.2902,52.4703],[13.2899,52.4699],[13.2894,52.4702]]]]}},{"type":"Feature","properties":{"name":"Zehlendorf"},"geometry":{"type":"MultiPolygon","coordinates":[[[[13.242,52.4686],[13.2383,52.4692],[13.2371,52.4685],[13.2189,52.454],[13.2181,52.4531],[13.2274,52.4486],[13.2283,52.4479],[13.2303,52.4468],[13.2286,52.4439],[13.2288,52.4438],[13.2306,52.4413],[13.2308,52.4395],[13.2318,52.4381],[13.2311,52.4374],[13.2403,52.4335],[13.2295,52.431],[13.2296,52.4306],[13.2297,52.4297],[13.2295,52.4278],[13.2369,52.4254],[13.2389,52.4252],[13.2391,52.425],[13.2253,52.4208],[13.2331,52.4203],[13.2356,52.4209],[13.2376,52.4208],[13.246,52.4212],[13.2471,52.4189],[13.2474,52.4173],[13.248,52.4158],[13.249,52.412],[13.249,52.409],[13.2487,52.4084],[13.2491,52.4079],[13.2498,52.405],[13.2516,52.4056],[13.2533,52.406],[13.2581,52.4064],[13.2609,52.406],[13.2636,52.405],[13.2659,52.4044],[13.269,52.4042],[13.269,52.4045],[13.2691,52.4044],[13.2686,52.4058],[13.2689,52.4058],[13.2682,52.4077],[13.2677,52.4074],[13.2675,52.4088],[13.2712,52.4091],[13.2736,52.4097],[13.2722,52.4133],[13.2728,52.4148],[13.2728,52.4147],[13.2765,52.4255],[13.28,52.4331],[13.2802,52.4331],[13.2815,52.4374],[13.2819,52.4385],[13.2823,52.4387],[13.2819,52.4389],[13.2824,52.4403],[13.2827,52.4405],[13.2826,52.4406],[13.2831,52.4422],[13.2815,52.4417],[13.2778,52.4422],[13.2703,52.4425],[13.2702,52.4434],[13.2698,52.444],[13.2634,52.4492],[13.2634,52.4499],[13.2623,52.4509],[13.2623,52.4513],[13.2616,52.4514],[13.2602,52.4525],[13.26,52.4525],[13.2544,52.4571],[13.2538,52.4571],[13.2529,52.4574],[13.2513,52.4568],[13.2506,52.4569],[13.2505,52.4572],[13.2501,52.4571],[13.2499,52.4579],[13.249,52.4587],[13.2476,52.4603],[13.2475,52.4608],[13.2475,52.4667],[13.2476,52.4673],[13.2478,52.4675],[13.242,52.4686]]]]}},{"type":"Feature","properties":{"name":"Marienfelde"},"geometry":{"type":"MultiPolygon","coordinates":[[[[13.3781,52.4278],[13.375,52.4283],[13.3752,52.4287],[13.3716,52.4292],[13.3711,52.4289],[13.3712,52.4288],[13.3686,52.4276],[13.3679,52.4276],[13.3642,52.4223],[13.3634,52.4215],[13.3603,52.4206],[13.3592,52.4201],[13.3593,52.4199],[13.3508,52.417],[13.346,52.4154],[13.3458,52.4152],[13.3455,52.4153],[13.3427,52.4142],[13.3431,52.4133],[13.3429,52.4117],[13.3433,52.4117],[13.3431,52.4077],[13.3508,52.4029],[13.3594,52.3985],[13.3624,52.3972],[13.372,52.3938],[13.3704,52.3884],[13.3779,52.3881],[13.3824,52.3883],[13.3821,52.3898],[13.3822,52.39],[13.3798,52.3915],[13.38,52.3916],[13.3809,52.3942],[13.3815,52.3939],[13.3821,52.3982],[13.3837,52.3983],[13.388,52.3993],[13.3885,52.3985],[13.3898,52.3987],[13.3861,52.4051],[13.3868,52.4053],[13.3867,52.4061],[13.3873,52.4059],[13.3927,52.4129],[13.3926,52.4132],[13.393,52.4134],[13.3963,52.4176],[13.394,52.4185],[13.3943,52.4188],[13.3925,52.4192],[13.3906,52.4202],[13.3852,52.4218],[13.3825,52.4232],[13.387,52.4246],[13.3884,52.4249],[13.3876,52.4275],[13.3835,52.4269],[13.3784,52.4279],[13.3781,52.4278]]]]}},{"type":"Feature","properties":{"name":"Lichtenrade"},"geometry":{"type":"MultiPolygon","coordinates":[[[[13.4002,52.4167],[13.3994,52.4181],[13.3991,52.4177],[13.3992,52.4175],[13.3984,52.4173],[13.3987,52.4172],[13.3983,52.4166],[13.3962,52.4176],[13.393,52.4134],[13.3926,52.4132],[13.3927,52.4129],[13.3873,52.4059],[13.3867,52.4061],[13.3868,52.4053],[13.3861,52.4051],[13.3898,52.3987],[13.3885,52.3985],[13.388,52.3993],[13.3837,52.3983],[13.3821,52.3982],[13.3815,52.3939],[13.3809,52.3942],[13.38,52.3916],[13.3798,52.3915],[13.3822,52.39],[13.3821,52.3898],[13.3824,52.3883],[13.3873,52.3886],[13.3882,52.3821],[13.3881,52.3817],[13.3882,52.381],[13.3881,52.3794],[13.3884,52.3779],[13.3971,52.3776],[13.4099,52.3766],[13.4128,52.3769],[13.4126,52.3764],[13.4208,52.3761],[13.4275,52.3858],[13.4274,52.3862],[13.427,52.3878],[13.4258,52.3906],[13.4184,52.4071],[13.4183,52.408],[13.4187,52.41],[13.4196,52.4102],[13.4197,52.4105],[13.4182,52.4108],[13.4143,52.4123],[13.4106,52.4133],[13.4076,52.4134],[13.4025,52.4127],[13.4002,52.4167]]]]}},{"type":"Feature","properties":{"name":"Tempelhof"},"geometry":{"type":"MultiPolygon","coordinates":[[[[13.3942,52.4851],[13.3943,52.4858],[13.3863,52.4858],[13.3863,52.4849],[13.3715,52.4849],[13.3662,52.4758],[13.3666,52.4745],[13.3678,52.4731],[13.3695,52.4723],[13.3711,52.472],[13.3709,52.4705],[13.3707,52.4703],[13.3699,52.4605],[13.3708,52.4601],[13.3709,52.4594],[13.3706,52.4587],[13.3697,52.4584],[13.3696,52.4565],[13.3702,52.4556],[13.3667,52.4557],[13.3665,52.4546],[13.3639,52.4549],[13.364,52.4558],[13.3619,52.4559],[13.3593,52.4548],[13.359,52.4556],[13.3592,52.4568],[13.3559,52.4573],[13.3557,52.4572],[13.356,52.4556],[13.3561,52.4556],[13.3573,52.4533],[13.3599,52.4492],[13.3626,52.4441],[13.3656,52.4455],[13.3664,52.4461],[13.3747,52.4507],[13.3781,52.452],[13.3825,52.4531],[13.3829,52.4526],[13.389,52.4533],[13.3907,52.4533],[13.3917,52.4534],[13.392,52.4531],[13.4082,52.4527],[13.4086,52.4533],[13.4177,52.4522],[13.4212,52.4568],[13.4249,52.4566],[13.4266,52.4567],[13.4246,52.4579],[13.4206,52.4594],[13.4214,52.4607],[13.4232,52.4604],[13.423,52.4613],[13.422,52.4615],[13.4221,52.4625],[13.4217,52.4635],[13.4215,52.4658],[13.4169,52.4654],[13.4158,52.4703],[13.4135,52.4787],[13.4109,52.4779],[13.4109,52.4777],[13.4066,52.4782],[13.4068,52.4789],[13.4062,52.4802],[13.4061,52.481],[13.4064,52.4828],[13.4002,52.4839],[13.3946,52.484],[13.3942,52.4841],[13.3942,52.4851]]]]}},{"type":"Feature","properties":{"name":"Mariendorf"},"geometry":{"type":"MultiPolygon","coordinates":[[[[13.3919,52.4533],[13.3917,52.4534],[13.3907,52.4533],[13.389,52.4533],[13.3829,52.4526],[13.3825,52.4531],[13.3781,52.452],[13.3747,52.4507],[13.3664,52.4461],[13.3656,52.4455],[13.3626,52.4441],[13.3716,52.4292],[13.3752,52.4287],[13.375,52.4283],[13.3782,52.4278],[13.3784,52.4279],[13.3835,52.4269],[13.3876,52.4275],[13.3884,52.4249],[13.387,52.4246],[13.3825,52.4232],[13.3852,52.4218],[13.3906,52.4202],[13.3925,52.4192],[13.3943,52.4188],[13.394,52.4185],[13.3983,52.4166],[13.3987,52.4172],[13.3984,52.4173],[13.3992,52.4175],[13.3991,52.4177],[13.4001,52.4188],[13.4048,52.42],[13.4055,52.4218],[13.4026,52.4222],[13.4058,52.4265],[13.4063,52.4278],[13.4069,52.4301],[13.4086,52.4327],[13.4092,52.4342],[13.4104,52.4361],[13.4106,52.4375],[13.4124,52.442],[13.414,52.4459],[13.4148,52.447],[13.4151,52.4485],[13.4157,52.4493],[13.4161,52.4508],[13.4168,52.4522],[13.4126,52.4529],[13.4086,52.4533],[13.4082,52.4527],[13.393,52.4531],[13.392,52.4531],[13.3919,52.4533]]]]}},{"type":"Feature","properties":{"name":"Schöneberg"},"geometry":{"type":"MultiPolygon","coordinates":[[[[13.3538,52.502],[13.3414,52.5049],[13.337,52.5007],[13.3389,52.4999],[13.3388,52.4997],[13.339,52.4994],[13.3378,52.4974],[13.3373,52.4959],[13.3375,52.4942],[13.3371,52.4923],[13.3371,52.491],[13.3375,52.4907],[13.337,52.4904],[13.3369,52.4898],[13.337,52.4888],[13.3372,52.4881],[13.3371,52.4859],[13.3372,52.4857],[13.3372,52.4825],[13.337,52.4821],[13.3372,52.4804],[13.3371,52.4785],[13.3434,52.4786],[13.3435,52.4783],[13.3438,52.4781],[13.3376,52.4732],[13.3373,52.4684],[13.3363,52.4674],[13.3385,52.4664],[13.3388,52.4666],[13.3389,52.4656],[13.345,52.4617],[13.3478,52.4592],[13.3476,52.459],[13.349,52.4588],[13.3491,52.4568],[13.3509,52.4566],[13.3529,52.4571],[13.3537,52.4567],[13.3542,52.4556],[13.356,52.4556],[13.3557,52.4572],[13.3558,52.4573],[13.3591,52.4568],[13.3592,52.4566],[13.359,52.4555],[13.3593,52.4548],[13.3619,52.4559],[13.364,52.4558],[13.3639,52.4549],[13.3665,52.4546],[13.3667,52.4557],[13.3702,52.4556],[13.3696,52.4565],[13.3697,52.4584],[13.3706,52.4587],[13.3709,52.4594],[13.3708,52.4601],[13.3699,52.4605],[13.3707,52.4703],[13.3709,52.4705],[13.3711,52.472],[13.3695,52.4723],[13.3678,52.4731],[13.3666,52.4745],[13.3662,52.4758],[13.3716,52.4852],[13.374,52.4852],[13.3742,52.4877],[13.3735,52.4877],[13.3735,52.488],[13.3747,52.4894],[13.3754,52.4894],[13.3755,52.4905],[13.3764,52.4914],[13.3764,52.4917],[13.3711,52.4928],[13.3711,52.4929],[13.3682,52.4933],[13.3686,52.494],[13.3684,52.4945],[13.3687,52.4974],[13.3696,52.4981],[13.3697,52.4988],[13.3695,52.4989],[13.3693,52.4987],[13.363,52.4996],[13.3575,52.5011],[13.3538,52.502]]]]}},{"type":"Feature","properties":{"name":"Friedenau"},"geometry":{"type":"MultiPolygon","coordinates":[[[[13.3438,52.4781],[13.3435,52.4783],[13.3434,52.4786],[13.3371,52.4785],[13.3371,52.4781],[13.333,52.4778],[13.3329,52.4774],[13.3204,52.4775],[13.3201,52.4707],[13.3205,52.4701],[13.3203,52.47],[13.3201,52.4696],[13.32,52.467],[13.321,52.467],[13.3282,52.4643],[13.3294,52.4656],[13.3306,52.4652],[13.3314,52.4659],[13.3348,52.4662],[13.3373,52.4684],[13.3376,52.4732],[13.3438,52.4781]]]]}},{"type":"Feature","properties":{"name":"Rudow"},"geometry":{"type":"MultiPolygon","coordinates":[[[[13.4787,52.4427],[13.4777,52.4423],[13.4751,52.4396],[13.4723,52.437],[13.4725,52.4369],[13.4723,52.4368],[13.4733,52.4362],[13.4764,52.4347],[13.4763,52.4344],[13.4775,52.4325],[13.4794,52.4311],[13.4772,52.43],[13.4736,52.4286],[13.474,52.4282],[13.4738,52.4281],[13.474,52.4275],[13.4738,52.426],[13.482,52.4257],[13.4827,52.4259],[13.4851,52.4241],[13.48,52.4201],[13.479,52.4198],[13.4772,52.4196],[13.468,52.4201],[13.4688,52.4183],[13.471,52.4141],[13.4731,52.4107],[13.4742,52.4087],[13.4758,52.4062],[13.4768,52.4043],[13.4776,52.4034],[13.4776,52.4027],[13.479,52.4],[13.4798,52.3959],[13.4835,52.3969],[13.4865,52.3974],[13.4906,52.3978],[13.495,52.3986],[13.5082,52.4003],[13.513,52.401],[13.516,52.4018],[13.516,52.4022],[13.517,52.4028],[13.5167,52.4033],[13.5193,52.4049],[13.5191,52.4051],[13.5207,52.4063],[13.5206,52.4064],[13.5217,52.4073],[13.5222,52.4083],[13.5232,52.4108],[13.5229,52.411],[13.5235,52.4117],[13.523,52.4121],[13.5234,52.4124],[13.5232,52.4127],[13.5241,52.4136],[13.5223,52.4144],[13.523,52.4155],[13.5222,52.4169],[13.5221,52.4184],[13.5208,52.4195],[13.5205,52.4208],[13.5199,52.4213],[13.5195,52.4214],[13.5187,52.4223],[13.5184,52.4229],[13.5202,52.4257],[13.5205,52.4266],[13.5198,52.4268],[13.5159,52.427],[13.5131,52.4274],[13.5108,52.4279],[13.5076,52.4289],[13.4985,52.4332],[13.4978,52.4334],[13.4971,52.4339],[13.4787,52.4427]]]]}},{"type":"Feature","properties":{"name":"Buckow"},"geometry":{"type":"MultiPolygon","coordinates":[[[[13.4151,52.4229],[13.4149,52.4235],[13.4145,52.424],[13.4126,52.4251],[13.4062,52.4275],[13.4054,52.4258],[13.4026,52.4222],[13.4055,52.4218],[13.4048,52.42],[13.4001,52.4188],[13.3995,52.418],[13.4025,52.4127],[13.4076,52.4134],[13.4106,52.4133],[13.4143,52.4123],[13.4182,52.4108],[13.4197,52.4105],[13.4196,52.4102],[13.428,52.4119],[13.4319,52.4125],[13.4354,52.4136],[13.4416,52.4151],[13.4471,52.4167],[13.4479,52.4172],[13.4547,52.4195],[13.4572,52.4201],[13.4565,52.4222],[13.456,52.4223],[13.4562,52.4226],[13.4561,52.4229],[13.4518,52.4239],[13.4496,52.4247],[13.4486,52.4253],[13.4473,52.4266],[13.4465,52.427],[13.4448,52.4264],[13.4441,52.427],[13.4431,52.4267],[13.4409,52.4265],[13.4348,52.4269],[13.4348,52.4279],[13.4301,52.4266],[13.4289,52.4248],[13.4216,52.4244],[13.4157,52.4229],[13.4151,52.4229]]],[[[13.4689,52.4398],[13.4683,52.4408],[13.4669,52.4419],[13.4623,52.4441],[13.4616,52.4443],[13.4586,52.4445],[13.4573,52.4435],[13.4561,52.4421],[13.453,52.4394],[13.4517,52.4374],[13.4515,52.4367],[13.4534,52.4353],[13.4562,52.4344],[13.4544,52.432],[13.4566,52.4314],[13.4599,52.4348],[13.4616,52.4342],[13.4628,52.4333],[13.4624,52.433],[13.4625,52.4329],[13.4602,52.4321],[13.4605,52.4318],[13.4615,52.4311],[13.4651,52.4297],[13.4676,52.4315],[13.4669,52.4317],[13.4687,52.4331],[13.4689,52.4329],[13.4696,52.4334],[13.4703,52.4332],[13.4704,52.4333],[13.4706,52.4331],[13.4704,52.433],[13.4713,52.4325],[13.472,52.4329],[13.4721,52.4328],[13.4716,52.4324],[13.4718,52.4322],[13.4719,52.4323],[13.4722,52.432],[13.4729,52.4324],[13.4747,52.4316],[13.4739,52.4311],[13.4745,52.4308],[13.4748,52.431],[13.4766,52.4297],[13.4794,52.4311],[13.4775,52.4325],[13.4763,52.4344],[13.4764,52.4347],[13.4723,52.4368],[13.4725,52.4369],[13.4723,52.437],[13.4736,52.4382],[13.473,52.4387],[13.4729,52.4386],[13.4696,52.4402],[13.4689,52.4398]]]]}},{"type":"Feature","properties":{"name":"Britz"},"geometry":{"type":"MultiPolygon","coordinates":[[[[13.4527,52.4651],[13.4513,52.465],[13.4445,52.4637],[13.4442,52.4638],[13.4412,52.4634],[13.4345,52.4629],[13.4317,52.4623],[13.423,52.4613],[13.4232,52.4604],[13.4214,52.4607],[13.4206,52.4594],[13.4246,52.4579],[13.4266,52.4567],[13.4249,52.4566],[13.4212,52.4568],[13.4177,52.4522],[13.4168,52.4522],[13.4161,52.4508],[13.4157,52.4493],[13.4151,52.4485],[13.4148,52.447],[13.414,52.4459],[13.4124,52.442],[13.4106,52.4375],[13.4104,52.4361],[13.4092,52.4342],[13.4086,52.4327],[13.4069,52.4301],[13.4062,52.4275],[13.4123,52.4253],[13.4143,52.4241],[13.4148,52.4236],[13.4151,52.4229],[13.4157,52.4229],[13.4216,52.4244],[13.4289,52.4248],[13.4301,52.4266],[13.4348,52.4279],[13.4348,52.4269],[13.4409,52.4265],[13.4431,52.4267],[13.4441,52.427],[13.4448,52.4264],[13.4465,52.427],[13.4459,52.4275],[13.4466,52.4279],[13.4475,52.429],[13.4492,52.433],[13.4496,52.433],[13.4505,52.4334],[13.4508,52.4351],[13.4513,52.4364],[13.4516,52.4368],[13.4517,52.4374],[13.4528,52.4391],[13.4584,52.4444],[13.459,52.4445],[13.4622,52.4441],[13.4669,52.4419],[13.4683,52.4408],[13.4687,52.4401],[13.469,52.4398],[13.4696,52.4402],[13.4729,52.4386],[13.473,52.4387],[13.4736,52.4382],[13.4777,52.4423],[13.4787,52.4427],[13.478,52.4432],[13.4656,52.4491],[13.4639,52.4502],[13.463,52.4511],[13.4627,52.4512],[13.4564,52.46],[13.4553,52.461],[13.4548,52.4609],[13.4529,52.4628],[13.4525,52.4634],[13.4524,52.4641],[13.4525,52.4647],[13.4527,52.4651]]]]}},{"type":"Feature","properties":{"name":"Neukölln"},"geometry":{"type":"MultiPolygon","coordinates":[[[[13.4205,52.4959],[13.4254,52.4881],[13.4249,52.4878],[13.4237,52.4864],[13.4208,52.4872],[13.4079,52.4889],[13.4077,52.4888],[13.4085,52.4871],[13.4068,52.4854],[13.4061,52.481],[13.4062,52.4802],[13.4068,52.4789],[13.4067,52.4782],[13.4109,52.4777],[13.4109,52.4779],[13.4135,52.4787],[13.4158,52.4703],[13.4169,52.4654],[13.4215,52.4658],[13.4217,52.4635],[13.4221,52.4625],[13.422,52.4615],[13.423,52.4613],[13.4317,52.4623],[13.4345,52.4629],[13.4412,52.4634],[13.4442,52.4638],[13.4445,52.4637],[13.4513,52.465],[13.4528,52.4651],[13.4525,52.4647],[13.4524,52.4641],[13.4525,52.4634],[13.4529,52.4628],[13.4548,52.4609],[13.4553,52.461],[13.4564,52.46],[13.457,52.4591],[13.4572,52.4593],[13.475,52.4588],[13.475,52.4595],[13.4758,52.4609],[13.4772,52.462],[13.4785,52.464],[13.4783,52.4652],[13.4764,52.4671],[13.475,52.4681],[13.4698,52.4733],[13.4696,52.474],[13.4703,52.4757],[13.4706,52.4769],[13.4581,52.4858],[13.4561,52.4843],[13.4468,52.489],[13.4444,52.4875],[13.4397,52.4899],[13.4396,52.4897],[13.4393,52.4896],[13.4383,52.4904],[13.4226,52.4954],[13.4205,52.4959]]]]}},{"type":"Feature","properties":{"name":"Gropiusstadt"},"geometry":{"type":"MultiPolygon","coordinates":[[[[13.4553,52.4332],[13.4562,52.4344],[13.4534,52.4353],[13.4515,52.4367],[13.4513,52.4364],[13.4508,52.4351],[13.4505,52.4334],[13.4496,52.433],[13.4492,52.433],[13.4475,52.429],[13.4466,52.4279],[13.4459,52.4275],[13.4473,52.4266],[13.4486,52.4253],[13.4495,52.4247],[13.4518,52.4239],[13.4561,52.4229],[13.4562,52.4226],[13.456,52.4223],[13.4565,52.4222],[13.4572,52.4201],[13.4595,52.4206],[13.4635,52.4211],[13.468,52.42],[13.4772,52.4196],[13.4784,52.4197],[13.48,52.4201],[13.4851,52.4241],[13.4827,52.4259],[13.482,52.4257],[13.4738,52.426],[13.474,52.4275],[13.4738,52.4281],[13.474,52.4282],[13.4736,52.4286],[13.4766,52.4297],[13.4748,52.431],[13.4745,52.4308],[13.4739,52.4311],[13.4747,52.4316],[13.4729,52.4324],[13.4722,52.432],[13.4719,52.4323],[13.4718,52.4322],[13.4716,52.4324],[13.4721,52.4328],[13.472,52.4329],[13.4713,52.4325],[13.4704,52.433],[13.4706,52.4331],[13.4704,52.4333],[13.4703,52.4332],[13.4696,52.4334],[13.4689,52.4329],[13.4687,52.4331],[13.4669,52.4317],[13.4676,52.4315],[13.4651,52.4297],[13.4615,52.4311],[13.4605,52.4318],[13.4602,52.4321],[13.4625,52.4329],[13.4624,52.433],[13.4628,52.4333],[13.4622,52.4338],[13.4606,52.4345],[13.4599,52.4348],[13.4566,52.4314],[13.4544,52.432],[13.4553,52.4332]]]]}},{"type":"Feature","properties":{"name":"Grünau"},"geometry":{"type":"MultiPolygon","coordinates":[[[[13.5758,52.4284],[13.5728,52.4281],[13.5617,52.4265],[13.5545,52.4258],[13.5546,52.4257],[13.5544,52.4257],[13.566,52.4174],[13.5707,52.4145],[13.5726,52.4131],[13.5729,52.413],[13.5728,52.4129],[13.5732,52.4118],[13.5736,52.4115],[13.5749,52.4093],[13.5775,52.409],[13.5806,52.4072],[13.5833,52.406],[13.587,52.4036],[13.5843,52.4013],[13.5865,52.3994],[13.5885,52.3996],[13.5893,52.3988],[13.5904,52.3972],[13.593,52.3969],[13.5931,52.3967],[13.593,52.3961],[13.5933,52.3956],[13.5927,52.3944],[13.5928,52.3938],[13.5927,52.3938],[13.5941,52.3924],[13.5942,52.3921],[13.594,52.3916],[13.5937,52.39],[13.5943,52.3889],[13.595,52.3889],[13.5952,52.3887],[13.5952,52.3882],[13.5949,52.3876],[13.595,52.3872],[13.5961,52.386],[13.5994,52.3854],[13.6005,52.3843],[13.6014,52.3839],[13.603,52.3828],[13.6037,52.3817],[13.6049,52.3809],[13.6064,52.3791],[13.6145,52.3861],[13.6099,52.3881],[13.6209,52.3975],[13.6198,52.3981],[13.6202,52.3986],[13.6215,52.3987],[13.6219,52.3984],[13.625,52.401],[13.6257,52.4002],[13.6292,52.4007],[13.6295,52.4],[13.6307,52.3995],[13.6311,52.3996],[13.6331,52.4008],[13.6279,52.404],[13.6275,52.4047],[13.6265,52.4075],[13.6256,52.4084],[13.6241,52.4091],[13.6231,52.4092],[13.6142,52.4087],[13.6055,52.4111],[13.6019,52.4127],[13.6003,52.4132],[13.5987,52.4133],[13.5962,52.4131],[13.5929,52.4124],[13.592,52.4124],[13.5898,52.4127],[13.5875,52.4135],[13.5858,52.4145],[13.5847,52.4158],[13.5845,52.4168],[13.5849,52.4185],[13.5848,52.4195],[13.5842,52.4205],[13.5827,52.4216],[13.5822,52.4222],[13.582,52.4229],[13.5818,52.4245],[13.5813,52.4254],[13.5806,52.4262],[13.5793,52.427],[13.5758,52.4284]]]]}},{"type":"Feature","properties":{"name":"Niederschöneweide"},"geometry":{"type":"MultiPolygon","coordinates":[[[[13.4988,52.469],[13.4983,52.4691],[13.4979,52.469],[13.4958,52.4668],[13.4954,52.4662],[13.4953,52.4663],[13.4935,52.4645],[13.4983,52.4618],[13.5059,52.4565],[13.5091,52.4546],[13.5089,52.4544],[13.5104,52.4533],[13.5103,52.4537],[13.5114,52.4544],[13.5132,52.4533],[13.5137,52.4536],[13.5152,52.4525],[13.5194,52.45],[13.5311,52.4421],[13.5312,52.4422],[13.53,52.4431],[13.5311,52.4437],[13.5332,52.4423],[13.5366,52.4442],[13.533,52.4464],[13.5328,52.4477],[13.5404,52.4482],[13.5423,52.4492],[13.5429,52.4502],[13.5533,52.448],[13.555,52.4508],[13.5579,52.45],[13.5579,52.4502],[13.5585,52.4498],[13.5582,52.4531],[13.5571,52.453],[13.5532,52.4533],[13.551,52.4537],[13.546,52.455],[13.5446,52.4553],[13.5401,52.4556],[13.5382,52.4556],[13.5375,52.4554],[13.5354,52.4542],[13.5332,52.4534],[13.5308,52.4529],[13.5285,52.4527],[13.5262,52.453],[13.5234,52.4537],[13.5217,52.4543],[13.5209,52.4548],[13.5205,52.4557],[13.5206,52.457],[13.5197,52.4578],[13.5166,52.458],[13.5147,52.4584],[13.5103,52.4605],[13.5082,52.4613],[13.5057,52.462],[13.5026,52.4636],[13.4996,52.4678],[13.4992,52.4688],[13.4988,52.469]]]]}},{"type":"Feature","properties":{"name":"Rahnsdorf"},"geometry":{"type":"MultiPolygon","coordinates":[[[[13.7038,52.4548],[13.7015,52.4549],[13.6983,52.4553],[13.6987,52.4565],[13.6985,52.4573],[13.6977,52.4585],[13.6975,52.4605],[13.6971,52.4617],[13.6956,52.464],[13.6954,52.464],[13.6954,52.4642],[13.691,52.4647],[13.6898,52.465],[13.6866,52.4651],[13.6828,52.4661],[13.6802,52.4678],[13.6786,52.4692],[13.6764,52.47],[13.6695,52.4733],[13.6624,52.4473],[13.6568,52.4374],[13.6747,52.4335],[13.6748,52.4338],[13.6746,52.434],[13.6749,52.4339],[13.6761,52.433],[13.678,52.4307],[13.6778,52.4306],[13.6752,52.4306],[13.6739,52.4313],[13.6731,52.4315],[13.6726,52.4315],[13.6725,52.4313],[13.6728,52.4306],[13.6722,52.4302],[13.6722,52.4297],[13.6726,52.4293],[13.6744,52.4286],[13.6768,52.4283],[13.6789,52.4291],[13.6802,52.429],[13.6818,52.4293],[13.6855,52.4287],[13.6871,52.4289],[13.6901,52.43],[13.6931,52.4299],[13.6961,52.4294],[13.6981,52.4289],[13.6988,52.4285],[13.6998,52.4277],[13.7016,52.4267],[13.7024,52.4264],[13.7083,52.4256],[13.7127,52.4257],[13.7142,52.4255],[13.7152,52.4252],[13.7177,52.4228],[13.7198,52.4213],[13.7204,52.4191],[13.721,52.4184],[13.7227,52.418],[13.7235,52.4172],[13.7251,52.4164],[13.7261,52.4167],[13.7264,52.4164],[13.7272,52.4169],[13.7272,52.417],[13.7277,52.417],[13.7281,52.4174],[13.7288,52.4175],[13.7298,52.4179],[13.7301,52.4183],[13.7299,52.4192],[13.7303,52.4198],[13.7308,52.4196],[13.7314,52.4197],[13.7311,52.4205],[13.7377,52.4267],[13.7395,52.4264],[13.7396,52.4267],[13.7408,52.4264],[13.7413,52.4268],[13.7417,52.4282],[13.7389,52.4289],[13.7394,52.4295],[13.7401,52.4325],[13.7332,52.4332],[13.7297,52.434],[13.7263,52.4352],[13.7228,52.4368],[13.7228,52.4371],[13.7275,52.435],[13.7314,52.4338],[13.7382,52.433],[13.7383,52.4333],[13.7429,52.4329],[13.7441,52.4381],[13.7505,52.4415],[13.7563,52.4416],[13.7544,52.4367],[13.76,52.4362],[13.7612,52.4377],[13.7609,52.4379],[13.7553,52.4384],[13.7571,52.443],[13.7544,52.4433],[13.7564,52.4462],[13.7554,52.446],[13.755,52.4465],[13.7535,52.4476],[13.7492,52.4487],[13.7448,52.4492],[13.7433,52.4489],[13.7378,52.4496],[13.7356,52.4503],[13.7356,52.4506],[13.7344,52.4507],[13.7327,52.4504],[13.7291,52.4508],[13.7206,52.4568],[13.7176,52.4605],[13.716,52.4629],[13.7134,52.463],[13.7115,52.4633],[13.7057,52.4656],[13.7019,52.4675],[13.7013,52.4682],[13.6991,52.4683],[13.7021,52.4644],[13.7026,52.4633],[13.703,52.4612],[13.7034,52.46],[13.7053,52.4599],[13.7056,52.4577],[13.7052,52.4556],[13.7046,52.4548],[13.7038,52.4548]]]]}},{"type":"Feature","properties":{"name":"Köpenick"},"geometry":{"type":"MultiPolygon","coordinates":[[[[13.5878,52.4804],[13.5863,52.4811],[13.5819,52.48],[13.5797,52.481],[13.5751,52.4795],[13.5744,52.4775],[13.5738,52.477],[13.5739,52.4765],[13.5736,52.4765],[13.5734,52.4768],[13.5731,52.4767],[13.5677,52.4746],[13.5671,52.4739],[13.5666,52.4737],[13.5657,52.4736],[13.5651,52.474],[13.5631,52.4735],[13.5596,52.4732],[13.5573,52.4733],[13.555,52.4736],[13.5515,52.4736],[13.548,52.4739],[13.5516,52.4698],[13.5527,52.4692],[13.5523,52.4688],[13.5525,52.4685],[13.5542,52.4669],[13.5615,52.4587],[13.5638,52.4566],[13.5664,52.4558],[13.5666,52.4555],[13.5646,52.4547],[13.5658,52.4543],[13.565,52.4531],[13.5641,52.4533],[13.5629,52.4535],[13.5615,52.4532],[13.5588,52.4533],[13.5582,52.4531],[13.5594,52.4394],[13.5601,52.4373],[13.5627,52.4336],[13.5634,52.4322],[13.5637,52.4305],[13.5634,52.4267],[13.5728,52.4281],[13.5758,52.4284],[13.5793,52.427],[13.5806,52.4262],[13.5813,52.4254],[13.5818,52.4245],[13.582,52.4229],[13.5822,52.4222],[13.5827,52.4216],[13.5842,52.4205],[13.5848,52.4195],[13.5849,52.4185],[13.5845,52.4168],[13.5847,52.4158],[13.5858,52.4145],[13.5875,52.4135],[13.5898,52.4127],[13.592,52.4124],[13.5929,52.4124],[13.5962,52.4131],[13.5987,52.4133],[13.6003,52.4132],[13.6019,52.4127],[13.6055,52.4111],[13.6142,52.4087],[13.6231,52.4092],[13.624,52.4092],[13.6256,52.4084],[13.6264,52.4076],[13.6268,52.4068],[13.6275,52.4047],[13.6279,52.4041],[13.6314,52.4018],[13.637,52.404],[13.6415,52.4048],[13.6443,52.4062],[13.6453,52.4069],[13.6473,52.409],[13.645,52.41],[13.6441,52.4097],[13.6446,52.4099],[13.645,52.411],[13.648,52.4167],[13.6508,52.4167],[13.6529,52.416],[13.6531,52.4165],[13.6569,52.4182],[13.6613,52.4183],[13.6623,52.4193],[13.6628,52.4204],[13.663,52.4219],[13.6637,52.4227],[13.667,52.4246],[13.6681,52.4257],[13.6701,52.4265],[13.6713,52.4273],[13.6715,52.4284],[13.6718,52.4286],[13.6723,52.4296],[13.6722,52.4301],[13.6728,52.4306],[13.6725,52.4313],[13.6726,52.4315],[13.6731,52.4315],[13.6739,52.4313],[13.6752,52.4306],[13.678,52.4306],[13.6779,52.431],[13.6761,52.433],[13.6747,52.434],[13.6748,52.4338],[13.6747,52.4335],[13.6249,52.4444],[13.6229,52.4441],[13.6225,52.4439],[13.621,52.4442],[13.6189,52.4433],[13.6177,52.4432],[13.6153,52.4442],[13.6149,52.4445],[13.6121,52.4453],[13.6101,52.4463],[13.6093,52.4465],[13.6086,52.447],[13.6078,52.4471],[13.6074,52.4474],[13.6043,52.4479],[13.6019,52.4489],[13.5987,52.449],[13.5964,52.4495],[13.595,52.4493],[13.5948,52.4504],[13.5945,52.4504],[13.5943,52.4513],[13.5944,52.4517],[13.5953,52.4524],[13.595,52.453],[13.5958,52.4532],[13.5959,52.4536],[13.5974,52.4538],[13.5974,52.4559],[13.5966,52.4568],[13.5971,52.4569],[13.5971,52.459],[13.6035,52.4588],[13.6034,52.4581],[13.6079,52.4579],[13.6059,52.459],[13.6077,52.4603],[13.6082,52.4603],[13.6085,52.4606],[13.6088,52.4606],[13.6093,52.4603],[13.6109,52.4604],[13.611,52.4607],[13.6116,52.4612],[13.6125,52.4611],[13.6129,52.4613],[13.6133,52.4612],[13.6137,52.4613],[13.6139,52.4617],[13.6144,52.4614],[13.6146,52.4615],[13.6148,52.4617],[13.6158,52.4618],[13.6156,52.462],[13.6157,52.4621],[13.6164,52.4625],[13.6168,52.4626],[13.617,52.4625],[13.6169,52.4621],[13.6181,52.4625],[13.6184,52.4626],[13.6184,52.4629],[13.6193,52.4627],[13.6195,52.4632],[13.6204,52.4635],[13.6198,52.4641],[13.6198,52.4648],[13.6206,52.4663],[13.622,52.467],[13.6219,52.4685],[13.621,52.4685],[13.6212,52.4705],[13.6171,52.4712],[13.6151,52.4697],[13.6121,52.4705],[13.6115,52.4706],[13.6113,52.4705],[13.6082,52.4711],[13.6084,52.4729],[13.6031,52.4728],[13.5996,52.4744],[13.5952,52.4768],[13.5878,52.4804]]]]}},{"type":"Feature","properties":{"name":"Oberschöneweide"},"geometry":{"type":"MultiPolygon","coordinates":[[[[13.4967,52.4833],[13.4942,52.4831],[13.4949,52.4813],[13.4956,52.4785],[13.4955,52.4779],[13.4945,52.4752],[13.4945,52.4743],[13.4948,52.4728],[13.4958,52.4709],[13.4961,52.4709],[13.4965,52.4705],[13.4975,52.4702],[13.4985,52.4696],[13.4992,52.4688],[13.4996,52.4678],[13.501,52.4657],[13.5026,52.4636],[13.5057,52.462],[13.5082,52.4613],[13.5103,52.4605],[13.5147,52.4584],[13.5166,52.458],[13.5197,52.4578],[13.5206,52.457],[13.5205,52.4557],[13.5208,52.455],[13.5211,52.4547],[13.5223,52.4541],[13.5257,52.4531],[13.5285,52.4527],[13.5308,52.4529],[13.5332,52.4534],[13.5354,52.4542],[13.5375,52.4554],[13.5382,52.4556],[13.5401,52.4556],[13.5454,52.4551],[13.551,52.4537],[13.5551,52.4531],[13.5575,52.453],[13.5588,52.4533],[13.5612,52.4532],[13.5629,52.4535],[13.5641,52.4533],[13.565,52.4531],[13.5658,52.4543],[13.5646,52.4547],[13.5666,52.4555],[13.5664,52.4558],[13.5638,52.4566],[13.5615,52.4587],[13.5542,52.4669],[13.5525,52.4685],[13.5523,52.4688],[13.5527,52.4692],[13.5516,52.4698],[13.5485,52.4733],[13.5421,52.474],[13.5398,52.475],[13.5308,52.4679],[13.5237,52.4739],[13.5216,52.4752],[13.5203,52.4741],[13.5165,52.4754],[13.5146,52.4757],[13.513,52.4757],[13.5078,52.4749],[13.5043,52.4781],[13.5019,52.4826],[13.5005,52.4827],[13.498,52.4833],[13.4967,52.4833]]]]}},{"type":"Feature","properties":{"name":"Friedrichshagen"},"geometry":{"type":"MultiPolygon","coordinates":[[[[13.6615,52.474],[13.6584,52.475],[13.6555,52.4766],[13.6483,52.4787],[13.6458,52.4789],[13.6432,52.4792],[13.6426,52.4787],[13.6362,52.4762],[13.631,52.475],[13.6282,52.4736],[13.6253,52.4737],[13.6247,52.4691],[13.6252,52.4687],[13.6229,52.4688],[13.6226,52.4681],[13.6229,52.4679],[13.6227,52.4678],[13.6231,52.4674],[13.623,52.4672],[13.6234,52.4667],[13.6227,52.4665],[13.6213,52.4666],[13.6206,52.4663],[13.6198,52.4648],[13.6198,52.4641],[13.6204,52.4635],[13.6195,52.4632],[13.6193,52.4627],[13.6184,52.4629],[13.6184,52.4626],[13.6181,52.4625],[13.6169,52.4621],[13.617,52.4625],[13.6168,52.4626],[13.6164,52.4625],[13.6157,52.4621],[13.6156,52.462],[13.6158,52.4618],[13.6148,52.4617],[13.6146,52.4615],[13.6144,52.4614],[13.6139,52.4617],[13.6137,52.4613],[13.6133,52.4612],[13.6129,52.4613],[13.6125,52.4611],[13.6116,52.4612],[13.611,52.4607],[13.6109,52.4604],[13.6093,52.4603],[13.6088,52.4606],[13.6085,52.4606],[13.6082,52.4603],[13.6077,52.4603],[13.6059,52.459],[13.6079,52.4579],[13.6034,52.4581],[13.6035,52.4588],[13.5971,52.459],[13.5971,52.4569],[13.5966,52.4568],[13.5974,52.4559],[13.5974,52.4538],[13.5959,52.4536],[13.5958,52.4532],[13.595,52.453],[13.5953,52.4525],[13.5952,52.4523],[13.5944,52.4517],[13.5943,52.4513],[13.5944,52.4506],[13.5945,52.4504],[13.5948,52.4504],[13.595,52.4493],[13.5964,52.4495],[13.5987,52.449],[13.6019,52.4489],[13.6043,52.4479],[13.6074,52.4474],[13.6078,52.4471],[13.6086,52.447],[13.6093,52.4465],[13.6101,52.4463],[13.6121,52.4453],[13.6149,52.4445],[13.6153,52.4442],[13.6177,52.4432],[13.6189,52.4433],[13.621,52.4442],[13.6225,52.4439],[13.6229,52.4441],[13.6249,52.4444],[13.6568,52.4374],[13.6624,52.4473],[13.6695,52.4733],[13.6676,52.4737],[13.6674,52.4739],[13.6672,52.4743],[13.6638,52.4737],[13.6615,52.474]]]]}},{"type":"Feature","properties":{"name":"Altglienicke"},"geometry":{"type":"MultiPolygon","coordinates":[[[[13.5214,52.426],[13.5205,52.4262],[13.5196,52.4246],[13.5184,52.4229],[13.5187,52.4223],[13.5195,52.4214],[13.5199,52.4213],[13.5205,52.4208],[13.5208,52.4195],[13.5221,52.4184],[13.5222,52.4169],[13.523,52.4155],[13.5223,52.4144],[13.5241,52.4136],[13.5232,52.4127],[13.5234,52.4124],[13.523,52.4121],[13.5235,52.4117],[13.5229,52.411],[13.5232,52.4108],[13.5218,52.4074],[13.5206,52.4064],[13.5207,52.4063],[13.5191,52.4051],[13.5193,52.4049],[13.5167,52.4033],[13.517,52.4028],[13.516,52.4022],[13.516,52.4018],[13.5186,52.4011],[13.5218,52.4006],[13.5246,52.3994],[13.5264,52.3989],[13.5297,52.3973],[13.5337,52.3989],[13.5371,52.4],[13.5384,52.4006],[13.5382,52.4],[13.5371,52.3983],[13.5372,52.398],[13.5363,52.3978],[13.5367,52.3972],[13.5357,52.395],[13.5391,52.3963],[13.5433,52.3986],[13.5501,52.4017],[13.5535,52.4035],[13.5613,52.4086],[13.5671,52.4136],[13.5687,52.4157],[13.566,52.4174],[13.5544,52.4257],[13.5491,52.425],[13.5452,52.4248],[13.5443,52.4249],[13.5214,52.426]]]]}},{"type":"Feature","properties":{"name":"Müggelheim"},"geometry":{"type":"MultiPolygon","coordinates":[[[[13.6978,52.429],[13.6953,52.4296],[13.6906,52.43],[13.6895,52.4299],[13.6879,52.4292],[13.686,52.4288],[13.6849,52.4287],[13.6818,52.4293],[13.6802,52.429],[13.6789,52.4291],[13.6768,52.4283],[13.6744,52.4286],[13.6726,52.4293],[13.6723,52.4296],[13.6718,52.4286],[13.6715,52.4284],[13.6713,52.4273],[13.6701,52.4265],[13.6681,52.4257],[13.667,52.4246],[13.6637,52.4227],[13.663,52.4219],[13.6628,52.4204],[13.6623,52.4193],[13.6613,52.4183],[13.6569,52.4182],[13.6531,52.4165],[13.6529,52.416],[13.6508,52.4167],[13.648,52.4167],[13.645,52.411],[13.6446,52.4099],[13.6441,52.4097],[13.645,52.41],[13.6473,52.409],[13.6453,52.4069],[13.6443,52.4062],[13.6415,52.4048],[13.637,52.404],[13.6314,52.4018],[13.6392,52.397],[13.6413,52.3963],[13.6425,52.3956],[13.644,52.3941],[13.6451,52.3926],[13.6487,52.3856],[13.655,52.3817],[13.6563,52.3814],[13.6567,52.3812],[13.6574,52.3805],[13.6659,52.3818],[13.6666,52.3816],[13.6675,52.3821],[13.6693,52.3823],[13.6697,52.3822],[13.6697,52.3825],[13.6712,52.3846],[13.6716,52.385],[13.679,52.3868],[13.6792,52.3871],[13.679,52.3883],[13.6793,52.3891],[13.6799,52.3897],[13.681,52.3904],[13.6839,52.3915],[13.6903,52.393],[13.6933,52.3939],[13.6966,52.3957],[13.7019,52.3981],[13.7025,52.3975],[13.7033,52.3971],[13.7059,52.3965],[13.7086,52.3966],[13.7095,52.3968],[13.7102,52.3962],[13.7121,52.3975],[13.7136,52.398],[13.7141,52.3988],[13.7159,52.3997],[13.717,52.3996],[13.7176,52.3989],[13.7181,52.3988],[13.7188,52.3988],[13.7198,52.3991],[13.7228,52.3983],[13.7234,52.3983],[13.7246,52.3988],[13.7254,52.3997],[13.7258,52.3995],[13.7264,52.3996],[13.7271,52.3998],[13.7275,52.4002],[13.7289,52.3998],[13.7291,52.3999],[13.729,52.4001],[13.7294,52.4002],[13.7298,52.3997],[13.7303,52.3997],[13.7313,52.4001],[13.7332,52.4012],[13.7343,52.4021],[13.7342,52.4033],[13.7354,52.406],[13.738,52.4067],[13.739,52.4073],[13.7379,52.4085],[13.7372,52.4096],[13.7358,52.4103],[13.7346,52.4106],[13.7333,52.4125],[13.7311,52.4145],[13.7299,52.4158],[13.7298,52.4163],[13.7301,52.417],[13.7314,52.4191],[13.7314,52.4198],[13.7308,52.4196],[13.7303,52.4198],[13.7299,52.4192],[13.7301,52.4183],[13.7298,52.4179],[13.7288,52.4175],[13.7281,52.4174],[13.7277,52.417],[13.7272,52.417],[13.7272,52.4169],[13.7264,52.4164],[13.7261,52.4167],[13.7251,52.4164],[13.7235,52.4172],[13.7227,52.418],[13.721,52.4184],[13.7206,52.4187],[13.7198,52.4213],[13.7177,52.4228],[13.7152,52.4252],[13.7133,52.4257],[13.7083,52.4256],[13.7024,52.4264],[13.7002,52.4274],[13.6995,52.4278],[13.6988,52.4285],[13.6978,52.429]]]]}},{"type":"Feature","properties":{"name":"Schmöckwitz"},"geometry":{"type":"MultiPolygon","coordinates":[[[[13.625,52.401],[13.6219,52.3984],[13.6215,52.3987],[13.6202,52.3986],[13.6198,52.3981],[13.6209,52.3975],[13.6099,52.3881],[13.6145,52.3861],[13.6064,52.3792],[13.6063,52.3786],[13.6055,52.378],[13.6065,52.3768],[13.6068,52.376],[13.6066,52.3749],[13.6058,52.3736],[13.6074,52.374],[13.6285,52.3814],[13.6332,52.3762],[13.6427,52.3775],[13.6428,52.3726],[13.6425,52.3714],[13.6421,52.3708],[13.6435,52.3705],[13.6468,52.3702],[13.6467,52.3696],[13.6469,52.369],[13.6473,52.368],[13.6472,52.367],[13.6469,52.3661],[13.6461,52.3653],[13.6447,52.3648],[13.6411,52.3631],[13.6402,52.3619],[13.6391,52.361],[13.6384,52.3597],[13.6385,52.3592],[13.6387,52.3588],[13.6381,52.3571],[13.6378,52.3482],[13.6367,52.3481],[13.6363,52.3468],[13.6368,52.3452],[13.6372,52.3447],[13.6387,52.3432],[13.6409,52.3419],[13.6428,52.3399],[13.6445,52.3399],[13.6455,52.3388],[13.6477,52.3382],[13.6488,52.3383],[13.6507,52.3389],[13.6517,52.3395],[13.6512,52.3426],[13.6523,52.3439],[13.6533,52.3456],[13.6556,52.3472],[13.6561,52.3478],[13.6562,52.348],[13.6559,52.3482],[13.656,52.3485],[13.6568,52.3496],[13.6568,52.3506],[13.6571,52.3516],[13.6575,52.3519],[13.659,52.3524],[13.6592,52.3526],[13.659,52.3528],[13.6596,52.3533],[13.662,52.3542],[13.6622,52.3544],[13.662,52.3546],[13.6627,52.3551],[13.6624,52.3553],[13.6624,52.3559],[13.663,52.3569],[13.6636,52.3574],[13.6649,52.3581],[13.6662,52.3581],[13.6658,52.3596],[13.6662,52.3605],[13.6664,52.3616],[13.6667,52.3624],[13.6685,52.3642],[13.67,52.3648],[13.6712,52.3665],[13.6718,52.3668],[13.6754,52.3677],[13.6774,52.3686],[13.6784,52.3692],[13.6793,52.3695],[13.681,52.3695],[13.6822,52.3696],[13.6828,52.3695],[13.6854,52.3685],[13.6872,52.3673],[13.6889,52.3674],[13.6895,52.3677],[13.6893,52.3678],[13.69,52.3679],[13.692,52.3672],[13.6922,52.3673],[13.6914,52.3675],[13.6913,52.3678],[13.6931,52.368],[13.6927,52.3688],[13.6929,52.3692],[13.6951,52.3707],[13.6962,52.3719],[13.697,52.3725],[13.6974,52.3731],[13.698,52.3734],[13.6987,52.3742],[13.6992,52.3749],[13.7,52.3756],[13.7006,52.3772],[13.7004,52.3775],[13.6994,52.3775],[13.6993,52.3777],[13.6972,52.3774],[13.6981,52.3799],[13.6988,52.3811],[13.6988,52.3815],[13.6952,52.381],[13.6897,52.3833],[13.6879,52.383],[13.6873,52.3833],[13.6871,52.3839],[13.6862,52.3839],[13.6861,52.384],[13.6866,52.385],[13.6868,52.3853],[13.6876,52.3852],[13.688,52.3861],[13.6887,52.3854],[13.6889,52.385],[13.6906,52.3855],[13.6942,52.3879],[13.6954,52.3889],[13.696,52.389],[13.6968,52.3897],[13.6973,52.3899],[13.6975,52.3906],[13.6979,52.391],[13.6977,52.3911],[13.6983,52.3918],[13.699,52.3919],[13.6984,52.3911],[13.6984,52.3907],[13.6987,52.3906],[13.6993,52.3908],[13.7002,52.3911],[13.7018,52.393],[13.7023,52.3933],[13.7033,52.3933],[13.7045,52.3935],[13.7055,52.3941],[13.7066,52.3951],[13.7073,52.3952],[13.7079,52.3951],[13.7086,52.3953],[13.7092,52.3957],[13.7099,52.3964],[13.7095,52.3968],[13.7086,52.3966],[13.7059,52.3965],[13.7033,52.3971],[13.7025,52.3975],[13.7019,52.3981],[13.6966,52.3957],[13.6933,52.3939],[13.6903,52.393],[13.6839,52.3915],[13.681,52.3904],[13.6799,52.3897],[13.6793,52.3891],[13.679,52.3883],[13.6792,52.3871],[13.679,52.3868],[13.6716,52.385],[13.6712,52.3846],[13.6697,52.3825],[13.6697,52.3822],[13.6693,52.3823],[13.6675,52.3821],[13.6666,52.3816],[13.6659,52.3818],[13.6574,52.3805],[13.6567,52.3812],[13.6563,52.3814],[13.655,52.3817],[13.6487,52.3856],[13.6451,52.3927],[13.6439,52.3943],[13.6423,52.3958],[13.6412,52.3964],[13.6392,52.397],[13.6331,52.4008],[13.6311,52.3996],[13.6307,52.3995],[13.6295,52.4],[13.6292,52.4007],[13.6257,52.4002],[13.625,52.401]]]]}},{"type":"Feature","properties":{"name":"Baumschulenweg"},"geometry":{"type":"MultiPolygon","coordinates":[[[[13.49,52.473],[13.4876,52.4757],[13.4838,52.4739],[13.4858,52.4725],[13.4839,52.4716],[13.4842,52.4714],[13.4842,52.4711],[13.4813,52.4712],[13.4796,52.471],[13.4791,52.4713],[13.4788,52.4713],[13.4792,52.471],[13.4789,52.4708],[13.4788,52.471],[13.4729,52.4701],[13.475,52.4681],[13.4764,52.4671],[13.4785,52.465],[13.4785,52.464],[13.4772,52.462],[13.4758,52.4609],[13.475,52.4595],[13.475,52.4588],[13.4572,52.4593],[13.457,52.4591],[13.459,52.4565],[13.4627,52.4512],[13.463,52.4511],[13.4643,52.4499],[13.4661,52.4488],[13.4767,52.4438],[13.4785,52.4428],[13.4842,52.4401],[13.4888,52.4429],[13.4898,52.4439],[13.4907,52.4435],[13.4929,52.4455],[13.4932,52.4453],[13.4973,52.4486],[13.4916,52.4502],[13.4885,52.4514],[13.4864,52.4519],[13.483,52.4521],[13.4819,52.4524],[13.4788,52.4545],[13.4756,52.4562],[13.4789,52.4587],[13.4832,52.4588],[13.4854,52.4593],[13.4865,52.4597],[13.4921,52.4582],[13.4971,52.4582],[13.4976,52.4584],[13.5006,52.4602],[13.4969,52.4627],[13.4935,52.4645],[13.4953,52.4663],[13.4954,52.4662],[13.4958,52.4668],[13.4979,52.469],[13.4983,52.4691],[13.499,52.469],[13.4981,52.4699],[13.4965,52.4705],[13.4961,52.4709],[13.4958,52.4709],[13.495,52.4723],[13.4925,52.4702],[13.49,52.473]]]]}},{"type":"Feature","properties":{"name":"Johannisthal"},"geometry":{"type":"MultiPolygon","coordinates":[[[[13.503,52.4585],[13.5006,52.4602],[13.4976,52.4584],[13.4971,52.4582],[13.4921,52.4582],[13.4865,52.4597],[13.4854,52.4593],[13.4832,52.4588],[13.4789,52.4587],[13.4756,52.4562],[13.4788,52.4545],[13.4819,52.4524],[13.483,52.4521],[13.4864,52.4519],[13.4885,52.4514],[13.4916,52.4502],[13.4973,52.4486],[13.4932,52.4453],[13.4929,52.4455],[13.4907,52.4435],[13.4898,52.4439],[13.4888,52.4429],[13.4842,52.4401],[13.4971,52.4339],[13.4978,52.4334],[13.4985,52.4332],[13.5079,52.4288],[13.5108,52.4279],[13.5134,52.4273],[13.5159,52.427],[13.5199,52.4267],[13.518,52.4327],[13.5307,52.44],[13.5309,52.4399],[13.5324,52.4408],[13.5307,52.442],[13.5311,52.4421],[13.5194,52.45],[13.5152,52.4525],[13.5137,52.4536],[13.5132,52.4533],[13.5114,52.4544],[13.5103,52.4537],[13.5104,52.4533],[13.5089,52.4544],[13.5091,52.4546],[13.5079,52.4552],[13.503,52.4585]]]]}},{"type":"Feature","properties":{"name":"Adlershof"},"geometry":{"type":"MultiPolygon","coordinates":[[[[13.5578,52.4501],[13.555,52.4508],[13.5533,52.448],[13.5429,52.4502],[13.5423,52.4492],[13.5404,52.4482],[13.5328,52.4477],[13.533,52.4464],[13.5366,52.4442],[13.5332,52.4423],[13.5311,52.4437],[13.53,52.4431],[13.5312,52.4422],[13.5307,52.442],[13.5324,52.4408],[13.5309,52.4399],[13.5307,52.44],[13.518,52.4327],[13.5199,52.4267],[13.5205,52.4266],[13.5205,52.4262],[13.5214,52.426],[13.5443,52.4249],[13.5454,52.4248],[13.5494,52.425],[13.5546,52.4257],[13.5545,52.4258],[13.5634,52.4267],[13.5637,52.4305],[13.5635,52.4318],[13.5627,52.4336],[13.5602,52.437],[13.5595,52.4386],[13.5593,52.4399],[13.5585,52.4498],[13.5579,52.4502],[13.5579,52.45],[13.5578,52.4501]]]]}},{"type":"Feature","properties":{"name":"Alt-Treptow"},"geometry":{"type":"MultiPolygon","coordinates":[[[[13.4527,52.4976],[13.4509,52.4971],[13.4477,52.4947],[13.4471,52.4946],[13.4458,52.4947],[13.445,52.4944],[13.44,52.4907],[13.4397,52.4899],[13.4444,52.4875],[13.4468,52.489],[13.4561,52.4843],[13.4586,52.4862],[13.4581,52.4874],[13.4582,52.4875],[13.4577,52.4881],[13.4579,52.4882],[13.4574,52.4884],[13.4587,52.4892],[13.4589,52.4902],[13.4593,52.4908],[13.473,52.4815],[13.4813,52.4855],[13.4818,52.486],[13.4823,52.4859],[13.483,52.486],[13.4821,52.4874],[13.4817,52.4876],[13.4794,52.4879],[13.4792,52.4879],[13.4786,52.487],[13.478,52.4879],[13.4777,52.4888],[13.4761,52.49],[13.4738,52.491],[13.471,52.4915],[13.4671,52.4927],[13.4632,52.4942],[13.4632,52.4943],[13.464,52.495],[13.4634,52.4954],[13.4619,52.4956],[13.4594,52.4966],[13.4551,52.4974],[13.4527,52.4976]]]]}},{"type":"Feature","properties":{"name":"Bohnsdorf"},"geometry":{"type":"MultiPolygon","coordinates":[[[[13.5687,52.4157],[13.5671,52.4136],[13.5613,52.4086],[13.5535,52.4035],[13.5501,52.4017],[13.5433,52.3986],[13.5391,52.3963],[13.5357,52.395],[13.5351,52.3933],[13.5348,52.3914],[13.5348,52.3908],[13.5355,52.389],[13.5642,52.3881],[13.5744,52.3901],[13.5829,52.3915],[13.5878,52.3925],[13.5906,52.3934],[13.5928,52.3938],[13.5927,52.3944],[13.5933,52.3956],[13.593,52.3961],[13.5931,52.3967],[13.593,52.3969],[13.5904,52.3972],[13.5893,52.3988],[13.5885,52.3996],[13.5865,52.3994],[13.5843,52.4013],[13.587,52.4036],[13.5833,52.406],[13.5806,52.4072],[13.5775,52.409],[13.5749,52.4093],[13.5736,52.4115],[13.5732,52.4118],[13.5728,52.4129],[13.5729,52.413],[13.5726,52.4131],[13.5707,52.4145],[13.5687,52.4157]]]]}},{"type":"Feature","properties":{"name":"Plänterwald"},"geometry":{"type":"MultiPolygon","coordinates":[[[[13.4594,52.4907],[13.4593,52.4908],[13.4589,52.4902],[13.4587,52.4892],[13.4574,52.4884],[13.4579,52.4882],[13.4577,52.4881],[13.4582,52.4875],[13.4581,52.4874],[13.4586,52.4862],[13.4581,52.4858],[13.4706,52.4769],[13.4703,52.4757],[13.4696,52.474],[13.4696,52.4737],[13.4701,52.4729],[13.4729,52.4701],[13.4788,52.471],[13.4789,52.4708],[13.4792,52.471],[13.4788,52.4713],[13.4791,52.4713],[13.4796,52.471],[13.4813,52.4712],[13.4842,52.4711],[13.4842,52.4714],[13.4839,52.4716],[13.4858,52.4725],[13.4838,52.4739],[13.4876,52.4757],[13.4925,52.4702],[13.495,52.4723],[13.4945,52.4743],[13.4945,52.4752],[13.4955,52.4779],[13.4956,52.4785],[13.4949,52.4813],[13.4936,52.4844],[13.4929,52.4856],[13.4908,52.4874],[13.4885,52.4878],[13.4876,52.4878],[13.4859,52.4874],[13.4829,52.486],[13.4823,52.4859],[13.4818,52.486],[13.4813,52.4855],[13.473,52.4815],[13.4594,52.4907]]]]}},{"type":"Feature","properties":{"name":"Marzahn"},"geometry":{"type":"MultiPolygon","coordinates":[[[[13.5685,52.5734],[13.5677,52.5745],[13.5661,52.573],[13.5666,52.5732],[13.5665,52.5729],[13.5644,52.5722],[13.5456,52.5678],[13.5446,52.5669],[13.5439,52.5666],[13.5424,52.5662],[13.5412,52.566],[13.534,52.5604],[13.5292,52.5574],[13.5254,52.5553],[13.526,52.5545],[13.5272,52.5523],[13.53,52.5445],[13.5306,52.5435],[13.5306,52.5429],[13.531,52.5417],[13.5319,52.5395],[13.5323,52.5393],[13.5316,52.5392],[13.5317,52.539],[13.5313,52.5389],[13.5316,52.5386],[13.5278,52.5378],[13.5231,52.5363],[13.5192,52.5358],[13.5193,52.5357],[13.5169,52.5355],[13.5173,52.5352],[13.5172,52.5352],[13.5182,52.5338],[13.5187,52.5327],[13.5191,52.5282],[13.5191,52.5261],[13.5193,52.5258],[13.5194,52.5246],[13.5187,52.5144],[13.5186,52.5145],[13.5186,52.5139],[13.5193,52.514],[13.5193,52.5139],[13.52,52.5139],[13.52,52.5137],[13.5204,52.5138],[13.5204,52.5139],[13.5236,52.5139],[13.534,52.5136],[13.5357,52.5132],[13.5373,52.5121],[13.5378,52.5111],[13.5378,52.5099],[13.5441,52.5096],[13.5451,52.5144],[13.5453,52.5144],[13.5452,52.5147],[13.5468,52.5217],[13.5474,52.5215],[13.5494,52.5302],[13.5498,52.5301],[13.5503,52.5324],[13.5501,52.5325],[13.5502,52.5329],[13.5506,52.5334],[13.5513,52.5337],[13.5665,52.5343],[13.5667,52.5351],[13.5671,52.5351],[13.5731,52.5341],[13.5749,52.5343],[13.5762,52.5337],[13.5774,52.5325],[13.578,52.5322],[13.584,52.5302],[13.5852,52.5305],[13.5857,52.5303],[13.5852,52.5305],[13.586,52.5309],[13.5866,52.5308],[13.586,52.5309],[13.5864,52.5315],[13.5859,52.5324],[13.5859,52.5328],[13.5866,52.5341],[13.5875,52.534],[13.5866,52.5341],[13.5866,52.5345],[13.5874,52.5345],[13.5866,52.5345],[13.5864,52.5351],[13.5848,52.5372],[13.5833,52.5385],[13.582,52.5391],[13.5813,52.5398],[13.5811,52.54],[13.5807,52.5416],[13.5807,52.5422],[13.5809,52.543],[13.5824,52.5444],[13.5836,52.5462],[13.5843,52.547],[13.5848,52.5479],[13.5862,52.5494],[13.5869,52.5512],[13.587,52.5517],[13.5875,52.5526],[13.5878,52.5534],[13.5877,52.5549],[13.5875,52.5559],[13.5869,52.5567],[13.5865,52.5577],[13.5849,52.5591],[13.5844,52.5599],[13.5843,52.5613],[13.5838,52.5626],[13.5839,52.5638],[13.5832,52.5652],[13.5831,52.566],[13.5834,52.5668],[13.5833,52.5677],[13.5815,52.5711],[13.5779,52.5711],[13.577,52.5729],[13.575,52.5738],[13.5714,52.5732],[13.5691,52.5734],[13.5692,52.5731],[13.5686,52.5731],[13.5685,52.5734]]]]}},{"type":"Feature","properties":{"name":"Biesdorf"},"geometry":{"type":"MultiPolygon","coordinates":[[[[13.5729,52.5341],[13.5671,52.5351],[13.5667,52.5351],[13.5665,52.5343],[13.5518,52.5337],[13.5506,52.5334],[13.5502,52.5328],[13.5501,52.5325],[13.5503,52.5324],[13.5498,52.5301],[13.5494,52.5302],[13.5474,52.5215],[13.5468,52.5217],[13.5452,52.5147],[13.5453,52.5144],[13.5451,52.5144],[13.5441,52.5096],[13.5362,52.51],[13.5363,52.5079],[13.5361,52.5079],[13.5363,52.5064],[13.536,52.506],[13.5352,52.5056],[13.5395,52.4985],[13.5421,52.4983],[13.5441,52.4962],[13.5438,52.4959],[13.5439,52.4957],[13.5445,52.4955],[13.5448,52.4932],[13.5463,52.4918],[13.5501,52.4855],[13.5502,52.4852],[13.5499,52.4845],[13.5491,52.4837],[13.5483,52.4825],[13.5479,52.4825],[13.5479,52.4798],[13.5485,52.4798],[13.5509,52.477],[13.552,52.4737],[13.555,52.4736],[13.5573,52.4733],[13.5609,52.4733],[13.5631,52.4735],[13.5651,52.474],[13.5657,52.4736],[13.5666,52.4737],[13.5671,52.4739],[13.5677,52.4746],[13.5682,52.4747],[13.568,52.4749],[13.5678,52.4761],[13.5675,52.4767],[13.5669,52.4771],[13.5642,52.4787],[13.5636,52.4793],[13.5635,52.4797],[13.5636,52.4804],[13.5636,52.482],[13.5641,52.4828],[13.5639,52.4834],[13.564,52.4838],[13.5643,52.4841],[13.5638,52.4843],[13.5637,52.4845],[13.5647,52.4853],[13.5652,52.4851],[13.5653,52.4853],[13.5649,52.4854],[13.5661,52.4873],[13.5669,52.4894],[13.5676,52.4901],[13.5685,52.4915],[13.569,52.4917],[13.5695,52.4927],[13.5702,52.4927],[13.5694,52.4928],[13.5695,52.4929],[13.5692,52.493],[13.5692,52.4938],[13.5689,52.4943],[13.5684,52.496],[13.5683,52.496],[13.5682,52.4962],[13.5682,52.4965],[13.5694,52.4984],[13.57,52.4989],[13.5713,52.4994],[13.5723,52.5003],[13.5729,52.5005],[13.574,52.5004],[13.5766,52.5006],[13.5774,52.501],[13.5785,52.5025],[13.5787,52.5038],[13.5795,52.5046],[13.5793,52.5058],[13.5787,52.5066],[13.5778,52.5072],[13.5768,52.5082],[13.5755,52.5089],[13.5739,52.5102],[13.5736,52.5119],[13.5734,52.5124],[13.5734,52.5128],[13.574,52.5134],[13.5747,52.5147],[13.5756,52.5168],[13.5756,52.5173],[13.5759,52.5183],[13.5765,52.5191],[13.5771,52.5224],[13.577,52.5235],[13.5778,52.5256],[13.5807,52.5276],[13.5815,52.5272],[13.5807,52.5276],[13.5833,52.5296],[13.584,52.5293],[13.5833,52.5296],[13.5838,52.53],[13.5846,52.5297],[13.584,52.53],[13.5841,52.5302],[13.578,52.5322],[13.5774,52.5325],[13.5765,52.5335],[13.5752,52.5342],[13.5749,52.5343],[13.5729,52.5341]]]]}},{"type":"Feature","properties":{"name":"Falkenberg"},"geometry":{"type":"MultiPolygon","coordinates":[[[[13.5666,52.5733],[13.5677,52.5745],[13.5665,52.5762],[13.5645,52.5782],[13.5619,52.5804],[13.5598,52.5817],[13.5555,52.5842],[13.5517,52.5858],[13.547,52.5876],[13.5384,52.5751],[13.5371,52.5728],[13.536,52.5728],[13.536,52.5727],[13.5314,52.5729],[13.53,52.5706],[13.5317,52.57],[13.5325,52.5699],[13.5339,52.5692],[13.5338,52.5688],[13.5341,52.5685],[13.5358,52.5677],[13.5359,52.5678],[13.5368,52.5674],[13.5379,52.5678],[13.5419,52.5661],[13.5444,52.5668],[13.5456,52.5678],[13.5639,52.5721],[13.5665,52.5729],[13.5666,52.5732],[13.5661,52.573],[13.5666,52.5733]]]]}},{"type":"Feature","properties":{"name":"Alt-Hohenschönhausen"},"geometry":{"type":"MultiPolygon","coordinates":[[[[13.5017,52.5621],[13.4994,52.5626],[13.4861,52.5642],[13.4856,52.5624],[13.4853,52.5623],[13.4852,52.5618],[13.4854,52.5616],[13.4873,52.5613],[13.4908,52.5601],[13.4917,52.5594],[13.4953,52.5556],[13.4956,52.5547],[13.4956,52.5536],[13.4944,52.5508],[13.4904,52.5517],[13.4861,52.5524],[13.4822,52.5496],[13.4817,52.5495],[13.4804,52.5495],[13.4803,52.5496],[13.4801,52.5495],[13.4797,52.5496],[13.4793,52.5493],[13.4798,52.5491],[13.4805,52.5481],[13.4796,52.5475],[13.4699,52.5477],[13.4685,52.5482],[13.4674,52.5483],[13.467,52.5481],[13.4699,52.5403],[13.4713,52.5381],[13.4743,52.5349],[13.4756,52.5331],[13.477,52.5335],[13.4787,52.5334],[13.4955,52.5345],[13.4988,52.5345],[13.5056,52.535],[13.5056,52.5348],[13.5058,52.5348],[13.5193,52.5357],[13.5192,52.5358],[13.5231,52.5363],[13.5278,52.5378],[13.5316,52.5386],[13.5313,52.5389],[13.5317,52.539],[13.5316,52.5392],[13.5323,52.5393],[13.5319,52.5395],[13.531,52.5417],[13.5306,52.5429],[13.5306,52.5435],[13.53,52.5445],[13.5272,52.5523],[13.526,52.5545],[13.5254,52.5553],[13.5255,52.5554],[13.5254,52.5555],[13.5249,52.5553],[13.5244,52.556],[13.5157,52.5581],[13.5017,52.5621]]]]}},{"type":"Feature","properties":{"name":"Lichtenberg"},"geometry":{"type":"MultiPolygon","coordinates":[[[[13.5169,52.5355],[13.5056,52.5348],[13.5056,52.535],[13.4988,52.5345],[13.4955,52.5345],[13.484,52.5337],[13.484,52.5333],[13.4848,52.5334],[13.4853,52.5304],[13.4851,52.5265],[13.4851,52.5254],[13.4854,52.5244],[13.4853,52.5233],[13.4722,52.5231],[13.4722,52.5229],[13.4696,52.5232],[13.4696,52.5228],[13.471,52.5218],[13.4721,52.5207],[13.4726,52.5205],[13.4738,52.5191],[13.4742,52.5191],[13.4765,52.5152],[13.4777,52.5147],[13.4775,52.5144],[13.4759,52.5149],[13.4754,52.5134],[13.4759,52.5121],[13.4763,52.5104],[13.4758,52.5103],[13.4754,52.5096],[13.4731,52.5071],[13.4734,52.5069],[13.4728,52.5067],[13.4727,52.5064],[13.4723,52.5061],[13.4723,52.506],[13.4738,52.5067],[13.4761,52.507],[13.4784,52.5069],[13.4828,52.5059],[13.4853,52.5059],[13.4872,52.5064],[13.4907,52.5077],[13.4974,52.5112],[13.5019,52.513],[13.5039,52.5136],[13.508,52.5147],[13.5084,52.5144],[13.5127,52.5146],[13.5187,52.5144],[13.5194,52.5238],[13.5193,52.5258],[13.5191,52.5261],[13.5189,52.5312],[13.5187,52.5327],[13.5185,52.5333],[13.5172,52.5352],[13.5173,52.5352],[13.5169,52.5355]]]]}},{"type":"Feature","properties":{"name":"Fennpfuhl"},"geometry":{"type":"MultiPolygon","coordinates":[[[[13.471,52.5387],[13.4698,52.5405],[13.4673,52.5385],[13.4676,52.5384],[13.4664,52.5367],[13.4678,52.5362],[13.4687,52.5347],[13.4673,52.534],[13.467,52.5341],[13.4645,52.5332],[13.4644,52.533],[13.4634,52.5326],[13.4607,52.5294],[13.4562,52.5283],[13.4582,52.5264],[13.4597,52.5255],[13.4628,52.5245],[13.4671,52.5238],[13.4696,52.5228],[13.4696,52.5232],[13.4722,52.5229],[13.4722,52.5231],[13.4773,52.5231],[13.4853,52.5233],[13.4854,52.5244],[13.4851,52.5254],[13.4851,52.5265],[13.4853,52.5304],[13.4848,52.5334],[13.484,52.5333],[13.484,52.5337],[13.4787,52.5334],[13.477,52.5335],[13.4756,52.5331],[13.4746,52.5345],[13.4713,52.5381],[13.471,52.5387]]]]}},{"type":"Feature","properties":{"name":"Karlshorst"},"geometry":{"type":"MultiPolygon","coordinates":[[[[13.5463,52.4918],[13.5448,52.4932],[13.5445,52.4955],[13.5439,52.4957],[13.5438,52.4959],[13.5441,52.4962],[13.5421,52.4983],[13.5417,52.4983],[13.513,52.4913],[13.5099,52.4909],[13.5058,52.4912],[13.5071,52.4909],[13.515,52.4874],[13.5147,52.4869],[13.5154,52.4866],[13.5152,52.4862],[13.5156,52.486],[13.5153,52.4859],[13.5156,52.4858],[13.5149,52.4855],[13.5147,52.4856],[13.5134,52.485],[13.5112,52.4844],[13.5056,52.4845],[13.5058,52.4842],[13.5016,52.483],[13.5043,52.4781],[13.5078,52.4749],[13.513,52.4757],[13.5146,52.4757],[13.5165,52.4754],[13.5203,52.4741],[13.5216,52.4752],[13.5237,52.4739],[13.5308,52.4679],[13.5398,52.475],[13.5421,52.474],[13.5484,52.4733],[13.548,52.4739],[13.5526,52.4737],[13.552,52.4737],[13.5509,52.477],[13.5485,52.4798],[13.5479,52.4798],[13.5479,52.4825],[13.5483,52.4825],[13.5491,52.4837],[13.5499,52.4845],[13.5502,52.4852],[13.55,52.4858],[13.5463,52.4918]]]]}},{"type":"Feature","properties":{"name":"Rummelsburg"},"geometry":{"type":"MultiPolygon","coordinates":[[[[13.5083,52.5144],[13.508,52.5147],[13.5019,52.513],[13.4974,52.5112],[13.4909,52.5077],[13.4879,52.5066],[13.4858,52.506],[13.4844,52.5058],[13.483,52.5058],[13.4784,52.5069],[13.4765,52.507],[13.4749,52.5069],[13.4733,52.5065],[13.4717,52.5057],[13.4704,52.5041],[13.4686,52.4997],[13.4731,52.499],[13.4841,52.4917],[13.4849,52.4916],[13.4858,52.4912],[13.4861,52.4908],[13.4885,52.4899],[13.4888,52.4892],[13.4915,52.4883],[13.4907,52.4874],[13.4927,52.4858],[13.4936,52.4844],[13.4942,52.4831],[13.4979,52.4833],[13.5005,52.4827],[13.502,52.4826],[13.5017,52.4831],[13.5058,52.4842],[13.5056,52.4845],[13.5112,52.4844],[13.5134,52.485],[13.5147,52.4856],[13.5149,52.4855],[13.5156,52.4858],[13.5153,52.4859],[13.5156,52.486],[13.5152,52.4862],[13.5154,52.4866],[13.5147,52.4869],[13.515,52.4874],[13.5071,52.4909],[13.5056,52.4912],[13.5058,52.4916],[13.5015,52.4926],[13.4999,52.4931],[13.4999,52.4934],[13.499,52.4934],[13.4988,52.4935],[13.499,52.4936],[13.4979,52.4943],[13.4956,52.4951],[13.4959,52.4953],[13.4959,52.4956],[13.4928,52.4976],[13.4936,52.4981],[13.4956,52.5005],[13.4973,52.5009],[13.5041,52.5094],[13.5036,52.5096],[13.5077,52.513],[13.5087,52.5144],[13.5083,52.5144]]]]}},{"type":"Feature","properties":{"name":"Malchow"},"geometry":{"type":"MultiPolygon","coordinates":[[[[13.4874,52.5859],[13.4855,52.5873],[13.4846,52.5856],[13.4843,52.5856],[13.4836,52.5841],[13.482,52.584],[13.4816,52.5833],[13.4805,52.5835],[13.4798,52.5816],[13.4797,52.5801],[13.4802,52.5779],[13.4805,52.5777],[13.48,52.5777],[13.4799,52.5754],[13.4797,52.5751],[13.4801,52.5751],[13.4801,52.575],[13.4796,52.5738],[13.4796,52.5735],[13.4799,52.5735],[13.4799,52.5733],[13.4796,52.5733],[13.4795,52.5727],[13.482,52.5725],[13.4828,52.5726],[13.4826,52.5716],[13.4896,52.5682],[13.4909,52.5693],[13.4906,52.5695],[13.4906,52.5696],[13.4908,52.5697],[13.4901,52.5707],[13.4899,52.5716],[13.4903,52.5722],[13.491,52.5726],[13.4908,52.5728],[13.4914,52.5729],[13.4915,52.5727],[13.4918,52.5728],[13.4914,52.5736],[13.4949,52.5737],[13.4981,52.5753],[13.4983,52.5756],[13.4984,52.5762],[13.4989,52.5767],[13.4892,52.5844],[13.4891,52.5843],[13.4881,52.5852],[13.488,52.5854],[13.4874,52.5859]]]]}},{"type":"Feature","properties":{"name":"Neu-Hohenschönhausen"},"geometry":{"type":"MultiPolygon","coordinates":[[[[13.5116,52.5782],[13.5117,52.579],[13.5107,52.5791],[13.5077,52.5785],[13.5052,52.5778],[13.5036,52.5778],[13.5007,52.5774],[13.4987,52.5766],[13.4983,52.5761],[13.4983,52.5756],[13.4981,52.5753],[13.4949,52.5737],[13.4914,52.5736],[13.4918,52.5728],[13.4915,52.5727],[13.4914,52.5729],[13.4908,52.5728],[13.491,52.5726],[13.4903,52.5722],[13.4899,52.5716],[13.4901,52.5707],[13.4908,52.5697],[13.4906,52.5696],[13.4906,52.5695],[13.4909,52.5693],[13.4896,52.5682],[13.4876,52.5692],[13.4836,52.5661],[13.4842,52.566],[13.4837,52.5644],[13.4994,52.5626],[13.5021,52.562],[13.5157,52.5581],[13.5244,52.556],[13.5249,52.5553],[13.5256,52.5555],[13.5292,52.5574],[13.534,52.5604],[13.541,52.5659],[13.5419,52.5661],[13.5379,52.5678],[13.5368,52.5674],[13.5359,52.5678],[13.5358,52.5677],[13.5341,52.5685],[13.5338,52.5688],[13.5339,52.5692],[13.5325,52.5699],[13.5317,52.57],[13.53,52.5706],[13.5254,52.5712],[13.5208,52.5721],[13.5205,52.5724],[13.5179,52.5725],[13.5178,52.5723],[13.5166,52.5723],[13.5131,52.5728],[13.5131,52.5739],[13.5134,52.5747],[13.5121,52.5747],[13.5122,52.5753],[13.5119,52.5755],[13.5121,52.5764],[13.5115,52.5764],[13.5116,52.5782]]]]}},{"type":"Feature","properties":{"name":"Wartenberg"},"geometry":{"type":"MultiPolygon","coordinates":[[[[13.5076,52.5928],[13.5052,52.5965],[13.489,52.5901],[13.4869,52.5888],[13.486,52.588],[13.4855,52.5873],[13.488,52.5854],[13.4881,52.5852],[13.4891,52.5843],[13.4892,52.5844],[13.4989,52.5767],[13.5007,52.5774],[13.5036,52.5778],[13.5052,52.5778],[13.5093,52.5789],[13.5107,52.5791],[13.5117,52.579],[13.5115,52.5764],[13.5121,52.5764],[13.5119,52.5755],[13.5122,52.5753],[13.5121,52.5747],[13.5134,52.5747],[13.5131,52.5739],[13.5131,52.5728],[13.5166,52.5723],[13.5178,52.5723],[13.5179,52.5725],[13.5205,52.5724],[13.5208,52.5721],[13.5254,52.5712],[13.53,52.5706],[13.5314,52.5729],[13.536,52.5727],[13.536,52.5728],[13.5371,52.5728],[13.5384,52.5751],[13.5471,52.5879],[13.5277,52.5922],[13.5229,52.5927],[13.5081,52.5921],[13.5076,52.5928]]]]}},{"type":"Feature","properties":{"name":"Friedrichsfelde"},"geometry":{"type":"MultiPolygon","coordinates":[[[[13.5187,52.5139],[13.5186,52.5139],[13.5186,52.5145],[13.5127,52.5146],[13.5087,52.5144],[13.5076,52.5129],[13.5037,52.5097],[13.5036,52.5096],[13.5041,52.5094],[13.4973,52.5009],[13.4956,52.5005],[13.4936,52.4981],[13.4928,52.4976],[13.4959,52.4956],[13.4959,52.4953],[13.4956,52.4951],[13.4979,52.4943],[13.499,52.4936],[13.4988,52.4935],[13.499,52.4934],[13.4999,52.4934],[13.4999,52.4931],[13.5015,52.4926],[13.5058,52.4916],[13.5056,52.4912],[13.5058,52.4912],[13.5099,52.4909],[13.5136,52.4914],[13.5417,52.4983],[13.5395,52.4985],[13.5352,52.5056],[13.536,52.506],[13.5363,52.5064],[13.5361,52.5079],[13.5363,52.5079],[13.5362,52.51],[13.5382,52.5099],[13.5378,52.5099],[13.5378,52.5111],[13.5376,52.5118],[13.5365,52.5128],[13.5354,52.5133],[13.534,52.5136],[13.5236,52.5139],[13.5204,52.5139],[13.5204,52.5138],[13.52,52.5137],[13.52,52.5139],[13.5193,52.5139],[13.5193,52.514],[13.5188,52.514],[13.5187,52.5139]]]]}},{"type":"Feature","properties":{"name":"Hermsdorf"},"geometry":{"type":"MultiPolygon","coordinates":[[[[13.317,52.6272],[13.3134,52.6281],[13.3123,52.6282],[13.3085,52.628],[13.3016,52.6271],[13.2973,52.627],[13.2884,52.6261],[13.2891,52.6247],[13.2895,52.6243],[13.2854,52.6222],[13.2935,52.6166],[13.2813,52.6102],[13.2896,52.6043],[13.2892,52.6043],[13.289,52.6038],[13.2885,52.6034],[13.2888,52.6033],[13.2886,52.6026],[13.2887,52.6026],[13.2885,52.6022],[13.2893,52.6011],[13.2888,52.6009],[13.2889,52.6007],[13.2896,52.601],[13.2894,52.6014],[13.2899,52.6014],[13.2913,52.6019],[13.2921,52.6025],[13.2921,52.6026],[13.291,52.6027],[13.2911,52.6029],[13.2916,52.603],[13.2914,52.6035],[13.2922,52.6035],[13.2926,52.6034],[13.2932,52.6036],[13.2933,52.6038],[13.2928,52.6038],[13.2927,52.6041],[13.2934,52.6043],[13.2933,52.6048],[13.2936,52.6049],[13.2938,52.6046],[13.2943,52.6048],[13.2949,52.6047],[13.2948,52.6051],[13.2954,52.605],[13.2952,52.6054],[13.2953,52.6056],[13.2959,52.6053],[13.2967,52.6056],[13.298,52.6062],[13.2986,52.606],[13.2998,52.606],[13.3001,52.6063],[13.3001,52.6064],[13.3002,52.6066],[13.302,52.6061],[13.302,52.6058],[13.3023,52.6057],[13.3022,52.6054],[13.303,52.6051],[13.3031,52.6047],[13.3033,52.6047],[13.3035,52.6051],[13.3039,52.6049],[13.3049,52.6057],[13.3054,52.6059],[13.3049,52.6063],[13.305,52.6065],[13.306,52.6063],[13.3058,52.6065],[13.3059,52.6068],[13.3068,52.6071],[13.3068,52.6076],[13.3074,52.6076],[13.3077,52.6079],[13.3081,52.6077],[13.3084,52.6079],[13.3088,52.6077],[13.309,52.608],[13.3097,52.6079],[13.3104,52.6081],[13.3107,52.6085],[13.3106,52.6088],[13.3115,52.6096],[13.3131,52.6106],[13.3154,52.6113],[13.3164,52.6126],[13.3176,52.6127],[13.3192,52.6124],[13.3211,52.6131],[13.3235,52.6128],[13.3248,52.6131],[13.3261,52.613],[13.3269,52.6132],[13.3288,52.6141],[13.3291,52.6141],[13.3291,52.6139],[13.3295,52.614],[13.3297,52.6142],[13.33,52.6141],[13.3311,52.6149],[13.3311,52.6158],[13.3314,52.6161],[13.3311,52.6162],[13.3312,52.6173],[13.3315,52.6175],[13.331,52.6176],[13.3302,52.618],[13.3299,52.6185],[13.33,52.6193],[13.3306,52.6197],[13.3319,52.6199],[13.3337,52.6208],[13.3336,52.6209],[13.3345,52.622],[13.3367,52.6225],[13.3367,52.6226],[13.3329,52.6242],[13.3326,52.624],[13.3289,52.6254],[13.3256,52.6259],[13.3238,52.6264],[13.3196,52.6267],[13.317,52.6272]]]]}},{"type":"Feature","properties":{"name":"Heiligensee"},"geometry":{"type":"MultiPolygon","coordinates":[[[[13.2251,52.6282],[13.2242,52.6284],[13.223,52.6282],[13.2205,52.6283],[13.2207,52.6278],[13.2203,52.6269],[13.2203,52.6261],[13.2198,52.6244],[13.2168,52.6202],[13.2148,52.6193],[13.2096,52.6123],[13.2069,52.6091],[13.206,52.6085],[13.205,52.6081],[13.2023,52.6074],[13.2019,52.607],[13.2016,52.6066],[13.2017,52.6055],[13.2023,52.6042],[13.2058,52.6014],[13.2082,52.599],[13.2113,52.5968],[13.2153,52.595],[13.2181,52.5932],[13.2207,52.5946],[13.2222,52.5963],[13.2251,52.5967],[13.2261,52.5965],[13.2278,52.5965],[13.2308,52.596],[13.2312,52.5965],[13.233,52.5962],[13.2348,52.5963],[13.2395,52.597],[13.2403,52.5982],[13.241,52.5986],[13.2446,52.599],[13.2477,52.599],[13.2479,52.5996],[13.2477,52.6014],[13.2477,52.6028],[13.2495,52.6051],[13.2503,52.6073],[13.2534,52.6075],[13.2556,52.6066],[13.2573,52.6062],[13.2573,52.6061],[13.2596,52.6057],[13.2612,52.6079],[13.2558,52.6098],[13.2526,52.6111],[13.2485,52.6127],[13.2736,52.6256],[13.272,52.6261],[13.2683,52.626],[13.2672,52.6262],[13.2658,52.6263],[13.2634,52.6272],[13.2603,52.6277],[13.257,52.6277],[13.2525,52.6273],[13.2491,52.6275],[13.2464,52.6273],[13.2457,52.6274],[13.2433,52.6282],[13.2424,52.6283],[13.2397,52.6278],[13.2358,52.6278],[13.2304,52.6274],[13.2272,52.6276],[13.2259,52.6279],[13.2259,52.6283],[13.2251,52.6284],[13.2253,52.6282],[13.2251,52.6282]]]]}},{"type":"Feature","properties":{"name":"Borsigwalde"},"geometry":{"type":"MultiPolygon","coordinates":[[[[13.3194,52.5876],[13.3142,52.5887],[13.3114,52.5895],[13.3091,52.5904],[13.3058,52.5919],[13.3057,52.5919],[13.3058,52.5914],[13.3044,52.5902],[13.2982,52.5896],[13.2953,52.5871],[13.2945,52.5873],[13.2909,52.587],[13.2913,52.5864],[13.2916,52.5865],[13.2919,52.5861],[13.2943,52.5826],[13.2955,52.5818],[13.2987,52.5807],[13.2986,52.5806],[13.3064,52.5781],[13.3085,52.5777],[13.3105,52.5776],[13.3153,52.5778],[13.3235,52.5874],[13.321,52.5875],[13.3192,52.5874],[13.3194,52.5876]]]]}},{"type":"Feature","properties":{"name":"Waidmannslust"},"geometry":{"type":"MultiPolygon","coordinates":[[[[13.3316,52.6145],[13.3311,52.6149],[13.33,52.6141],[13.3297,52.6142],[13.3295,52.614],[13.3291,52.6139],[13.3291,52.6141],[13.3288,52.6141],[13.3269,52.6132],[13.3261,52.613],[13.3248,52.6131],[13.3235,52.6128],[13.3211,52.6131],[13.3192,52.6124],[13.3176,52.6127],[13.3164,52.6126],[13.3154,52.6113],[13.3131,52.6106],[13.3115,52.6096],[13.3106,52.6088],[13.3107,52.6085],[13.3104,52.6081],[13.3097,52.6079],[13.309,52.608],[13.3088,52.6077],[13.3084,52.6079],[13.3081,52.6077],[13.3077,52.6079],[13.3074,52.6076],[13.3069,52.6076],[13.3067,52.6074],[13.3068,52.6071],[13.3058,52.6067],[13.3058,52.6065],[13.306,52.6063],[13.3049,52.6065],[13.3049,52.6063],[13.3054,52.6059],[13.3049,52.6057],[13.3039,52.6049],[13.3035,52.6051],[13.3032,52.6047],[13.303,52.6047],[13.303,52.6051],[13.3022,52.6054],[13.3023,52.6057],[13.302,52.6058],[13.302,52.6061],[13.3009,52.6064],[13.3051,52.5988],[13.3056,52.5989],[13.3076,52.5971],[13.3085,52.5978],[13.3094,52.5982],[13.3104,52.598],[13.3111,52.5981],[13.3128,52.598],[13.3142,52.5981],[13.315,52.5988],[13.3145,52.5999],[13.314,52.6004],[13.3125,52.6011],[13.3127,52.6016],[13.3155,52.6025],[13.316,52.6031],[13.3175,52.6032],[13.3179,52.6038],[13.3184,52.604],[13.3202,52.6044],[13.3213,52.6049],[13.3223,52.6051],[13.3225,52.6054],[13.3241,52.606],[13.3254,52.6059],[13.3257,52.606],[13.3264,52.6055],[13.328,52.605],[13.3286,52.6047],[13.3291,52.605],[13.3286,52.6054],[13.329,52.6057],[13.3298,52.6059],[13.3326,52.6054],[13.3328,52.6052],[13.3344,52.6053],[13.3367,52.606],[13.3371,52.6063],[13.3376,52.6072],[13.3383,52.6076],[13.3388,52.6081],[13.34,52.6085],[13.337,52.6112],[13.3365,52.6111],[13.3316,52.6145]]]]}},{"type":"Feature","properties":{"name":"Konradshöhe"},"geometry":{"type":"MultiPolygon","coordinates":[[[[13.237,52.5829],[13.2382,52.5855],[13.234,52.5872],[13.2334,52.5877],[13.2329,52.5889],[13.2298,52.5899],[13.228,52.5908],[13.2284,52.5914],[13.225,52.5923],[13.2234,52.5926],[13.2209,52.5949],[13.2181,52.5932],[13.2189,52.5924],[13.2193,52.5914],[13.2164,52.5857],[13.2154,52.5848],[13.2152,52.5843],[13.2152,52.5839],[13.2154,52.5835],[13.2172,52.5824],[13.2181,52.5815],[13.2183,52.581],[13.218,52.5797],[13.218,52.5785],[13.2189,52.5772],[13.2202,52.5761],[13.222,52.5749],[13.2239,52.5742],[13.2251,52.5731],[13.2253,52.5726],[13.2252,52.5718],[13.2253,52.5712],[13.2267,52.5693],[13.227,52.5678],[13.2274,52.5674],[13.2281,52.568],[13.2291,52.568],[13.2306,52.5684],[13.2328,52.5683],[13.2354,52.5677],[13.2355,52.5678],[13.2353,52.568],[13.2356,52.5682],[13.2371,52.5684],[13.2384,52.57],[13.2348,52.5714],[13.2332,52.5725],[13.2331,52.5736],[13.2315,52.574],[13.2314,52.5745],[13.2299,52.5758],[13.2288,52.5757],[13.228,52.5761],[13.2267,52.5764],[13.2253,52.5769],[13.2228,52.5771],[13.2226,52.5774],[13.223,52.5783],[13.223,52.5795],[13.2233,52.5796],[13.2247,52.5797],[13.2251,52.58],[13.2262,52.5801],[13.2266,52.5803],[13.2272,52.5813],[13.2278,52.5816],[13.2321,52.5818],[13.2338,52.5823],[13.2345,52.5826],[13.2359,52.5827],[13.2368,52.5826],[13.237,52.5829]]]]}},{"type":"Feature","properties":{"name":"Frohnau"},"geometry":{"type":"MultiPolygon","coordinates":[[[[13.2866,52.6601],[13.2828,52.6607],[13.2819,52.6528],[13.2851,52.6526],[13.2846,52.6483],[13.2842,52.6484],[13.2846,52.6479],[13.2838,52.6411],[13.2808,52.6408],[13.2765,52.6402],[13.2742,52.6403],[13.272,52.6399],[13.2696,52.6397],[13.2622,52.6407],[13.2624,52.6391],[13.2638,52.6374],[13.2647,52.636],[13.2652,52.6345],[13.2642,52.6269],[13.2658,52.6263],[13.2672,52.6262],[13.2678,52.626],[13.2708,52.6261],[13.2726,52.626],[13.2757,52.6249],[13.2776,52.6248],[13.2812,52.6252],[13.2839,52.6257],[13.2859,52.6258],[13.2965,52.627],[13.3004,52.627],[13.3026,52.6272],[13.3025,52.6276],[13.303,52.6278],[13.3064,52.6287],[13.3089,52.6292],[13.3097,52.6295],[13.3103,52.63],[13.3097,52.6301],[13.3098,52.6306],[13.3102,52.6306],[13.3097,52.6322],[13.3093,52.6328],[13.3063,52.6364],[13.3058,52.6374],[13.3071,52.6375],[13.3068,52.6387],[13.3063,52.6396],[13.3073,52.6397],[13.3073,52.6401],[13.3079,52.6401],[13.3082,52.6402],[13.3082,52.6408],[13.3089,52.6415],[13.3089,52.6419],[13.3092,52.642],[13.309,52.6427],[13.3094,52.6427],[13.3092,52.6439],[13.3084,52.6438],[13.3004,52.6535],[13.3101,52.6574],[13.3097,52.6574],[13.3086,52.658],[13.3088,52.6582],[13.3077,52.6589],[13.3071,52.6596],[13.3025,52.6592],[13.2955,52.6593],[13.2937,52.6594],[13.289,52.66],[13.2877,52.6598],[13.2866,52.6601]]]]}},{"type":"Feature","properties":{"name":"Märkisches Viertel"},"geometry":{"type":"MultiPolygon","coordinates":[[[[13.3557,52.6071],[13.3515,52.6072],[13.3441,52.6057],[13.3463,52.6043],[13.3453,52.6038],[13.3468,52.6023],[13.3425,52.6008],[13.3383,52.5986],[13.3363,52.597],[13.3363,52.5968],[13.3365,52.5968],[13.3366,52.5965],[13.3363,52.5964],[13.3476,52.5901],[13.3518,52.5908],[13.3557,52.5909],[13.3606,52.5913],[13.3706,52.5995],[13.3754,52.6065],[13.3728,52.6066],[13.3726,52.6064],[13.3716,52.6066],[13.3557,52.6071]]]]}},{"type":"Feature","properties":{"name":"Wittenau"},"geometry":{"type":"MultiPolygon","coordinates":[[[[13.3437,52.606],[13.3416,52.6073],[13.3416,52.6074],[13.3401,52.6083],[13.3394,52.6083],[13.3387,52.608],[13.3383,52.6076],[13.3375,52.6071],[13.3371,52.6063],[13.3366,52.606],[13.3344,52.6053],[13.3328,52.6052],[13.3326,52.6054],[13.3298,52.6059],[13.329,52.6057],[13.3286,52.6054],[13.3291,52.605],[13.3286,52.6047],[13.328,52.605],[13.3264,52.6055],[13.3257,52.606],[13.3254,52.6059],[13.3241,52.606],[13.3225,52.6054],[13.3223,52.6051],[13.3213,52.6049],[13.3202,52.6044],[13.3184,52.604],[13.3179,52.6038],[13.3175,52.6032],[13.316,52.6031],[13.3155,52.6025],[13.3127,52.6016],[13.3125,52.6011],[13.314,52.6004],[13.3145,52.5999],[13.315,52.5988],[13.3142,52.5981],[13.3128,52.598],[13.3111,52.5981],[13.3104,52.598],[13.3094,52.5982],[13.3085,52.5978],[13.3065,52.5964],[13.3054,52.596],[13.3033,52.595],[13.301,52.5943],[13.3041,52.5932],[13.3064,52.592],[13.3058,52.5919],[13.3067,52.5914],[13.3096,52.5902],[13.3117,52.5894],[13.3142,52.5887],[13.3194,52.5876],[13.3192,52.5874],[13.321,52.5875],[13.3235,52.5874],[13.3153,52.5778],[13.3174,52.5778],[13.3248,52.5787],[13.3269,52.5781],[13.3331,52.5782],[13.3332,52.5784],[13.3365,52.5785],[13.3397,52.5791],[13.3397,52.5793],[13.3456,52.5809],[13.34,52.5883],[13.3475,52.5901],[13.3363,52.5964],[13.3366,52.5965],[13.3365,52.5968],[13.3363,52.5968],[13.3363,52.597],[13.3383,52.5986],[13.3425,52.6008],[13.3468,52.6023],[13.3453,52.6038],[13.3463,52.6043],[13.3437,52.606]]]]}},{"type":"Feature","properties":{"name":"Lübars"},"geometry":{"type":"MultiPolygon","coordinates":[[[[13.3657,52.6253],[13.3654,52.6255],[13.3651,52.6253],[13.3647,52.6252],[13.3648,52.6248],[13.3642,52.6249],[13.3641,52.6247],[13.364,52.6247],[13.364,52.6249],[13.3637,52.6249],[13.3637,52.6251],[13.3626,52.6248],[13.3625,52.6246],[13.3622,52.6246],[13.3619,52.6243],[13.3613,52.6243],[13.3609,52.6242],[13.3609,52.624],[13.3605,52.624],[13.3605,52.6238],[13.3597,52.6241],[13.3592,52.6236],[13.3592,52.6233],[13.3585,52.6234],[13.3584,52.6231],[13.358,52.6233],[13.3576,52.623],[13.3571,52.6232],[13.3559,52.6232],[13.3547,52.6236],[13.3543,52.6234],[13.3538,52.6235],[13.3533,52.6233],[13.3531,52.6234],[13.3525,52.6231],[13.3526,52.6229],[13.3523,52.6228],[13.3521,52.6231],[13.3517,52.623],[13.3515,52.6227],[13.3514,52.6228],[13.3511,52.6239],[13.3467,52.6236],[13.344,52.6237],[13.3436,52.6234],[13.3429,52.6235],[13.3422,52.6232],[13.3415,52.6233],[13.3405,52.6231],[13.3396,52.6233],[13.3393,52.6232],[13.3387,52.6233],[13.3384,52.6229],[13.3371,52.6228],[13.3367,52.6227],[13.3366,52.6225],[13.3362,52.6225],[13.3357,52.6222],[13.3345,52.622],[13.3336,52.6209],[13.3337,52.6208],[13.3319,52.6199],[13.3306,52.6197],[13.3304,52.6196],[13.3304,52.6195],[13.3301,52.6194],[13.33,52.6192],[13.3299,52.6185],[13.3302,52.618],[13.331,52.6176],[13.3315,52.6175],[13.3312,52.6173],[13.3311,52.6162],[13.3314,52.6161],[13.3311,52.6158],[13.3311,52.6149],[13.3365,52.6111],[13.337,52.6112],[13.34,52.6085],[13.3394,52.6083],[13.3403,52.6082],[13.3442,52.6057],[13.3523,52.6073],[13.3716,52.6066],[13.3726,52.6064],[13.3728,52.6066],[13.3754,52.6065],[13.3762,52.6077],[13.3763,52.6107],[13.3757,52.6132],[13.3752,52.6142],[13.3716,52.6197],[13.3679,52.6241],[13.3672,52.6253],[13.3664,52.6253],[13.3662,52.6255],[13.3659,52.6255],[13.3657,52.6253]]]]}},{"type":"Feature","properties":{"name":"Reinickendorf"},"geometry":{"type":"MultiPolygon","coordinates":[[[[13.3478,52.5899],[13.3475,52.5901],[13.34,52.5883],[13.3456,52.5809],[13.3397,52.5793],[13.3397,52.5791],[13.3365,52.5785],[13.3332,52.5784],[13.3331,52.5782],[13.3269,52.5781],[13.3248,52.5787],[13.3174,52.5778],[13.3105,52.5776],[13.3082,52.5777],[13.3081,52.5775],[13.3082,52.5774],[13.3004,52.57],[13.3007,52.5698],[13.3004,52.5697],[13.3036,52.5684],[13.3058,52.568],[13.3064,52.5671],[13.3071,52.5664],[13.3097,52.5651],[13.3147,52.564],[13.3188,52.5629],[13.3208,52.5621],[13.3213,52.5619],[13.3216,52.5614],[13.3215,52.561],[13.3212,52.5606],[13.3213,52.5602],[13.3239,52.5606],[13.3253,52.5609],[13.3263,52.5615],[13.3268,52.5624],[13.3309,52.5622],[13.3318,52.5617],[13.3371,52.5645],[13.3491,52.5619],[13.3569,52.562],[13.3597,52.5619],[13.3601,52.5605],[13.3645,52.5612],[13.3651,52.5581],[13.3667,52.5582],[13.3699,52.5599],[13.3708,52.5605],[13.3771,52.5607],[13.3786,52.5662],[13.3812,52.5664],[13.3843,52.5677],[13.3879,52.5673],[13.3893,52.5682],[13.3878,52.5691],[13.3883,52.5695],[13.3831,52.5723],[13.3822,52.572],[13.3797,52.5725],[13.3793,52.5731],[13.379,52.5731],[13.3789,52.5735],[13.3786,52.5734],[13.3785,52.5737],[13.3782,52.5736],[13.3751,52.5756],[13.3712,52.5773],[13.3657,52.5803],[13.364,52.5815],[13.3639,52.5813],[13.3635,52.5814],[13.3592,52.5838],[13.3588,52.5842],[13.3578,52.5844],[13.3521,52.5875],[13.3522,52.5876],[13.3498,52.5889],[13.3499,52.5892],[13.3491,52.5892],[13.3478,52.5899]]]]}},{"type":"Feature","properties":{"name":"Tegel"},"geometry":{"type":"MultiPolygon","coordinates":[[[[13.2888,52.6253],[13.2884,52.6261],[13.2773,52.6248],[13.2757,52.6249],[13.2736,52.6256],[13.2485,52.6127],[13.2526,52.6111],[13.2558,52.6098],[13.2612,52.6079],[13.2596,52.6057],[13.2573,52.6061],[13.2573,52.6062],[13.2556,52.6066],[13.2534,52.6075],[13.2503,52.6073],[13.2495,52.6051],[13.2477,52.6028],[13.2477,52.6014],[13.2479,52.5996],[13.2477,52.599],[13.2446,52.599],[13.241,52.5986],[13.2403,52.5982],[13.2395,52.597],[13.2362,52.5965],[13.233,52.5962],[13.2312,52.5965],[13.2308,52.596],[13.2278,52.5965],[13.2261,52.5965],[13.2251,52.5967],[13.2243,52.5967],[13.2222,52.5963],[13.2218,52.5959],[13.2209,52.5949],[13.2234,52.5926],[13.225,52.5923],[13.2284,52.5914],[13.228,52.5908],[13.2298,52.5899],[13.2329,52.5889],[13.2334,52.5877],[13.234,52.5872],[13.2382,52.5855],[13.2368,52.5826],[13.2359,52.5827],[13.2345,52.5826],[13.2338,52.5823],[13.2321,52.5818],[13.2278,52.5816],[13.2272,52.5813],[13.2266,52.5803],[13.2262,52.5801],[13.2251,52.58],[13.2247,52.5797],[13.2233,52.5796],[13.223,52.5795],[13.223,52.5783],[13.2226,52.5774],[13.2228,52.5771],[13.2253,52.5769],[13.2267,52.5764],[13.228,52.5761],[13.2288,52.5757],[13.2299,52.5758],[13.2314,52.5745],[13.2315,52.574],[13.2331,52.5736],[13.2332,52.5725],[13.2348,52.5714],[13.2384,52.57],[13.2371,52.5684],[13.2356,52.5682],[13.2353,52.568],[13.2355,52.5678],[13.2354,52.5677],[13.2338,52.5682],[13.2311,52.5684],[13.2291,52.568],[13.2281,52.568],[13.2274,52.5674],[13.2283,52.5666],[13.2287,52.5659],[13.2286,52.5653],[13.2279,52.5639],[13.2282,52.5632],[13.2307,52.5614],[13.2309,52.5615],[13.2332,52.56],[13.2381,52.5575],[13.2389,52.5573],[13.2389,52.557],[13.2506,52.5513],[13.2542,52.5501],[13.2569,52.5497],[13.2591,52.5496],[13.3015,52.5488],[13.3036,52.5513],[13.3097,52.5577],[13.3173,52.5596],[13.3213,52.5602],[13.3212,52.5606],[13.3215,52.561],[13.3216,52.5614],[13.3213,52.5619],[13.3208,52.5621],[13.3188,52.5629],[13.3147,52.564],[13.3097,52.5651],[13.3071,52.5664],[13.3064,52.5671],[13.3058,52.568],[13.3036,52.5684],[13.3004,52.5697],[13.3007,52.5698],[13.3004,52.57],[13.3082,52.5774],[13.3081,52.5775],[13.3082,52.5777],[13.3038,52.5789],[13.2986,52.5806],[13.2987,52.5807],[13.2955,52.5818],[13.2943,52.5826],[13.2919,52.5861],[13.2916,52.5865],[13.2913,52.5864],[13.2909,52.587],[13.2945,52.5873],[13.2953,52.5871],[13.2982,52.5896],[13.3044,52.5902],[13.3058,52.5914],[13.3057,52.5919],[13.3064,52.592],[13.3037,52.5934],[13.301,52.5943],[13.3033,52.595],[13.3054,52.596],[13.3065,52.5964],[13.3076,52.5971],[13.3056,52.5989],[13.3051,52.5988],[13.3009,52.6064],[13.3002,52.6066],[13.3,52.6061],[13.2994,52.606],[13.2979,52.6062],[13.2967,52.6056],[13.2959,52.6053],[13.2953,52.6056],[13.2952,52.6054],[13.2954,52.605],[13.2948,52.6051],[13.2949,52.6047],[13.2943,52.6048],[13.2938,52.6046],[13.2937,52.6048],[13.2934,52.6049],[13.2933,52.6048],[13.2934,52.6043],[13.2927,52.6041],[13.2928,52.6038],[13.2933,52.6038],[13.2932,52.6036],[13.2926,52.6034],[13.2922,52.6035],[13.2915,52.6035],[13.2916,52.603],[13.291,52.6028],[13.2911,52.6027],[13.2921,52.6026],[13.292,52.6024],[13.2913,52.6019],[13.2899,52.6014],[13.2894,52.6014],[13.2896,52.601],[13.2889,52.6007],[13.2888,52.6009],[13.2893,52.6011],[13.2885,52.6022],[13.2887,52.6026],[13.2886,52.6026],[13.2888,52.6033],[13.2885,52.6034],[13.289,52.6038],[13.2892,52.6043],[13.2896,52.6043],[13.2813,52.6102],[13.2935,52.6166],[13.2854,52.6222],[13.2895,52.6243],[13.2891,52.6247],[13.2888,52.6253]]]]}}]}