{"type":"FeatureCollection","features":[{"type":"Feature","properties":{"name":"Riedenburg"},"geometry":{"type":"MultiPolygon","coordinates":[[[[13.03465,47.79566],[13.03575,47.79588],[13.03715,47.79533],[13.0381,47.79567],[13.03852,47.79562],[13.03898,47.79621],[13.03884,47.79638],[13.03898,47.79639],[13.03888,47.79669],[13.03897,47.79756],[13.03873,47.79758],[13.03883,47.79814],[13.03768,47.79873],[13.03699,47.79875],[13.0369,47.7989],[13.03629,47.7988],[13.03627,47.79868],[13.03564,47.79873],[13.03566,47.79896],[13.03521,47.7991],[13.03458,47.79907],[13.03456,47.79874],[13.03388,47.79878],[13.03401,47.79902],[13.03359,47.79912],[13.03335,47.79892],[13.03305,47.79912],[13.03364,47.79937],[13.03345,47.79954],[13.03306,47.79948],[13.03262,47.80034],[13.03268,47.80052],[13.03219,47.80041],[13.03235,47.8],[13.03245,47.79796],[13.03233,47.79722],[13.03334,47.79696],[13.03465,47.79566]]],[[[13.02197,47.79316],[13.0225,47.79271],[13.02294,47.79276],[13.02322,47.79252],[13.024,47.79145],[13.02338,47.79091],[13.02282,47.79088],[13.02236,47.79053],[13.02322,47.79033],[13.02404,47.78988],[13.02426,47.79011],[13.0242,47.79023],[13.02524,47.78989],[13.02386,47.78909],[13.02609,47.78881],[13.02646,47.78842],[13.02732,47.78813],[13.02873,47.78812],[13.02878,47.78859],[13.02904,47.7886],[13.02905,47.78834],[13.02948,47.78835],[13.02948,47.78811],[13.03126,47.78812],[13.03128,47.78826],[13.0317,47.78831],[13.03161,47.78857],[13.0319,47.78987],[13.03177,47.78986],[13.03191,47.79101],[13.03242,47.79095],[13.03334,47.7905],[13.03384,47.79105],[13.03614,47.79003],[13.03686,47.79088],[13.03579,47.7911],[13.03611,47.79163],[13.03586,47.79171],[13.03646,47.79254],[13.0367,47.79246],[13.03721,47.79319],[13.03774,47.793],[13.03794,47.79325],[13.03875,47.79264],[13.03932,47.7924],[13.03958,47.79246],[13.03769,47.79378],[13.0355,47.7936],[13.0328,47.79414],[13.03151,47.7947],[13.02994,47.79494],[13.02968,47.79443],[13.02942,47.79448],[13.02914,47.79491],[13.02821,47.79547],[13.02817,47.79587],[13.02863,47.79634],[13.02832,47.7966],[13.02651,47.79598],[13.02525,47.79451],[13.0249,47.79431],[13.02305,47.79379],[13.02197,47.79316]],[[13.024,47.79145],[13.02432,47.79193],[13.02453,47.792],[13.02521,47.79322],[13.02721,47.79224],[13.0276,47.79215],[13.02769,47.79228],[13.02871,47.79173],[13.02862,47.79148],[13.02943,47.79135],[13.02954,47.79164],[13.03009,47.79163],[13.03146,47.79223],[13.03174,47.79209],[13.03141,47.7898],[13.02842,47.78974],[13.02801,47.78986],[13.02739,47.78954],[13.02457,47.79043],[13.024,47.79145]]],[[[13.02842,47.78974],[13.03141,47.7898],[13.03174,47.79209],[13.03146,47.79223],[13.03009,47.79163],[13.02954,47.79164],[13.02943,47.79135],[13.02862,47.79148],[13.02801,47.78986],[13.02842,47.78974]]],[[[13.02457,47.79043],[13.02763,47.78957],[13.02798,47.78976],[13.02871,47.79173],[13.02769,47.79228],[13.0276,47.79215],[13.02721,47.79224],[13.02521,47.79322],[13.02453,47.792],[13.02432,47.79193],[13.024,47.79145],[13.02457,47.79043]]],[[[13.02153,47.79077],[13.02245,47.79105],[13.02282,47.79086],[13.02328,47.79087],[13.024,47.79145],[13.02322,47.79252],[13.02294,47.79276],[13.0225,47.79271],[13.02197,47.79313],[13.02116,47.79333],[13.02054,47.79319],[13.02031,47.79272],[13.01984,47.79292],[13.01981,47.79259],[13.02063,47.7907],[13.02153,47.79077]]],[[[13.02991,47.79494],[13.03151,47.7947],[13.03225,47.79437],[13.03253,47.79504],[13.03245,47.79576],[13.03204,47.79579],[13.03246,47.7976],[13.03235,47.8],[13.03216,47.8005],[13.03148,47.80108],[13.02997,47.80124],[13.02989,47.80085],[13.02889,47.80074],[13.02774,47.80023],[13.02727,47.79917],[13.02682,47.79859],[13.02583,47.79804],[13.02625,47.79737],[13.02733,47.7971],[13.02857,47.79646],[13.02861,47.79628],[13.02814,47.79581],[13.02821,47.79547],[13.02914,47.79491],[13.02933,47.79453],[13.02968,47.79443],[13.02991,47.79494]]],[[[13.03699,47.79875],[13.0372,47.79881],[13.0369,47.7989],[13.03699,47.79875]]],[[[13.02412,47.78927],[13.02524,47.78989],[13.0242,47.79023],[13.02426,47.79011],[13.02404,47.78988],[13.02328,47.79031],[13.02314,47.79026],[13.02316,47.78997],[13.02358,47.78963],[13.02386,47.78909],[13.02412,47.78927]]],[[[13.03802,47.79552],[13.03833,47.79558],[13.0381,47.79567],[13.03782,47.79551],[13.03802,47.79552]]],[[[13.02146,47.7907],[13.02236,47.79053],[13.02282,47.79088],[13.02245,47.79105],[13.02146,47.7907]]],[[[13.03316,47.79944],[13.03345,47.79954],[13.03273,47.80058],[13.03262,47.80034],[13.03316,47.79944]]],[[[13.02873,47.78812],[13.02948,47.78812],[13.02948,47.78835],[13.02905,47.78834],[13.02904,47.7886],[13.02878,47.78859],[13.02873,47.78812]]],[[[13.03335,47.79892],[13.03346,47.79889],[13.03364,47.79937],[13.03305,47.79912],[13.03335,47.79892]]],[[[13.03423,47.79876],[13.03456,47.79874],[13.03458,47.79907],[13.03401,47.79902],[13.03388,47.79878],[13.03423,47.79876]]],[[[13.03579,47.79871],[13.03627,47.79868],[13.03629,47.7988],[13.03566,47.79896],[13.03564,47.79873],[13.03579,47.79871]]],[[[13.03875,47.79758],[13.03899,47.79761],[13.03899,47.7979],[13.03879,47.79806],[13.03875,47.79758]]],[[[13.03884,47.79638],[13.03898,47.79621],[13.03898,47.79639],[13.03884,47.79638]]],[[[13.03216,47.79578],[13.03245,47.79576],[13.03246,47.7967],[13.03262,47.79713],[13.03239,47.7972],[13.0321,47.79619],[13.03204,47.79579],[13.03216,47.79578]]],[[[13.03774,47.793],[13.03875,47.79264],[13.03794,47.79325],[13.03774,47.793]]],[[[13.03486,47.79373],[13.03595,47.79357],[13.03769,47.79378],[13.03733,47.794],[13.03759,47.79491],[13.03723,47.79533],[13.03594,47.79585],[13.03465,47.79566],[13.03334,47.79696],[13.03262,47.79713],[13.03241,47.7961],[13.03253,47.79504],[13.03231,47.79445],[13.0328,47.79414],[13.03486,47.79373]]],[[[13.04189,47.78476],[13.04368,47.78494],[13.04411,47.78516],[13.0458,47.78549],[13.04524,47.78681],[13.04552,47.78751],[13.046,47.7879],[13.04691,47.78957],[13.04733,47.79042],[13.04719,47.79062],[13.04734,47.79099],[13.04838,47.79228],[13.0467,47.79272],[13.04705,47.79315],[13.04669,47.79321],[13.04673,47.79341],[13.0451,47.79351],[13.04343,47.79338],[13.04293,47.79196],[13.04214,47.79182],[13.03958,47.79246],[13.03932,47.7924],[13.03721,47.79319],[13.0367,47.79246],[13.03646,47.79254],[13.03586,47.79171],[13.03611,47.79163],[13.03579,47.7911],[13.03686,47.79088],[13.03614,47.79003],[13.03384,47.79105],[13.03334,47.7905],[13.03242,47.79095],[13.03191,47.79101],[13.03177,47.78986],[13.0319,47.78987],[13.03161,47.78857],[13.0317,47.78831],[13.03128,47.78826],[13.03116,47.78723],[13.03152,47.78723],[13.03169,47.78689],[13.03226,47.78718],[13.03247,47.78692],[13.03339,47.78724],[13.03463,47.78589],[13.03616,47.78338],[13.03888,47.78389],[13.03988,47.78286],[13.04135,47.78326],[13.04171,47.78457],[13.04189,47.78476]]]]}},{"type":"Feature","properties":{"name":"Liefering"},"geometry":{"type":"MultiPolygon","coordinates":[[[[13.02277,47.81651],[13.02545,47.81757],[13.02654,47.8172],[13.02809,47.81911],[13.02783,47.81958],[13.02822,47.81967],[13.02813,47.81984],[13.02842,47.81991],[13.02934,47.82102],[13.0297,47.82111],[13.03011,47.8216],[13.0279,47.82111],[13.02772,47.82146],[13.02819,47.82157],[13.02781,47.82221],[13.0281,47.82249],[13.02781,47.82315],[13.02619,47.82279],[13.02517,47.82474],[13.02345,47.82426],[13.02323,47.82462],[13.02222,47.82434],[13.02127,47.82468],[13.02064,47.82389],[13.0201,47.82374],[13.02028,47.82347],[13.0202,47.82338],[13.01879,47.82298],[13.01793,47.82367],[13.01811,47.82373],[13.01784,47.824],[13.01838,47.82415],[13.01832,47.82474],[13.01675,47.82416],[13.01654,47.82428],[13.01509,47.82274],[13.01516,47.82217],[13.01636,47.82062],[13.01801,47.81945],[13.01858,47.81882],[13.02057,47.81521],[13.02105,47.81585],[13.02277,47.81651]]],[[[13.02878,47.82131],[13.03011,47.8216],[13.03125,47.82301],[13.03103,47.82365],[13.03169,47.82379],[13.03178,47.82395],[13.03151,47.8245],[13.03061,47.8243],[13.02895,47.82492],[13.02918,47.82497],[13.02822,47.82589],[13.02741,47.82608],[13.02666,47.82592],[13.02708,47.82505],[13.02522,47.82465],[13.02619,47.82279],[13.02781,47.82315],[13.0281,47.82249],[13.02781,47.82221],[13.02819,47.82157],[13.02772,47.82146],[13.0279,47.82111],[13.02878,47.82131]]],[[[13.02447,47.81466],[13.02654,47.8172],[13.02545,47.81757],[13.02121,47.81593],[13.02057,47.81521],[13.02234,47.81279],[13.02341,47.81337],[13.02447,47.81466]]],[[[13.00417,47.82313],[13.00439,47.82325],[13.00487,47.82292],[13.00536,47.82386],[13.00642,47.82417],[13.00605,47.82552],[13.00571,47.82594],[13.00664,47.82634],[13.00676,47.82675],[13.00744,47.82645],[13.0073,47.82634],[13.00797,47.82608],[13.00794,47.82597],[13.01018,47.82709],[13.01055,47.82699],[13.01089,47.82668],[13.01218,47.82677],[13.01184,47.82725],[13.01346,47.82776],[13.01288,47.82865],[13.01235,47.82849],[13.01214,47.82879],[13.01257,47.82892],[13.01197,47.82919],[13.0101,47.82838],[13.00923,47.82865],[13.00866,47.82912],[13.00762,47.8288],[13.0068,47.82956],[13.00661,47.83005],[13.00657,47.83017],[13.00682,47.83012],[13.00692,47.83053],[13.00688,47.83094],[13.00649,47.83096],[13.00667,47.83194],[13.00584,47.83283],[13.00549,47.83348],[13.00508,47.83367],[13.00485,47.83347],[13.00268,47.83323],[13.00219,47.8333],[13.00066,47.83454],[13.00052,47.83473],[13.00093,47.8349],[13.00047,47.83555],[12.99971,47.83608],[12.99847,47.83527],[12.99734,47.83597],[12.99527,47.83478],[12.99614,47.83417],[12.99586,47.83399],[12.99615,47.83379],[12.99575,47.83351],[12.99605,47.83323],[12.99686,47.83337],[12.99659,47.83321],[12.9969,47.83296],[12.99583,47.83242],[12.99782,47.83179],[12.99811,47.83206],[13.0011,47.83119],[13.00077,47.8306],[12.99928,47.83088],[12.99896,47.8301],[13.00094,47.82962],[13.0004,47.82888],[12.99985,47.8293],[12.9992,47.82852],[12.99829,47.82875],[12.99786,47.82795],[12.99717,47.82788],[12.99643,47.82745],[12.99702,47.82701],[12.99742,47.82704],[12.99782,47.82685],[12.99747,47.82712],[12.9976,47.82739],[12.99992,47.82708],[12.99981,47.82659],[13.00077,47.82647],[13.00058,47.82594],[13.00265,47.82563],[13.00301,47.8273],[13.00342,47.82717],[13.00299,47.82558],[13.00311,47.8255],[13.00201,47.82443],[13.0038,47.82365],[13.00358,47.82346],[13.00417,47.82313]]],[[[13.00219,47.8333],[13.00268,47.83323],[13.00485,47.83347],[13.00508,47.83367],[13.00442,47.83406],[13.00335,47.83528],[13.00285,47.83544],[13.00052,47.83473],[13.00153,47.83373],[13.00219,47.8333]]],[[[13.01559,47.81517],[13.0186,47.81463],[13.01997,47.81454],[13.02093,47.81475],[13.02,47.81607],[13.01858,47.81882],[13.01801,47.81945],[13.01636,47.82062],[13.01544,47.82177],[13.01431,47.82125],[13.01361,47.82221],[13.01321,47.82208],[13.0131,47.82227],[13.01348,47.82239],[13.01325,47.82272],[13.01277,47.82257],[13.01286,47.82236],[13.01155,47.82163],[13.01382,47.82075],[13.01432,47.82034],[13.01304,47.81904],[13.01278,47.8184],[13.01275,47.8177],[13.01173,47.81825],[13.01229,47.81896],[13.01156,47.8196],[13.01091,47.81893],[13.00962,47.81973],[13.00944,47.81957],[13.00853,47.82008],[13.00796,47.81968],[13.00805,47.81961],[13.00704,47.81904],[13.00734,47.81896],[13.00845,47.81793],[13.0088,47.81788],[13.01166,47.81551],[13.01223,47.81585],[13.01321,47.81511],[13.01422,47.81574],[13.01559,47.81517]]],[[[13.02047,47.80913],[13.02069,47.80902],[13.02212,47.8104],[13.02204,47.81215],[13.02234,47.81279],[13.02203,47.81279],[13.02155,47.81189],[13.02063,47.81191],[13.02044,47.81139],[13.02021,47.81156],[13.01913,47.8116],[13.0187,47.81143],[13.01821,47.81097],[13.01816,47.81061],[13.01928,47.80977],[13.02047,47.80913]]],[[[13.0187,47.81143],[13.01948,47.81161],[13.02021,47.81156],[13.02044,47.81139],[13.02063,47.81191],[13.02155,47.81189],[13.02203,47.81279],[13.02234,47.81279],[13.02093,47.81475],[13.01997,47.81454],[13.01662,47.81492],[13.01559,47.81308],[13.0163,47.81243],[13.01799,47.812],[13.01791,47.81178],[13.01871,47.81158],[13.0187,47.81143]]],[[[12.99753,47.83035],[12.99775,47.83043],[12.99828,47.83011],[12.99886,47.83055],[12.999,47.8309],[13.00077,47.8306],[13.0011,47.83119],[12.99811,47.83206],[12.99782,47.83179],[12.99715,47.83201],[12.9962,47.83118],[12.99644,47.8309],[12.99633,47.83081],[12.99605,47.83099],[12.99578,47.8308],[12.99502,47.83139],[12.99475,47.83117],[12.99405,47.83136],[12.99468,47.8318],[12.99484,47.83228],[12.99407,47.83224],[12.99358,47.83195],[12.99339,47.83153],[12.99195,47.83184],[12.99213,47.8322],[12.99203,47.83222],[12.99254,47.83259],[12.9924,47.83264],[12.99305,47.83295],[12.99337,47.83334],[12.99451,47.83389],[12.99413,47.83421],[12.99772,47.83622],[12.99715,47.83658],[12.98991,47.83181],[12.99122,47.83121],[12.99134,47.83146],[12.99265,47.83122],[12.99264,47.83057],[12.9915,47.83076],[12.99375,47.8293],[12.9944,47.82914],[12.99483,47.82949],[12.99529,47.82928],[12.99511,47.82909],[12.99543,47.82894],[12.99585,47.82948],[12.99744,47.8287],[12.99722,47.82847],[12.99752,47.82832],[12.99765,47.82859],[12.99814,47.82842],[12.99829,47.82875],[12.99851,47.82866],[12.99869,47.8291],[12.99727,47.82942],[12.9963,47.82994],[12.9971,47.83003],[12.99735,47.8298],[12.9976,47.82994],[12.99726,47.83029],[12.99753,47.83035]]],[[[13.00974,47.82323],[13.00962,47.82317],[13.00984,47.82242],[13.01021,47.82217],[13.00999,47.82211],[13.01147,47.82153],[13.012,47.82199],[13.01286,47.82236],[13.01277,47.82257],[13.01325,47.82272],[13.01348,47.82239],[13.0131,47.82227],[13.01321,47.82208],[13.01361,47.82221],[13.01431,47.82125],[13.01543,47.82168],[13.01507,47.82237],[13.01509,47.82274],[13.01654,47.82428],[13.01675,47.82416],[13.01832,47.82474],[13.01838,47.82415],[13.01784,47.824],[13.01811,47.82373],[13.01793,47.82367],[13.01879,47.82298],[13.0202,47.82338],[13.02028,47.82347],[13.0201,47.82374],[13.02064,47.82389],[13.02127,47.82468],[13.02222,47.82434],[13.02323,47.82462],[13.02345,47.82426],[13.02517,47.82474],[13.02708,47.82505],[13.02666,47.82592],[13.02734,47.82607],[13.02845,47.82577],[13.02918,47.82497],[13.02895,47.82492],[13.03061,47.8243],[13.03151,47.8245],[13.03178,47.82395],[13.03169,47.82379],[13.03103,47.82365],[13.03122,47.82296],[13.0297,47.82111],[13.02934,47.82102],[13.02842,47.81991],[13.02813,47.81984],[13.02822,47.81967],[13.02783,47.81958],[13.02809,47.81911],[13.02354,47.81351],[13.02241,47.81272],[13.02356,47.81337],[13.03259,47.8244],[13.03033,47.82806],[13.01768,47.82529],[13.01585,47.82539],[13.01205,47.82629],[13.01151,47.82667],[13.01089,47.82668],[13.01155,47.82601],[13.01151,47.82446],[13.01091,47.82425],[13.01077,47.82392],[13.00974,47.82323]]],[[[13.00876,47.82],[13.00944,47.81957],[13.00962,47.81973],[13.01091,47.81893],[13.01156,47.8196],[13.01086,47.81996],[13.0111,47.82034],[13.01025,47.82088],[13.00962,47.82076],[13.00876,47.82]]],[[[13.00047,47.83555],[13.00093,47.8349],[13.00285,47.83544],[13.00335,47.83528],[13.00339,47.8361],[13.00276,47.83645],[13.00047,47.83555]]],[[[12.99746,47.83603],[12.99734,47.83597],[12.99847,47.83527],[12.99971,47.83608],[12.99967,47.83618],[12.99871,47.8358],[12.99772,47.83622],[12.99746,47.83603]]],[[[12.9963,47.82994],[12.99727,47.82942],[12.99869,47.8291],[12.99851,47.82866],[12.9992,47.82852],[12.99985,47.8293],[13.0004,47.82888],[13.00094,47.82962],[12.99896,47.8301],[12.9992,47.83089],[12.999,47.8309],[12.99886,47.83055],[12.99828,47.83011],[12.99775,47.83043],[12.99726,47.83029],[12.9976,47.82994],[12.99735,47.8298],[12.9971,47.83003],[12.9963,47.82994]]],[[[12.99375,47.8293],[12.99991,47.82468],[13.00613,47.81973],[13.00598,47.81966],[13.01495,47.81281],[13.01915,47.80965],[13.02058,47.8089],[13.02069,47.80902],[13.01928,47.80977],[13.01816,47.81061],[13.01821,47.81097],[13.01869,47.81139],[13.01871,47.81158],[13.01791,47.81178],[13.01799,47.812],[13.0163,47.81243],[13.01559,47.81308],[13.01662,47.81492],[13.01422,47.81574],[13.01321,47.81511],[13.01223,47.81585],[13.01166,47.81551],[13.0088,47.81788],[13.00845,47.81793],[13.00734,47.81896],[13.00704,47.81904],[13.00805,47.81961],[13.00796,47.81968],[13.00853,47.82008],[13.00831,47.82022],[13.00902,47.82071],[13.00863,47.82091],[13.00934,47.82136],[13.00864,47.82177],[13.00825,47.82264],[13.00873,47.82336],[13.0084,47.82346],[13.00847,47.82369],[13.00811,47.82362],[13.00741,47.82393],[13.00755,47.82413],[13.00695,47.82422],[13.00696,47.82455],[13.00756,47.82458],[13.00746,47.82515],[13.00777,47.82495],[13.00827,47.82516],[13.00797,47.82608],[13.0073,47.82634],[13.00744,47.82645],[13.00676,47.82675],[13.00664,47.82634],[13.00571,47.82594],[13.00605,47.82552],[13.00642,47.82417],[13.00536,47.82386],[13.00487,47.82292],[13.00439,47.82325],[13.00417,47.82313],[13.00358,47.82346],[13.0038,47.82365],[13.00201,47.82443],[13.00311,47.8255],[13.00299,47.82558],[13.00342,47.82717],[13.00301,47.8273],[13.00265,47.82563],[13.00058,47.82594],[13.00077,47.82647],[12.99981,47.82659],[12.99992,47.82708],[12.9976,47.82739],[12.99747,47.82712],[12.99782,47.82685],[12.99742,47.82704],[12.99702,47.82701],[12.99643,47.82745],[12.99717,47.82788],[12.99786,47.82795],[12.99814,47.82842],[12.99765,47.82859],[12.99752,47.82832],[12.99722,47.82847],[12.99744,47.8287],[12.99585,47.82948],[12.99543,47.82894],[12.99511,47.82909],[12.99529,47.82928],[12.99483,47.82949],[12.9944,47.82914],[12.99375,47.8293]]],[[[12.99213,47.8322],[12.99195,47.83184],[12.99339,47.83153],[12.99358,47.83195],[12.99407,47.83224],[12.99484,47.83228],[12.99468,47.8318],[12.99405,47.83136],[12.99475,47.83117],[12.99502,47.83139],[12.99578,47.8308],[12.99605,47.83099],[12.99633,47.83081],[12.99644,47.8309],[12.9962,47.83118],[12.99715,47.83201],[12.99583,47.83242],[12.9969,47.83296],[12.99659,47.83321],[12.99686,47.83337],[12.99605,47.83323],[12.99575,47.83351],[12.99615,47.83379],[12.99586,47.83399],[12.99614,47.83417],[12.99527,47.83478],[12.99413,47.83421],[12.99451,47.83389],[12.99337,47.83334],[12.99305,47.83295],[12.9924,47.83264],[12.99254,47.83259],[12.99203,47.83222],[12.99213,47.8322]]],[[[12.98907,47.83196],[12.9915,47.83076],[12.99264,47.83057],[12.99265,47.83122],[12.99134,47.83146],[12.99122,47.83121],[12.98991,47.83181],[12.99715,47.83658],[12.99686,47.83677],[12.99144,47.83355],[12.98907,47.83196]]],[[[13.00974,47.82323],[13.01077,47.82392],[13.01091,47.82425],[13.01141,47.82432],[13.01155,47.8246],[13.01152,47.82606],[13.01079,47.82682],[13.01018,47.82709],[13.00801,47.82606],[13.00793,47.82591],[13.00827,47.82516],[13.00777,47.82495],[13.00746,47.82515],[13.00756,47.82458],[13.00696,47.82455],[13.00695,47.82422],[13.00755,47.82413],[13.00741,47.82393],[13.00811,47.82362],[13.00847,47.82369],[13.0084,47.82346],[13.00873,47.82336],[13.00825,47.82264],[13.00864,47.82177],[13.00934,47.82136],[13.00903,47.82105],[13.00884,47.82114],[13.00863,47.82091],[13.00902,47.82071],[13.00831,47.82022],[13.00878,47.81995],[13.00962,47.82076],[13.01025,47.82088],[13.0111,47.82034],[13.01086,47.81996],[13.01153,47.81965],[13.01229,47.81896],[13.01173,47.81825],[13.01275,47.8177],[13.01278,47.8184],[13.01304,47.81904],[13.01432,47.82034],[13.01382,47.82075],[13.01213,47.82147],[13.01165,47.82163],[13.01147,47.82153],[13.00999,47.82211],[13.01021,47.82217],[13.00984,47.82242],[13.00962,47.82317],[13.00974,47.82323]]]]}},{"type":"Feature","properties":{"name":"Nonntal"},"geometry":{"type":"MultiPolygon","coordinates":[[[[13.04945,47.78177],[13.05145,47.78329],[13.05217,47.78411],[13.05245,47.7852],[13.05192,47.78659],[13.05399,47.78629],[13.05364,47.78685],[13.05216,47.78696],[13.05191,47.78737],[13.05223,47.78756],[13.052,47.78777],[13.05295,47.78811],[13.05322,47.78853],[13.05272,47.79205],[13.05368,47.79219],[13.0545,47.79306],[13.05429,47.79317],[13.05459,47.79354],[13.05577,47.7936],[13.05583,47.79309],[13.05531,47.7926],[13.05538,47.79185],[13.0548,47.79183],[13.0549,47.79093],[13.05731,47.79112],[13.05848,47.79148],[13.05991,47.78956],[13.05925,47.78946],[13.0588,47.789],[13.05866,47.78857],[13.05889,47.78745],[13.06058,47.78713],[13.06149,47.78867],[13.06146,47.78914],[13.06101,47.79005],[13.05978,47.79159],[13.05965,47.79208],[13.05995,47.79275],[13.05984,47.79302],[13.06004,47.79307],[13.05963,47.79466],[13.05533,47.79686],[13.05489,47.79646],[13.05451,47.79647],[13.05406,47.79561],[13.05298,47.79573],[13.0521,47.79524],[13.05158,47.79447],[13.05142,47.79395],[13.05045,47.79359],[13.04949,47.79299],[13.04913,47.79282],[13.0486,47.79282],[13.04701,47.7931],[13.0467,47.79272],[13.04838,47.79228],[13.04734,47.79099],[13.04719,47.79062],[13.04733,47.79042],[13.04691,47.78957],[13.046,47.7879],[13.04552,47.78751],[13.04524,47.78679],[13.0458,47.78549],[13.046,47.78553],[13.0471,47.78475],[13.04682,47.78457],[13.04765,47.78397],[13.04787,47.78301],[13.04768,47.7829],[13.04886,47.78167],[13.04881,47.78151],[13.04945,47.78177]]],[[[13.05026,47.79348],[13.05142,47.79395],[13.05158,47.79447],[13.0521,47.79524],[13.05298,47.79573],[13.05406,47.79561],[13.05451,47.79647],[13.05489,47.79646],[13.05533,47.79686],[13.05323,47.79778],[13.05302,47.79755],[13.05299,47.79719],[13.0535,47.79694],[13.05325,47.79597],[13.0514,47.79553],[13.05076,47.79498],[13.05047,47.79507],[13.05061,47.79529],[13.05015,47.79521],[13.04966,47.79453],[13.0495,47.79463],[13.04895,47.79415],[13.04833,47.7939],[13.04839,47.79356],[13.04822,47.79354],[13.04807,47.79386],[13.04739,47.79374],[13.04748,47.79349],[13.04714,47.79349],[13.04712,47.79372],[13.04685,47.79359],[13.04528,47.79367],[13.04531,47.79346],[13.04673,47.79341],[13.04676,47.79317],[13.0486,47.79282],[13.04913,47.79282],[13.05026,47.79348]]],[[[13.05532,47.78615],[13.05922,47.78585],[13.06013,47.78615],[13.06058,47.78713],[13.05889,47.78745],[13.05866,47.78857],[13.0588,47.789],[13.05925,47.78946],[13.05991,47.78956],[13.05848,47.79148],[13.05731,47.79112],[13.0549,47.79093],[13.0548,47.79183],[13.05538,47.79185],[13.05531,47.7926],[13.05583,47.79309],[13.05577,47.7936],[13.05459,47.79354],[13.05429,47.79317],[13.0545,47.79306],[13.05368,47.79219],[13.05272,47.79205],[13.05322,47.78853],[13.05295,47.78811],[13.052,47.78777],[13.05223,47.78756],[13.05191,47.78737],[13.05216,47.78696],[13.05364,47.78685],[13.05403,47.78627],[13.05532,47.78615]]],[[[13.05323,47.79778],[13.05658,47.79627],[13.05963,47.79466],[13.05963,47.79532],[13.05764,47.79643],[13.05444,47.79797],[13.05323,47.79778]]],[[[13.05302,47.79645],[13.05327,47.796],[13.05343,47.7964],[13.05302,47.79645]]],[[[13.05047,47.79507],[13.05076,47.79498],[13.05139,47.79549],[13.05047,47.79529],[13.05061,47.79529],[13.05047,47.79507]]],[[[13.04963,47.79467],[13.04966,47.79453],[13.0498,47.79465],[13.04963,47.79467]]],[[[13.04807,47.79386],[13.04822,47.79354],[13.04839,47.79356],[13.04833,47.7939],[13.04807,47.79386]]],[[[13.04712,47.79372],[13.04714,47.79349],[13.04748,47.79349],[13.04739,47.79374],[13.04712,47.79372]]],[[[13.04649,47.79364],[13.04685,47.79359],[13.04685,47.7937],[13.04649,47.79364]]]]}},{"type":"Feature","properties":{"name":"Elisabeth Vorstadt"},"geometry":{"type":"MultiPolygon","coordinates":[[[[13.04363,47.81057],[13.04738,47.81633],[13.04491,47.81694],[13.04224,47.81796],[13.04154,47.81856],[13.04087,47.8186],[13.04018,47.81523],[13.0406,47.81521],[13.04025,47.81041],[13.0404,47.80909],[13.04172,47.80943],[13.04314,47.81053],[13.04363,47.81057]]],[[[13.03628,47.81829],[13.03559,47.81822],[13.03636,47.81585],[13.03671,47.81417],[13.03679,47.81261],[13.03649,47.80861],[13.04169,47.80918],[13.04473,47.81042],[13.04549,47.81123],[13.04732,47.81388],[13.04804,47.81619],[13.04738,47.81633],[13.04363,47.81057],[13.04324,47.81058],[13.04172,47.80943],[13.04124,47.80928],[13.03743,47.80872],[13.03733,47.81024],[13.03749,47.8111],[13.03731,47.81456],[13.03628,47.81829]]],[[[13.03843,47.8089],[13.0404,47.80909],[13.04025,47.81041],[13.0406,47.81521],[13.04018,47.81523],[13.04087,47.8186],[13.03628,47.81829],[13.03731,47.81456],[13.03749,47.8111],[13.03733,47.81024],[13.03743,47.80872],[13.03843,47.8089]]]]}},{"type":"Feature","properties":{"name":"Leopoldskroner Moos"},"geometry":{"type":"MultiPolygon","coordinates":[[[[13.00737,47.76129],[13.00873,47.76046],[13.01052,47.76037],[13.0108,47.76064],[13.01035,47.76085],[13.01013,47.76063],[13.00946,47.76072],[13.00863,47.76103],[13.0084,47.76072],[13.00737,47.76129]]],[[[13.0065,47.76178],[13.00732,47.76125],[13.00804,47.76194],[13.00718,47.76233],[13.0065,47.76178]]],[[[13.00127,47.7649],[13.00159,47.7646],[13.0019,47.76378],[13.00218,47.76355],[13.00198,47.76335],[13.00373,47.76304],[13.00366,47.76273],[13.00381,47.76256],[13.00492,47.76241],[13.0065,47.76178],[13.00564,47.76224],[13.00492,47.76241],[13.00544,47.76292],[13.005,47.76312],[13.00546,47.76357],[13.00515,47.76371],[13.00436,47.76294],[13.00385,47.76304],[13.00408,47.76343],[13.0028,47.76385],[13.0025,47.76422],[13.00529,47.76533],[13.0045,47.76628],[13.00392,47.76604],[13.00347,47.76633],[13.00164,47.76557],[13.00174,47.76548],[13.00127,47.7649]]],[[[13.03204,47.78263],[13.03616,47.78338],[13.03463,47.78589],[13.03339,47.78724],[13.03247,47.78692],[13.03226,47.78718],[13.03169,47.78689],[13.03152,47.78723],[13.03116,47.78723],[13.02762,47.78598],[13.02798,47.78567],[13.02757,47.78552],[13.02799,47.78504],[13.02812,47.78383],[13.03061,47.78491],[13.03044,47.78371],[13.0286,47.78271],[13.02907,47.7824],[13.02916,47.78077],[13.03055,47.78077],[13.03047,47.78238],[13.03204,47.78263]]],[[[13.01331,47.75246],[13.01492,47.75235],[13.01473,47.75212],[13.01553,47.7517],[13.01616,47.75166],[13.01614,47.75148],[13.01911,47.75133],[13.01927,47.75263],[13.01683,47.75276],[13.01678,47.75255],[13.01548,47.75263],[13.01503,47.75352],[13.01572,47.7552],[13.01522,47.75526],[13.01535,47.75588],[13.01598,47.75582],[13.01652,47.75722],[13.01581,47.75732],[13.016,47.75767],[13.01666,47.75758],[13.01826,47.76168],[13.01739,47.76226],[13.01714,47.76169],[13.01605,47.76236],[13.01538,47.76064],[13.01516,47.76079],[13.01486,47.76058],[13.01525,47.76031],[13.01488,47.75934],[13.01521,47.75932],[13.01514,47.75892],[13.01545,47.75889],[13.01533,47.7587],[13.01463,47.7587],[13.01454,47.75848],[13.01514,47.75845],[13.01501,47.75792],[13.01464,47.75796],[13.01454,47.75765],[13.01421,47.75767],[13.01409,47.75733],[13.01447,47.75726],[13.0144,47.75673],[13.01387,47.75677],[13.01288,47.75398],[13.0131,47.75394],[13.01312,47.75367],[13.01373,47.75356],[13.01359,47.75317],[13.01298,47.75325],[13.01291,47.75303],[13.01351,47.75298],[13.01331,47.75246]]],[[[13.02449,47.77778],[13.02629,47.7824],[13.02602,47.7826],[13.0261,47.78298],[13.02545,47.78309],[13.02568,47.7837],[13.02661,47.7833],[13.02684,47.78386],[13.02587,47.78398],[13.02797,47.78481],[13.02799,47.78504],[13.02736,47.7859],[13.0264,47.78596],[13.02626,47.78558],[13.02515,47.78578],[13.02506,47.78547],[13.0252,47.78543],[13.02495,47.78476],[13.02464,47.78453],[13.02441,47.78393],[13.02489,47.78359],[13.02545,47.78373],[13.02516,47.78299],[13.02427,47.7836],[13.02335,47.78121],[13.02234,47.78191],[13.02171,47.78151],[13.02309,47.78054],[13.0218,47.77719],[13.023,47.77674],[13.02278,47.77625],[13.02384,47.7761],[13.02449,47.77778]]],[[[13.01503,47.75352],[13.01548,47.75263],[13.01678,47.75255],[13.01683,47.75276],[13.01927,47.75263],[13.01911,47.75133],[13.01955,47.75151],[13.0198,47.75187],[13.01993,47.75335],[13.02137,47.75411],[13.02354,47.75566],[13.02525,47.75526],[13.0284,47.75548],[13.0286,47.75545],[13.02847,47.75542],[13.0286,47.75529],[13.03046,47.75491],[13.0308,47.75436],[13.03131,47.75281],[13.03505,47.75434],[13.03704,47.75564],[13.03676,47.75654],[13.03508,47.75892],[13.03527,47.7593],[13.03386,47.75837],[13.03269,47.75811],[13.03172,47.75767],[13.03152,47.75782],[13.03157,47.75825],[13.03109,47.75853],[13.0327,47.76104],[13.03207,47.76128],[13.03225,47.76157],[13.03422,47.76181],[13.03522,47.76213],[13.03592,47.7673],[13.03629,47.76727],[13.03641,47.768],[13.0388,47.76823],[13.03824,47.77022],[13.03798,47.77023],[13.03794,47.77059],[13.03811,47.77201],[13.03887,47.7731],[13.03851,47.77359],[13.03258,47.7739],[13.03268,47.77493],[13.03056,47.7751],[13.03056,47.77615],[13.03095,47.7768],[13.03055,47.78077],[13.02916,47.78077],[13.02907,47.7824],[13.0286,47.78271],[13.03044,47.78371],[13.03061,47.78491],[13.02812,47.78383],[13.02797,47.78481],[13.02587,47.78398],[13.02684,47.78386],[13.02661,47.7833],[13.02568,47.7837],[13.02545,47.78309],[13.0261,47.78298],[13.02602,47.7826],[13.02629,47.7824],[13.02384,47.7761],[13.02323,47.77619],[13.02308,47.77579],[13.02367,47.77569],[13.02213,47.77169],[13.0219,47.77174],[13.02166,47.77127],[13.02195,47.7712],[13.02063,47.76784],[13.02026,47.76797],[13.01992,47.76741],[13.02037,47.76717],[13.01845,47.76219],[13.01784,47.76228],[13.01773,47.76204],[13.01826,47.76168],[13.01678,47.75785],[13.01666,47.75758],[13.016,47.75767],[13.01581,47.75732],[13.01652,47.75722],[13.01598,47.75582],[13.01535,47.75588],[13.01522,47.75526],[13.01572,47.7552],[13.01503,47.75352]]],[[[13.00008,47.7632],[13,47.76289],[13.00456,47.75906],[13.01041,47.75433],[13.01329,47.75239],[13.01351,47.75298],[13.01291,47.75303],[13.01298,47.75325],[13.01359,47.75317],[13.01373,47.75356],[13.01312,47.75367],[13.0131,47.75394],[13.01288,47.75398],[13.01387,47.75677],[13.0144,47.75673],[13.01447,47.75726],[13.01409,47.75733],[13.01421,47.75767],[13.01454,47.75765],[13.01464,47.75796],[13.01501,47.75792],[13.01514,47.75845],[13.01454,47.75848],[13.01463,47.7587],[13.01533,47.7587],[13.01545,47.75889],[13.01514,47.75892],[13.01521,47.75932],[13.01488,47.75934],[13.01525,47.76031],[13.01486,47.76058],[13.01516,47.76079],[13.01538,47.76064],[13.0166,47.7638],[13.01703,47.76345],[13.01723,47.76368],[13.01756,47.76344],[13.01766,47.7637],[13.01678,47.76428],[13.01782,47.76697],[13.01819,47.76664],[13.0186,47.767],[13.01886,47.76683],[13.01895,47.76707],[13.01815,47.76782],[13.02093,47.77502],[13.02052,47.77512],[13.02073,47.7757],[13.02116,47.77557],[13.02309,47.78054],[13.02171,47.78151],[13.02234,47.78191],[13.02335,47.78121],[13.02427,47.7836],[13.02516,47.78299],[13.02545,47.78373],[13.02489,47.78359],[13.02441,47.78393],[13.02464,47.78453],[13.02495,47.78476],[13.0252,47.78543],[13.02506,47.78547],[13.02515,47.78578],[13.02626,47.78558],[13.0264,47.78596],[13.02736,47.7859],[13.02757,47.78552],[13.02798,47.78567],[13.02762,47.78598],[13.03115,47.78717],[13.03126,47.78812],[13.02732,47.78813],[13.02646,47.78842],[13.02609,47.78881],[13.02386,47.78909],[13.02358,47.78963],[13.02316,47.78997],[13.02322,47.79033],[13.02146,47.7907],[13.02063,47.7907],[13.02086,47.78946],[13.02069,47.78803],[13.02002,47.78673],[13.01946,47.7861],[13.00567,47.7762],[13.00426,47.77488],[13.00294,47.77324],[13.00162,47.77098],[13.00078,47.76866],[13.00008,47.7632]],[[13.00122,47.76485],[13.00174,47.76548],[13.00164,47.76557],[13.00347,47.76633],[13.00392,47.76604],[13.0045,47.76628],[13.00529,47.76533],[13.0025,47.76422],[13.0028,47.76385],[13.00408,47.76343],[13.00385,47.76304],[13.00436,47.76294],[13.00515,47.76371],[13.00546,47.76357],[13.005,47.76312],[13.00544,47.76292],[13.00492,47.76241],[13.00564,47.76224],[13.0065,47.76178],[13.00492,47.76241],[13.00381,47.76256],[13.00366,47.76273],[13.00373,47.76304],[13.00198,47.76335],[13.00218,47.76355],[13.0019,47.76378],[13.00157,47.76463],[13.00122,47.76485]],[[13.00732,47.76125],[13.0084,47.76072],[13.00863,47.76103],[13.00946,47.76072],[13.01013,47.76063],[13.01035,47.76085],[13.0108,47.76064],[13.01052,47.76037],[13.00873,47.76046],[13.00732,47.76125]],[[13.0065,47.76178],[13.00718,47.76233],[13.00804,47.76194],[13.00732,47.76125],[13.0065,47.76178]]],[[[13.01363,47.75217],[13.01566,47.75121],[13.01614,47.75148],[13.01616,47.75166],[13.01553,47.7517],[13.01473,47.75212],[13.01492,47.75235],[13.01331,47.75246],[13.01363,47.75217]]],[[[13.0193,47.76441],[13.02037,47.76717],[13.01992,47.76741],[13.02026,47.76797],[13.02063,47.76784],[13.02195,47.7712],[13.02166,47.77127],[13.0219,47.77174],[13.02213,47.77169],[13.02367,47.77569],[13.02308,47.77579],[13.02323,47.77619],[13.02278,47.77625],[13.023,47.77674],[13.0218,47.77719],[13.02116,47.77557],[13.02073,47.7757],[13.02052,47.77512],[13.02093,47.77502],[13.01815,47.76782],[13.01895,47.76707],[13.01886,47.76683],[13.0186,47.767],[13.01819,47.76664],[13.01782,47.76697],[13.01678,47.76428],[13.01766,47.7637],[13.01756,47.76344],[13.01723,47.76368],[13.01703,47.76345],[13.0166,47.7638],[13.01605,47.76236],[13.01714,47.76169],[13.01739,47.76226],[13.01773,47.76204],[13.01784,47.76228],[13.01845,47.76219],[13.0193,47.76441]]]]}},{"type":"Feature","properties":{"name":"Maxglan"},"geometry":{"type":"MultiPolygon","coordinates":[[[[13.01335,47.7876],[13.01454,47.78836],[13.0155,47.78803],[13.0169,47.78895],[13.01484,47.79001],[13.01329,47.78879],[13.0134,47.78876],[13.01185,47.78768],[13.01272,47.7872],[13.01335,47.7876]]],[[[13.02019,47.80052],[13.02112,47.80002],[13.02126,47.79964],[13.02119,47.79907],[13.02164,47.7991],[13.02192,47.79929],[13.02183,47.79979],[13.02127,47.8008],[13.02147,47.80148],[13.02128,47.80225],[13.02206,47.80347],[13.02229,47.8046],[13.02195,47.80491],[13.02193,47.80516],[13.0214,47.80543],[13.02117,47.80573],[13.02099,47.80689],[13.02138,47.80768],[13.02216,47.80805],[13.02134,47.80821],[13.02086,47.80809],[13.01972,47.80724],[13.01932,47.8076],[13.01875,47.80643],[13.0187,47.80552],[13.01917,47.80389],[13.01935,47.80136],[13.01962,47.80085],[13.02019,47.80052]]],[[[13.00451,47.79819],[13.00485,47.7983],[13.00563,47.79787],[13.00645,47.79854],[13.00632,47.79864],[13.0068,47.79916],[13.00551,47.79953],[13.00616,47.80016],[13.0059,47.80029],[13.00471,47.8001],[13.00486,47.80028],[13.00416,47.80056],[13.00375,47.80004],[13.00385,47.79997],[13.00347,47.79917],[13.00362,47.79891],[13.00407,47.79868],[13.00378,47.7983],[13.00404,47.79814],[13.00451,47.79819]]],[[[13.00403,47.80479],[13.00398,47.80467],[13.00652,47.80377],[13.00835,47.80337],[13.0072,47.80266],[13.00777,47.80244],[13.00758,47.80225],[13.00812,47.80189],[13.00689,47.80074],[13.00678,47.80047],[13.00751,47.80059],[13.00847,47.79948],[13.00746,47.79909],[13.00762,47.79892],[13.00746,47.7988],[13.0068,47.79916],[13.00632,47.79864],[13.00645,47.79854],[13.00563,47.79787],[13.00595,47.7977],[13.00562,47.79758],[13.00994,47.7908],[13.01155,47.79021],[13.01191,47.79279],[13.01309,47.79306],[13.01334,47.7943],[13.01183,47.79499],[13.0122,47.79528],[13.01231,47.79553],[13.0122,47.79575],[13.01069,47.79641],[13.0134,47.79851],[13.01216,47.79963],[13.01576,47.80131],[13.01601,47.80089],[13.01541,47.80066],[13.01581,47.80019],[13.01552,47.80008],[13.01566,47.79992],[13.01594,47.80003],[13.01608,47.79988],[13.01532,47.79951],[13.016,47.79891],[13.01652,47.7991],[13.0173,47.79853],[13.01794,47.79879],[13.01849,47.79829],[13.0176,47.79788],[13.01571,47.79659],[13.01476,47.79559],[13.0146,47.79512],[13.01398,47.79466],[13.01387,47.79414],[13.01347,47.79358],[13.0136,47.79312],[13.01324,47.79118],[13.01466,47.79104],[13.01478,47.79168],[13.01537,47.79156],[13.0148,47.79074],[13.01483,47.79055],[13.01711,47.78983],[13.01739,47.79025],[13.01904,47.78947],[13.01819,47.78778],[13.01652,47.78622],[13.0145,47.7874],[13.01413,47.78717],[13.01387,47.78733],[13.01315,47.78691],[13.0128,47.78725],[13.0127,47.78718],[13.01308,47.78682],[13.0126,47.78654],[13.01291,47.78604],[13.0127,47.78594],[13.0132,47.78559],[13.01359,47.78498],[13.01457,47.78527],[13.01517,47.78574],[13.01764,47.78471],[13.019,47.7857],[13.02023,47.78707],[13.02069,47.78803],[13.02084,47.78874],[13.02067,47.7906],[13.01981,47.79259],[13.01984,47.79292],[13.02031,47.79272],[13.02054,47.79319],[13.02116,47.79333],[13.02197,47.79313],[13.02302,47.79378],[13.0249,47.79431],[13.02525,47.79451],[13.02651,47.79598],[13.02832,47.7966],[13.02722,47.79714],[13.02625,47.79737],[13.02608,47.7976],[13.02584,47.79699],[13.02415,47.79746],[13.02335,47.7955],[13.02077,47.79631],[13.01965,47.79593],[13.01897,47.79589],[13.01902,47.7966],[13.01938,47.7973],[13.02059,47.79822],[13.02113,47.79887],[13.02122,47.79982],[13.02088,47.80024],[13.01962,47.80085],[13.01936,47.8014],[13.01862,47.80124],[13.01853,47.80083],[13.01735,47.80051],[13.01702,47.80064],[13.01645,47.80124],[13.01627,47.80193],[13.01786,47.80196],[13.01754,47.80286],[13.01721,47.80332],[13.01625,47.80349],[13.01622,47.80407],[13.01552,47.80408],[13.01572,47.80519],[13.01675,47.80639],[13.01798,47.80726],[13.01838,47.80685],[13.0186,47.8063],[13.01957,47.8079],[13.01825,47.80836],[13.01824,47.80872],[13.01734,47.80887],[13.0174,47.80904],[13.01686,47.8091],[13.01663,47.8094],[13.01248,47.81092],[13.01142,47.81166],[13.01164,47.81178],[13.01103,47.81221],[13.01026,47.81168],[13.0099,47.81189],[13.00883,47.81035],[13.00856,47.81036],[13.00768,47.80906],[13.00972,47.80856],[13.0089,47.80726],[13.0094,47.80705],[13.00902,47.80646],[13.00623,47.80718],[13.0057,47.80651],[13.00496,47.806],[13.00633,47.80557],[13.00646,47.80586],[13.00659,47.80584],[13.00699,47.8057],[13.00685,47.80542],[13.00799,47.80513],[13.0075,47.80444],[13.00588,47.80498],[13.00556,47.8046],[13.00418,47.80511],[13.00403,47.80479]]],[[[13.01148,47.81168],[13.013,47.81067],[13.01663,47.8094],[13.01686,47.8091],[13.0174,47.80904],[13.01734,47.80887],[13.01824,47.80872],[13.01825,47.80836],[13.01957,47.8079],[13.01932,47.8076],[13.01972,47.80724],[13.02086,47.80809],[13.02134,47.80821],[13.02216,47.80805],[13.02236,47.8083],[13.02088,47.80875],[13.01915,47.80965],[13.01327,47.81411],[13.01256,47.8133],[13.01178,47.81272],[13.01199,47.81255],[13.01326,47.81271],[13.01346,47.81292],[13.01435,47.81236],[13.01536,47.81234],[13.0161,47.81178],[13.01621,47.81023],[13.01492,47.81024],[13.01262,47.81131],[13.01177,47.81188],[13.01148,47.81168]]],[[[13.00863,47.7925],[13.00781,47.79081],[13.01349,47.78178],[13.01764,47.78471],[13.01517,47.78574],[13.01457,47.78527],[13.01359,47.78498],[13.0132,47.78559],[13.0127,47.78594],[13.01291,47.78604],[13.0126,47.78654],[13.01308,47.78682],[13.01272,47.7872],[13.01185,47.78768],[13.0134,47.78876],[13.01329,47.78879],[13.01484,47.79001],[13.0169,47.78895],[13.0155,47.78803],[13.01452,47.78835],[13.01279,47.7872],[13.01315,47.78691],[13.01387,47.78733],[13.01413,47.78717],[13.0145,47.7874],[13.01652,47.78622],[13.01819,47.78778],[13.01904,47.78947],[13.01739,47.79025],[13.01711,47.78983],[13.01483,47.79055],[13.0148,47.79074],[13.01537,47.79156],[13.01478,47.79168],[13.01466,47.79104],[13.01324,47.79118],[13.0136,47.79312],[13.01347,47.79358],[13.01387,47.79414],[13.01398,47.79466],[13.0146,47.79512],[13.01476,47.79559],[13.01571,47.79659],[13.0176,47.79788],[13.01849,47.79829],[13.01794,47.79879],[13.0173,47.79853],[13.01652,47.7991],[13.016,47.79891],[13.01532,47.79951],[13.01608,47.79988],[13.01594,47.80003],[13.01566,47.79992],[13.01552,47.80008],[13.01581,47.80019],[13.01541,47.80066],[13.01601,47.80089],[13.01576,47.80131],[13.01216,47.79963],[13.0134,47.79851],[13.01069,47.79641],[13.0122,47.79575],[13.01231,47.79553],[13.0122,47.79528],[13.01183,47.79499],[13.01334,47.7943],[13.01309,47.79306],[13.01191,47.79279],[13.01155,47.79021],[13.00994,47.7908],[13.00864,47.79281],[13.00863,47.7925]]],[[[13.00418,47.80511],[13.00556,47.8046],[13.00588,47.80498],[13.0075,47.80444],[13.00799,47.80513],[13.00685,47.80542],[13.00699,47.8057],[13.00659,47.80584],[13.00646,47.80586],[13.00633,47.80557],[13.00515,47.80602],[13.00481,47.80587],[13.00418,47.80511]]],[[[12.99912,47.80481],[12.9993,47.80412],[13.00274,47.79871],[13.00378,47.7983],[13.00407,47.79868],[13.00362,47.79891],[13.00347,47.79917],[13.00385,47.79997],[13.00375,47.80004],[13.00416,47.80056],[13.00486,47.80028],[13.00471,47.8001],[13.0059,47.80029],[13.00616,47.80016],[13.00552,47.79951],[13.0068,47.79916],[13.00746,47.7988],[13.00762,47.79892],[13.00746,47.79909],[13.00847,47.79948],[13.00751,47.80059],[13.00678,47.80047],[13.00689,47.80074],[13.00812,47.80189],[13.00758,47.80225],[13.00777,47.80244],[13.0072,47.80266],[13.00835,47.80337],[13.00695,47.80364],[13.00483,47.80446],[13.00365,47.80473],[12.99989,47.80508],[12.99912,47.80481]]],[[[13.00762,47.80678],[13.00902,47.80646],[13.0094,47.80705],[13.0089,47.80726],[13.00972,47.80856],[13.00782,47.80904],[13.00634,47.80712],[13.00762,47.80678]]],[[[12.99858,47.7892],[13.00335,47.78896],[13.00731,47.78265],[13.00702,47.78244],[13.00836,47.78165],[13.00777,47.78117],[13.00972,47.78009],[13.00965,47.77985],[13.01034,47.77954],[13.01349,47.78178],[13.00781,47.79081],[13.00863,47.7925],[13.00864,47.79281],[13.00562,47.79758],[13.00595,47.7977],[13.00485,47.7983],[13.00404,47.79814],[13.00274,47.79871],[12.9993,47.80412],[12.99827,47.80679],[12.99663,47.80633],[12.99538,47.8083],[12.99324,47.80552],[12.99405,47.80478],[12.99399,47.80395],[12.99745,47.79845],[12.99517,47.79737],[12.99584,47.79708],[12.99599,47.79685],[12.99564,47.79655],[12.99637,47.79626],[12.9965,47.79604],[12.99534,47.79556],[12.99595,47.79503],[12.99702,47.79532],[12.99763,47.79453],[12.99406,47.79309],[12.99669,47.79028],[12.99734,47.79052],[12.99858,47.7892]]],[[[13.02415,47.79746],[13.02584,47.79699],[13.02608,47.7976],[13.02583,47.79804],[13.02682,47.79859],[13.0273,47.79923],[13.02761,47.80014],[13.02889,47.80074],[13.02989,47.80085],[13.02997,47.80124],[13.02902,47.80279],[13.02615,47.80214],[13.02348,47.80373],[13.02409,47.80423],[13.02325,47.80532],[13.02302,47.80548],[13.02178,47.80523],[13.02229,47.80451],[13.02206,47.80347],[13.02131,47.80243],[13.02147,47.80148],[13.02127,47.80086],[13.02194,47.79932],[13.02164,47.7991],[13.02123,47.79906],[13.02078,47.7984],[13.01938,47.7973],[13.01902,47.7966],[13.01897,47.79589],[13.01965,47.79593],[13.02077,47.79631],[13.02335,47.7955],[13.02415,47.79746]]],[[[13.02466,47.80301],[13.0262,47.80213],[13.02902,47.80279],[13.02706,47.80597],[13.02665,47.80783],[13.02446,47.80788],[13.02236,47.8083],[13.02119,47.80742],[13.02099,47.80689],[13.02109,47.80587],[13.0214,47.80543],[13.02178,47.80523],[13.02302,47.80548],[13.02325,47.80532],[13.02409,47.80423],[13.02348,47.80373],[13.02466,47.80301]]],[[[13.01381,47.81076],[13.01492,47.81024],[13.01621,47.81023],[13.0161,47.81178],[13.01536,47.81234],[13.01435,47.81236],[13.01346,47.81292],[13.01326,47.81271],[13.01199,47.81255],[13.01178,47.81272],[13.01103,47.81221],[13.01381,47.81076]]],[[[13.01813,47.80076],[13.01853,47.80083],[13.01862,47.80124],[13.01936,47.80146],[13.01917,47.80389],[13.0187,47.80552],[13.01875,47.80643],[13.01851,47.80629],[13.01838,47.80685],[13.01785,47.80726],[13.01743,47.80678],[13.01675,47.80639],[13.01588,47.80543],[13.01552,47.80408],[13.01622,47.80407],[13.01625,47.80349],[13.01725,47.8033],[13.01777,47.80233],[13.01786,47.80196],[13.01627,47.80193],[13.01645,47.80124],[13.01727,47.80051],[13.01813,47.80076]]]]}},{"type":"Feature","properties":{"name":"Salzachseen"},"geometry":{"type":"MultiPolygon","coordinates":[[[[13.02062,47.82657],[13.02087,47.82633],[13.02187,47.82673],[13.022,47.82674],[13.02179,47.82644],[13.02244,47.82658],[13.02378,47.82696],[13.02352,47.82749],[13.02663,47.82817],[13.02522,47.82991],[13.02382,47.82939],[13.02337,47.82903],[13.02221,47.83094],[13.0261,47.83228],[13.02545,47.83294],[13.02432,47.83255],[13.02458,47.83222],[13.02452,47.83177],[13.02154,47.83082],[13.0204,47.83087],[13.01993,47.83113],[13.01892,47.83233],[13.02014,47.83276],[13.01983,47.83307],[13.01865,47.83269],[13.01671,47.83519],[13.01671,47.83568],[13.01628,47.83574],[13.01415,47.83846],[13.01269,47.83803],[13.01274,47.83775],[13.01047,47.83708],[13.01132,47.83626],[13.01263,47.83665],[13.0128,47.83777],[13.01416,47.83829],[13.01511,47.83706],[13.01259,47.83629],[13.01278,47.83583],[13.01295,47.83571],[13.01555,47.83646],[13.01631,47.83555],[13.01366,47.83475],[13.01397,47.83415],[13.01375,47.83335],[13.01471,47.83363],[13.01458,47.83378],[13.01628,47.83429],[13.01638,47.83415],[13.01721,47.83441],[13.01759,47.83393],[13.01629,47.83354],[13.01648,47.8333],[13.01541,47.83297],[13.01555,47.83279],[13.01794,47.83349],[13.01822,47.83314],[13.01692,47.83275],[13.01737,47.83211],[13.01831,47.83229],[13.01848,47.83207],[13.01891,47.8322],[13.01904,47.83204],[13.01752,47.83159],[13.01764,47.83133],[13.01826,47.83151],[13.01863,47.83101],[13.01722,47.83059],[13.01711,47.83076],[13.01664,47.83062],[13.01654,47.83032],[13.01543,47.82998],[13.01517,47.8297],[13.01523,47.82947],[13.01602,47.82879],[13.0164,47.82863],[13.01664,47.82871],[13.01739,47.8282],[13.0182,47.82798],[13.0193,47.82796],[13.01986,47.82709],[13.02062,47.82657]]],[[[13.01522,47.82555],[13.01642,47.8253],[13.01768,47.82529],[13.03033,47.82806],[13.02981,47.82895],[13.02585,47.83348],[13.01955,47.83912],[13.01043,47.84669],[13.00297,47.85321],[13.0014,47.85439],[13.00183,47.85286],[13.00307,47.85068],[13.00381,47.84861],[13.00417,47.84623],[13.00402,47.84468],[13.00326,47.84258],[13.00243,47.84144],[12.99976,47.83904],[12.99686,47.83677],[12.99871,47.8358],[12.99967,47.83618],[13.00047,47.83555],[13.00276,47.83645],[13.00319,47.83628],[13.00339,47.8361],[13.00331,47.83537],[13.00373,47.83474],[13.00451,47.83398],[13.00549,47.83348],[13.00584,47.83283],[13.00667,47.83194],[13.00649,47.83096],[13.00688,47.83094],[13.00692,47.83053],[13.00682,47.83012],[13.00657,47.83017],[13.0068,47.82956],[13.00711,47.82924],[13.00762,47.8288],[13.00866,47.82912],[13.00923,47.82865],[13.0101,47.82838],[13.01197,47.82919],[13.0123,47.82911],[13.01257,47.82892],[13.01214,47.82879],[13.01235,47.82849],[13.01288,47.82865],[13.01346,47.82776],[13.01184,47.82725],[13.01218,47.82677],[13.01151,47.82667],[13.01205,47.82629],[13.01522,47.82555]],[[13.02118,47.82651],[13.02087,47.82633],[13.02001,47.82696],[13.0193,47.82796],[13.0182,47.82798],[13.01749,47.82816],[13.01664,47.82871],[13.0164,47.82863],[13.01602,47.82879],[13.01523,47.82947],[13.01517,47.8297],[13.01543,47.82998],[13.01654,47.83032],[13.01664,47.83062],[13.01711,47.83076],[13.01722,47.83059],[13.01863,47.83101],[13.01826,47.83151],[13.01764,47.83133],[13.01752,47.83159],[13.01904,47.83204],[13.01891,47.8322],[13.01848,47.83207],[13.01831,47.83229],[13.01737,47.83211],[13.01692,47.83275],[13.01822,47.83314],[13.01794,47.83349],[13.01555,47.83279],[13.01541,47.83297],[13.01648,47.8333],[13.01629,47.83354],[13.01759,47.83393],[13.01721,47.83441],[13.01638,47.83415],[13.01628,47.83429],[13.01458,47.83378],[13.01471,47.83363],[13.01375,47.83335],[13.01397,47.83415],[13.01366,47.83475],[13.01631,47.83555],[13.01555,47.83646],[13.01295,47.83571],[13.01278,47.83583],[13.01259,47.83629],[13.01511,47.83706],[13.01416,47.83829],[13.0128,47.83777],[13.01263,47.83665],[13.01132,47.83626],[13.01047,47.83708],[13.01274,47.83775],[13.01269,47.83803],[13.01415,47.83846],[13.01628,47.83574],[13.01671,47.83568],[13.01671,47.83519],[13.01865,47.83269],[13.01983,47.83307],[13.02014,47.83276],[13.01892,47.83233],[13.01993,47.83113],[13.0204,47.83087],[13.02154,47.83082],[13.02452,47.83177],[13.02458,47.83222],[13.02432,47.83255],[13.02545,47.83294],[13.02608,47.83218],[13.02221,47.83094],[13.02337,47.82903],[13.02382,47.82939],[13.02522,47.82991],[13.02663,47.82817],[13.02352,47.82749],[13.02378,47.82696],[13.02179,47.82644],[13.022,47.82674],[13.02118,47.82651]]]]}},{"type":"Feature","properties":{"name":"Itzling Nord"},"geometry":{"type":"MultiPolygon","coordinates":[[[[13.01604,47.84312],[13.01769,47.84189],[13.01795,47.84206],[13.01691,47.84295],[13.01878,47.84255],[13.0201,47.84293],[13.02035,47.84566],[13.0194,47.84571],[13.01942,47.84586],[13.01822,47.84607],[13.01774,47.84638],[13.01724,47.847],[13.0167,47.84732],[13.01676,47.84767],[13.01618,47.84794],[13.0153,47.84778],[13.01563,47.8475],[13.01435,47.8468],[13.01199,47.84663],[13.01297,47.84605],[13.01274,47.84592],[13.01604,47.84312]]],[[[13.02781,47.83241],[13.02981,47.83003],[13.03087,47.83044],[13.03068,47.83067],[13.03165,47.83078],[13.03172,47.83111],[13.03198,47.83133],[13.03024,47.83223],[13.02839,47.83429],[13.02722,47.83525],[13.02641,47.83458],[13.0249,47.83521],[13.02781,47.83241]]],[[[13.02663,47.83561],[13.02684,47.83507],[13.02667,47.83484],[13.02722,47.83525],[13.02663,47.83561]]],[[[13.01274,47.84592],[13.01189,47.84546],[13.01955,47.83912],[13.02585,47.83348],[13.02981,47.82895],[13.03033,47.82806],[13.03305,47.82868],[13.03535,47.82958],[13.03198,47.83133],[13.03172,47.83111],[13.03165,47.83078],[13.03068,47.83067],[13.03087,47.83044],[13.02981,47.83003],[13.02694,47.83336],[13.0249,47.83521],[13.02641,47.83458],[13.02661,47.83476],[13.02648,47.83469],[13.0251,47.83529],[13.02244,47.8376],[13.02118,47.83949],[13.0206,47.84002],[13.02107,47.84021],[13.02081,47.84065],[13.01902,47.8414],[13.01877,47.8417],[13.01859,47.84259],[13.01691,47.84295],[13.01795,47.84206],[13.01769,47.84189],[13.01723,47.84215],[13.01274,47.84592]]]]}},{"type":"Feature","properties":{"name":"Parsch"},"geometry":{"type":"MultiPolygon","coordinates":[[[[13.07414,47.80223],[13.07578,47.80224],[13.07836,47.80276],[13.07961,47.8033],[13.07738,47.80496],[13.07489,47.80766],[13.07304,47.80812],[13.07261,47.80859],[13.07117,47.80809],[13.06878,47.80755],[13.07039,47.80486],[13.07166,47.80208],[13.07414,47.80223]]],[[[13.06543,47.80046],[13.06812,47.80224],[13.0686,47.80233],[13.07105,47.80213],[13.07088,47.8024],[13.07097,47.80253],[13.06928,47.80554],[13.06895,47.80569],[13.06826,47.80699],[13.06811,47.80694],[13.06794,47.8072],[13.06809,47.80723],[13.06805,47.80736],[13.06701,47.80717],[13.06594,47.80736],[13.06522,47.80619],[13.06527,47.80583],[13.06554,47.80574],[13.06558,47.80525],[13.06587,47.80521],[13.06617,47.80481],[13.06617,47.80409],[13.06567,47.80423],[13.06486,47.80369],[13.06389,47.80355],[13.06294,47.80284],[13.06219,47.80263],[13.06221,47.80243],[13.06144,47.80249],[13.06112,47.80233],[13.06103,47.80217],[13.06118,47.80213],[13.06089,47.80155],[13.06063,47.80161],[13.06039,47.80137],[13.06117,47.80119],[13.06126,47.80096],[13.06081,47.80095],[13.06014,47.80053],[13.06068,47.79992],[13.06012,47.79962],[13.06014,47.79949],[13.06163,47.79871],[13.0634,47.7989],[13.06416,47.79973],[13.06543,47.80046]]],[[[13.0799,47.80226],[13.08049,47.80163],[13.07985,47.80102],[13.08113,47.79997],[13.08144,47.79937],[13.08126,47.79898],[13.08234,47.79913],[13.08229,47.79927],[13.08348,47.80014],[13.08607,47.80154],[13.08706,47.80189],[13.08699,47.80208],[13.08649,47.80207],[13.08552,47.80184],[13.08486,47.80219],[13.08489,47.80246],[13.08431,47.80241],[13.08401,47.80259],[13.08406,47.80191],[13.08386,47.80147],[13.08299,47.80137],[13.08317,47.8016],[13.08203,47.80195],[13.0816,47.80168],[13.08134,47.80178],[13.08125,47.80218],[13.08062,47.80208],[13.08045,47.80275],[13.08147,47.80323],[13.08173,47.80371],[13.08101,47.80376],[13.08094,47.80416],[13.08062,47.80422],[13.08047,47.8047],[13.08017,47.80468],[13.08027,47.80487],[13.08175,47.80553],[13.08127,47.80587],[13.08095,47.8072],[13.08019,47.80674],[13.07994,47.8069],[13.07996,47.80704],[13.07971,47.80692],[13.07902,47.80743],[13.07794,47.80769],[13.07736,47.80729],[13.07686,47.80632],[13.07568,47.80691],[13.07738,47.80496],[13.07961,47.8033],[13.07836,47.80276],[13.07895,47.80195],[13.0799,47.80226]]],[[[13.06807,47.79718],[13.0688,47.79675],[13.07018,47.79699],[13.06977,47.79756],[13.07015,47.79769],[13.07009,47.79822],[13.06992,47.79841],[13.06857,47.79809],[13.06904,47.79746],[13.06807,47.79718]]],[[[13.06809,47.80723],[13.06794,47.8072],[13.06811,47.80694],[13.06826,47.80699],[13.06895,47.80569],[13.06919,47.80564],[13.06951,47.80515],[13.07097,47.80253],[13.07088,47.8024],[13.072,47.80057],[13.07275,47.79967],[13.0731,47.79896],[13.07358,47.7972],[13.07381,47.79722],[13.07352,47.79859],[13.07167,47.8018],[13.07163,47.80236],[13.07039,47.80486],[13.06878,47.80755],[13.06805,47.80736],[13.06809,47.80723]]],[[[13.06585,47.80442],[13.06567,47.80423],[13.06617,47.80409],[13.06625,47.8045],[13.06612,47.80489],[13.06599,47.80489],[13.06585,47.80442]]],[[[13.06156,47.80253],[13.06144,47.80249],[13.06221,47.80243],[13.06219,47.80263],[13.06156,47.80253]]],[[[13.0607,47.80167],[13.06084,47.8015],[13.06118,47.80213],[13.06103,47.80217],[13.0607,47.80167]]],[[[13.05536,47.79813],[13.05444,47.79797],[13.05764,47.79643],[13.06709,47.79121],[13.06756,47.79162],[13.06671,47.79208],[13.06707,47.79226],[13.06662,47.79263],[13.06682,47.79289],[13.06634,47.79307],[13.06624,47.79293],[13.06644,47.79276],[13.0661,47.79241],[13.06128,47.79505],[13.06173,47.79547],[13.06172,47.79566],[13.06241,47.79667],[13.06238,47.79714],[13.06163,47.79871],[13.05536,47.79813]]],[[[13.06718,47.79182],[13.06756,47.79162],[13.06996,47.79341],[13.06892,47.79467],[13.06848,47.794],[13.06464,47.79526],[13.06326,47.79396],[13.0661,47.79241],[13.06644,47.79276],[13.06624,47.79293],[13.06634,47.79307],[13.06682,47.79289],[13.06662,47.79263],[13.06707,47.79226],[13.06671,47.79208],[13.06718,47.79182]]],[[[13.06973,47.79838],[13.06992,47.79841],[13.07009,47.79822],[13.07015,47.79769],[13.06977,47.79756],[13.07,47.79734],[13.07358,47.7972],[13.0731,47.79896],[13.07264,47.79984],[13.0711,47.79978],[13.06942,47.79994],[13.06847,47.7996],[13.06675,47.79964],[13.06722,47.79849],[13.06753,47.79855],[13.06777,47.79803],[13.06973,47.79838]]],[[[13.07166,47.80208],[13.07167,47.8018],[13.07352,47.79859],[13.07454,47.79856],[13.07565,47.79892],[13.07656,47.79898],[13.07754,47.79964],[13.07833,47.79888],[13.07961,47.79926],[13.08122,47.79897],[13.08144,47.7992],[13.08101,47.80013],[13.07985,47.80102],[13.08049,47.80163],[13.0799,47.80226],[13.07895,47.80195],[13.07836,47.80276],[13.07578,47.80224],[13.07166,47.80208]]],[[[13.06133,47.79509],[13.06326,47.79396],[13.06464,47.79526],[13.06848,47.794],[13.06892,47.79467],[13.06944,47.7948],[13.06893,47.7951],[13.06873,47.79581],[13.06996,47.7961],[13.07018,47.79699],[13.0688,47.79675],[13.06807,47.79718],[13.06904,47.79746],[13.06848,47.79816],[13.06777,47.79803],[13.06753,47.79855],[13.06722,47.79849],[13.06675,47.79964],[13.06847,47.7996],[13.06942,47.79994],[13.0711,47.79978],[13.07264,47.79984],[13.072,47.80057],[13.07105,47.80213],[13.0686,47.80233],[13.06803,47.8022],[13.065,47.80015],[13.06421,47.79976],[13.06348,47.79892],[13.06163,47.79871],[13.06238,47.79714],[13.06241,47.79667],[13.06172,47.79566],[13.06173,47.79547],[13.06133,47.79509]]]]}},{"type":"Feature","properties":{"name":"Mülln"},"geometry":{"type":"MultiPolygon","coordinates":[[[[13.03551,47.80536],[13.03566,47.80563],[13.03592,47.80558],[13.03665,47.80474],[13.03634,47.80457],[13.03657,47.8043],[13.03785,47.80326],[13.03818,47.80337],[13.03825,47.80349],[13.03656,47.806],[13.03572,47.8079],[13.03427,47.80782],[13.03474,47.80701],[13.03405,47.80686],[13.03431,47.80676],[13.03328,47.80673],[13.03333,47.80646],[13.03176,47.80479],[13.03164,47.80413],[13.03184,47.80378],[13.03204,47.80369],[13.03219,47.80385],[13.03241,47.80368],[13.03281,47.80392],[13.03257,47.80411],[13.03285,47.80425],[13.03309,47.8041],[13.03422,47.80491],[13.03407,47.80502],[13.03481,47.80554],[13.03547,47.80518],[13.03559,47.80525],[13.03551,47.80536]]],[[[13.03012,47.80123],[13.03148,47.80108],[13.03219,47.80041],[13.03273,47.80058],[13.03233,47.80155],[13.03209,47.80297],[13.03193,47.80296],[13.03204,47.80369],[13.03164,47.80413],[13.03176,47.80479],[13.03112,47.80482],[13.03035,47.80428],[13.02965,47.80523],[13.02859,47.80487],[13.02831,47.80523],[13.02763,47.80515],[13.02997,47.80124],[13.03012,47.80123]]],[[[13.03462,47.80535],[13.0351,47.80537],[13.03481,47.80554],[13.03462,47.80535]]],[[[13.03417,47.80504],[13.03407,47.80502],[13.03422,47.80491],[13.03441,47.8052],[13.03417,47.80504]]],[[[13.03273,47.80418],[13.03257,47.80411],[13.03281,47.80392],[13.03309,47.8041],[13.03273,47.80418]]],[[[13.0319,47.80323],[13.03193,47.80296],[13.03209,47.80297],[13.03208,47.80326],[13.03241,47.80368],[13.03221,47.80385],[13.0319,47.80323]]],[[[13.02665,47.80783],[13.02666,47.80771],[13.02783,47.80776],[13.03345,47.80828],[13.03404,47.80826],[13.03427,47.80782],[13.03572,47.8079],[13.03656,47.806],[13.03794,47.80387],[13.03825,47.80349],[13.03885,47.80371],[13.03792,47.80509],[13.03711,47.80668],[13.03649,47.80861],[13.02665,47.80783]]],[[[13.02965,47.80523],[13.03035,47.80428],[13.03112,47.80482],[13.03176,47.80479],[13.03333,47.80646],[13.03328,47.80673],[13.03431,47.80676],[13.03405,47.80686],[13.03471,47.80699],[13.03473,47.80711],[13.03404,47.80826],[13.02666,47.80771],[13.02706,47.80597],[13.02748,47.80525],[13.02781,47.80511],[13.02831,47.80523],[13.02859,47.80487],[13.02965,47.80523]]]]}},{"type":"Feature","properties":{"name":"Altstadt"},"geometry":{"type":"MultiPolygon","coordinates":[[[[13.04333,47.79714],[13.04427,47.79678],[13.04445,47.79696],[13.04496,47.79668],[13.0453,47.79698],[13.04561,47.79693],[13.04598,47.79653],[13.04662,47.79627],[13.04863,47.7962],[13.04876,47.7965],[13.04866,47.7969],[13.04888,47.79706],[13.04894,47.79773],[13.04846,47.79796],[13.04841,47.79832],[13.04886,47.79937],[13.04148,47.80144],[13.03936,47.80249],[13.03825,47.80349],[13.03795,47.80328],[13.03804,47.80317],[13.03788,47.80289],[13.03802,47.80252],[13.03902,47.80057],[13.03993,47.79934],[13.03982,47.79927],[13.03999,47.79895],[13.04027,47.79882],[13.04046,47.79894],[13.04204,47.79747],[13.04229,47.79767],[13.04333,47.79714]]],[[[13.05051,47.79635],[13.05088,47.79639],[13.05086,47.79652],[13.05199,47.79626],[13.05247,47.79629],[13.05251,47.7965],[13.05343,47.7964],[13.0535,47.79694],[13.05299,47.79719],[13.05302,47.79755],[13.05323,47.79778],[13.04886,47.79937],[13.04841,47.79832],[13.04846,47.79796],[13.04894,47.79773],[13.04888,47.79706],[13.04866,47.7969],[13.04873,47.79625],[13.04949,47.79629],[13.04941,47.79648],[13.05051,47.79635]]],[[[13.04357,47.8018],[13.04441,47.80137],[13.04665,47.80084],[13.04677,47.80117],[13.04592,47.8015],[13.04605,47.80157],[13.04579,47.80186],[13.04635,47.80225],[13.04625,47.80236],[13.04649,47.80252],[13.04639,47.80261],[13.04759,47.80318],[13.04774,47.8037],[13.04863,47.80395],[13.0484,47.80429],[13.0485,47.80432],[13.04754,47.80562],[13.04389,47.8044],[13.04262,47.80614],[13.04216,47.80607],[13.04225,47.80591],[13.04082,47.8056],[13.04104,47.80527],[13.04075,47.80515],[13.04064,47.80532],[13.03962,47.80544],[13.03859,47.80523],[13.0391,47.80439],[13.04018,47.8034],[13.04141,47.80266],[13.04357,47.8018]]],[[[13.05058,47.79987],[13.05221,47.79936],[13.05282,47.80022],[13.05044,47.80101],[13.04871,47.8012],[13.04825,47.8011],[13.04772,47.80137],[13.04691,47.80121],[13.04665,47.80084],[13.05058,47.79987]]],[[[13.05446,47.79851],[13.05536,47.79813],[13.05693,47.79827],[13.05641,47.79851],[13.05736,47.79978],[13.05963,47.79996],[13.06014,47.79949],[13.06012,47.79962],[13.06068,47.79992],[13.06014,47.80053],[13.06081,47.80095],[13.06127,47.80098],[13.06117,47.80119],[13.0606,47.80127],[13.06036,47.80101],[13.06018,47.8011],[13.05882,47.80029],[13.05883,47.80016],[13.05856,47.80017],[13.05863,47.80037],[13.05797,47.80043],[13.0566,47.80042],[13.05658,47.80016],[13.05645,47.80016],[13.05643,47.8004],[13.05604,47.80042],[13.05596,47.80021],[13.05574,47.80023],[13.05581,47.80044],[13.05558,47.80051],[13.05391,47.80043],[13.05395,47.80027],[13.05281,47.8002],[13.05221,47.79936],[13.05446,47.79851]]],[[[13.05856,47.80028],[13.05883,47.80016],[13.05882,47.80029],[13.05856,47.80028]]],[[[13.05643,47.8004],[13.05645,47.80016],[13.05661,47.80016],[13.0566,47.80042],[13.05643,47.8004]]],[[[13.05569,47.80049],[13.05581,47.80044],[13.05574,47.80023],[13.05596,47.80021],[13.05604,47.80042],[13.05569,47.80049]]],[[[13.05282,47.80022],[13.05395,47.80027],[13.05391,47.80043],[13.05282,47.80022]]],[[[13.05086,47.79652],[13.05088,47.79639],[13.05194,47.79626],[13.05086,47.79652]]],[[[13.04941,47.79648],[13.04954,47.79627],[13.05053,47.79641],[13.04941,47.79648]]],[[[13.04774,47.8037],[13.04777,47.80348],[13.04802,47.80379],[13.04774,47.8037]]],[[[13.04644,47.80264],[13.04649,47.80252],[13.04676,47.80282],[13.04644,47.80264]]],[[[13.04438,47.7969],[13.04427,47.79678],[13.04533,47.79625],[13.04646,47.7963],[13.04598,47.79653],[13.04561,47.79693],[13.0453,47.79698],[13.04496,47.79668],[13.04438,47.7969]]],[[[13.03792,47.80509],[13.03885,47.80371],[13.03825,47.80349],[13.03936,47.80249],[13.04083,47.80169],[13.04348,47.80078],[13.04539,47.80044],[13.04832,47.79955],[13.05323,47.79778],[13.05536,47.79813],[13.05058,47.79987],[13.04425,47.80142],[13.04055,47.80315],[13.03939,47.80408],[13.03859,47.80523],[13.03792,47.80509]]],[[[13.03208,47.80326],[13.0325,47.80103],[13.03313,47.7999],[13.03364,47.79937],[13.03359,47.79912],[13.03404,47.79901],[13.03521,47.7991],[13.03629,47.7988],[13.03741,47.79881],[13.03872,47.79823],[13.03899,47.7979],[13.03888,47.79669],[13.03898,47.79621],[13.03852,47.79562],[13.03715,47.79533],[13.03759,47.79491],[13.03737,47.79394],[13.03958,47.79246],[13.04209,47.79182],[13.04293,47.79196],[13.04343,47.79338],[13.04514,47.7935],[13.04502,47.79458],[13.04428,47.79523],[13.04509,47.79555],[13.04504,47.7964],[13.04229,47.79767],[13.04204,47.79747],[13.04046,47.79894],[13.04027,47.79882],[13.03999,47.79895],[13.03982,47.79927],[13.03993,47.79934],[13.03902,47.80057],[13.03802,47.80252],[13.03788,47.80295],[13.03804,47.80317],[13.03634,47.80457],[13.03665,47.80474],[13.03592,47.80558],[13.03566,47.80563],[13.03547,47.80518],[13.03537,47.80533],[13.03462,47.80535],[13.03422,47.80491],[13.03226,47.8036],[13.03208,47.80326]]],[[[13.05693,47.79827],[13.06163,47.79871],[13.06033,47.79934],[13.05963,47.79996],[13.05948,47.79986],[13.05847,47.79996],[13.05725,47.79969],[13.05641,47.79851],[13.05693,47.79827]]],[[[13.04429,47.79531],[13.04497,47.79468],[13.04514,47.7935],[13.04531,47.79346],[13.04528,47.79367],[13.04649,47.79364],[13.0486,47.79395],[13.05015,47.79521],[13.05196,47.79568],[13.05223,47.79562],[13.05327,47.796],[13.05298,47.79651],[13.05281,47.79652],[13.05251,47.7965],[13.05247,47.79629],[13.05083,47.7964],[13.04863,47.7962],[13.04637,47.79633],[13.04623,47.7962],[13.04504,47.7964],[13.04509,47.79555],[13.04465,47.79529],[13.04429,47.79531]]],[[[13.04582,47.80187],[13.04625,47.80132],[13.04655,47.80119],[13.0476,47.80138],[13.04804,47.80115],[13.05036,47.80103],[13.05286,47.80021],[13.05454,47.80054],[13.05882,47.80029],[13.06018,47.8011],[13.06036,47.80101],[13.0606,47.80127],[13.06039,47.80137],[13.0612,47.80238],[13.06253,47.80267],[13.06325,47.80302],[13.06389,47.80355],[13.06486,47.80369],[13.06548,47.80402],[13.066,47.80482],[13.06587,47.80521],[13.06558,47.80525],[13.06554,47.80574],[13.06527,47.80583],[13.06522,47.80619],[13.06594,47.80736],[13.06633,47.80736],[13.06634,47.8076],[13.06521,47.80787],[13.06366,47.80778],[13.06246,47.80746],[13.06149,47.80698],[13.05986,47.80686],[13.05967,47.80672],[13.05626,47.80657],[13.05409,47.80594],[13.053,47.80542],[13.05262,47.80503],[13.04995,47.80412],[13.04785,47.80372],[13.04759,47.80318],[13.04676,47.80282],[13.04625,47.80236],[13.04626,47.80213],[13.04582,47.80187]]]]}},{"type":"Feature","properties":{"name":"Schallmoos"},"geometry":{"type":"MultiPolygon","coordinates":[[[[13.05804,47.80671],[13.05918,47.80679],[13.05912,47.80711],[13.0593,47.80713],[13.05948,47.80703],[13.05953,47.80672],[13.05967,47.80672],[13.05965,47.80698],[13.06057,47.80706],[13.06061,47.8069],[13.06093,47.80694],[13.06084,47.80728],[13.0611,47.80731],[13.06117,47.80696],[13.06149,47.80698],[13.06172,47.80703],[13.06167,47.80718],[13.06229,47.80729],[13.06223,47.80743],[13.06325,47.80772],[13.06503,47.80788],[13.06634,47.8076],[13.06636,47.80719],[13.06805,47.80736],[13.06715,47.80898],[13.06704,47.80897],[13.06578,47.8115],[13.06425,47.81192],[13.06333,47.81182],[13.063,47.81298],[13.06324,47.81519],[13.06234,47.81686],[13.06204,47.8169],[13.06204,47.81766],[13.06123,47.81892],[13.06074,47.81938],[13.06062,47.81996],[13.05919,47.82202],[13.05928,47.82217],[13.05706,47.82313],[13.05529,47.82315],[13.05371,47.82265],[13.0532,47.82007],[13.05401,47.81382],[13.05577,47.80693],[13.05633,47.80648],[13.05715,47.80676],[13.05764,47.8067],[13.05802,47.80685],[13.05804,47.80671]]],[[[13.05068,47.80807],[13.05097,47.80795],[13.0511,47.80701],[13.05206,47.80549],[13.05222,47.8053],[13.05259,47.80543],[13.05279,47.80515],[13.05293,47.80547],[13.05321,47.80563],[13.05443,47.80611],[13.05571,47.80638],[13.05564,47.8066],[13.05601,47.80672],[13.05573,47.80701],[13.05406,47.81353],[13.05354,47.81684],[13.05318,47.81981],[13.05371,47.82265],[13.053,47.82226],[13.05274,47.82057],[13.05206,47.82041],[13.05176,47.81957],[13.04984,47.8167],[13.04981,47.81576],[13.04927,47.81579],[13.04575,47.81109],[13.04643,47.81087],[13.04581,47.81017],[13.0498,47.80859],[13.0499,47.80839],[13.05068,47.80807]]],[[[13.06303,47.81318],[13.06333,47.81182],[13.06425,47.81192],[13.06578,47.8115],[13.06324,47.81519],[13.06303,47.81318]]],[[[13.06223,47.80743],[13.06229,47.80729],[13.06246,47.80746],[13.06223,47.80743]]],[[[13.06167,47.80718],[13.06172,47.80703],[13.06229,47.80729],[13.06167,47.80718]]],[[[13.06084,47.80728],[13.06093,47.80694],[13.06117,47.80696],[13.0611,47.80731],[13.06084,47.80728]]],[[[13.06062,47.81996],[13.0607,47.81944],[13.06123,47.81892],[13.06062,47.81996]]],[[[13.05965,47.80698],[13.05967,47.80672],[13.05986,47.80686],[13.06061,47.8069],[13.06057,47.80706],[13.05965,47.80698]]],[[[13.05918,47.82205],[13.06027,47.82051],[13.06035,47.82068],[13.05976,47.82168],[13.05928,47.82217],[13.05918,47.82205]]],[[[13.05912,47.80711],[13.05918,47.80679],[13.05953,47.80672],[13.05948,47.80703],[13.05912,47.80711]]],[[[13.05665,47.80662],[13.05804,47.80671],[13.05802,47.80685],[13.05665,47.80662]]],[[[13.05508,47.80623],[13.05498,47.80619],[13.05558,47.80635],[13.05508,47.80623]]],[[[13.04492,47.81055],[13.04473,47.81042],[13.04588,47.81017],[13.04643,47.81086],[13.04575,47.81109],[13.04927,47.81579],[13.04981,47.81576],[13.04984,47.8167],[13.05176,47.81957],[13.05206,47.82041],[13.05274,47.82057],[13.05293,47.82209],[13.05313,47.8224],[13.05491,47.82307],[13.05627,47.82322],[13.05772,47.82291],[13.05899,47.82219],[13.05923,47.8222],[13.05738,47.82312],[13.05609,47.82332],[13.05354,47.82287],[13.05228,47.82219],[13.05142,47.8212],[13.04816,47.81639],[13.04732,47.81388],[13.04492,47.81055]]],[[[13.06212,47.81689],[13.06234,47.81686],[13.06207,47.81755],[13.06212,47.81689]]],[[[13.05571,47.80638],[13.05626,47.80657],[13.0561,47.80654],[13.05601,47.80672],[13.05579,47.80665],[13.05564,47.8066],[13.05571,47.80638]]]]}},{"type":"Feature","properties":{"name":"Maxglan West"},"geometry":{"type":"MultiPolygon","coordinates":[[[[13.00518,47.77595],[13.00947,47.77908],[13.00842,47.77975],[13.00831,47.78003],[13.00704,47.78019],[13.00762,47.78064],[13.00704,47.78117],[13.00721,47.7813],[13.00675,47.78166],[13.00692,47.78179],[13.00669,47.78193],[13.00514,47.78136],[13.00372,47.78191],[13.00354,47.78171],[13.00245,47.78248],[13.0018,47.78206],[13.00264,47.78145],[13.00246,47.77962],[13.0023,47.77909],[13.0019,47.77868],[13.00328,47.77728],[13.00518,47.77595]]],[[[13.00245,47.78248],[13.00354,47.78171],[13.00372,47.78191],[13.00514,47.78136],[13.00669,47.78193],[13.00692,47.78179],[13.00675,47.78166],[13.00721,47.7813],[13.00704,47.78117],[13.00762,47.78064],[13.00704,47.78019],[13.00831,47.78003],[13.00842,47.77975],[13.00947,47.77908],[13.00603,47.77665],[13.00518,47.77595],[13.00529,47.77588],[13.01034,47.77954],[13.00965,47.77985],[13.00972,47.78009],[13.00777,47.78117],[13.00836,47.78165],[13.00702,47.78244],[13.00731,47.78265],[13.00335,47.78896],[12.99858,47.7892],[12.99734,47.79052],[12.99669,47.79028],[12.99406,47.79309],[12.99176,47.79227],[12.99188,47.79204],[12.99205,47.79211],[12.99278,47.79145],[12.99457,47.7896],[12.99543,47.78993],[12.99589,47.78937],[12.9969,47.78975],[12.99753,47.78909],[12.99666,47.78875],[12.9973,47.78805],[12.997,47.78792],[12.99796,47.78697],[12.99718,47.78655],[12.99891,47.78511],[12.99908,47.78401],[13.0018,47.78206],[13.00245,47.78248]]],[[[12.99176,47.79227],[12.99763,47.79453],[12.99702,47.79532],[12.99595,47.79503],[12.99534,47.79556],[12.9965,47.79604],[12.99637,47.79626],[12.99564,47.79655],[12.99599,47.79685],[12.99584,47.79708],[12.99517,47.79737],[12.99745,47.79845],[12.99399,47.80395],[12.99405,47.80478],[12.99324,47.80552],[12.98565,47.79561],[12.98764,47.79445],[12.99007,47.79372],[12.99176,47.79227]]],[[[12.996,47.78755],[12.99718,47.78655],[12.99796,47.78697],[12.997,47.78792],[12.9973,47.78805],[12.99666,47.78875],[12.99753,47.78909],[12.9969,47.78975],[12.99589,47.78937],[12.99543,47.78993],[12.99457,47.7896],[12.99485,47.78934],[12.99543,47.78915],[12.99579,47.78879],[12.99509,47.7884],[12.996,47.78755]]]]}},{"type":"Feature","properties":{"name":"Gneis"},"geometry":{"type":"MultiPolygon","coordinates":[[[[13.04148,47.77216],[13.04201,47.77215],[13.04199,47.77198],[13.04307,47.77196],[13.04321,47.77062],[13.0442,47.77072],[13.04412,47.77136],[13.0436,47.77131],[13.04362,47.77392],[13.0431,47.77391],[13.04311,47.77452],[13.04178,47.77516],[13.04212,47.77601],[13.04264,47.77677],[13.04322,47.77673],[13.0435,47.77653],[13.04374,47.77663],[13.04328,47.77762],[13.04349,47.77774],[13.04358,47.77751],[13.04392,47.77758],[13.04402,47.77731],[13.04534,47.77747],[13.04537,47.77826],[13.04582,47.77866],[13.04578,47.7792],[13.04555,47.77922],[13.04588,47.77981],[13.04663,47.7803],[13.04703,47.78078],[13.04623,47.78062],[13.04522,47.77989],[13.04451,47.77932],[13.04319,47.77775],[13.04292,47.77846],[13.04204,47.77855],[13.04206,47.77973],[13.04197,47.78009],[13.04171,47.78012],[13.04133,47.77882],[13.0414,47.77833],[13.04199,47.7773],[13.0416,47.77599],[13.04113,47.77536],[13.04107,47.7749],[13.04019,47.77401],[13.03982,47.77322],[13.03888,47.7724],[13.03842,47.7723],[13.03813,47.77205],[13.03799,47.77115],[13.03828,47.77112],[13.03837,47.77145],[13.03918,47.77138],[13.03851,47.77022],[13.04097,47.77022],[13.04096,47.77218],[13.04148,47.77216]]],[[[13.04602,47.7813],[13.04635,47.78068],[13.04703,47.78078],[13.04741,47.78109],[13.04881,47.78151],[13.04886,47.78167],[13.04768,47.7829],[13.04787,47.78301],[13.04776,47.78372],[13.04752,47.78413],[13.04682,47.78457],[13.0471,47.78475],[13.046,47.78553],[13.04411,47.78516],[13.04368,47.78494],[13.04176,47.78469],[13.04141,47.78335],[13.04145,47.78319],[13.04222,47.78324],[13.04227,47.78217],[13.04403,47.78234],[13.04255,47.78314],[13.04278,47.78329],[13.04271,47.7834],[13.04364,47.7834],[13.04356,47.78384],[13.04383,47.78389],[13.04385,47.78369],[13.04411,47.78371],[13.04413,47.78345],[13.04451,47.78342],[13.04407,47.78339],[13.04409,47.78312],[13.04457,47.78317],[13.04477,47.78278],[13.04514,47.78285],[13.04602,47.7813]]],[[[13.04178,47.77516],[13.04311,47.77452],[13.0431,47.77391],[13.04362,47.77392],[13.0436,47.77422],[13.04478,47.77417],[13.04463,47.77635],[13.04534,47.77747],[13.04402,47.77731],[13.04392,47.77758],[13.04358,47.77751],[13.04349,47.77774],[13.04328,47.77762],[13.04374,47.77663],[13.0435,47.77653],[13.04322,47.77673],[13.04264,47.77677],[13.04212,47.77601],[13.04178,47.77516]]],[[[13.03794,47.77059],[13.03798,47.77023],[13.03855,47.77024],[13.03918,47.77138],[13.03837,47.77145],[13.03828,47.77112],[13.03799,47.77115],[13.03794,47.77059]]],[[[13.03534,47.77701],[13.03562,47.77696],[13.03576,47.77606],[13.03695,47.7758],[13.03705,47.77789],[13.04059,47.77789],[13.04072,47.77536],[13.04095,47.77534],[13.04087,47.77493],[13.03999,47.77406],[13.0398,47.77347],[13.03944,47.77309],[13.03876,47.77328],[13.03887,47.77305],[13.03842,47.7723],[13.03888,47.7724],[13.03994,47.77336],[13.04016,47.77397],[13.04099,47.7748],[13.04113,47.77536],[13.0416,47.77599],[13.04199,47.7773],[13.0414,47.77833],[13.04133,47.77882],[13.04171,47.78012],[13.04197,47.78009],[13.04206,47.77973],[13.04204,47.77855],[13.04292,47.77846],[13.04319,47.77775],[13.04451,47.77932],[13.04635,47.78068],[13.04514,47.78285],[13.04477,47.78278],[13.04457,47.78317],[13.04409,47.78312],[13.04407,47.78339],[13.04451,47.78342],[13.04413,47.78345],[13.04411,47.78371],[13.04385,47.78369],[13.04383,47.78389],[13.04356,47.78384],[13.04364,47.7834],[13.04271,47.7834],[13.04278,47.78329],[13.04255,47.78314],[13.04403,47.78234],[13.04227,47.78217],[13.04222,47.78324],[13.04145,47.78319],[13.04141,47.78335],[13.0397,47.78287],[13.03985,47.78262],[13.04077,47.78283],[13.04086,47.78245],[13.0411,47.78247],[13.04112,47.78224],[13.04149,47.78212],[13.0415,47.7819],[13.04206,47.7819],[13.04167,47.7803],[13.04014,47.78039],[13.04013,47.77997],[13.03929,47.78002],[13.03945,47.78076],[13.03813,47.78077],[13.03795,47.77875],[13.03693,47.77867],[13.03692,47.77838],[13.03563,47.77823],[13.03558,47.77754],[13.03534,47.77701]]],[[[13.03053,47.77591],[13.03054,47.77515],[13.03079,47.77508],[13.0308,47.7759],[13.03176,47.77586],[13.03164,47.77623],[13.03191,47.77663],[13.03275,47.77721],[13.03305,47.77734],[13.03539,47.77731],[13.03551,47.77853],[13.03173,47.77867],[13.03066,47.77922],[13.03095,47.7768],[13.03068,47.77653],[13.03053,47.77591]]],[[[13.03047,47.78238],[13.0305,47.78056],[13.03425,47.78063],[13.03365,47.7829],[13.03047,47.78238]]],[[[13.04127,47.77031],[13.04321,47.77038],[13.04307,47.77196],[13.04096,47.77218],[13.04097,47.77022],[13.04127,47.77031]]],[[[13.04606,47.77419],[13.04855,47.77399],[13.04967,47.77445],[13.05084,47.77636],[13.04974,47.77743],[13.04934,47.77821],[13.04949,47.77868],[13.05002,47.7794],[13.04996,47.78],[13.05022,47.781],[13.05017,47.78147],[13.04956,47.78128],[13.04943,47.78149],[13.04881,47.78151],[13.04741,47.78109],[13.04581,47.77972],[13.04555,47.77922],[13.04578,47.7792],[13.0458,47.77858],[13.04537,47.77826],[13.04534,47.77747],[13.04463,47.77635],[13.04478,47.77417],[13.04606,47.77419]]],[[[13.0305,47.78056],[13.03066,47.77922],[13.03173,47.77867],[13.03551,47.77853],[13.03539,47.77731],[13.03305,47.77734],[13.03191,47.77663],[13.03164,47.77623],[13.03176,47.77586],[13.0308,47.7759],[13.03079,47.77508],[13.03268,47.77493],[13.03258,47.7739],[13.03851,47.77359],[13.03876,47.77328],[13.03944,47.77309],[13.0398,47.77347],[13.03999,47.77406],[13.04087,47.77493],[13.04095,47.77534],[13.04072,47.77536],[13.04059,47.77789],[13.03705,47.77789],[13.03695,47.7758],[13.03576,47.77606],[13.03562,47.77696],[13.03532,47.77696],[13.03558,47.77754],[13.03563,47.77823],[13.03692,47.77838],[13.03693,47.77867],[13.03795,47.77875],[13.03813,47.78077],[13.03945,47.78076],[13.03929,47.78002],[13.04013,47.77997],[13.04014,47.78039],[13.04167,47.7803],[13.04206,47.7819],[13.0415,47.7819],[13.04149,47.78212],[13.04112,47.78224],[13.0411,47.78247],[13.04086,47.78245],[13.04077,47.78283],[13.03985,47.78262],[13.03979,47.78289],[13.03888,47.78389],[13.03365,47.7829],[13.03425,47.78063],[13.0305,47.78056]]]]}},{"type":"Feature","properties":{"name":"Gneis Süd"},"geometry":{"type":"MultiPolygon","coordinates":[[[[13.03555,47.76468],[13.0355,47.7643],[13.03905,47.76371],[13.03938,47.76477],[13.03944,47.76573],[13.03936,47.76646],[13.0388,47.76823],[13.03641,47.768],[13.03629,47.76727],[13.03592,47.7673],[13.03555,47.76468]]],[[[13.03672,47.76111],[13.03707,47.76089],[13.03785,47.76167],[13.03869,47.76287],[13.03905,47.76371],[13.0355,47.7643],[13.03522,47.76213],[13.03672,47.76111]]],[[[13.03415,47.75851],[13.03527,47.7593],[13.03508,47.75892],[13.03592,47.75787],[13.03579,47.75891],[13.03615,47.75985],[13.03574,47.75971],[13.03421,47.76063],[13.03365,47.75986],[13.03254,47.75882],[13.03265,47.7588],[13.03227,47.75816],[13.03243,47.75801],[13.03415,47.75851]]],[[[13.03492,47.76016],[13.03574,47.75971],[13.03615,47.75985],[13.03695,47.76097],[13.03522,47.76213],[13.03422,47.76181],[13.03225,47.76157],[13.03207,47.76128],[13.0327,47.76104],[13.03109,47.75853],[13.03157,47.75825],[13.03152,47.75782],[13.03172,47.75767],[13.03243,47.75801],[13.03227,47.75816],[13.03265,47.7588],[13.03254,47.75882],[13.03365,47.75986],[13.03421,47.76063],[13.03492,47.76016]]]]}},{"type":"Feature","properties":{"name":"Langwied"},"geometry":{"type":"MultiPolygon","coordinates":[[[[13.06749,47.83526],[13.06788,47.83519],[13.06824,47.83575],[13.06817,47.83602],[13.06651,47.83627],[13.06599,47.83622],[13.06694,47.83616],[13.06677,47.83599],[13.06706,47.83583],[13.06693,47.83534],[13.06733,47.83516],[13.06749,47.83526]]],[[[13.07849,47.82302],[13.07833,47.82292],[13.0786,47.82273],[13.07871,47.82313],[13.07849,47.82302]]],[[[13.07792,47.82226],[13.07827,47.82214],[13.07834,47.82243],[13.07813,47.82251],[13.07792,47.82226]]],[[[13.07749,47.82165],[13.07804,47.82182],[13.07771,47.82193],[13.07749,47.82165]]],[[[13.06985,47.82114],[13.07148,47.81939],[13.07142,47.81834],[13.07173,47.81836],[13.07189,47.81924],[13.07162,47.81969],[13.07209,47.81982],[13.07224,47.81966],[13.0725,47.81979],[13.0723,47.81998],[13.07309,47.82038],[13.07236,47.82099],[13.07264,47.82114],[13.07142,47.82207],[13.06985,47.82114]]],[[[13.06753,47.82855],[13.06782,47.82811],[13.06936,47.82856],[13.06918,47.82903],[13.06753,47.82855]]],[[[13.06744,47.82745],[13.06772,47.82665],[13.06844,47.82717],[13.06991,47.82724],[13.07006,47.82692],[13.07092,47.82711],[13.06975,47.82819],[13.06932,47.82796],[13.06884,47.82811],[13.06824,47.82788],[13.06823,47.82762],[13.06744,47.82745]]],[[[13.08176,47.82752],[13.08228,47.82834],[13.08345,47.82942],[13.08228,47.82994],[13.08212,47.82978],[13.08158,47.82988],[13.08163,47.82965],[13.08121,47.82876],[13.08097,47.82879],[13.0804,47.82707],[13.08047,47.82656],[13.08176,47.82752]]],[[[13.06716,47.82847],[13.06968,47.82922],[13.07471,47.83139],[13.07616,47.83245],[13.07673,47.83329],[13.07677,47.83505],[13.07692,47.83553],[13.07677,47.83635],[13.07694,47.83683],[13.0761,47.83667],[13.07514,47.83604],[13.07444,47.83594],[13.07346,47.83643],[13.07254,47.8366],[13.06976,47.836],[13.06817,47.83602],[13.06824,47.83575],[13.06788,47.83519],[13.06764,47.83531],[13.06733,47.83516],[13.06693,47.83534],[13.06706,47.83583],[13.06677,47.83599],[13.06694,47.83616],[13.06599,47.83627],[13.06587,47.83613],[13.06599,47.8348],[13.06535,47.83364],[13.06387,47.83252],[13.06144,47.83123],[13.06144,47.8311],[13.06042,47.83041],[13.06011,47.82993],[13.06055,47.8295],[13.0604,47.82866],[13.06058,47.82747],[13.06037,47.82578],[13.06549,47.82526],[13.06642,47.8248],[13.06742,47.82367],[13.06755,47.82372],[13.06711,47.82432],[13.06607,47.82533],[13.06065,47.826],[13.06078,47.82664],[13.06067,47.82828],[13.06116,47.8284],[13.06124,47.82907],[13.06186,47.82915],[13.06203,47.82859],[13.0628,47.82874],[13.06368,47.82865],[13.06365,47.82827],[13.06514,47.82818],[13.06527,47.82802],[13.06716,47.82847]]],[[[13.07376,47.82439],[13.07434,47.8244],[13.07454,47.82426],[13.07577,47.82445],[13.07589,47.82458],[13.07532,47.82478],[13.07635,47.82501],[13.07733,47.82554],[13.0775,47.82566],[13.07574,47.82665],[13.07544,47.827],[13.07664,47.82786],[13.0783,47.82663],[13.07893,47.82819],[13.08017,47.82901],[13.07935,47.82911],[13.08021,47.8311],[13.08116,47.83244],[13.08147,47.83388],[13.08045,47.83402],[13.08013,47.83431],[13.08136,47.8353],[13.08078,47.83571],[13.08084,47.83581],[13.08013,47.8354],[13.07873,47.83607],[13.07786,47.8368],[13.07694,47.83683],[13.07677,47.83635],[13.07692,47.83553],[13.07677,47.83505],[13.07673,47.83329],[13.07639,47.83267],[13.07471,47.83139],[13.06918,47.82903],[13.06947,47.82842],[13.07092,47.82711],[13.06861,47.82662],[13.06681,47.82597],[13.06768,47.82572],[13.07021,47.82361],[13.06898,47.82261],[13.06948,47.82209],[13.07376,47.82439]]],[[[13.06547,47.82543],[13.06638,47.82515],[13.06872,47.82239],[13.07021,47.82361],[13.06768,47.82572],[13.06681,47.82597],[13.06861,47.82662],[13.07006,47.82692],[13.06991,47.82724],[13.06844,47.82717],[13.06772,47.82665],[13.06745,47.82739],[13.06788,47.82763],[13.06823,47.82762],[13.06824,47.82788],[13.06884,47.82811],[13.06932,47.82796],[13.06975,47.82819],[13.06929,47.82858],[13.06782,47.82811],[13.06753,47.82855],[13.06527,47.82802],[13.06514,47.82818],[13.06365,47.82827],[13.06368,47.82865],[13.0628,47.82874],[13.06203,47.82859],[13.06186,47.82915],[13.06124,47.82907],[13.06116,47.8284],[13.06067,47.82828],[13.06078,47.82664],[13.06067,47.82594],[13.06547,47.82543]]],[[[13.07514,47.81969],[13.0776,47.82159],[13.07749,47.82165],[13.07771,47.82193],[13.07804,47.82182],[13.07827,47.82214],[13.0779,47.82223],[13.0786,47.82273],[13.07833,47.82292],[13.07871,47.82313],[13.07858,47.82323],[13.07884,47.82349],[13.07865,47.82358],[13.0792,47.82437],[13.08019,47.8252],[13.08021,47.82583],[13.0808,47.82568],[13.08145,47.82629],[13.08139,47.82652],[13.08173,47.82682],[13.08162,47.82686],[13.08184,47.82715],[13.0814,47.82737],[13.08052,47.82653],[13.0804,47.82707],[13.08097,47.82879],[13.08121,47.82876],[13.08163,47.82965],[13.08102,47.83057],[13.08116,47.83244],[13.08021,47.8311],[13.07935,47.82911],[13.08017,47.82901],[13.07893,47.82819],[13.0783,47.82663],[13.07664,47.82786],[13.07544,47.827],[13.07574,47.82665],[13.0775,47.82566],[13.07683,47.8252],[13.07532,47.82478],[13.07589,47.82458],[13.07577,47.82445],[13.07454,47.82426],[13.07434,47.8244],[13.07376,47.82439],[13.06948,47.82209],[13.06898,47.82261],[13.06872,47.82239],[13.06985,47.82114],[13.07142,47.82207],[13.07264,47.82114],[13.07236,47.82099],[13.07309,47.82038],[13.0723,47.81998],[13.0725,47.81979],[13.07224,47.81966],[13.07209,47.81982],[13.07162,47.81969],[13.07188,47.81935],[13.07173,47.81836],[13.07195,47.81823],[13.07255,47.81857],[13.07354,47.81884],[13.07514,47.81969]]]]}},{"type":"Feature","properties":{"name":"Salzburg Süd"},"geometry":{"type":"MultiPolygon","coordinates":[[[[13.06404,47.78039],[13.06512,47.78035],[13.06719,47.78057],[13.06696,47.7816],[13.0676,47.78161],[13.06607,47.78891],[13.0647,47.78874],[13.06149,47.78878],[13.06013,47.78615],[13.06094,47.78591],[13.06069,47.78527],[13.06239,47.78232],[13.06082,47.77991],[13.06098,47.7794],[13.06254,47.77962],[13.06293,47.77942],[13.06254,47.77853],[13.06298,47.77844],[13.06382,47.77973],[13.06404,47.78039]]],[[[13.06925,47.78198],[13.07158,47.78275],[13.07191,47.78043],[13.07287,47.77772],[13.07386,47.7779],[13.07344,47.77894],[13.07392,47.77932],[13.07401,47.77963],[13.07368,47.78047],[13.0727,47.78083],[13.07336,47.78211],[13.07316,47.78271],[13.07267,47.7832],[13.07286,47.78325],[13.07253,47.78386],[13.07229,47.78483],[13.07383,47.78526],[13.06742,47.79035],[13.06519,47.79157],[13.06437,47.7909],[13.06138,47.79258],[13.06217,47.79324],[13.05963,47.79466],[13.06004,47.79307],[13.05984,47.79302],[13.05995,47.79275],[13.05965,47.79208],[13.05978,47.79159],[13.06101,47.79005],[13.06139,47.78935],[13.06149,47.78878],[13.0647,47.78874],[13.06607,47.78891],[13.0676,47.78161],[13.06925,47.78198]]],[[[13.06549,47.78039],[13.06552,47.77985],[13.06759,47.78007],[13.06726,47.78163],[13.06696,47.7816],[13.06719,47.78057],[13.06549,47.78039]]],[[[13.05963,47.79532],[13.05963,47.79466],[13.06217,47.79324],[13.06138,47.79258],[13.06437,47.7909],[13.06519,47.79157],[13.06742,47.79035],[13.07383,47.78526],[13.07229,47.78483],[13.07253,47.78386],[13.07286,47.78325],[13.07267,47.7832],[13.07316,47.78271],[13.07336,47.78211],[13.0727,47.78083],[13.07368,47.78047],[13.07401,47.7796],[13.07392,47.77932],[13.07344,47.77894],[13.07386,47.7779],[13.07287,47.77772],[13.073,47.77729],[13.0729,47.77656],[13.07485,47.77645],[13.07425,47.77114],[13.06967,47.77111],[13.06971,47.77094],[13.06954,47.77093],[13.07015,47.76788],[13.07471,47.76811],[13.07618,47.78177],[13.07606,47.7829],[13.07561,47.78405],[13.07445,47.78552],[13.06852,47.79041],[13.05963,47.79532]]],[[[13.07003,47.77112],[13.07425,47.77114],[13.07485,47.77645],[13.0729,47.77656],[13.073,47.77729],[13.07191,47.78043],[13.07158,47.78275],[13.06913,47.78194],[13.06732,47.7816],[13.06759,47.78007],[13.06552,47.77985],[13.06599,47.77707],[13.0668,47.77715],[13.0674,47.77425],[13.06689,47.77358],[13.06689,47.77265],[13.06699,47.77267],[13.06706,47.77204],[13.0674,47.77141],[13.06751,47.77066],[13.06971,47.77094],[13.06967,47.77111],[13.07003,47.77112]]]]}},{"type":"Feature","properties":{"name":"Aigen"},"geometry":{"type":"MultiPolygon","coordinates":[[[[13.0803,47.79449],[13.08156,47.79474],[13.0818,47.79578],[13.08156,47.79577],[13.08151,47.79625],[13.08196,47.79627],[13.08248,47.79815],[13.08281,47.79815],[13.08398,47.79624],[13.08488,47.79621],[13.0852,47.79666],[13.0855,47.7966],[13.08572,47.79684],[13.08645,47.79682],[13.08682,47.79697],[13.08736,47.79645],[13.08886,47.79553],[13.08926,47.79581],[13.08864,47.79614],[13.08957,47.79678],[13.0893,47.79743],[13.08905,47.79744],[13.089,47.79778],[13.08915,47.79807],[13.08905,47.79809],[13.08921,47.79829],[13.08893,47.79847],[13.08904,47.79859],[13.0886,47.79907],[13.08764,47.79973],[13.08512,47.79821],[13.08466,47.79858],[13.08341,47.79858],[13.08234,47.79913],[13.08122,47.79897],[13.07954,47.79925],[13.07833,47.79888],[13.07947,47.79787],[13.07773,47.79725],[13.07626,47.79737],[13.07454,47.79856],[13.0735,47.79861],[13.07493,47.79341],[13.07583,47.79348],[13.07667,47.79321],[13.07877,47.79452],[13.07994,47.79488],[13.08015,47.79446],[13.0803,47.79449]]],[[[13.07666,47.79324],[13.07703,47.79291],[13.07795,47.7929],[13.07919,47.79212],[13.08141,47.79137],[13.0833,47.79144],[13.08402,47.79122],[13.0852,47.79132],[13.08545,47.79096],[13.08732,47.78985],[13.08722,47.78933],[13.0865,47.78896],[13.0879,47.78893],[13.08816,47.7897],[13.08882,47.78945],[13.08886,47.78957],[13.0882,47.78982],[13.08817,47.79003],[13.08829,47.79048],[13.08903,47.79037],[13.08897,47.79118],[13.0876,47.79174],[13.08647,47.7924],[13.08518,47.79407],[13.08512,47.79485],[13.08545,47.79534],[13.08477,47.79554],[13.08469,47.79589],[13.08488,47.79621],[13.08398,47.79624],[13.0828,47.79816],[13.08247,47.79814],[13.08196,47.79627],[13.08151,47.79625],[13.08156,47.79577],[13.0818,47.79578],[13.08156,47.79474],[13.08015,47.79446],[13.07994,47.79488],[13.07922,47.79467],[13.07831,47.79433],[13.07666,47.79324]]],[[[13.07452,47.79853],[13.07629,47.79736],[13.07773,47.79725],[13.07947,47.79787],[13.07757,47.79964],[13.07656,47.79898],[13.07565,47.79892],[13.07452,47.79853]]],[[[13.06756,47.79162],[13.06709,47.79121],[13.06852,47.79041],[13.07445,47.78552],[13.07525,47.78459],[13.07586,47.78353],[13.07618,47.78177],[13.07498,47.77107],[13.08,47.7708],[13.08239,47.77104],[13.08581,47.77213],[13.08468,47.77364],[13.08617,47.77456],[13.0874,47.77372],[13.08827,47.77394],[13.0868,47.77536],[13.0871,47.7755],[13.08688,47.77571],[13.08714,47.77583],[13.08673,47.77583],[13.08507,47.77719],[13.08558,47.77764],[13.08487,47.77752],[13.08435,47.77724],[13.08458,47.77701],[13.08304,47.7763],[13.0817,47.77762],[13.08154,47.77793],[13.08164,47.77848],[13.08147,47.77851],[13.08175,47.7794],[13.08217,47.77927],[13.08232,47.77948],[13.08214,47.77952],[13.08228,47.78076],[13.08218,47.78076],[13.08224,47.78133],[13.08237,47.78134],[13.08226,47.7815],[13.08245,47.78167],[13.0862,47.77948],[13.08538,47.77899],[13.08574,47.77864],[13.08556,47.77856],[13.08577,47.77832],[13.08623,47.77857],[13.08597,47.77876],[13.08666,47.77908],[13.08688,47.77876],[13.08743,47.7789],[13.0875,47.77907],[13.08914,47.77919],[13.08913,47.78075],[13.08962,47.78142],[13.09009,47.78247],[13.08996,47.78403],[13.08949,47.78592],[13.08982,47.7863],[13.09036,47.78626],[13.09045,47.78655],[13.09034,47.78718],[13.09041,47.78842],[13.09018,47.78879],[13.09065,47.78885],[13.09023,47.78934],[13.08954,47.78927],[13.08974,47.78972],[13.08957,47.78955],[13.089,47.78964],[13.08894,47.78943],[13.08948,47.78914],[13.08972,47.78831],[13.08949,47.78828],[13.08954,47.78812],[13.08863,47.78822],[13.08843,47.78778],[13.08727,47.78772],[13.08722,47.78808],[13.08654,47.78808],[13.08653,47.78779],[13.08519,47.78779],[13.08502,47.78808],[13.08425,47.78758],[13.0839,47.78757],[13.08388,47.78785],[13.08317,47.78772],[13.08306,47.78752],[13.08343,47.78729],[13.0837,47.78578],[13.08442,47.78374],[13.0839,47.78368],[13.08348,47.78341],[13.08277,47.78356],[13.08271,47.78522],[13.08209,47.78603],[13.08218,47.7862],[13.08259,47.78623],[13.08255,47.78661],[13.08175,47.78652],[13.08167,47.78666],[13.08143,47.78653],[13.08021,47.78765],[13.08261,47.7885],[13.08073,47.78957],[13.07852,47.78899],[13.07703,47.79032],[13.07553,47.79201],[13.07614,47.79187],[13.07609,47.79207],[13.07551,47.79226],[13.07545,47.79246],[13.07575,47.7925],[13.07569,47.79277],[13.07518,47.79276],[13.07381,47.79722],[13.07,47.79734],[13.07018,47.79699],[13.06996,47.7961],[13.06873,47.79581],[13.06893,47.7951],[13.06944,47.7948],[13.06892,47.79467],[13.07023,47.7929],[13.06999,47.79244],[13.07006,47.79208],[13.07089,47.79162],[13.07163,47.79145],[13.07313,47.79025],[13.07338,47.78915],[13.07445,47.788],[13.07508,47.78839],[13.07509,47.78865],[13.07456,47.78948],[13.07489,47.78965],[13.07487,47.78982],[13.07399,47.79025],[13.0745,47.79053],[13.07189,47.79392],[13.07407,47.79463],[13.07422,47.79407],[13.07394,47.79401],[13.07398,47.79369],[13.07412,47.79346],[13.07438,47.79349],[13.0749,47.79217],[13.07507,47.79213],[13.07582,47.79109],[13.07566,47.79106],[13.07579,47.79086],[13.07781,47.78917],[13.07773,47.78905],[13.07788,47.7889],[13.07751,47.78875],[13.07877,47.78827],[13.07933,47.78784],[13.08005,47.78685],[13.08028,47.78623],[13.08127,47.78612],[13.08143,47.78597],[13.08088,47.78551],[13.08105,47.78519],[13.08035,47.78486],[13.0805,47.78409],[13.08102,47.78319],[13.08237,47.78341],[13.08199,47.78289],[13.08208,47.78259],[13.08194,47.78202],[13.08212,47.78181],[13.08186,47.78168],[13.08203,47.78151],[13.08188,47.78114],[13.08021,47.78106],[13.08018,47.7809],[13.07898,47.78066],[13.07921,47.78016],[13.08107,47.78019],[13.08044,47.77824],[13.08066,47.77822],[13.08076,47.77792],[13.07949,47.77714],[13.08023,47.77646],[13.07887,47.77609],[13.07902,47.77571],[13.07996,47.77592],[13.07981,47.77543],[13.07995,47.77546],[13.07904,47.77219],[13.07704,47.77201],[13.07784,47.77289],[13.07826,47.7736],[13.07827,47.77455],[13.07853,47.77493],[13.07839,47.77497],[13.07868,47.77569],[13.0789,47.77569],[13.07875,47.77624],[13.07898,47.77679],[13.07727,47.77699],[13.07702,47.77817],[13.07738,47.7782],[13.07706,47.77999],[13.07706,47.78298],[13.07655,47.78431],[13.07512,47.78579],[13.07485,47.78649],[13.07453,47.78633],[13.06933,47.79061],[13.06921,47.79053],[13.06756,47.79162]]],[[[13.08147,47.77851],[13.08164,47.77848],[13.08154,47.77793],[13.0817,47.77762],[13.08304,47.7763],[13.08458,47.77701],[13.08435,47.77724],[13.08487,47.77752],[13.08558,47.77764],[13.08508,47.77717],[13.08673,47.77583],[13.08714,47.77583],[13.08688,47.77571],[13.0871,47.7755],[13.0868,47.77536],[13.08827,47.77394],[13.0874,47.77372],[13.08617,47.77456],[13.08468,47.77364],[13.08581,47.77213],[13.08745,47.77282],[13.08802,47.77331],[13.08837,47.77385],[13.08849,47.77456],[13.08825,47.77886],[13.0893,47.7792],[13.09014,47.77923],[13.08981,47.77979],[13.08908,47.7797],[13.0892,47.77934],[13.08908,47.77916],[13.0875,47.77907],[13.08743,47.7789],[13.08688,47.77876],[13.08666,47.77908],[13.08597,47.77876],[13.08623,47.77857],[13.08577,47.77832],[13.08556,47.77856],[13.08574,47.77864],[13.08538,47.77899],[13.0862,47.77948],[13.08245,47.78167],[13.08226,47.7815],[13.08237,47.78134],[13.08224,47.78133],[13.08218,47.78076],[13.08228,47.78076],[13.08214,47.77952],[13.08232,47.77948],[13.08217,47.77927],[13.08175,47.7794],[13.08147,47.77851]]],[[[13.0759,47.78502],[13.07655,47.78431],[13.07705,47.78306],[13.07706,47.77999],[13.07738,47.7782],[13.07702,47.77817],[13.07727,47.77699],[13.07898,47.77679],[13.07875,47.77624],[13.0789,47.77569],[13.07868,47.77569],[13.07839,47.77497],[13.07853,47.77493],[13.07827,47.77455],[13.07826,47.7736],[13.07784,47.77289],[13.07704,47.77201],[13.07904,47.77219],[13.07995,47.77546],[13.07981,47.77543],[13.07996,47.77592],[13.07902,47.77571],[13.07887,47.77609],[13.08023,47.77646],[13.07949,47.77714],[13.08076,47.77792],[13.08066,47.77822],[13.08044,47.77824],[13.08107,47.78019],[13.07921,47.78016],[13.07898,47.78066],[13.08018,47.7809],[13.08021,47.78106],[13.08188,47.78114],[13.08203,47.78151],[13.08186,47.78168],[13.08212,47.78181],[13.08194,47.78202],[13.08208,47.78259],[13.08199,47.78289],[13.08237,47.78341],[13.08102,47.78319],[13.0805,47.78409],[13.08035,47.78486],[13.08105,47.78519],[13.08088,47.78551],[13.08143,47.78597],[13.08127,47.78612],[13.08027,47.78623],[13.07684,47.7858],[13.07703,47.78517],[13.0759,47.78502]]],[[[13.07493,47.79341],[13.07518,47.79276],[13.07569,47.79277],[13.07575,47.7925],[13.07545,47.79246],[13.07551,47.79226],[13.07609,47.79207],[13.07614,47.79187],[13.07553,47.79201],[13.07703,47.79032],[13.07852,47.78899],[13.08073,47.78957],[13.08261,47.7885],[13.08021,47.78765],[13.08143,47.78653],[13.08167,47.78666],[13.08175,47.78652],[13.08255,47.78661],[13.08259,47.78623],[13.08218,47.7862],[13.08209,47.78603],[13.08271,47.78522],[13.08277,47.78356],[13.08348,47.78341],[13.0839,47.78368],[13.08442,47.78374],[13.0837,47.78578],[13.08343,47.78729],[13.08306,47.78752],[13.08317,47.78772],[13.08388,47.78785],[13.0839,47.78757],[13.08425,47.78758],[13.08502,47.78808],[13.08519,47.78779],[13.08653,47.78779],[13.08654,47.78808],[13.08722,47.78808],[13.08727,47.78772],[13.08843,47.78778],[13.08863,47.78822],[13.08954,47.78812],[13.08949,47.78828],[13.08972,47.78831],[13.08948,47.78914],[13.08894,47.78943],[13.089,47.78964],[13.08957,47.78955],[13.08994,47.79002],[13.0897,47.79014],[13.08939,47.79001],[13.08903,47.79037],[13.08829,47.79048],[13.0882,47.78982],[13.08886,47.78957],[13.08882,47.78945],[13.08816,47.7897],[13.0879,47.78893],[13.0865,47.78896],[13.08722,47.78933],[13.08732,47.78985],[13.08545,47.79096],[13.0852,47.79132],[13.08402,47.79122],[13.0833,47.79144],[13.08141,47.79137],[13.07919,47.79212],[13.07795,47.7929],[13.07703,47.79291],[13.0765,47.79335],[13.07583,47.79348],[13.07493,47.79341]]],[[[13.06756,47.79162],[13.06921,47.79053],[13.06933,47.79061],[13.07453,47.78633],[13.07485,47.78649],[13.07512,47.78579],[13.0759,47.78502],[13.07703,47.78517],[13.07684,47.7858],[13.08028,47.78623],[13.07948,47.78769],[13.07884,47.78823],[13.07751,47.78875],[13.07788,47.7889],[13.07773,47.78905],[13.07781,47.78917],[13.07579,47.79086],[13.07566,47.79106],[13.07582,47.79109],[13.07507,47.79213],[13.0749,47.79217],[13.07438,47.79349],[13.07412,47.79346],[13.07398,47.79369],[13.07394,47.79401],[13.07422,47.79407],[13.07407,47.79463],[13.07189,47.79392],[13.0745,47.79053],[13.07399,47.79025],[13.07487,47.78982],[13.07489,47.78965],[13.07456,47.78948],[13.07509,47.78865],[13.07508,47.78839],[13.07445,47.788],[13.07338,47.78915],[13.07313,47.79025],[13.07163,47.79145],[13.07089,47.79162],[13.07006,47.79208],[13.06999,47.79244],[13.07023,47.7929],[13.06996,47.79341],[13.06756,47.79162]]]]}},{"type":"Feature","properties":{"name":"Gnigl"},"geometry":{"type":"MultiPolygon","coordinates":[[[[13.07464,47.81126],[13.07477,47.81121],[13.07471,47.8116],[13.07501,47.8117],[13.07488,47.81184],[13.07532,47.81223],[13.07567,47.8121],[13.07585,47.81253],[13.0757,47.81261],[13.07594,47.81282],[13.07664,47.81304],[13.07672,47.81292],[13.07728,47.81319],[13.07739,47.81305],[13.0779,47.81313],[13.07787,47.81327],[13.07843,47.81331],[13.0792,47.81369],[13.08028,47.81359],[13.08036,47.81379],[13.08077,47.8138],[13.08056,47.8134],[13.08019,47.81338],[13.0803,47.81318],[13.08106,47.81341],[13.08137,47.8139],[13.08169,47.81345],[13.08244,47.81336],[13.08382,47.81282],[13.08438,47.81271],[13.0851,47.81285],[13.08522,47.81259],[13.08487,47.81244],[13.08496,47.81224],[13.08757,47.81289],[13.08765,47.81336],[13.08613,47.81325],[13.08624,47.81369],[13.0857,47.81368],[13.08506,47.81326],[13.08412,47.81295],[13.08378,47.81304],[13.08364,47.81289],[13.08245,47.8134],[13.08171,47.81349],[13.08152,47.81371],[13.08292,47.81372],[13.08293,47.814],[13.08217,47.814],[13.08183,47.81416],[13.08328,47.81422],[13.08405,47.81448],[13.08381,47.81502],[13.08318,47.81499],[13.08325,47.8157],[13.08261,47.81596],[13.08247,47.81573],[13.08177,47.81549],[13.08186,47.81528],[13.08105,47.81457],[13.08193,47.81419],[13.08101,47.81433],[13.08079,47.81394],[13.08016,47.81411],[13.08007,47.81383],[13.07947,47.81381],[13.07926,47.81417],[13.07903,47.81426],[13.07858,47.81401],[13.07846,47.81412],[13.07775,47.81391],[13.07613,47.81425],[13.07587,47.81409],[13.07592,47.81388],[13.07565,47.81353],[13.07423,47.81361],[13.07146,47.8133],[13.07285,47.81142],[13.07283,47.81126],[13.07161,47.81101],[13.07165,47.8093],[13.07227,47.80937],[13.07255,47.81001],[13.07331,47.81044],[13.07395,47.81129],[13.07445,47.81105],[13.07464,47.81126]]],[[[13.08152,47.81371],[13.08171,47.81349],[13.08245,47.8134],[13.08364,47.81289],[13.08378,47.81304],[13.08412,47.81295],[13.08506,47.81326],[13.0857,47.81368],[13.08624,47.81369],[13.0865,47.81408],[13.08565,47.81463],[13.08671,47.81486],[13.08695,47.81519],[13.08717,47.81522],[13.08671,47.81604],[13.08474,47.8157],[13.08325,47.8157],[13.08318,47.81499],[13.08381,47.81502],[13.08405,47.81448],[13.08328,47.81422],[13.08183,47.81416],[13.08217,47.814],[13.08293,47.814],[13.08292,47.81372],[13.08152,47.81371]]],[[[13.07843,47.81332],[13.08175,47.81277],[13.0836,47.81288],[13.08244,47.81336],[13.08169,47.81345],[13.08136,47.8139],[13.08106,47.81341],[13.0803,47.81318],[13.08019,47.81338],[13.08056,47.8134],[13.08077,47.8138],[13.08036,47.81379],[13.08028,47.81359],[13.0792,47.81369],[13.07843,47.81332]]],[[[13.07787,47.81327],[13.0779,47.81313],[13.07843,47.81331],[13.07787,47.81327]]],[[[13.0774,47.81405],[13.07758,47.81392],[13.07846,47.81412],[13.07858,47.81401],[13.07903,47.81426],[13.07926,47.81417],[13.07947,47.81381],[13.08007,47.81383],[13.08016,47.81411],[13.08079,47.81394],[13.08101,47.81433],[13.08193,47.81419],[13.08105,47.81457],[13.07999,47.81468],[13.07797,47.81404],[13.0774,47.81405]]],[[[13.07728,47.81319],[13.07672,47.81292],[13.07739,47.81305],[13.07728,47.81319]]],[[[13.0757,47.81261],[13.07585,47.81253],[13.07672,47.81292],[13.07664,47.81304],[13.07617,47.8128],[13.07608,47.81289],[13.0757,47.81261]]],[[[13.0757,47.81233],[13.0758,47.81228],[13.07585,47.81253],[13.0757,47.81233]]],[[[13.07488,47.81184],[13.07501,47.8117],[13.07566,47.81209],[13.07532,47.81223],[13.07488,47.81184]]],[[[13.07471,47.8116],[13.0748,47.81143],[13.07501,47.8117],[13.07471,47.8116]]],[[[13.07464,47.81124],[13.07452,47.81112],[13.07477,47.81121],[13.07464,47.81124]]],[[[13.07333,47.81046],[13.07357,47.81022],[13.07423,47.81015],[13.07452,47.81112],[13.07395,47.81129],[13.07333,47.81046]]],[[[13.05998,47.82137],[13.06035,47.82068],[13.06027,47.82051],[13.06142,47.81847],[13.06204,47.81766],[13.06324,47.81519],[13.06578,47.8115],[13.06704,47.80897],[13.06715,47.80898],[13.06805,47.80736],[13.06871,47.8075],[13.06718,47.81096],[13.06704,47.81094],[13.06675,47.81173],[13.06643,47.81189],[13.06601,47.81483],[13.06537,47.81607],[13.06592,47.81619],[13.06491,47.81788],[13.06418,47.81804],[13.06232,47.82105],[13.06138,47.82188],[13.06083,47.82269],[13.06053,47.82452],[13.06074,47.82457],[13.06086,47.82559],[13.06487,47.8253],[13.06608,47.82476],[13.06726,47.8236],[13.06742,47.82367],[13.06642,47.8248],[13.06549,47.82526],[13.06037,47.82578],[13.06018,47.82361],[13.06053,47.82253],[13.05998,47.82137]]],[[[13.06517,47.81744],[13.06592,47.81619],[13.06584,47.81611],[13.06691,47.81584],[13.06691,47.81688],[13.06725,47.81709],[13.06815,47.81851],[13.0701,47.82086],[13.06757,47.8237],[13.06726,47.8236],[13.06643,47.82449],[13.06575,47.82495],[13.06487,47.8253],[13.06086,47.82559],[13.06074,47.82457],[13.06053,47.82452],[13.0605,47.82412],[13.06083,47.82269],[13.06138,47.82188],[13.06232,47.82105],[13.06418,47.81804],[13.06491,47.81788],[13.06517,47.81744]]],[[[13.07098,47.80804],[13.07261,47.80859],[13.07227,47.80937],[13.07165,47.8093],[13.07161,47.81101],[13.07283,47.81126],[13.07285,47.81142],[13.07091,47.81407],[13.07079,47.81459],[13.06724,47.81576],[13.06565,47.81615],[13.06537,47.81607],[13.06601,47.81483],[13.06643,47.81189],[13.06675,47.81173],[13.06704,47.81094],[13.06718,47.81096],[13.06784,47.80957],[13.06791,47.80911],[13.06878,47.80755],[13.07098,47.80804]]],[[[13.07301,47.81348],[13.07423,47.81361],[13.07565,47.81353],[13.07592,47.81388],[13.07587,47.81409],[13.07613,47.81425],[13.07741,47.81395],[13.07757,47.81435],[13.07706,47.8145],[13.07721,47.81473],[13.07675,47.81487],[13.07689,47.8151],[13.07603,47.81536],[13.07455,47.81554],[13.07397,47.81545],[13.07251,47.8157],[13.07235,47.81538],[13.07185,47.81551],[13.07176,47.81518],[13.07026,47.81605],[13.07093,47.8162],[13.07089,47.81725],[13.07145,47.81841],[13.0715,47.81931],[13.0701,47.82086],[13.06815,47.81851],[13.06725,47.81709],[13.06691,47.81688],[13.06691,47.81584],[13.07008,47.81477],[13.07066,47.81469],[13.07146,47.8133],[13.07301,47.81348]]]]}},{"type":"Feature","properties":{"name":"Lehen"},"geometry":{"type":"MultiPolygon","coordinates":[[[[13.03158,47.81988],[13.03392,47.82047],[13.03458,47.81917],[13.03597,47.81417],[13.03607,47.81214],[13.03552,47.80867],[13.03003,47.80823],[13.02999,47.80852],[13.02962,47.80849],[13.02964,47.80831],[13.02889,47.80844],[13.02891,47.80826],[13.02686,47.8081],[13.02689,47.80797],[13.02569,47.80795],[13.02308,47.80824],[13.02069,47.80902],[13.02058,47.8089],[13.02331,47.80805],[13.02626,47.8078],[13.03649,47.80861],[13.03679,47.81261],[13.03671,47.81417],[13.03636,47.81585],[13.03479,47.82032],[13.03259,47.8244],[13.02356,47.81337],[13.02241,47.81272],[13.02252,47.81262],[13.02372,47.8134],[13.02925,47.82011],[13.02986,47.82024],[13.03021,47.81955],[13.03158,47.81988]]],[[[13.03003,47.80823],[13.03552,47.80867],[13.03607,47.81214],[13.03597,47.81417],[13.03461,47.8191],[13.03392,47.82047],[13.03021,47.81955],[13.02986,47.82024],[13.02925,47.82011],[13.02688,47.81721],[13.02786,47.81679],[13.02901,47.81717],[13.03001,47.81533],[13.02728,47.81426],[13.0254,47.81539],[13.02356,47.81325],[13.02219,47.81251],[13.02204,47.81215],[13.02212,47.8104],[13.02069,47.80902],[13.02254,47.80838],[13.02471,47.80798],[13.02689,47.80797],[13.02686,47.8081],[13.02891,47.80826],[13.02889,47.80844],[13.02964,47.80831],[13.02962,47.80849],[13.02999,47.80852],[13.03003,47.80823]]],[[[13.0273,47.81427],[13.03001,47.81533],[13.02901,47.81717],[13.02786,47.81679],[13.02688,47.81721],[13.0254,47.81539],[13.0273,47.81427]]]]}},{"type":"Feature","properties":{"name":"Morzg"},"geometry":{"type":"MultiPolygon","coordinates":[[[[13.04704,47.75908],[13.04869,47.75982],[13.04945,47.75961],[13.04986,47.75966],[13.05901,47.7618],[13.05941,47.76201],[13.0589,47.76322],[13.05813,47.76295],[13.05721,47.76376],[13.05808,47.76414],[13.05799,47.76433],[13.05837,47.76439],[13.05799,47.76534],[13.05756,47.76524],[13.0571,47.76624],[13.05817,47.76623],[13.05873,47.76674],[13.05872,47.76784],[13.05841,47.7679],[13.05811,47.76869],[13.05861,47.76872],[13.05839,47.76938],[13.05764,47.76929],[13.05707,47.76971],[13.056,47.7692],[13.05612,47.76963],[13.05575,47.76995],[13.05521,47.76986],[13.05497,47.77029],[13.05244,47.76987],[13.05231,47.77016],[13.05127,47.76995],[13.05113,47.77024],[13.0501,47.77002],[13.0492,47.77003],[13.04904,47.77124],[13.04955,47.77124],[13.04951,47.77167],[13.05091,47.77188],[13.04982,47.77267],[13.04937,47.77254],[13.04908,47.77398],[13.04981,47.77426],[13.04967,47.77445],[13.04855,47.77399],[13.0436,47.77422],[13.0436,47.77131],[13.04412,47.77136],[13.0442,47.77072],[13.04321,47.77062],[13.04317,47.77036],[13.03824,47.77022],[13.03936,47.76646],[13.03938,47.76477],[13.03869,47.76287],[13.03785,47.76167],[13.03652,47.7605],[13.0366,47.76043],[13.03615,47.75985],[13.03579,47.75891],[13.03578,47.75836],[13.03608,47.75754],[13.03676,47.75654],[13.038,47.75683],[13.03809,47.75673],[13.0466,47.75883],[13.04704,47.75908]]],[[[13.06297,47.76321],[13.06426,47.76361],[13.06438,47.7634],[13.07053,47.76531],[13.07045,47.76542],[13.0707,47.76556],[13.06954,47.77093],[13.06751,47.77066],[13.0674,47.77141],[13.06706,47.77204],[13.06699,47.77267],[13.06689,47.77265],[13.06689,47.77358],[13.0674,47.77425],[13.0668,47.77715],[13.06599,47.77707],[13.06542,47.78038],[13.06404,47.78039],[13.06382,47.77973],[13.06298,47.77844],[13.06254,47.77853],[13.06296,47.77938],[13.06254,47.77962],[13.06098,47.7794],[13.06082,47.77994],[13.06239,47.78232],[13.06069,47.78527],[13.06092,47.78594],[13.06034,47.78617],[13.0591,47.78584],[13.05765,47.7859],[13.05803,47.78467],[13.05795,47.78477],[13.05772,47.78424],[13.05629,47.78434],[13.05636,47.7852],[13.05566,47.78527],[13.0557,47.78544],[13.05468,47.78553],[13.05467,47.78514],[13.0544,47.78509],[13.05505,47.7843],[13.05539,47.78361],[13.05524,47.78358],[13.05686,47.7818],[13.05693,47.78131],[13.05673,47.7805],[13.05727,47.77953],[13.05724,47.77904],[13.05691,47.77902],[13.05734,47.77816],[13.05773,47.77618],[13.0584,47.77444],[13.05874,47.77254],[13.05854,47.77216],[13.05913,47.77175],[13.05896,47.77055],[13.05926,47.77051],[13.05924,47.7703],[13.05951,47.77024],[13.05946,47.76995],[13.0598,47.76993],[13.0599,47.76963],[13.06032,47.76958],[13.0602,47.7692],[13.05959,47.76868],[13.05906,47.76904],[13.059,47.76862],[13.05919,47.76793],[13.05954,47.76757],[13.0594,47.76757],[13.05924,47.76714],[13.05922,47.7664],[13.0594,47.76596],[13.05885,47.76603],[13.05878,47.76574],[13.05811,47.76581],[13.05808,47.76568],[13.05888,47.76326],[13.06009,47.76348],[13.0614,47.76306],[13.06224,47.76301],[13.06297,47.76321]]],[[[13.05373,47.77342],[13.05432,47.77256],[13.05529,47.77224],[13.05606,47.77096],[13.05693,47.77122],[13.05668,47.77156],[13.05767,47.77173],[13.0577,47.77205],[13.05749,47.772],[13.05731,47.77264],[13.05619,47.77286],[13.05573,47.7724],[13.05487,47.77342],[13.05535,47.77355],[13.05525,47.77394],[13.05848,47.77404],[13.05773,47.77618],[13.05722,47.77847],[13.05631,47.7798],[13.05539,47.77949],[13.05492,47.78012],[13.05558,47.78036],[13.05526,47.7808],[13.05444,47.78111],[13.05375,47.78077],[13.05304,47.7814],[13.0529,47.78125],[13.05243,47.78145],[13.05118,47.78114],[13.05067,47.78117],[13.05069,47.78068],[13.05058,47.78069],[13.05041,47.78002],[13.05047,47.779],[13.05041,47.77877],[13.05013,47.77878],[13.05022,47.77837],[13.05059,47.77783],[13.05251,47.77606],[13.05289,47.77507],[13.05354,47.77434],[13.05373,47.77342]]],[[[13.05359,47.77012],[13.055,47.77029],[13.05521,47.76986],[13.05575,47.76995],[13.05612,47.76963],[13.056,47.7692],[13.05707,47.76971],[13.05764,47.76929],[13.05839,47.76938],[13.05861,47.76872],[13.05811,47.76869],[13.05841,47.7679],[13.05872,47.76784],[13.05873,47.76674],[13.05817,47.76623],[13.0571,47.76624],[13.05756,47.76524],[13.05799,47.76534],[13.05837,47.76439],[13.05799,47.76433],[13.05808,47.76414],[13.05721,47.76376],[13.05813,47.76295],[13.0589,47.76322],[13.05808,47.76568],[13.05811,47.76581],[13.05878,47.76574],[13.05885,47.76603],[13.0594,47.76596],[13.05922,47.7664],[13.05924,47.76714],[13.0594,47.76757],[13.05954,47.76757],[13.05919,47.76793],[13.059,47.76862],[13.05906,47.76904],[13.05959,47.76868],[13.0602,47.7692],[13.06032,47.76958],[13.0599,47.76963],[13.0598,47.76993],[13.05946,47.76995],[13.05951,47.77024],[13.05924,47.7703],[13.05926,47.77051],[13.05896,47.77055],[13.05913,47.77175],[13.05854,47.77216],[13.05874,47.77254],[13.05848,47.77404],[13.05525,47.77394],[13.05535,47.77355],[13.05487,47.77342],[13.05573,47.7724],[13.05619,47.77286],[13.05731,47.77264],[13.05749,47.772],[13.0577,47.77205],[13.05767,47.77173],[13.05668,47.77156],[13.05693,47.77122],[13.05606,47.77096],[13.05529,47.77224],[13.05432,47.77256],[13.05373,47.77342],[13.05354,47.77434],[13.05289,47.77507],[13.05251,47.77606],[13.05059,47.77783],[13.05022,47.77837],[13.05013,47.77878],[13.05041,47.77877],[13.05047,47.779],[13.05041,47.78002],[13.05058,47.78069],[13.05069,47.78068],[13.05067,47.78117],[13.05118,47.78114],[13.05243,47.78145],[13.0529,47.78125],[13.05304,47.7814],[13.05375,47.78077],[13.05444,47.78111],[13.05295,47.782],[13.05251,47.78315],[13.05198,47.78381],[13.05002,47.78213],[13.04881,47.78151],[13.04943,47.78149],[13.04956,47.78128],[13.05017,47.78147],[13.05022,47.781],[13.04996,47.78],[13.05002,47.7794],[13.04949,47.77868],[13.04934,47.77821],[13.04974,47.77743],[13.05084,47.77636],[13.04966,47.77452],[13.04981,47.77426],[13.04908,47.77398],[13.04937,47.77254],[13.04982,47.77267],[13.05091,47.77187],[13.04951,47.77167],[13.04955,47.77124],[13.04904,47.77124],[13.0492,47.77003],[13.0501,47.77002],[13.05113,47.77024],[13.05127,47.76995],[13.05231,47.77016],[13.05244,47.76987],[13.05359,47.77012]]],[[[13.05394,47.78136],[13.05526,47.7808],[13.05558,47.78036],[13.05492,47.78012],[13.05539,47.77949],[13.05631,47.7798],[13.05678,47.77901],[13.05724,47.77904],[13.05727,47.77953],[13.05673,47.7805],[13.05693,47.78131],[13.05686,47.7818],[13.05524,47.78358],[13.05539,47.78361],[13.05505,47.7843],[13.0544,47.78509],[13.05467,47.78514],[13.05468,47.78553],[13.0557,47.78544],[13.05566,47.78527],[13.05636,47.7852],[13.05629,47.78434],[13.05772,47.78424],[13.05795,47.78477],[13.05803,47.78467],[13.05765,47.7859],[13.05192,47.78659],[13.05246,47.78512],[13.05217,47.78411],[13.05191,47.78375],[13.05202,47.7838],[13.05251,47.78315],[13.05295,47.782],[13.05394,47.78136]]]]}},{"type":"Feature","properties":{"name":"Kasern"},"geometry":{"type":"MultiPolygon","coordinates":[[[[13.05984,47.84187],[13.06158,47.84059],[13.06164,47.84011],[13.06232,47.83939],[13.06187,47.83921],[13.06223,47.83877],[13.06268,47.83847],[13.06285,47.83855],[13.06336,47.83803],[13.06242,47.83761],[13.06414,47.8367],[13.06599,47.83627],[13.06506,47.8393],[13.06466,47.84013],[13.06415,47.84064],[13.06278,47.84171],[13.06056,47.84283],[13.06031,47.84235],[13.06093,47.84198],[13.06076,47.84185],[13.06006,47.84204],[13.05984,47.84187]]],[[[13.05218,47.83144],[13.05193,47.83137],[13.06035,47.83108],[13.05991,47.83164],[13.05913,47.83207],[13.05897,47.83252],[13.06089,47.83239],[13.06253,47.83339],[13.06403,47.83382],[13.06434,47.83432],[13.06435,47.83479],[13.06406,47.83526],[13.06245,47.83577],[13.06173,47.83646],[13.06035,47.83637],[13.05975,47.83648],[13.05956,47.83594],[13.0589,47.83553],[13.05879,47.83503],[13.05779,47.83393],[13.05763,47.83415],[13.05651,47.83319],[13.05218,47.83144]]],[[[13.06035,47.83637],[13.06173,47.83646],[13.06245,47.83577],[13.06406,47.83526],[13.06435,47.83479],[13.06436,47.8344],[13.06403,47.83382],[13.06253,47.83339],[13.06089,47.83239],[13.05897,47.83252],[13.05913,47.83207],[13.05991,47.83164],[13.06035,47.83108],[13.06093,47.831],[13.06387,47.83252],[13.06535,47.83364],[13.06599,47.8348],[13.06587,47.83613],[13.06599,47.83627],[13.06414,47.8367],[13.06242,47.83761],[13.06336,47.83803],[13.06285,47.83855],[13.06268,47.83847],[13.06223,47.83877],[13.06187,47.83921],[13.06232,47.83939],[13.06164,47.84011],[13.06158,47.84059],[13.05981,47.84184],[13.06006,47.84204],[13.06076,47.84185],[13.06093,47.84198],[13.06031,47.84235],[13.06056,47.84283],[13.06023,47.84293],[13.0597,47.84247],[13.0587,47.8429],[13.05815,47.84268],[13.06044,47.84102],[13.06063,47.84102],[13.05948,47.83984],[13.0593,47.83939],[13.05852,47.8389],[13.05914,47.83853],[13.05884,47.83833],[13.05935,47.83737],[13.05944,47.83692],[13.05929,47.83669],[13.05946,47.83658],[13.05982,47.83669],[13.05975,47.83648],[13.06035,47.83637]]]]}},{"type":"Feature","properties":{"name":"Taxham"},"geometry":{"type":"MultiPolygon","coordinates":[[[[13.0049,47.80965],[13.00474,47.80938],[13.00568,47.809],[13.0058,47.80919],[13.00753,47.80866],[13.00809,47.8097],[13.00684,47.8101],[13.0073,47.81072],[13.00617,47.81114],[13.00537,47.81056],[13.00664,47.81016],[13.00624,47.80956],[13.00507,47.80991],[13.0049,47.80965]]],[[[13.00247,47.8162],[13.00307,47.81612],[13.00351,47.8163],[13.00403,47.81687],[13.0041,47.81716],[13.00456,47.81723],[13.00592,47.81803],[13.00691,47.81889],[13.00688,47.81874],[13.00767,47.81828],[13.01019,47.8162],[13.00927,47.81565],[13.00904,47.81497],[13.01006,47.81481],[13.01256,47.8133],[13.01327,47.81411],[13.00598,47.81966],[13.00247,47.8162]]],[[[13.00085,47.80501],[13.00398,47.80467],[13.00457,47.80562],[13.0057,47.80651],[13.00623,47.80718],[13.00635,47.80714],[13.00717,47.80829],[13.00319,47.80943],[13.00286,47.80916],[13.00353,47.80895],[13.00262,47.80786],[13.00188,47.80807],[13.00161,47.80767],[13.00214,47.80744],[13.00085,47.80501]]],[[[12.99848,47.80631],[12.99855,47.80602],[12.99867,47.80627],[12.99848,47.80631]]],[[[12.99571,47.80873],[12.99538,47.8083],[12.99663,47.80633],[12.99827,47.80679],[12.99842,47.80639],[12.99859,47.80681],[12.99824,47.80689],[12.99847,47.80746],[12.99814,47.80754],[12.99825,47.80776],[12.99803,47.8078],[12.99832,47.80846],[12.99871,47.80856],[12.99923,47.80939],[12.99877,47.80953],[12.99915,47.81053],[12.9996,47.81063],[13.00167,47.81286],[13.00207,47.81274],[13.00246,47.81322],[13.0023,47.81327],[13.00316,47.81413],[13.00475,47.81534],[13.0024,47.8161],[12.99785,47.81136],[12.99571,47.80873]]],[[[12.99857,47.80596],[12.99903,47.80481],[12.99973,47.80506],[12.99906,47.80516],[12.99924,47.80543],[12.99883,47.80554],[12.99901,47.80586],[12.99857,47.80596]]],[[[13.00469,47.80902],[13.00718,47.80829],[13.00753,47.80866],[13.0058,47.80919],[13.00568,47.809],[13.00474,47.80938],[13.00507,47.80991],[13.00624,47.80956],[13.00664,47.81016],[13.00537,47.81056],[13.00624,47.81113],[13.0073,47.81072],[13.00684,47.8101],[13.00812,47.80969],[13.00856,47.81036],[13.00883,47.81035],[13.0099,47.81189],[13.01026,47.81168],[13.01256,47.8133],[13.01006,47.81481],[13.00903,47.81498],[13.00927,47.81565],[13.01019,47.8162],[13.00767,47.81828],[13.00688,47.81874],[13.00691,47.81889],[13.00592,47.81803],[13.00456,47.81723],[13.0041,47.81716],[13.00403,47.81687],[13.00351,47.8163],[13.0024,47.8161],[13.00475,47.81534],[13.00316,47.81413],[13.0023,47.81327],[13.00246,47.81322],[13.00207,47.81274],[13.00167,47.81286],[12.9996,47.81063],[12.99915,47.81053],[12.99877,47.80953],[12.99923,47.80939],[12.99871,47.80856],[12.99832,47.80846],[12.99803,47.8078],[12.99825,47.80776],[12.99814,47.80754],[12.99847,47.80746],[12.99824,47.80689],[12.99859,47.80681],[12.99842,47.80639],[12.99867,47.80627],[12.99857,47.80596],[12.99901,47.80586],[12.99883,47.80554],[12.99924,47.80543],[12.99906,47.80516],[13.00084,47.80499],[13.00214,47.80744],[13.00162,47.8077],[13.00188,47.80807],[13.00262,47.80786],[13.00353,47.80895],[13.00286,47.80916],[13.00319,47.80943],[13.00469,47.80902]]]]}},{"type":"Feature","properties":{"name":"Heuberg"},"geometry":{"type":"MultiPolygon","coordinates":[[[[13.0784,47.81419],[13.07999,47.81468],[13.08105,47.81457],[13.08186,47.81528],[13.08177,47.81549],[13.08247,47.81573],[13.08261,47.81596],[13.08313,47.81572],[13.08381,47.81567],[13.08583,47.81585],[13.08568,47.81638],[13.08485,47.81755],[13.08265,47.81795],[13.0818,47.81826],[13.08125,47.81916],[13.08148,47.82011],[13.08065,47.82062],[13.08064,47.82098],[13.08129,47.82166],[13.08158,47.82255],[13.0824,47.8231],[13.08258,47.82388],[13.0833,47.82472],[13.08829,47.82739],[13.08553,47.82814],[13.08462,47.8289],[13.08412,47.829],[13.08345,47.82942],[13.08228,47.82834],[13.08158,47.82729],[13.08184,47.82715],[13.08162,47.82686],[13.08173,47.82682],[13.08139,47.82652],[13.08143,47.82627],[13.0808,47.82568],[13.08021,47.82583],[13.08019,47.8252],[13.07934,47.82452],[13.07865,47.82358],[13.07884,47.82349],[13.0786,47.82273],[13.07804,47.82182],[13.07707,47.82126],[13.07619,47.8204],[13.07467,47.81937],[13.07195,47.81823],[13.07142,47.81834],[13.07089,47.81725],[13.07093,47.8162],[13.07026,47.81605],[13.07176,47.81518],[13.07185,47.81551],[13.07235,47.81538],[13.07251,47.8157],[13.07397,47.81545],[13.07455,47.81554],[13.07603,47.81536],[13.07689,47.8151],[13.07675,47.81487],[13.07721,47.81473],[13.07706,47.8145],[13.07757,47.81435],[13.0774,47.81405],[13.0784,47.81419]]]]}},{"type":"Feature","properties":{"name":"Itzling"},"geometry":{"type":"MultiPolygon","coordinates":[[[[13.05985,47.82462],[13.05998,47.82334],[13.06044,47.82227],[13.06053,47.82253],[13.06018,47.82361],[13.06015,47.82428],[13.06046,47.82617],[13.06053,47.82825],[13.0603,47.82773],[13.06028,47.82634],[13.06,47.82585],[13.05985,47.82462]]],[[[13.05923,47.82926],[13.0591,47.82912],[13.06031,47.82895],[13.06025,47.82856],[13.06043,47.82825],[13.06055,47.8295],[13.06011,47.82993],[13.05923,47.82926]]],[[[13.04519,47.81699],[13.04804,47.81619],[13.0518,47.82171],[13.05239,47.82228],[13.05354,47.82287],[13.05572,47.8233],[13.05701,47.82323],[13.05827,47.82276],[13.05928,47.82217],[13.05998,47.82137],[13.06044,47.82227],[13.05919,47.823],[13.05765,47.82362],[13.05564,47.82387],[13.05514,47.82377],[13.05435,47.82415],[13.05396,47.82328],[13.0536,47.82317],[13.05337,47.82338],[13.05264,47.82293],[13.05245,47.82305],[13.05201,47.8227],[13.0513,47.82258],[13.04995,47.82193],[13.0489,47.82093],[13.04739,47.81866],[13.04574,47.81773],[13.04519,47.81699]]],[[[13.03116,47.82825],[13.03033,47.82806],[13.03297,47.82374],[13.03479,47.82032],[13.03559,47.81822],[13.03634,47.8183],[13.03555,47.82039],[13.03364,47.82387],[13.03382,47.82388],[13.03341,47.82461],[13.03356,47.82462],[13.03191,47.82727],[13.03533,47.82812],[13.03366,47.8284],[13.03305,47.82868],[13.03116,47.82825]]],[[[13.04223,47.82738],[13.04607,47.82768],[13.04631,47.82799],[13.04603,47.82831],[13.04611,47.82914],[13.0459,47.82917],[13.04593,47.8294],[13.04563,47.8294],[13.04546,47.82981],[13.04691,47.82985],[13.04659,47.82896],[13.04727,47.82888],[13.0471,47.82824],[13.04639,47.82809],[13.04607,47.82749],[13.04487,47.82733],[13.04485,47.82752],[13.04444,47.82757],[13.04302,47.82734],[13.04308,47.82692],[13.04098,47.8269],[13.03886,47.82731],[13.03834,47.82758],[13.03643,47.82714],[13.03651,47.82699],[13.03827,47.8274],[13.03923,47.8268],[13.04023,47.82658],[13.04182,47.82675],[13.04375,47.82671],[13.04589,47.82715],[13.04691,47.82665],[13.04809,47.82649],[13.04911,47.82597],[13.05088,47.82611],[13.05366,47.82555],[13.05447,47.82592],[13.05531,47.8271],[13.05587,47.82731],[13.05716,47.82873],[13.06042,47.83041],[13.06144,47.8311],[13.06144,47.83123],[13.06093,47.831],[13.05486,47.83136],[13.05193,47.83137],[13.05062,47.8311],[13.04397,47.83048],[13.04338,47.8307],[13.04309,47.83061],[13.04373,47.83045],[13.03613,47.82974],[13.03305,47.82868],[13.03366,47.8284],[13.03533,47.82812],[13.0362,47.82833],[13.0367,47.8282],[13.03621,47.82879],[13.03636,47.82883],[13.0369,47.82882],[13.03834,47.82838],[13.03857,47.8287],[13.03904,47.82853],[13.03924,47.82867],[13.03949,47.82858],[13.0394,47.8284],[13.04154,47.82802],[13.04158,47.82816],[13.04214,47.82812],[13.042,47.82735],[13.04223,47.82738]]],[[[13.04467,47.82487],[13.04634,47.82414],[13.04717,47.82507],[13.04623,47.82561],[13.04754,47.82656],[13.04691,47.82665],[13.04576,47.82716],[13.04375,47.82671],[13.03997,47.8266],[13.03923,47.8268],[13.03833,47.82739],[13.03752,47.82728],[13.03786,47.82612],[13.03849,47.8254],[13.04469,47.82514],[13.04467,47.82487]]],[[[13.04067,47.81888],[13.04087,47.8186],[13.04154,47.81856],[13.04197,47.8181],[13.0425,47.81784],[13.04514,47.81693],[13.04574,47.81773],[13.04739,47.81866],[13.0489,47.82093],[13.04979,47.8218],[13.05039,47.82221],[13.05162,47.82268],[13.05249,47.82369],[13.05366,47.82555],[13.05088,47.82611],[13.04911,47.82597],[13.04809,47.82649],[13.04754,47.82656],[13.04623,47.8256],[13.04717,47.82507],[13.04687,47.82473],[13.04812,47.82416],[13.04709,47.82299],[13.04675,47.82313],[13.04644,47.82295],[13.04609,47.82258],[13.04598,47.82216],[13.0446,47.82218],[13.04367,47.82335],[13.04169,47.82416],[13.03965,47.8246],[13.03902,47.82496],[13.03794,47.82597],[13.03752,47.82728],[13.03651,47.82699],[13.03778,47.82429],[13.0377,47.82409],[13.03792,47.82345],[13.0386,47.82228],[13.03886,47.82136],[13.04067,47.81888]]],[[[13.04379,47.82322],[13.0446,47.82218],[13.04598,47.82216],[13.04609,47.82258],[13.04644,47.82295],[13.04675,47.82313],[13.04709,47.82299],[13.04812,47.82416],[13.04687,47.82473],[13.04625,47.82415],[13.04467,47.82487],[13.04469,47.82514],[13.03849,47.8254],[13.03953,47.82465],[13.04181,47.82412],[13.04379,47.82322]]],[[[13.03659,47.81836],[13.04087,47.8186],[13.03889,47.82131],[13.0386,47.82228],[13.03792,47.82345],[13.0377,47.82409],[13.03778,47.82429],[13.03535,47.82393],[13.03402,47.82356],[13.03378,47.82362],[13.03555,47.82039],[13.03634,47.81832],[13.03659,47.81836]]],[[[13.03402,47.82356],[13.03535,47.82393],[13.03778,47.82429],[13.03582,47.82824],[13.03191,47.82727],[13.03356,47.82462],[13.03341,47.82461],[13.03382,47.82388],[13.03364,47.82387],[13.03378,47.82362],[13.03402,47.82356]]],[[[13.04074,47.82695],[13.04308,47.82692],[13.04302,47.82734],[13.04444,47.82757],[13.04485,47.82752],[13.04487,47.82733],[13.04607,47.82749],[13.04639,47.82809],[13.0471,47.82824],[13.04727,47.82888],[13.04659,47.82896],[13.04691,47.82985],[13.04546,47.82981],[13.04563,47.8294],[13.04593,47.8294],[13.0459,47.82917],[13.04611,47.82914],[13.04603,47.82831],[13.04631,47.82807],[13.04621,47.82777],[13.0458,47.82759],[13.04531,47.82767],[13.042,47.82735],[13.04214,47.82812],[13.04158,47.82816],[13.04154,47.82802],[13.0394,47.8284],[13.03949,47.82858],[13.03924,47.82867],[13.03904,47.82853],[13.03857,47.8287],[13.03834,47.82838],[13.0369,47.82882],[13.03636,47.82883],[13.03621,47.82879],[13.0367,47.8282],[13.03635,47.82833],[13.03582,47.82824],[13.03643,47.82714],[13.03834,47.82758],[13.03886,47.82731],[13.04074,47.82695]]],[[[13.05671,47.82378],[13.05829,47.82339],[13.06044,47.82227],[13.05998,47.82334],[13.05985,47.82462],[13.06,47.82585],[13.06028,47.82634],[13.06043,47.82825],[13.06025,47.82856],[13.06031,47.82895],[13.0591,47.82912],[13.06011,47.82993],[13.06042,47.83041],[13.05706,47.82865],[13.05587,47.82731],[13.05531,47.8271],[13.05447,47.82592],[13.05366,47.82555],[13.05249,47.82369],[13.05162,47.82268],[13.05131,47.82257],[13.05201,47.8227],[13.05245,47.82305],[13.05264,47.82293],[13.05337,47.82338],[13.0536,47.82317],[13.05396,47.82328],[13.05435,47.82415],[13.05514,47.82377],[13.05671,47.82378]]]]}},{"type":"Feature","properties":{"name":"Gaisberg"},"geometry":{"type":"MultiPolygon","coordinates":[[[[13.10214,47.77933],[13.10289,47.77974],[13.10585,47.77984],[13.10653,47.78005],[13.10831,47.78],[13.11037,47.78078],[13.1119,47.78242],[13.11299,47.78308],[13.11307,47.78344],[13.11234,47.78414],[13.11231,47.78461],[13.11478,47.78434],[13.11512,47.78588],[13.1157,47.78669],[13.11565,47.78735],[13.11543,47.78734],[13.11531,47.78799],[13.11561,47.78823],[13.11547,47.78901],[13.11557,47.78972],[13.11594,47.78994],[13.11529,47.79063],[13.11537,47.79149],[13.1151,47.79202],[13.11602,47.79335],[13.11595,47.79444],[13.11636,47.79482],[13.11625,47.7949],[13.11669,47.79506],[13.11807,47.79636],[13.11802,47.79673],[13.11681,47.7973],[13.11696,47.79754],[13.11829,47.79863],[13.11859,47.79791],[13.11923,47.79819],[13.11918,47.79864],[13.11987,47.79883],[13.11978,47.79897],[13.12049,47.79916],[13.12065,47.79935],[13.12287,47.79974],[13.12272,47.80054],[13.12295,47.80075],[13.12502,47.80149],[13.12525,47.80047],[13.12754,47.80072],[13.12685,47.80209],[13.12512,47.80263],[13.12345,47.8035],[13.11758,47.80428],[13.11605,47.80466],[13.11572,47.8045],[13.11303,47.80504],[13.11275,47.80513],[13.11291,47.80528],[13.11196,47.80552],[13.11149,47.80521],[13.1116,47.80514],[13.11031,47.80453],[13.11044,47.80443],[13.10981,47.8041],[13.10624,47.80586],[13.10393,47.80757],[13.10218,47.80835],[13.1019,47.80868],[13.09957,47.80946],[13.09927,47.80855],[13.09854,47.80796],[13.09852,47.8073],[13.0934,47.80757],[13.09274,47.80776],[13.09217,47.80745],[13.09188,47.80689],[13.09198,47.80625],[13.09173,47.80588],[13.09104,47.80545],[13.08968,47.80505],[13.08898,47.80427],[13.08855,47.80407],[13.08784,47.8041],[13.08767,47.80383],[13.08703,47.80368],[13.08668,47.8034],[13.08624,47.80296],[13.08708,47.80279],[13.08775,47.80219],[13.08699,47.80208],[13.08706,47.80189],[13.08619,47.8016],[13.08396,47.8004],[13.08225,47.79922],[13.08341,47.79858],[13.08456,47.79861],[13.08512,47.79821],[13.08764,47.79973],[13.0886,47.79907],[13.08904,47.79859],[13.08893,47.79847],[13.08921,47.79829],[13.08905,47.79809],[13.08915,47.79807],[13.089,47.79778],[13.08905,47.79744],[13.0893,47.79743],[13.08957,47.79678],[13.08864,47.79614],[13.08926,47.79581],[13.08886,47.79553],[13.08736,47.79645],[13.08682,47.79697],[13.08645,47.79682],[13.08572,47.79684],[13.0855,47.7966],[13.0852,47.79666],[13.08468,47.79577],[13.08477,47.79554],[13.08545,47.79534],[13.08512,47.79485],[13.08518,47.79407],[13.08647,47.7924],[13.0876,47.79174],[13.08897,47.79118],[13.08896,47.79053],[13.08916,47.79013],[13.08994,47.79002],[13.08954,47.78927],[13.09023,47.78934],[13.09065,47.78885],[13.09018,47.78879],[13.09041,47.78842],[13.09036,47.78626],[13.08982,47.7863],[13.08949,47.78592],[13.08996,47.78403],[13.09009,47.78247],[13.08962,47.78142],[13.08913,47.78075],[13.08905,47.78024],[13.08908,47.7797],[13.08981,47.77979],[13.09014,47.77923],[13.08914,47.77915],[13.09015,47.77921],[13.09059,47.77974],[13.0912,47.77969],[13.09133,47.77948],[13.09229,47.77904],[13.093,47.77906],[13.09444,47.77834],[13.09606,47.77858],[13.09632,47.77897],[13.09833,47.77938],[13.09858,47.77921],[13.09937,47.77947],[13.09997,47.77937],[13.10084,47.7795],[13.10161,47.77929],[13.10214,47.77933]]],[[[13.09535,47.80745],[13.09852,47.8073],[13.09854,47.80796],[13.09927,47.80855],[13.09957,47.80946],[13.1019,47.80868],[13.10218,47.80835],[13.10324,47.80782],[13.10339,47.80889],[13.10383,47.80933],[13.10324,47.80957],[13.1028,47.81013],[13.10254,47.81182],[13.10229,47.81196],[13.09912,47.81251],[13.09636,47.81234],[13.0964,47.81273],[13.09585,47.81307],[13.09517,47.81262],[13.0945,47.81185],[13.09422,47.8119],[13.0932,47.81155],[13.09173,47.81082],[13.09038,47.81047],[13.08875,47.80977],[13.0882,47.8099],[13.08812,47.8096],[13.08728,47.80937],[13.08689,47.80886],[13.08725,47.80834],[13.08681,47.80824],[13.08686,47.8081],[13.08669,47.80804],[13.08571,47.80798],[13.08535,47.80732],[13.08437,47.80751],[13.08376,47.80682],[13.0824,47.80579],[13.08027,47.80487],[13.08017,47.80468],[13.08047,47.8047],[13.08062,47.80422],[13.08094,47.80416],[13.08101,47.80376],[13.08173,47.80371],[13.08147,47.80323],[13.08045,47.80275],[13.08062,47.80208],[13.08125,47.80218],[13.08134,47.80178],[13.0816,47.80168],[13.08203,47.80195],[13.08317,47.8016],[13.08299,47.80137],[13.0831,47.80136],[13.08386,47.80147],[13.08406,47.80191],[13.08401,47.80259],[13.08431,47.80241],[13.08489,47.80246],[13.08486,47.80219],[13.08559,47.80184],[13.08775,47.80219],[13.08708,47.80279],[13.08624,47.80296],[13.08703,47.80368],[13.08767,47.80383],[13.08799,47.80415],[13.08855,47.80407],[13.08898,47.80427],[13.08968,47.80505],[13.09104,47.80545],[13.09173,47.80588],[13.09198,47.80625],[13.09188,47.80689],[13.09217,47.80745],[13.09274,47.80776],[13.0934,47.80757],[13.09535,47.80745]]],[[[13.08133,47.8059],[13.08175,47.80553],[13.0824,47.80579],[13.08376,47.80682],[13.08437,47.80751],[13.08535,47.80732],[13.08571,47.80798],[13.08686,47.8081],[13.08681,47.80824],[13.08725,47.80834],[13.08689,47.80886],[13.08728,47.80937],[13.08812,47.8096],[13.0882,47.8099],[13.08875,47.80977],[13.08895,47.81029],[13.08894,47.81168],[13.08836,47.813],[13.08753,47.81303],[13.08757,47.81289],[13.08496,47.81224],[13.08487,47.81244],[13.08522,47.81259],[13.0851,47.81285],[13.08438,47.81271],[13.0836,47.81288],[13.08175,47.81277],[13.07843,47.81331],[13.07598,47.81267],[13.07566,47.81209],[13.07501,47.8117],[13.07477,47.81121],[13.07452,47.81112],[13.07423,47.81015],[13.07398,47.81009],[13.07331,47.81044],[13.07259,47.81006],[13.0723,47.80948],[13.07253,47.80871],[13.07293,47.80818],[13.07489,47.80766],[13.07568,47.80691],[13.07649,47.80644],[13.07686,47.80632],[13.07736,47.80729],[13.07794,47.80769],[13.07902,47.80743],[13.07971,47.80692],[13.07996,47.80704],[13.07994,47.8069],[13.08019,47.80674],[13.08095,47.8072],[13.08133,47.8059]]]]}},{"type":"Feature","properties":{"name":"Neustadt"},"geometry":{"type":"MultiPolygon","coordinates":[[[[13.03667,47.80777],[13.03792,47.80509],[13.03859,47.80523],[13.03784,47.80697],[13.03799,47.80706],[13.03761,47.80857],[13.03986,47.80872],[13.04168,47.80912],[13.04281,47.80918],[13.04434,47.80963],[13.0444,47.80953],[13.04511,47.81032],[13.04473,47.81042],[13.04169,47.80918],[13.03649,47.80861],[13.03667,47.80777]]],[[[13.04681,47.80537],[13.04754,47.80562],[13.04865,47.80392],[13.04995,47.80412],[13.05279,47.80515],[13.05259,47.80543],[13.05222,47.8053],[13.05206,47.80549],[13.0511,47.80701],[13.05097,47.80795],[13.0499,47.80839],[13.0498,47.80859],[13.04564,47.81021],[13.04511,47.81032],[13.04455,47.8096],[13.04281,47.80918],[13.04168,47.80912],[13.03986,47.80872],[13.03761,47.80857],[13.03799,47.80706],[13.03784,47.80697],[13.03859,47.80523],[13.03962,47.80544],[13.04064,47.80532],[13.04075,47.80515],[13.04104,47.80527],[13.04082,47.8056],[13.04225,47.80591],[13.04216,47.80607],[13.04262,47.80614],[13.04389,47.8044],[13.04681,47.80537]]]]}},{"type":"Feature","properties":{"name":"Hellbrunn"},"geometry":{"type":"MultiPolygon","coordinates":[[[[13.07127,47.75148],[13.07402,47.75301],[13.0784,47.75497],[13.07909,47.75505],[13.07883,47.75611],[13.07623,47.76206],[13.07488,47.7667],[13.07471,47.76811],[13.07015,47.76788],[13.0707,47.76556],[13.07045,47.76542],[13.07053,47.76531],[13.0659,47.76385],[13.06438,47.7634],[13.06426,47.76361],[13.06224,47.76301],[13.0614,47.76306],[13.0602,47.76348],[13.05891,47.76329],[13.05961,47.76148],[13.06049,47.76101],[13.06249,47.76053],[13.06402,47.75682],[13.07061,47.75327],[13.07087,47.75139],[13.07127,47.75148]]]]}}]}