{"type":"FeatureCollection","features":[{"type":"Feature","properties":{"zone":"10100","district":"Zuidwest","rawHours":"Mo–Sa 9–21 Uhr","rawFee":"kortparkeertarief gebied 3 — 5,34 €/h","note":"Nieuw Welgelegen — Tariefgroep 3 09.00-21.00","windows":[{"weekdays":[2],"fromMinute":540,"toMinute":1260},{"weekdays":[4],"fromMinute":540,"toMinute":1260},{"weekdays":[1],"fromMinute":540,"toMinute":1260},{"weekdays":[5],"fromMinute":540,"toMinute":1260},{"weekdays":[3],"fromMinute":540,"toMinute":1260},{"weekdays":[6],"fromMinute":540,"toMinute":1260}],"fee":{"kind":"exact","centsPerHour":534},"unmodelledRules":["Feiertage 2026 laut Quelle: gebührenpflichtig wie am Wochentag am 01.01., 06.04., 27.04., 14.05., 25.05., 25.12., 26.12."],"sourceDefect":null,"freeOnHolidays":false,"spaces":null,"maxStayMinutes":null,"maxStay":null,"maxStayShare":0,"maxStayValues":[],"chargingPoints":0,"carsharing":0},"geometry":{"type":"Polygon","coordinates":[[[5.09939,52.08256],[5.09959,52.08236],[5.09875,52.08206],[5.09865,52.08217],[5.09681,52.08121],[5.09656,52.08147],[5.0957,52.0824],[5.09517,52.083],[5.0983,52.08523],[5.09981,52.08446],[5.09852,52.0835],[5.099,52.08324],[5.09958,52.0827],[5.09939,52.08256]]]}},{"type":"Feature","properties":{"zone":"10200","district":"Zuidwest","rawHours":"Mo–Fr 9–14 Uhr","rawFee":"kortparkeertarief gebied 3 — 5,34 €/h","note":"Nieuw Welgelegen west — Tariefgroep 3 van 9:00 tot 14:00 uur","windows":[{"weekdays":[2],"fromMinute":540,"toMinute":840},{"weekdays":[4],"fromMinute":540,"toMinute":840},{"weekdays":[1],"fromMinute":540,"toMinute":840},{"weekdays":[5],"fromMinute":540,"toMinute":840},{"weekdays":[3],"fromMinute":540,"toMinute":840}],"fee":{"kind":"exact","centsPerHour":534},"unmodelledRules":["Feiertage 2026 laut Quelle: frei am 26.12.; gebührenpflichtig wie am Wochentag am 01.01., 06.04., 27.04., 14.05., 25.05., 25.12."],"sourceDefect":null,"freeOnHolidays":false,"spaces":null,"maxStayMinutes":null,"maxStay":null,"maxStayShare":0,"maxStayValues":[],"chargingPoints":0,"carsharing":0},"geometry":{"type":"Polygon","coordinates":[[[5.0967,52.08103],[5.09652,52.08079],[5.0963,52.08059],[5.09617,52.0805],[5.09588,52.08035],[5.09559,52.08025],[5.09568,52.08015],[5.09472,52.07984],[5.09382,52.07952],[5.09375,52.07959],[5.09351,52.07951],[5.09289,52.07928],[5.09286,52.07926],[5.09286,52.07921],[5.09272,52.07936],[5.09238,52.07924],[5.09149,52.0802],[5.09139,52.08036],[5.09134,52.08052],[5.09133,52.0806],[5.09133,52.08069],[5.09136,52.08083],[5.09144,52.08099],[5.09156,52.08113],[5.09173,52.08127],[5.09201,52.08142],[5.09337,52.08198],[5.09422,52.08241],[5.09517,52.083],[5.0957,52.0824],[5.09656,52.08147],[5.09681,52.08121],[5.0967,52.08103]]]}},{"type":"Feature","properties":{"zone":"10300","district":"Zuidwest","rawHours":"Mo–Fr 6–11 Uhr","rawFee":"kortparkeertarief gebied 3 — 5,34 €/h","note":"Transwijk — Tariefgroep 3 van 6:00 tot 11:00 uur (ma. t/m vr.)","windows":[{"weekdays":[2],"fromMinute":360,"toMinute":660},{"weekdays":[4],"fromMinute":360,"toMinute":660},{"weekdays":[1],"fromMinute":360,"toMinute":660},{"weekdays":[5],"fromMinute":360,"toMinute":660},{"weekdays":[3],"fromMinute":360,"toMinute":660}],"fee":{"kind":"exact","centsPerHour":534},"unmodelledRules":["Feiertage 2026 laut Quelle: frei am 26.12.; gebührenpflichtig wie am Wochentag am 01.01., 06.04., 27.04., 14.05., 25.05., 25.12."],"sourceDefect":null,"freeOnHolidays":false,"spaces":null,"maxStayMinutes":null,"maxStay":null,"maxStayShare":0,"maxStayValues":[],"chargingPoints":0,"carsharing":0},"geometry":{"type":"Polygon","coordinates":[[[5.10538,52.07448],[5.10696,52.06824],[5.10722,52.06827],[5.10745,52.06746],[5.10761,52.06728],[5.1083,52.067],[5.10748,52.06666],[5.10566,52.06668],[5.1053,52.06671],[5.10489,52.06678],[5.10451,52.06688],[5.10419,52.06702],[5.10387,52.06718],[5.10351,52.06741],[5.10316,52.0677],[5.10277,52.0681],[5.09716,52.07416],[5.09238,52.07924],[5.09272,52.07936],[5.09286,52.07921],[5.09286,52.07926],[5.09289,52.07928],[5.09351,52.07951],[5.09375,52.07959],[5.09382,52.07952],[5.09472,52.07984],[5.09568,52.08015],[5.09559,52.08025],[5.09588,52.08035],[5.09617,52.0805],[5.0963,52.08059],[5.09642,52.08068],[5.09661,52.08089],[5.09681,52.08121],[5.09865,52.08217],[5.09875,52.08206],[5.09959,52.08236],[5.09939,52.08256],[5.09958,52.0827],[5.10254,52.07971],[5.10383,52.07812],[5.10461,52.07632],[5.10538,52.07448]]]}},{"type":"Feature","properties":{"zone":"10400","district":"Zuidwest","rawHours":"Mo–Fr 6–11 Uhr","rawFee":"kortparkeertarief gebied 3 — 5,34 €/h","note":"Kanaleneiland — Tariefgroep 3 van 6:00 tot 11:00 uur (ma. t/m vr.)","windows":[{"weekdays":[2],"fromMinute":360,"toMinute":660},{"weekdays":[4],"fromMinute":360,"toMinute":660},{"weekdays":[1],"fromMinute":360,"toMinute":660},{"weekdays":[5],"fromMinute":360,"toMinute":660},{"weekdays":[3],"fromMinute":360,"toMinute":660}],"fee":{"kind":"exact","centsPerHour":534},"unmodelledRules":["Feiertage 2026 laut Quelle: frei am 26.12.; gebührenpflichtig wie am Wochentag am 01.01., 06.04., 27.04., 14.05., 25.05., 25.12."],"sourceDefect":null,"freeOnHolidays":false,"spaces":null,"maxStayMinutes":null,"maxStay":null,"maxStayShare":0,"maxStayValues":[],"chargingPoints":0,"carsharing":0},"geometry":{"type":"Polygon","coordinates":[[[5.09714,52.07417],[5.10277,52.0681],[5.10316,52.0677],[5.10351,52.06741],[5.10387,52.06718],[5.10419,52.06702],[5.10451,52.06688],[5.10489,52.06678],[5.1053,52.06671],[5.10566,52.06668],[5.10748,52.06666],[5.10766,52.06593],[5.1077,52.0655],[5.10385,52.06594],[5.10375,52.06593],[5.10336,52.06581],[5.10357,52.06558],[5.09556,52.0628],[5.08803,52.07097],[5.08576,52.07326],[5.08317,52.07606],[5.08133,52.07895],[5.08397,52.07949],[5.08988,52.08082],[5.09077,52.08098],[5.09033,52.0811],[5.09057,52.08118],[5.09201,52.08142],[5.09173,52.08127],[5.09164,52.0812],[5.0915,52.08107],[5.0914,52.08091],[5.09134,52.08075],[5.09133,52.0806],[5.09136,52.08044],[5.09144,52.08028],[5.09149,52.0802],[5.09238,52.07924],[5.09714,52.07417]]]}},{"type":"Feature","properties":{"zone":"10500","district":"Leidsche Rijn","rawHours":"Mo–Fr 6–11 Uhr","rawFee":"kortparkeertarief gebied 3 — 5,34 €/h","note":"Papendorp — Tariefgroep 3 van 6:00 tot 11:00 uur (ma. t/m vr.)","windows":[{"weekdays":[2],"fromMinute":360,"toMinute":660},{"weekdays":[4],"fromMinute":360,"toMinute":660},{"weekdays":[1],"fromMinute":360,"toMinute":660},{"weekdays":[5],"fromMinute":360,"toMinute":660},{"weekdays":[3],"fromMinute":360,"toMinute":660}],"fee":{"kind":"exact","centsPerHour":534},"unmodelledRules":["Feiertage 2026 laut Quelle: frei am 26.12.; gebührenpflichtig wie am Wochentag am 01.01., 06.04., 27.04., 14.05., 25.05., 25.12."],"sourceDefect":null,"freeOnHolidays":false,"spaces":null,"maxStayMinutes":null,"maxStay":null,"maxStayShare":0,"maxStayValues":[],"chargingPoints":0,"carsharing":0},"geometry":{"type":"Polygon","coordinates":[[[5.09715,52.06105],[5.09495,52.06125],[5.09396,52.06137],[5.09129,52.06163],[5.09088,52.06172],[5.09059,52.06183],[5.09035,52.06195],[5.09025,52.06203],[5.09004,52.06223],[5.08637,52.06241],[5.08583,52.06249],[5.08501,52.06268],[5.08423,52.0629],[5.08361,52.06311],[5.08306,52.06332],[5.08186,52.06383],[5.08114,52.0641],[5.08013,52.06443],[5.07948,52.06462],[5.07843,52.06487],[5.0773,52.0651],[5.07642,52.06525],[5.07603,52.06534],[5.07572,52.06548],[5.07518,52.06582],[5.07489,52.06603],[5.07459,52.06628],[5.07426,52.06657],[5.07396,52.06686],[5.07361,52.06723],[5.07335,52.06757],[5.07322,52.06778],[5.07309,52.06805],[5.07304,52.06825],[5.07302,52.06854],[5.07305,52.06875],[5.07309,52.06893],[5.07321,52.06928],[5.0733,52.06966],[5.07334,52.07008],[5.07325,52.07055],[5.07325,52.07063],[5.07351,52.07181],[5.0736,52.07212],[5.0742,52.07372],[5.07323,52.07404],[5.07521,52.07873],[5.07448,52.07883],[5.07473,52.07951],[5.07502,52.08107],[5.0752,52.08242],[5.07611,52.08242],[5.07659,52.08247],[5.08028,52.08219],[5.08058,52.08106],[5.08086,52.08018],[5.08133,52.07895],[5.08317,52.07606],[5.08576,52.07326],[5.08803,52.07097],[5.09715,52.06105]]]}},{"type":"Feature","properties":{"zone":"1100","district":"Binnenstad","rawHours":"Mo 7–24, Di–Sa 0–1 und 7–24, So 0–1 und 12–18 Uhr","rawFee":"Kortparkeertarief gebied 1 — 8,01 €/h","note":"Wijk C. — Tariefgroep 1 07.00-01.00","windows":[{"weekdays":[2],"fromMinute":0,"toMinute":60},{"weekdays":[2],"fromMinute":420,"toMinute":1440},{"weekdays":[4],"fromMinute":0,"toMinute":60},{"weekdays":[4],"fromMinute":420,"toMinute":1440},{"weekdays":[1],"fromMinute":420,"toMinute":1440},{"weekdays":[5],"fromMinute":0,"toMinute":60},{"weekdays":[5],"fromMinute":420,"toMinute":1440},{"weekdays":[3],"fromMinute":0,"toMinute":60},{"weekdays":[3],"fromMinute":420,"toMinute":1440},{"weekdays":[6],"fromMinute":0,"toMinute":60},{"weekdays":[6],"fromMinute":420,"toMinute":1440},{"weekdays":[0],"fromMinute":0,"toMinute":60},{"weekdays":[0],"fromMinute":720,"toMinute":1080}],"fee":{"kind":"exact","centsPerHour":801},"unmodelledRules":["Feiertage 2026 laut Quelle: gebührenpflichtig wie am Wochentag am 01.01., 06.04., 27.04., 14.05., 25.05., 25.12., 26.12."],"sourceDefect":null,"freeOnHolidays":false,"spaces":null,"maxStayMinutes":null,"maxStay":null,"maxStayShare":0,"maxStayValues":[],"chargingPoints":0,"carsharing":0},"geometry":{"type":"Polygon","coordinates":[[[5.10983,52.09514],[5.10979,52.09529],[5.10994,52.09549],[5.11515,52.09713],[5.1159,52.09649],[5.11647,52.0956],[5.11658,52.095],[5.11657,52.09421],[5.11669,52.09367],[5.11697,52.09295],[5.11691,52.09258],[5.11678,52.09215],[5.11681,52.09205],[5.11618,52.09205],[5.11619,52.09197],[5.11611,52.09196],[5.11548,52.09177],[5.1146,52.09164],[5.1132,52.09114],[5.10983,52.09514]],[[5.11332,52.09357],[5.11235,52.09351],[5.11229,52.09381],[5.11293,52.0938],[5.11329,52.09382],[5.11328,52.09393],[5.11297,52.09389],[5.11233,52.09392],[5.11272,52.09465],[5.11246,52.09459],[5.11212,52.09396],[5.11127,52.09413],[5.11136,52.094],[5.11169,52.09391],[5.11209,52.09384],[5.11208,52.0938],[5.11213,52.09352],[5.11173,52.09339],[5.1118,52.09329],[5.11201,52.09335],[5.11218,52.09337],[5.11333,52.09347],[5.11332,52.09357]],[[5.11349,52.09347],[5.11451,52.09354],[5.11449,52.09364],[5.11348,52.09357],[5.11349,52.09347]],[[5.11403,52.09405],[5.11343,52.09397],[5.11344,52.09387],[5.11425,52.09397],[5.11443,52.09397],[5.11441,52.09408],[5.11403,52.09405]],[[5.11317,52.09526],[5.11321,52.09532],[5.1132,52.09539],[5.1133,52.09541],[5.11312,52.09572],[5.11342,52.09578],[5.11332,52.09595],[5.1128,52.09584],[5.11283,52.09578],[5.11281,52.09575],[5.11226,52.09558],[5.11228,52.09551],[5.11258,52.0956],[5.1129,52.09567],[5.11308,52.09536],[5.11308,52.09533],[5.11304,52.09529],[5.11298,52.09528],[5.11217,52.0952],[5.11219,52.09512],[5.11302,52.0952],[5.11309,52.09522],[5.11317,52.09526]]]}},{"type":"Feature","properties":{"zone":"11100","district":"West","rawHours":"Mo–Sa 9–21 Uhr","rawFee":"kortparkeertarief gebied 3 — 5,34 €/h","note":"Welgelegen — Tariefgroep 3 09.00-21.00","windows":[{"weekdays":[2],"fromMinute":540,"toMinute":1260},{"weekdays":[4],"fromMinute":540,"toMinute":1260},{"weekdays":[1],"fromMinute":540,"toMinute":1260},{"weekdays":[5],"fromMinute":540,"toMinute":1260},{"weekdays":[3],"fromMinute":540,"toMinute":1260},{"weekdays":[6],"fromMinute":540,"toMinute":1260}],"fee":{"kind":"exact","centsPerHour":534},"unmodelledRules":["Feiertage 2026 laut Quelle: gebührenpflichtig wie am Wochentag am 01.01., 06.04., 27.04., 14.05., 25.05., 25.12., 26.12."],"sourceDefect":null,"freeOnHolidays":false,"spaces":null,"maxStayMinutes":null,"maxStay":null,"maxStayShare":0,"maxStayValues":[],"chargingPoints":0,"carsharing":0},"geometry":{"type":"Polygon","coordinates":[[[5.09337,52.08642],[5.09362,52.08652],[5.09459,52.08721],[5.0983,52.08523],[5.09501,52.08289],[5.09422,52.08241],[5.09337,52.08198],[5.09201,52.08142],[5.09057,52.08118],[5.09033,52.0811],[5.08999,52.08141],[5.08945,52.0818],[5.0889,52.08212],[5.08867,52.08223],[5.08759,52.08264],[5.0878,52.08278],[5.08957,52.08421],[5.09019,52.0847],[5.09088,52.0852],[5.09074,52.08527],[5.09088,52.08536],[5.09103,52.08528],[5.09187,52.08587],[5.09217,52.08602],[5.09258,52.08617],[5.09337,52.08642]]]}},{"type":"Feature","properties":{"zone":"1200","district":"Binnenstad","rawHours":"Mo 7–24, Di–Sa 0–1 und 7–24, So 0–1 und 12–18 Uhr","rawFee":"Kortparkeertarief gebied 1 — 8,01 €/h","note":"Janskerkhof — Tariefgroep 1 07.00-01.00","windows":[{"weekdays":[2],"fromMinute":0,"toMinute":60},{"weekdays":[2],"fromMinute":420,"toMinute":1440},{"weekdays":[4],"fromMinute":0,"toMinute":60},{"weekdays":[4],"fromMinute":420,"toMinute":1440},{"weekdays":[1],"fromMinute":420,"toMinute":1440},{"weekdays":[5],"fromMinute":0,"toMinute":60},{"weekdays":[5],"fromMinute":420,"toMinute":1440},{"weekdays":[3],"fromMinute":0,"toMinute":60},{"weekdays":[3],"fromMinute":420,"toMinute":1440},{"weekdays":[6],"fromMinute":0,"toMinute":60},{"weekdays":[6],"fromMinute":420,"toMinute":1440},{"weekdays":[0],"fromMinute":0,"toMinute":60},{"weekdays":[0],"fromMinute":720,"toMinute":1080}],"fee":{"kind":"exact","centsPerHour":801},"unmodelledRules":["Feiertage 2026 laut Quelle: gebührenpflichtig wie am Wochentag am 01.01., 06.04., 27.04., 14.05., 25.05., 25.12., 26.12."],"sourceDefect":null,"freeOnHolidays":false,"spaces":null,"maxStayMinutes":null,"maxStay":null,"maxStayShare":0,"maxStayValues":[],"chargingPoints":0,"carsharing":0},"geometry":{"type":"Polygon","coordinates":[[[5.12731,52.09165],[5.12689,52.09148],[5.12668,52.09213],[5.1256,52.09292],[5.12536,52.09294],[5.12655,52.09207],[5.12674,52.09142],[5.12641,52.09127],[5.12628,52.09116],[5.12609,52.09108],[5.12588,52.0909],[5.12547,52.09105],[5.12532,52.09098],[5.1255,52.09083],[5.12525,52.09072],[5.12521,52.09078],[5.12507,52.09075],[5.12499,52.09071],[5.12508,52.09062],[5.12491,52.09056],[5.12492,52.09055],[5.12444,52.0904],[5.12436,52.09038],[5.12422,52.09048],[5.12432,52.0905],[5.12423,52.09065],[5.12414,52.09063],[5.12415,52.0906],[5.12412,52.0906],[5.12414,52.09056],[5.12373,52.09046],[5.12371,52.09036],[5.12362,52.09034],[5.12385,52.09023],[5.12373,52.09004],[5.12366,52.09003],[5.12363,52.0901],[5.1236,52.0901],[5.12359,52.09014],[5.12356,52.09016],[5.12326,52.09015],[5.12285,52.09005],[5.12286,52.09003],[5.12209,52.08987],[5.12205,52.08996],[5.12188,52.08992],[5.12191,52.08986],[5.1218,52.08984],[5.12176,52.08981],[5.12156,52.08977],[5.12152,52.08973],[5.12144,52.08972],[5.12144,52.0897],[5.12135,52.08968],[5.12118,52.08971],[5.12093,52.08962],[5.12081,52.08979],[5.12051,52.09006],[5.12023,52.09091],[5.12007,52.09121],[5.11984,52.09146],[5.11914,52.09175],[5.11826,52.09165],[5.11763,52.09167],[5.11719,52.09176],[5.11685,52.09194],[5.11678,52.09215],[5.11691,52.09258],[5.11697,52.09295],[5.11669,52.09367],[5.11657,52.09421],[5.11658,52.095],[5.11647,52.0956],[5.1159,52.09649],[5.11686,52.09657],[5.11807,52.09652],[5.11963,52.09638],[5.11994,52.09646],[5.12023,52.09677],[5.12053,52.09718],[5.12126,52.09735],[5.12251,52.09693],[5.12289,52.09696],[5.12442,52.09756],[5.12647,52.09788],[5.12679,52.09777],[5.12687,52.0975],[5.12646,52.09665],[5.12606,52.09626],[5.12638,52.09459],[5.12653,52.0944],[5.12813,52.09369],[5.12824,52.09347],[5.12713,52.09252],[5.12711,52.09227],[5.12731,52.09165]],[[5.12209,52.09262],[5.12189,52.09261],[5.12202,52.09231],[5.12025,52.0921],[5.12026,52.092],[5.12206,52.09221],[5.12212,52.09204],[5.12232,52.09204],[5.12209,52.09262]],[[5.11994,52.09416],[5.11954,52.09375],[5.11944,52.09362],[5.1196,52.0936],[5.11992,52.09398],[5.12083,52.09494],[5.12066,52.09496],[5.11994,52.09416]],[[5.12121,52.09377],[5.12175,52.09372],[5.12177,52.09379],[5.12122,52.09384],[5.12121,52.09377]],[[5.12534,52.09619],[5.1256,52.0962],[5.12574,52.09546],[5.12583,52.09535],[5.12589,52.09504],[5.12608,52.09509],[5.12587,52.09633],[5.12546,52.09632],[5.12527,52.09673],[5.12505,52.09706],[5.12497,52.09714],[5.1248,52.09709],[5.12493,52.09701],[5.12507,52.09678],[5.12518,52.09659],[5.12534,52.09619]],[[5.12485,52.09629],[5.12464,52.09514],[5.1248,52.09512],[5.12503,52.09639],[5.12482,52.09634],[5.12485,52.09629]],[[5.11679,52.09584],[5.11661,52.09579],[5.11666,52.09569],[5.11708,52.0958],[5.11733,52.09583],[5.11785,52.09586],[5.11781,52.09597],[5.1174,52.09594],[5.11701,52.09589],[5.11679,52.09584]],[[5.11847,52.09597],[5.11801,52.09597],[5.11804,52.09587],[5.11858,52.09587],[5.11917,52.09581],[5.11951,52.09579],[5.12069,52.09587],[5.12145,52.09606],[5.12147,52.09618],[5.12063,52.09596],[5.12058,52.09603],[5.12053,52.09601],[5.1204,52.09619],[5.12127,52.09641],[5.1209,52.09701],[5.12109,52.09707],[5.12162,52.0963],[5.12362,52.09682],[5.12358,52.0969],[5.12255,52.09663],[5.12253,52.09667],[5.12272,52.09672],[5.12267,52.0968],[5.12136,52.09724],[5.12124,52.09725],[5.12061,52.09709],[5.12052,52.09703],[5.12003,52.09636],[5.11991,52.09628],[5.1198,52.09624],[5.11962,52.09622],[5.11788,52.09643],[5.11794,52.09628],[5.12044,52.096],[5.12042,52.09595],[5.1195,52.0959],[5.11847,52.09597]]]}},{"type":"Feature","properties":{"zone":"12100","district":"Noordwest","rawHours":"Mo–Sa 9–21 Uhr","rawFee":"kortparkeertarief gebied 3 — 5,34 €/h","note":"2e Daalsebuurt — Tariefgroep 3 09.00-21.00","windows":[{"weekdays":[2],"fromMinute":540,"toMinute":1260},{"weekdays":[4],"fromMinute":540,"toMinute":1260},{"weekdays":[1],"fromMinute":540,"toMinute":1260},{"weekdays":[5],"fromMinute":540,"toMinute":1260},{"weekdays":[3],"fromMinute":540,"toMinute":1260},{"weekdays":[6],"fromMinute":540,"toMinute":1260}],"fee":{"kind":"exact","centsPerHour":534},"unmodelledRules":["Feiertage 2026 laut Quelle: gebührenpflichtig wie am Wochentag am 01.01., 06.04., 27.04., 14.05., 25.05., 25.12., 26.12."],"sourceDefect":null,"freeOnHolidays":false,"spaces":null,"maxStayMinutes":null,"maxStay":null,"maxStayShare":0,"maxStayValues":[],"chargingPoints":0,"carsharing":0},"geometry":{"type":"Polygon","coordinates":[[[5.0973,52.10239],[5.09737,52.10251],[5.0973,52.10255],[5.09739,52.10261],[5.09747,52.1026],[5.09752,52.10263],[5.09748,52.10265],[5.09746,52.10264],[5.09713,52.10284],[5.09735,52.10298],[5.09783,52.1027],[5.09795,52.10283],[5.09804,52.10289],[5.09801,52.10299],[5.09868,52.10354],[5.09879,52.10349],[5.09904,52.10374],[5.10003,52.10323],[5.10126,52.10253],[5.10154,52.10235],[5.10138,52.10223],[5.10147,52.10219],[5.10154,52.10224],[5.10174,52.10214],[5.10189,52.10216],[5.10222,52.10211],[5.10241,52.10206],[5.10253,52.10201],[5.10359,52.10142],[5.10403,52.10122],[5.10455,52.10102],[5.10487,52.10079],[5.10435,52.09959],[5.10394,52.09782],[5.1035,52.09787],[5.10345,52.09771],[5.10332,52.09773],[5.10329,52.09765],[5.10289,52.0977],[5.10269,52.09783],[5.10273,52.0979],[5.10254,52.09791],[5.10218,52.09801],[5.10082,52.09882],[5.10062,52.09892],[5.10029,52.09907],[5.10005,52.09914],[5.09936,52.09931],[5.09842,52.09944],[5.0981,52.09959],[5.09769,52.09986],[5.09663,52.1006],[5.09639,52.10097],[5.0963,52.10125],[5.09558,52.101],[5.0953,52.10132],[5.09412,52.10091],[5.0935,52.10085],[5.09218,52.10165],[5.09328,52.10237],[5.09318,52.10242],[5.09336,52.10254],[5.09346,52.10249],[5.09365,52.10255],[5.09354,52.10268],[5.09399,52.10283],[5.09411,52.1027],[5.09427,52.10275],[5.09415,52.10288],[5.09462,52.10303],[5.09473,52.1029],[5.09489,52.10295],[5.09477,52.10308],[5.09507,52.10314],[5.09517,52.10304],[5.09548,52.10315],[5.09601,52.10287],[5.09707,52.10226],[5.09728,52.10227],[5.0973,52.10239]]]}},{"type":"Feature","properties":{"zone":"12200","district":"Noordwest","rawHours":"Mo–Sa 9–21 Uhr","rawFee":"kortparkeertarief gebied 3 — 5,34 €/h","note":"Nijenoord West — Tariefgroep 3 09.00-21.00","windows":[{"weekdays":[2],"fromMinute":540,"toMinute":1260},{"weekdays":[4],"fromMinute":540,"toMinute":1260},{"weekdays":[1],"fromMinute":540,"toMinute":1260},{"weekdays":[5],"fromMinute":540,"toMinute":1260},{"weekdays":[3],"fromMinute":540,"toMinute":1260},{"weekdays":[6],"fromMinute":540,"toMinute":1260}],"fee":{"kind":"exact","centsPerHour":534},"unmodelledRules":["Feiertage 2026 laut Quelle: gebührenpflichtig wie am Wochentag am 01.01., 06.04., 27.04., 14.05., 25.05., 25.12., 26.12."],"sourceDefect":null,"freeOnHolidays":false,"spaces":null,"maxStayMinutes":null,"maxStay":null,"maxStayShare":0,"maxStayValues":[],"chargingPoints":0,"carsharing":0},"geometry":{"type":"Polygon","coordinates":[[[5.10652,52.10255],[5.10618,52.10225],[5.10556,52.10162],[5.10523,52.10122],[5.10502,52.10093],[5.10487,52.10079],[5.10455,52.10102],[5.10403,52.10122],[5.10359,52.10142],[5.10253,52.10201],[5.10241,52.10206],[5.10222,52.10211],[5.10231,52.10244],[5.10222,52.10254],[5.1028,52.10274],[5.10295,52.10259],[5.1031,52.10265],[5.10297,52.10278],[5.10392,52.10313],[5.10407,52.10316],[5.10418,52.10326],[5.10439,52.10328],[5.10451,52.10323],[5.10456,52.10317],[5.10525,52.10323],[5.10647,52.1027],[5.10664,52.10266],[5.10652,52.10255]]]}},{"type":"Feature","properties":{"zone":"12400","district":"Noordwest","rawHours":"Mo–Fr 6–11 Uhr","rawFee":"kortparkeertarief gebied 3 — 5,34 €/h","note":"Ondiep — Tariefgroep 3 van 6:00 tot 11:00 uur (ma. t/m vr.)","windows":[{"weekdays":[2],"fromMinute":360,"toMinute":660},{"weekdays":[4],"fromMinute":360,"toMinute":660},{"weekdays":[1],"fromMinute":360,"toMinute":660},{"weekdays":[5],"fromMinute":360,"toMinute":660},{"weekdays":[3],"fromMinute":360,"toMinute":660}],"fee":{"kind":"exact","centsPerHour":534},"unmodelledRules":["Feiertage 2026 laut Quelle: frei am 26.12.; gebührenpflichtig wie am Wochentag am 01.01., 06.04., 27.04., 14.05., 25.05., 25.12."],"sourceDefect":null,"freeOnHolidays":false,"spaces":null,"maxStayMinutes":null,"maxStay":null,"maxStayShare":0,"maxStayValues":[],"chargingPoints":0,"carsharing":0},"geometry":{"type":"Polygon","coordinates":[[[5.09481,52.10658],[5.09454,52.10673],[5.09599,52.10772],[5.09613,52.10779],[5.0973,52.10856],[5.0975,52.10867],[5.09786,52.10884],[5.09874,52.10943],[5.09964,52.10999],[5.09987,52.11008],[5.10043,52.11038],[5.10189,52.11111],[5.10475,52.10923],[5.10577,52.1085],[5.10732,52.10641],[5.1077,52.10587],[5.1081,52.10538],[5.10832,52.10521],[5.10912,52.10502],[5.10969,52.10476],[5.10981,52.10469],[5.10833,52.10383],[5.10765,52.10341],[5.10725,52.10314],[5.10686,52.10284],[5.10664,52.10266],[5.10647,52.1027],[5.10525,52.10323],[5.10456,52.10317],[5.10451,52.10323],[5.10439,52.10328],[5.10418,52.10326],[5.10407,52.10316],[5.10392,52.10313],[5.10297,52.10278],[5.1031,52.10265],[5.10295,52.10259],[5.1028,52.10274],[5.10222,52.10254],[5.10231,52.10244],[5.10222,52.10211],[5.10189,52.10216],[5.10174,52.10214],[5.10154,52.10224],[5.10147,52.10219],[5.10138,52.10223],[5.10154,52.10235],[5.10126,52.10253],[5.10003,52.10323],[5.09904,52.10374],[5.09686,52.10492],[5.09703,52.10505],[5.09515,52.10614],[5.09501,52.10626],[5.09488,52.10641],[5.09481,52.10658]]]}},{"type":"Feature","properties":{"zone":"12500","district":"Noordwest","rawHours":"Mo–Fr 6–11 Uhr","rawFee":"kortparkeertarief gebied 3 — 5,34 €/h","note":"Egelantierstraat e.o. — Tariefgroep 3 van 6:00 tot 11:00 uur (ma. t/m vr.)","windows":[{"weekdays":[2],"fromMinute":360,"toMinute":660},{"weekdays":[4],"fromMinute":360,"toMinute":660},{"weekdays":[1],"fromMinute":360,"toMinute":660},{"weekdays":[5],"fromMinute":360,"toMinute":660},{"weekdays":[3],"fromMinute":360,"toMinute":660}],"fee":{"kind":"exact","centsPerHour":534},"unmodelledRules":["Feiertage 2026 laut Quelle: frei am 26.12.; gebührenpflichtig wie am Wochentag am 01.01., 06.04., 27.04., 14.05., 25.05., 25.12."],"sourceDefect":null,"freeOnHolidays":false,"spaces":null,"maxStayMinutes":null,"maxStay":null,"maxStayShare":0,"maxStayValues":[],"chargingPoints":0,"carsharing":0},"geometry":{"type":"Polygon","coordinates":[[[5.09116,52.10454],[5.09344,52.10603],[5.09454,52.10673],[5.09481,52.10658],[5.09488,52.10641],[5.09501,52.10626],[5.09515,52.10614],[5.09703,52.10505],[5.09686,52.10492],[5.09904,52.10374],[5.09879,52.10349],[5.09868,52.10354],[5.09801,52.10299],[5.09804,52.10289],[5.09795,52.10283],[5.09783,52.1027],[5.09735,52.10298],[5.09713,52.10284],[5.09746,52.10264],[5.09748,52.10265],[5.09752,52.10263],[5.09747,52.1026],[5.09739,52.10261],[5.0973,52.10255],[5.09737,52.10251],[5.0973,52.10239],[5.09361,52.10453],[5.09336,52.10471],[5.09249,52.10521],[5.09217,52.10506],[5.09221,52.10502],[5.09263,52.10478],[5.09265,52.1048],[5.09313,52.10452],[5.09339,52.1044],[5.09468,52.10365],[5.09505,52.10339],[5.09548,52.10315],[5.09517,52.10304],[5.09507,52.10314],[5.09477,52.10308],[5.09489,52.10295],[5.09473,52.1029],[5.09462,52.10303],[5.09415,52.10288],[5.09427,52.10275],[5.09411,52.1027],[5.09399,52.10283],[5.09354,52.10268],[5.09365,52.10255],[5.09346,52.10249],[5.09336,52.10254],[5.09318,52.10242],[5.09328,52.10237],[5.09218,52.10165],[5.08938,52.10327],[5.0897,52.1035],[5.09012,52.10386],[5.09116,52.10454]]]}},{"type":"Feature","properties":{"zone":"12600","district":"Noordwest","rawHours":"Mo–Fr 6–11 Uhr","rawFee":"kortparkeertarief gebied 3 — 5,34 €/h","note":"Dr. Schaepmanstraat e.o. — Tariefgroep 3 van 6:00 tot 11:00 uur (ma. t/m vr.)","windows":[{"weekdays":[2],"fromMinute":360,"toMinute":660},{"weekdays":[4],"fromMinute":360,"toMinute":660},{"weekdays":[1],"fromMinute":360,"toMinute":660},{"weekdays":[5],"fromMinute":360,"toMinute":660},{"weekdays":[3],"fromMinute":360,"toMinute":660}],"fee":{"kind":"exact","centsPerHour":534},"unmodelledRules":["Feiertage 2026 laut Quelle: frei am 26.12.; gebührenpflichtig wie am Wochentag am 01.01., 06.04., 27.04., 14.05., 25.05., 25.12."],"sourceDefect":null,"freeOnHolidays":false,"spaces":null,"maxStayMinutes":null,"maxStay":null,"maxStayShare":0,"maxStayValues":[],"chargingPoints":0,"carsharing":0},"geometry":{"type":"Polygon","coordinates":[[[5.09116,52.10454],[5.09012,52.10386],[5.0897,52.1035],[5.08938,52.10327],[5.0839,52.10639],[5.0867,52.10822],[5.08822,52.10734],[5.08809,52.10699],[5.08841,52.10675],[5.08907,52.10686],[5.09206,52.10513],[5.09116,52.10454]]]}},{"type":"Feature","properties":{"zone":"12700","district":"Noordwest","rawHours":"Mo–Fr 6–11 Uhr","rawFee":"kortparkeertarief gebied 3 — 5,34 €/h","note":"Zuilen West — Tariefgroep 3 van 6:00 tot 11:00 uur (ma. t/m vr.)","windows":[{"weekdays":[2],"fromMinute":360,"toMinute":660},{"weekdays":[4],"fromMinute":360,"toMinute":660},{"weekdays":[1],"fromMinute":360,"toMinute":660},{"weekdays":[5],"fromMinute":360,"toMinute":660},{"weekdays":[3],"fromMinute":360,"toMinute":660}],"fee":{"kind":"exact","centsPerHour":534},"unmodelledRules":["Feiertage 2026 laut Quelle: frei am 26.12.; gebührenpflichtig wie am Wochentag am 01.01., 06.04., 27.04., 14.05., 25.05., 25.12."],"sourceDefect":null,"freeOnHolidays":false,"spaces":null,"maxStayMinutes":null,"maxStay":null,"maxStayShare":0,"maxStayValues":[],"chargingPoints":0,"carsharing":0},"geometry":{"type":"Polygon","coordinates":[[[5.0839,52.10639],[5.08156,52.10772],[5.08328,52.10826],[5.08517,52.10881],[5.086,52.10834],[5.08602,52.10828],[5.08628,52.10814],[5.08654,52.10831],[5.0867,52.10822],[5.0839,52.10639]]]}},{"type":"Feature","properties":{"zone":"13100","district":"West","rawHours":"Mo–Sa 9–21 Uhr","rawFee":"kortparkeertarief gebied 3 — 5,34 €/h","note":"Laan van Nieuw Guinea — Tariefgroep 3 09.00-21.00","windows":[{"weekdays":[2],"fromMinute":540,"toMinute":1260},{"weekdays":[4],"fromMinute":540,"toMinute":1260},{"weekdays":[1],"fromMinute":540,"toMinute":1260},{"weekdays":[5],"fromMinute":540,"toMinute":1260},{"weekdays":[3],"fromMinute":540,"toMinute":1260},{"weekdays":[6],"fromMinute":540,"toMinute":1260}],"fee":{"kind":"exact","centsPerHour":534},"unmodelledRules":["Feiertage 2026 laut Quelle: gebührenpflichtig wie am Wochentag am 01.01., 06.04., 27.04., 14.05., 25.05., 25.12., 26.12."],"sourceDefect":null,"freeOnHolidays":false,"spaces":null,"maxStayMinutes":null,"maxStay":null,"maxStayShare":0,"maxStayValues":[],"chargingPoints":0,"carsharing":0},"geometry":{"type":"Polygon","coordinates":[[[5.08432,52.09239],[5.08522,52.09369],[5.08532,52.09393],[5.08552,52.09506],[5.08583,52.09498],[5.09052,52.09427],[5.09287,52.09395],[5.09274,52.09384],[5.09267,52.09291],[5.09307,52.09071],[5.09341,52.08795],[5.0896,52.08989],[5.08723,52.09108],[5.08432,52.09239]]]}},{"type":"Feature","properties":{"zone":"13200","district":"West","rawHours":"Mo–Fr 6–11 Uhr","rawFee":"kortparkeertarief gebied 3 — 5,34 €/h","note":"Spinozaplantsoen e.o. — Tariefgroep 3 van 6:00 tot 11:00 uur (ma. t/m vr.)","windows":[{"weekdays":[2],"fromMinute":360,"toMinute":660},{"weekdays":[4],"fromMinute":360,"toMinute":660},{"weekdays":[1],"fromMinute":360,"toMinute":660},{"weekdays":[5],"fromMinute":360,"toMinute":660},{"weekdays":[3],"fromMinute":360,"toMinute":660}],"fee":{"kind":"exact","centsPerHour":534},"unmodelledRules":["Feiertage 2026 laut Quelle: frei am 26.12.; gebührenpflichtig wie am Wochentag am 01.01., 06.04., 27.04., 14.05., 25.05., 25.12."],"sourceDefect":null,"freeOnHolidays":false,"spaces":null,"maxStayMinutes":null,"maxStay":null,"maxStayShare":0,"maxStayValues":[],"chargingPoints":0,"carsharing":0},"geometry":{"type":"Polygon","coordinates":[[[5.08259,52.09769],[5.08283,52.09743],[5.08324,52.09694],[5.08349,52.09672],[5.08405,52.09589],[5.08426,52.09552],[5.0845,52.09532],[5.08479,52.09519],[5.08505,52.09511],[5.08552,52.09506],[5.08532,52.09393],[5.08522,52.09369],[5.08432,52.09239],[5.08357,52.09283],[5.0818,52.09371],[5.08092,52.09421],[5.0801,52.09476],[5.07939,52.09534],[5.07864,52.09604],[5.07814,52.0966],[5.07762,52.09729],[5.07738,52.09767],[5.07716,52.09809],[5.08259,52.09769]]]}},{"type":"Feature","properties":{"zone":"13300","district":"West","rawHours":"Mo–Fr 6–11 Uhr","rawFee":"kortparkeertarief gebied 3 — 5,34 €/h","note":"Thomas a Kempisplantsoen — Tariefgroep 3 van 6:00 tot 11:00 uur (ma. t/m vr.)","windows":[{"weekdays":[2],"fromMinute":360,"toMinute":660},{"weekdays":[4],"fromMinute":360,"toMinute":660},{"weekdays":[1],"fromMinute":360,"toMinute":660},{"weekdays":[5],"fromMinute":360,"toMinute":660},{"weekdays":[3],"fromMinute":360,"toMinute":660}],"fee":{"kind":"exact","centsPerHour":534},"unmodelledRules":["Feiertage 2026 laut Quelle: frei am 26.12.; gebührenpflichtig wie am Wochentag am 01.01., 06.04., 27.04., 14.05., 25.05., 25.12."],"sourceDefect":null,"freeOnHolidays":false,"spaces":null,"maxStayMinutes":null,"maxStay":null,"maxStayShare":0,"maxStayValues":[],"chargingPoints":0,"carsharing":0},"geometry":{"type":"Polygon","coordinates":[[[5.08589,52.09704],[5.08588,52.09691],[5.08552,52.09506],[5.08505,52.09511],[5.08479,52.09519],[5.0845,52.09532],[5.08426,52.09552],[5.08405,52.09589],[5.08349,52.09672],[5.08324,52.09694],[5.08283,52.09743],[5.08259,52.09769],[5.08601,52.09744],[5.08589,52.09704]]]}},{"type":"Feature","properties":{"zone":"14100","district":"West","rawHours":"Mo–Sa 9–21 Uhr","rawFee":"kortparkeertarief gebied 3 — 5,34 €/h","note":"Majellapark e.o. — Tariefgroep 3 09.00-21.00","windows":[{"weekdays":[2],"fromMinute":540,"toMinute":1260},{"weekdays":[4],"fromMinute":540,"toMinute":1260},{"weekdays":[1],"fromMinute":540,"toMinute":1260},{"weekdays":[5],"fromMinute":540,"toMinute":1260},{"weekdays":[3],"fromMinute":540,"toMinute":1260},{"weekdays":[6],"fromMinute":540,"toMinute":1260}],"fee":{"kind":"exact","centsPerHour":534},"unmodelledRules":["Feiertage 2026 laut Quelle: gebührenpflichtig wie am Wochentag am 01.01., 06.04., 27.04., 14.05., 25.05., 25.12., 26.12."],"sourceDefect":null,"freeOnHolidays":false,"spaces":null,"maxStayMinutes":null,"maxStay":null,"maxStayShare":0,"maxStayValues":[],"chargingPoints":0,"carsharing":0},"geometry":{"type":"Polygon","coordinates":[[[5.08622,52.09742],[5.09457,52.09681],[5.09445,52.0962],[5.09432,52.09621],[5.09426,52.09589],[5.09438,52.09588],[5.09447,52.09576],[5.09431,52.09577],[5.09432,52.0956],[5.09349,52.09476],[5.09347,52.09464],[5.0934,52.09451],[5.09334,52.09444],[5.09322,52.09449],[5.09289,52.09417],[5.09296,52.09407],[5.09287,52.09395],[5.09052,52.09427],[5.08583,52.09498],[5.08552,52.09506],[5.08588,52.09691],[5.08589,52.09704],[5.08601,52.09744],[5.08622,52.09742]]]}},{"type":"Feature","properties":{"zone":"14200","district":"West","rawHours":"Mo–Sa 6–11 Uhr","rawFee":"kortparkeertarief gebied 3 — 5,34 €/h","note":"Schepenbuurt — Tariefgroep 3 van 6:00 tot 11:00 uur (ma. t/m za.)","windows":[{"weekdays":[2],"fromMinute":360,"toMinute":660},{"weekdays":[4],"fromMinute":360,"toMinute":660},{"weekdays":[1],"fromMinute":360,"toMinute":660},{"weekdays":[5],"fromMinute":360,"toMinute":660},{"weekdays":[3],"fromMinute":360,"toMinute":660},{"weekdays":[6],"fromMinute":360,"toMinute":660}],"fee":{"kind":"exact","centsPerHour":534},"unmodelledRules":["Feiertage 2026 laut Quelle: gebührenpflichtig wie am Wochentag am 01.01., 06.04., 27.04., 14.05., 25.05., 25.12., 26.12."],"sourceDefect":null,"freeOnHolidays":false,"spaces":null,"maxStayMinutes":null,"maxStay":null,"maxStayShare":0,"maxStayValues":[],"chargingPoints":0,"carsharing":0},"geometry":{"type":"Polygon","coordinates":[[[5.07712,52.09809],[5.07671,52.09971],[5.08596,52.09896],[5.08608,52.09961],[5.08671,52.09956],[5.08622,52.09742],[5.07712,52.09809]]]}},{"type":"Feature","properties":{"zone":"14300","district":"West","rawHours":"Mo–Sa 6–11 Uhr","rawFee":"kortparkeertarief gebied 3 — 5,34 €/h","note":"Cartesiusweg — Tariefgroep 3 van 6:00 tot 11:00 uur (ma. t/m za.)","windows":[{"weekdays":[2],"fromMinute":360,"toMinute":660},{"weekdays":[4],"fromMinute":360,"toMinute":660},{"weekdays":[1],"fromMinute":360,"toMinute":660},{"weekdays":[5],"fromMinute":360,"toMinute":660},{"weekdays":[3],"fromMinute":360,"toMinute":660},{"weekdays":[6],"fromMinute":360,"toMinute":660}],"fee":{"kind":"exact","centsPerHour":534},"unmodelledRules":["Feiertage 2026 laut Quelle: gebührenpflichtig wie am Wochentag am 01.01., 06.04., 27.04., 14.05., 25.05., 25.12., 26.12."],"sourceDefect":null,"freeOnHolidays":false,"spaces":null,"maxStayMinutes":null,"maxStay":null,"maxStayShare":0,"maxStayValues":[],"chargingPoints":0,"carsharing":0},"geometry":{"type":"Polygon","coordinates":[[[5.08766,52.10281],[5.08803,52.10257],[5.08901,52.10325],[5.08918,52.10315],[5.08727,52.10186],[5.08707,52.10169],[5.08695,52.10152],[5.08687,52.10134],[5.08669,52.10045],[5.08628,52.10045],[5.08595,52.10048],[5.08599,52.10081],[5.08596,52.10092],[5.08603,52.10124],[5.0861,52.10148],[5.08616,52.1016],[5.08627,52.10178],[5.08648,52.10199],[5.08654,52.10201],[5.08766,52.10281]]]}},{"type":"Feature","properties":{"zone":"14400","district":"West","rawHours":"Mo–Fr 6–11 Uhr","rawFee":"kortparkeertarief gebied 3 — 5,34 €/h","note":"Werkspoor — Tariefgroep 3 van 6:00 tot 11:00 uur (ma. t/m vr.)","windows":[{"weekdays":[2],"fromMinute":360,"toMinute":660},{"weekdays":[4],"fromMinute":360,"toMinute":660},{"weekdays":[1],"fromMinute":360,"toMinute":660},{"weekdays":[5],"fromMinute":360,"toMinute":660},{"weekdays":[3],"fromMinute":360,"toMinute":660}],"fee":{"kind":"exact","centsPerHour":534},"unmodelledRules":["Feiertage 2026 laut Quelle: frei am 26.12.; gebührenpflichtig wie am Wochentag am 01.01., 06.04., 27.04., 14.05., 25.05., 25.12."],"sourceDefect":null,"freeOnHolidays":false,"spaces":null,"maxStayMinutes":null,"maxStay":null,"maxStayShare":0,"maxStayValues":[],"chargingPoints":0,"carsharing":0},"geometry":{"type":"Polygon","coordinates":[[[5.07666,52.10303],[5.07722,52.11019],[5.0892,52.10337],[5.08803,52.10257],[5.08766,52.10281],[5.08654,52.10201],[5.08648,52.10199],[5.08627,52.10178],[5.08616,52.1016],[5.0861,52.10148],[5.08603,52.10124],[5.08596,52.10092],[5.08599,52.10081],[5.08595,52.10048],[5.08628,52.10045],[5.08608,52.09961],[5.08596,52.09896],[5.07671,52.09971],[5.07666,52.10303]]]}},{"type":"Feature","properties":{"zone":"15100","district":"Oost","rawHours":"Mo–Fr 9–18 Uhr","rawFee":"kortparkeertarief gebied 3 — 5,34 €/h","note":"Lodewijk Napoleonplantsoen e.o. — Tariefgroep 3 van 9:00 tot 18:00 uur","windows":[{"weekdays":[2],"fromMinute":540,"toMinute":1080},{"weekdays":[4],"fromMinute":540,"toMinute":1080},{"weekdays":[1],"fromMinute":540,"toMinute":1080},{"weekdays":[5],"fromMinute":540,"toMinute":1080},{"weekdays":[3],"fromMinute":540,"toMinute":1080}],"fee":{"kind":"exact","centsPerHour":534},"unmodelledRules":["Feiertage 2026 laut Quelle: frei am 26.12.; gebührenpflichtig wie am Wochentag am 01.01., 06.04., 27.04., 14.05., 25.05., 25.12."],"sourceDefect":null,"freeOnHolidays":false,"spaces":null,"maxStayMinutes":null,"maxStay":null,"maxStayShare":0,"maxStayValues":[],"chargingPoints":0,"carsharing":0},"geometry":{"type":"Polygon","coordinates":[[[5.13369,52.07469],[5.13229,52.07854],[5.13259,52.07848],[5.13307,52.07848],[5.13387,52.07857],[5.13437,52.07855],[5.13435,52.07862],[5.13457,52.0786],[5.13463,52.07851],[5.13547,52.07839],[5.13642,52.07812],[5.13768,52.07786],[5.13938,52.07764],[5.14137,52.07732],[5.13961,52.07488],[5.1392,52.0744],[5.13892,52.07414],[5.13861,52.07391],[5.13814,52.07361],[5.13696,52.07304],[5.13687,52.07314],[5.13555,52.07396],[5.13369,52.07469]]]}},{"type":"Feature","properties":{"zone":"16100","district":"Zuid","rawHours":"Mo–Sa 9–21 Uhr","rawFee":"kortparkeertarief gebied 3 — 5,34 €/h","note":"Rotsoord - Tolsteeg — Tariefgroep 3 09.00-21.00","windows":[{"weekdays":[2],"fromMinute":540,"toMinute":1260},{"weekdays":[4],"fromMinute":540,"toMinute":1260},{"weekdays":[1],"fromMinute":540,"toMinute":1260},{"weekdays":[5],"fromMinute":540,"toMinute":1260},{"weekdays":[3],"fromMinute":540,"toMinute":1260},{"weekdays":[6],"fromMinute":540,"toMinute":1260}],"fee":{"kind":"exact","centsPerHour":534},"unmodelledRules":["Feiertage 2026 laut Quelle: gebührenpflichtig wie am Wochentag am 01.01., 06.04., 27.04., 14.05., 25.05., 25.12., 26.12."],"sourceDefect":null,"freeOnHolidays":false,"spaces":null,"maxStayMinutes":null,"maxStay":null,"maxStayShare":0,"maxStayValues":[],"chargingPoints":0,"carsharing":0},"geometry":{"type":"Polygon","coordinates":[[[5.12879,52.07277],[5.12881,52.0729],[5.12824,52.07292],[5.12801,52.07281],[5.12732,52.07284],[5.12712,52.07297],[5.1266,52.07298],[5.1266,52.07291],[5.1259,52.07283],[5.1254,52.07291],[5.12324,52.07298],[5.12298,52.07297],[5.12255,52.07297],[5.12204,52.07301],[5.1202,52.07308],[5.11978,52.07311],[5.11957,52.07316],[5.11942,52.07316],[5.11913,52.07314],[5.12213,52.07827],[5.12227,52.07843],[5.12394,52.07787],[5.12389,52.07782],[5.12404,52.07777],[5.12397,52.07769],[5.12864,52.07612],[5.12956,52.07571],[5.12943,52.07535],[5.12938,52.07481],[5.1291,52.07276],[5.12879,52.07277]]]}},{"type":"Feature","properties":{"zone":"16300","district":"Zuid","rawHours":"Mo–Fr 6–11 Uhr","rawFee":"kortparkeertarief gebied 3 — 5,34 €/h","note":"Hoograven — Tariefgroep 3 van 6:00 tot 11:00 uur (ma. t/m vr.)","windows":[{"weekdays":[2],"fromMinute":360,"toMinute":660},{"weekdays":[4],"fromMinute":360,"toMinute":660},{"weekdays":[1],"fromMinute":360,"toMinute":660},{"weekdays":[5],"fromMinute":360,"toMinute":660},{"weekdays":[3],"fromMinute":360,"toMinute":660}],"fee":{"kind":"exact","centsPerHour":534},"unmodelledRules":["Feiertage 2026 laut Quelle: frei am 26.12.; gebührenpflichtig wie am Wochentag am 01.01., 06.04., 27.04., 14.05., 25.05., 25.12."],"sourceDefect":null,"freeOnHolidays":false,"spaces":null,"maxStayMinutes":null,"maxStay":null,"maxStayShare":0,"maxStayValues":[],"chargingPoints":0,"carsharing":0},"geometry":{"type":"Polygon","coordinates":[[[5.12879,52.07277],[5.1291,52.07276],[5.12938,52.07481],[5.12943,52.07535],[5.12956,52.07571],[5.13204,52.07471],[5.13216,52.07481],[5.13405,52.07392],[5.13527,52.07323],[5.13614,52.07276],[5.13618,52.0727],[5.13402,52.07173],[5.13327,52.07136],[5.13263,52.07101],[5.13195,52.07058],[5.13139,52.07018],[5.13063,52.0696],[5.1293,52.06852],[5.12849,52.06783],[5.12786,52.06721],[5.12759,52.06691],[5.12712,52.06632],[5.12679,52.0658],[5.1264,52.06507],[5.12,52.0662],[5.11602,52.0668],[5.11557,52.0669],[5.11842,52.07179],[5.11913,52.07314],[5.11942,52.07316],[5.11957,52.07316],[5.11978,52.07311],[5.1202,52.07308],[5.12204,52.07301],[5.12255,52.07297],[5.12298,52.07297],[5.12324,52.07298],[5.1254,52.07291],[5.1259,52.07283],[5.1266,52.07291],[5.1266,52.07298],[5.12712,52.07297],[5.12732,52.07284],[5.12801,52.07281],[5.12824,52.07292],[5.12881,52.0729],[5.12879,52.07277]]]}},{"type":"Feature","properties":{"zone":"16600","district":"Zuidwest","rawHours":"Mo–Fr 6–11 Uhr","rawFee":"kortparkeertarief gebied 3 — 5,34 €/h","note":"Bedrijvengebied Kanaleneiland — Tariefgroep 3 van 6:00 tot 11:00 uur (ma. t/m vr.)","windows":[{"weekdays":[2],"fromMinute":360,"toMinute":660},{"weekdays":[4],"fromMinute":360,"toMinute":660},{"weekdays":[1],"fromMinute":360,"toMinute":660},{"weekdays":[5],"fromMinute":360,"toMinute":660},{"weekdays":[3],"fromMinute":360,"toMinute":660}],"fee":{"kind":"exact","centsPerHour":534},"unmodelledRules":["Feiertage 2026 laut Quelle: frei am 26.12.; gebührenpflichtig wie am Wochentag am 01.01., 06.04., 27.04., 14.05., 25.05., 25.12."],"sourceDefect":null,"freeOnHolidays":false,"spaces":null,"maxStayMinutes":null,"maxStay":null,"maxStayShare":0,"maxStayValues":[],"chargingPoints":0,"carsharing":0},"geometry":{"type":"Polygon","coordinates":[[[5.1063,52.05978],[5.1065,52.06048],[5.10671,52.06107],[5.10764,52.06444],[5.10774,52.06502],[5.10766,52.06593],[5.10748,52.06666],[5.1083,52.067],[5.10894,52.06705],[5.11075,52.06723],[5.1121,52.06712],[5.11302,52.06402],[5.1125,52.06157],[5.11106,52.05892],[5.10858,52.05946],[5.1063,52.05978]]]}},{"type":"Feature","properties":{"zone":"16700","district":"Zuidwest","rawHours":"Mo–Fr 6–11 Uhr","rawFee":"kortparkeertarief gebied 3 — 5,34 €/h","note":"Woonboulevard — Tariefgroep 3 van 6:00 tot 11:00 uur (ma. t/m vr.)","windows":[{"weekdays":[2],"fromMinute":360,"toMinute":660},{"weekdays":[4],"fromMinute":360,"toMinute":660},{"weekdays":[1],"fromMinute":360,"toMinute":660},{"weekdays":[5],"fromMinute":360,"toMinute":660},{"weekdays":[3],"fromMinute":360,"toMinute":660}],"fee":{"kind":"exact","centsPerHour":534},"unmodelledRules":["Feiertage 2026 laut Quelle: frei am 26.12.; gebührenpflichtig wie am Wochentag am 01.01., 06.04., 27.04., 14.05., 25.05., 25.12."],"sourceDefect":null,"freeOnHolidays":false,"spaces":null,"maxStayMinutes":null,"maxStay":null,"maxStayShare":0,"maxStayValues":[],"chargingPoints":0,"carsharing":0},"geometry":{"type":"Polygon","coordinates":[[[5.09715,52.06105],[5.09556,52.0628],[5.10357,52.06558],[5.10336,52.06581],[5.10375,52.06593],[5.10385,52.06594],[5.1077,52.0655],[5.10774,52.06502],[5.10764,52.06444],[5.10671,52.06107],[5.1065,52.06048],[5.1063,52.05978],[5.10492,52.05998],[5.09758,52.06068],[5.09715,52.06105]]]}},{"type":"Feature","properties":{"zone":"16800","district":"Zuidwest","rawHours":"Mo–Fr 6–11 Uhr","rawFee":"kortparkeertarief gebied 3 — 5,34 €/h","note":"Westraven — Tariefgroep 3 van 6:00 tot 11:00 uur (ma. t/m vr.)","windows":[{"weekdays":[2],"fromMinute":360,"toMinute":660},{"weekdays":[4],"fromMinute":360,"toMinute":660},{"weekdays":[1],"fromMinute":360,"toMinute":660},{"weekdays":[5],"fromMinute":360,"toMinute":660},{"weekdays":[3],"fromMinute":360,"toMinute":660}],"fee":{"kind":"exact","centsPerHour":534},"unmodelledRules":["Feiertage 2026 laut Quelle: frei am 26.12.; gebührenpflichtig wie am Wochentag am 01.01., 06.04., 27.04., 14.05., 25.05., 25.12."],"sourceDefect":null,"freeOnHolidays":false,"spaces":null,"maxStayMinutes":null,"maxStay":null,"maxStayShare":0,"maxStayValues":[],"chargingPoints":0,"carsharing":0},"geometry":{"type":"Polygon","coordinates":[[[5.1107,52.05834],[5.11106,52.05825],[5.11126,52.05832],[5.11096,52.05798],[5.11038,52.0574],[5.11032,52.05727],[5.11032,52.05719],[5.1103,52.05712],[5.10946,52.05562],[5.10944,52.05556],[5.10944,52.05545],[5.10936,52.05543],[5.10923,52.05447],[5.10885,52.05336],[5.10842,52.05201],[5.10734,52.05003],[5.1062,52.05026],[5.10532,52.0501],[5.10285,52.05481],[5.09824,52.05986],[5.09831,52.05989],[5.09758,52.06068],[5.10492,52.05998],[5.10858,52.05946],[5.11103,52.05893],[5.1107,52.05834]]]}},{"type":"Feature","properties":{"zone":"17100","district":"Zuidwest","rawHours":"Mo–Fr 6–11 Uhr","rawFee":"kortparkeertarief gebied 3 — 5,34 €/h","note":"Europalaan Noord — Tariefgroep 3 van 6:00 tot 11:00 uur (ma. t/m vr.)","windows":[{"weekdays":[2],"fromMinute":360,"toMinute":660},{"weekdays":[4],"fromMinute":360,"toMinute":660},{"weekdays":[1],"fromMinute":360,"toMinute":660},{"weekdays":[5],"fromMinute":360,"toMinute":660},{"weekdays":[3],"fromMinute":360,"toMinute":660}],"fee":{"kind":"exact","centsPerHour":534},"unmodelledRules":["Feiertage 2026 laut Quelle: frei am 26.12.; gebührenpflichtig wie am Wochentag am 01.01., 06.04., 27.04., 14.05., 25.05., 25.12."],"sourceDefect":null,"freeOnHolidays":false,"spaces":null,"maxStayMinutes":null,"maxStay":null,"maxStayShare":0,"maxStayValues":[],"chargingPoints":0,"carsharing":0},"geometry":{"type":"Polygon","coordinates":[[[5.1121,52.06712],[5.11075,52.06723],[5.10894,52.06705],[5.1083,52.067],[5.10761,52.06728],[5.10745,52.06746],[5.10722,52.06827],[5.10743,52.06829],[5.10755,52.06788],[5.10878,52.06802],[5.11179,52.06831],[5.1121,52.06712]]]}},{"type":"Feature","properties":{"zone":"18100","district":"West","rawHours":"Mo–Fr 6–11 Uhr","rawFee":"kortparkeertarief gebied 3 — 5,34 €/h","note":"Oog in Al — Tariefgroep 3 van 6:00 tot 11:00 uur (ma. t/m vr.)","windows":[{"weekdays":[2],"fromMinute":360,"toMinute":660},{"weekdays":[4],"fromMinute":360,"toMinute":660},{"weekdays":[1],"fromMinute":360,"toMinute":660},{"weekdays":[5],"fromMinute":360,"toMinute":660},{"weekdays":[3],"fromMinute":360,"toMinute":660}],"fee":{"kind":"exact","centsPerHour":534},"unmodelledRules":["Feiertage 2026 laut Quelle: frei am 26.12.; gebührenpflichtig wie am Wochentag am 01.01., 06.04., 27.04., 14.05., 25.05., 25.12."],"sourceDefect":null,"freeOnHolidays":false,"spaces":null,"maxStayMinutes":null,"maxStay":null,"maxStayShare":0,"maxStayValues":[],"chargingPoints":0,"carsharing":0},"geometry":{"type":"Polygon","coordinates":[[[5.09341,52.08795],[5.09459,52.08721],[5.09362,52.08652],[5.09337,52.08642],[5.09258,52.08617],[5.09217,52.08602],[5.09187,52.08587],[5.09103,52.08528],[5.09088,52.08536],[5.09074,52.08527],[5.09088,52.0852],[5.09019,52.0847],[5.08957,52.08421],[5.0878,52.08278],[5.08759,52.08264],[5.08867,52.08223],[5.0889,52.08212],[5.08945,52.0818],[5.08999,52.08141],[5.09033,52.0811],[5.09077,52.08098],[5.08988,52.08082],[5.08397,52.07949],[5.08133,52.07895],[5.08086,52.08018],[5.08058,52.08106],[5.08029,52.08217],[5.0789,52.08851],[5.07716,52.09809],[5.07738,52.09767],[5.07762,52.09729],[5.07814,52.0966],[5.07864,52.09604],[5.07939,52.09534],[5.08001,52.09483],[5.08092,52.09421],[5.0818,52.09371],[5.08357,52.09283],[5.08435,52.09243],[5.0896,52.08989],[5.09341,52.08795]]]}},{"type":"Feature","properties":{"zone":"19100","district":"Overvecht","rawHours":"Mo–Fr 6–11 Uhr","rawFee":"kortparkeertarief gebied 3 — 5,34 €/h","note":"Hoogstraat — Tariefgroep 3 van 6:00 tot 11:00 uur (ma. t/m vr.)","windows":[{"weekdays":[2],"fromMinute":360,"toMinute":660},{"weekdays":[4],"fromMinute":360,"toMinute":660},{"weekdays":[1],"fromMinute":360,"toMinute":660},{"weekdays":[5],"fromMinute":360,"toMinute":660},{"weekdays":[3],"fromMinute":360,"toMinute":660}],"fee":{"kind":"exact","centsPerHour":534},"unmodelledRules":["Feiertage 2026 laut Quelle: frei am 26.12.; gebührenpflichtig wie am Wochentag am 01.01., 06.04., 27.04., 14.05., 25.05., 25.12."],"sourceDefect":null,"freeOnHolidays":false,"spaces":null,"maxStayMinutes":null,"maxStay":null,"maxStayShare":0,"maxStayValues":[],"chargingPoints":0,"carsharing":0},"geometry":{"type":"Polygon","coordinates":[[[5.10475,52.10923],[5.10189,52.11111],[5.10303,52.11169],[5.10417,52.11232],[5.10464,52.11263],[5.10598,52.11345],[5.10654,52.11316],[5.10725,52.11284],[5.10755,52.11269],[5.11036,52.11096],[5.1108,52.11061],[5.11262,52.10882],[5.11283,52.10856],[5.11325,52.10816],[5.11345,52.10799],[5.11444,52.10708],[5.11319,52.10653],[5.11203,52.10595],[5.10981,52.10469],[5.10969,52.10476],[5.10912,52.10502],[5.10832,52.10521],[5.1081,52.10538],[5.1077,52.10587],[5.10732,52.10641],[5.10577,52.1085],[5.10475,52.10923]]]}},{"type":"Feature","properties":{"zone":"20100","district":"Noordoost","rawHours":"Mo–Fr 6–11 Uhr","rawFee":"kortparkeertarief gebied 3 — 5,34 €/h","note":"Voordorp — Tariefgroep 3 van 6:00 tot 11:00 uur (ma. t/m vr.)","windows":[{"weekdays":[2],"fromMinute":360,"toMinute":660},{"weekdays":[4],"fromMinute":360,"toMinute":660},{"weekdays":[1],"fromMinute":360,"toMinute":660},{"weekdays":[5],"fromMinute":360,"toMinute":660},{"weekdays":[3],"fromMinute":360,"toMinute":660}],"fee":{"kind":"exact","centsPerHour":534},"unmodelledRules":["Feiertage 2026 laut Quelle: frei am 26.12.; gebührenpflichtig wie am Wochentag am 01.01., 06.04., 27.04., 14.05., 25.05., 25.12."],"sourceDefect":null,"freeOnHolidays":false,"spaces":null,"maxStayMinutes":null,"maxStay":null,"maxStayShare":0,"maxStayValues":[],"chargingPoints":0,"carsharing":0},"geometry":{"type":"Polygon","coordinates":[[[5.14132,52.10874],[5.14146,52.10981],[5.14159,52.11051],[5.14171,52.11132],[5.14193,52.11361],[5.14864,52.1154],[5.14861,52.11535],[5.14868,52.11517],[5.14874,52.11454],[5.14886,52.11411],[5.14915,52.11347],[5.14901,52.11351],[5.14937,52.11282],[5.14952,52.11258],[5.14963,52.11245],[5.14994,52.11184],[5.15038,52.11088],[5.15554,52.10898],[5.1568,52.10859],[5.15728,52.10813],[5.15801,52.1081],[5.15854,52.10775],[5.15887,52.10767],[5.15926,52.10772],[5.16192,52.10722],[5.16096,52.10577],[5.1521,52.10356],[5.15019,52.10306],[5.14788,52.10258],[5.14652,52.10237],[5.14396,52.10239],[5.1433,52.10236],[5.14247,52.10207],[5.14223,52.10216],[5.14192,52.10221],[5.14036,52.1023],[5.14094,52.10631],[5.14095,52.10656],[5.14132,52.10874]]]}},{"type":"Feature","properties":{"zone":"2100","district":"Binnenstad","rawHours":"Mo 7–24, Di–Sa 0–1 und 7–24, So 0–1 und 12–18 Uhr","rawFee":"Kortparkeertarief gebied 1 — 8,01 €/h","note":"Nieuwegracht — Tariefgroep 1 07.00-01.00","windows":[{"weekdays":[2],"fromMinute":0,"toMinute":60},{"weekdays":[2],"fromMinute":420,"toMinute":1440},{"weekdays":[4],"fromMinute":0,"toMinute":60},{"weekdays":[4],"fromMinute":420,"toMinute":1440},{"weekdays":[1],"fromMinute":420,"toMinute":1440},{"weekdays":[5],"fromMinute":0,"toMinute":60},{"weekdays":[5],"fromMinute":420,"toMinute":1440},{"weekdays":[3],"fromMinute":0,"toMinute":60},{"weekdays":[3],"fromMinute":420,"toMinute":1440},{"weekdays":[6],"fromMinute":0,"toMinute":60},{"weekdays":[6],"fromMinute":420,"toMinute":1440},{"weekdays":[0],"fromMinute":0,"toMinute":60},{"weekdays":[0],"fromMinute":720,"toMinute":1080}],"fee":{"kind":"exact","centsPerHour":801},"unmodelledRules":["Feiertage 2026 laut Quelle: gebührenpflichtig wie am Wochentag am 01.01., 06.04., 27.04., 14.05., 25.05., 25.12., 26.12."],"sourceDefect":null,"freeOnHolidays":false,"spaces":null,"maxStayMinutes":null,"maxStay":null,"maxStayShare":0,"maxStayValues":[],"chargingPoints":0,"carsharing":0},"geometry":{"type":"Polygon","coordinates":[[[5.1268,52.09144],[5.12731,52.09165],[5.12769,52.09046],[5.12796,52.09015],[5.1291,52.0897],[5.12939,52.0895],[5.12947,52.08927],[5.12925,52.08898],[5.12867,52.08851],[5.12846,52.08825],[5.1285,52.08795],[5.12912,52.08618],[5.12982,52.08541],[5.12978,52.08522],[5.12947,52.08507],[5.12878,52.08479],[5.12788,52.08424],[5.1271,52.0835],[5.12627,52.08253],[5.12578,52.08166],[5.12547,52.08139],[5.12412,52.08148],[5.12389,52.08183],[5.12341,52.08183],[5.12291,52.08216],[5.12275,52.08231],[5.1227,52.08256],[5.12272,52.08298],[5.12305,52.08384],[5.12337,52.08384],[5.12338,52.0838],[5.12366,52.08389],[5.1236,52.08396],[5.1238,52.08403],[5.12367,52.08416],[5.12374,52.08419],[5.12363,52.08433],[5.12359,52.08432],[5.12355,52.08437],[5.12352,52.08442],[5.12357,52.08443],[5.12341,52.08469],[5.12336,52.08473],[5.12331,52.0848],[5.12333,52.08481],[5.12322,52.08498],[5.12331,52.085],[5.12328,52.08505],[5.12325,52.08504],[5.1232,52.0851],[5.12308,52.08506],[5.12305,52.08511],[5.123,52.08524],[5.12324,52.0853],[5.12317,52.0854],[5.12321,52.08541],[5.12319,52.08544],[5.12298,52.08538],[5.12295,52.08544],[5.12303,52.08546],[5.12299,52.08553],[5.12303,52.08556],[5.12298,52.08563],[5.12286,52.0856],[5.12284,52.08563],[5.12271,52.08563],[5.12298,52.08573],[5.12295,52.08578],[5.12292,52.08577],[5.12286,52.08588],[5.12298,52.08592],[5.12295,52.08596],[5.12306,52.08601],[5.12303,52.08606],[5.12324,52.08615],[5.12317,52.08626],[5.12289,52.0862],[5.12286,52.08624],[5.12281,52.08623],[5.12278,52.08629],[5.12274,52.08628],[5.12272,52.08633],[5.12271,52.08638],[5.12259,52.08641],[5.12257,52.08646],[5.12267,52.08648],[5.12265,52.08652],[5.12279,52.08655],[5.12277,52.08657],[5.12274,52.08656],[5.1227,52.08663],[5.12282,52.08672],[5.12271,52.08687],[5.12261,52.08685],[5.12252,52.08702],[5.12238,52.08699],[5.12235,52.08705],[5.12251,52.08709],[5.12248,52.08713],[5.12261,52.08716],[5.12258,52.08721],[5.12258,52.08725],[5.12241,52.08721],[5.12232,52.08739],[5.12246,52.08742],[5.12235,52.08768],[5.12218,52.08772],[5.12217,52.08777],[5.12221,52.08778],[5.12218,52.08792],[5.12214,52.08797],[5.1221,52.08796],[5.12189,52.0883],[5.12185,52.0884],[5.12166,52.08845],[5.12176,52.08857],[5.12207,52.08863],[5.12199,52.08878],[5.12183,52.08877],[5.12182,52.08883],[5.12184,52.08884],[5.12181,52.08901],[5.12144,52.08972],[5.12152,52.08973],[5.12156,52.08977],[5.12176,52.08981],[5.1218,52.08984],[5.12191,52.08986],[5.12188,52.08992],[5.12205,52.08996],[5.12209,52.08987],[5.12286,52.09003],[5.12285,52.09005],[5.12326,52.09015],[5.12356,52.09016],[5.12359,52.09014],[5.1236,52.0901],[5.12363,52.0901],[5.12366,52.09003],[5.12373,52.09004],[5.12385,52.09023],[5.12362,52.09034],[5.12371,52.09036],[5.12373,52.09046],[5.12414,52.09056],[5.12412,52.0906],[5.12415,52.0906],[5.12414,52.09063],[5.12423,52.09065],[5.12432,52.0905],[5.12422,52.09048],[5.12436,52.09038],[5.12444,52.0904],[5.12492,52.09055],[5.12491,52.09056],[5.12508,52.09062],[5.12499,52.09071],[5.12507,52.09075],[5.12521,52.09078],[5.12525,52.09072],[5.1255,52.09083],[5.12532,52.09098],[5.12547,52.09105],[5.12588,52.0909],[5.12609,52.09108],[5.12628,52.09116],[5.12641,52.09127],[5.1268,52.09144]],[[5.12367,52.08232],[5.12374,52.08222],[5.12405,52.08231],[5.12435,52.08243],[5.12498,52.08272],[5.12532,52.08256],[5.12497,52.08227],[5.1247,52.08213],[5.12478,52.08205],[5.1252,52.08221],[5.12522,52.08226],[5.12552,52.08255],[5.12553,52.08257],[5.1255,52.0826],[5.12483,52.0829],[5.12446,52.08333],[5.12433,52.08329],[5.12478,52.08275],[5.12398,52.0824],[5.12367,52.08232]],[[5.12553,52.08366],[5.12638,52.084],[5.12745,52.08447],[5.12766,52.08452],[5.12732,52.08453],[5.12641,52.08414],[5.12543,52.08377],[5.12553,52.08366]],[[5.12745,52.08532],[5.12756,52.08535],[5.12728,52.08576],[5.12717,52.08573],[5.12745,52.08532]],[[5.12633,52.08703],[5.12639,52.08694],[5.12799,52.08752],[5.1281,52.08726],[5.12688,52.08683],[5.12653,52.08673],[5.1266,52.08663],[5.12814,52.08714],[5.1283,52.08673],[5.12831,52.08636],[5.1283,52.08629],[5.12824,52.08618],[5.12817,52.0861],[5.12795,52.08593],[5.12781,52.08589],[5.12727,52.08591],[5.12709,52.08598],[5.12731,52.08579],[5.12735,52.0858],[5.12769,52.08579],[5.12805,52.08583],[5.12833,52.08606],[5.12843,52.08621],[5.12847,52.08635],[5.12846,52.08671],[5.12844,52.08681],[5.12797,52.08797],[5.12798,52.08805],[5.12767,52.088],[5.12789,52.08778],[5.12795,52.08763],[5.12633,52.08703]],[[5.12401,52.0867],[5.12563,52.08732],[5.12554,52.08741],[5.1244,52.08696],[5.12394,52.08681],[5.12401,52.0867]],[[5.12711,52.08791],[5.12725,52.08796],[5.12682,52.08838],[5.12654,52.08867],[5.12639,52.08862],[5.12711,52.08791]],[[5.12632,52.08871],[5.12647,52.08876],[5.12586,52.0894],[5.12572,52.08935],[5.12632,52.08871]],[[5.12746,52.08912],[5.12772,52.08924],[5.12798,52.08946],[5.12799,52.08967],[5.12801,52.08973],[5.12808,52.08981],[5.12766,52.09007],[5.12722,52.08991],[5.12746,52.08912]],[[5.12304,52.08931],[5.1232,52.08933],[5.12315,52.0895],[5.12376,52.08952],[5.12373,52.08962],[5.12297,52.0896],[5.12304,52.08931]]]}},{"type":"Feature","properties":{"zone":"21100","district":"Oost","rawHours":"Mo–Fr 6–11 Uhr","rawFee":"kortparkeertarief gebied 3 — 5,34 €/h","note":"Rijnsweerd Zuid — Tariefgroep 3 van 6:00 tot 11:00 uur (ma. t/m vr.)","windows":[{"weekdays":[2],"fromMinute":360,"toMinute":660},{"weekdays":[4],"fromMinute":360,"toMinute":660},{"weekdays":[1],"fromMinute":360,"toMinute":660},{"weekdays":[5],"fromMinute":360,"toMinute":660},{"weekdays":[3],"fromMinute":360,"toMinute":660}],"fee":{"kind":"exact","centsPerHour":534},"unmodelledRules":["Feiertage 2026 laut Quelle: frei am 26.12.; gebührenpflichtig wie am Wochentag am 01.01., 06.04., 27.04., 14.05., 25.05., 25.12."],"sourceDefect":null,"freeOnHolidays":false,"spaces":null,"maxStayMinutes":null,"maxStay":null,"maxStayShare":0,"maxStayValues":[],"chargingPoints":0,"carsharing":0},"geometry":{"type":"Polygon","coordinates":[[[5.1498,52.08531],[5.14859,52.08591],[5.14886,52.08641],[5.14887,52.08724],[5.14858,52.08788],[5.14802,52.08855],[5.15103,52.08956],[5.15316,52.0902],[5.15424,52.09045],[5.15492,52.08927],[5.15583,52.08862],[5.15982,52.08657],[5.16039,52.08636],[5.16157,52.08631],[5.1624,52.08631],[5.16227,52.08497],[5.16212,52.08402],[5.1618,52.08292],[5.16139,52.08181],[5.16075,52.08054],[5.16072,52.08056],[5.16061,52.08051],[5.15997,52.08071],[5.15919,52.08088],[5.15746,52.08106],[5.15585,52.08117],[5.15564,52.0817],[5.15541,52.08204],[5.15247,52.08417],[5.15202,52.08397],[5.15176,52.08394],[5.15151,52.08418],[5.15141,52.0844],[5.15092,52.08473],[5.1498,52.08531]]]}},{"type":"Feature","properties":{"zone":"2200","district":"Binnenstad","rawHours":"Mo 7–24, Di–Sa 0–1 und 7–24, So 0–1 und 12–18 Uhr","rawFee":"Kortparkeertarief gebied 1 — 8,01 €/h","note":"Springweg e.o. — Tariefgroep 1 07.00-01.00","windows":[{"weekdays":[2],"fromMinute":0,"toMinute":60},{"weekdays":[2],"fromMinute":420,"toMinute":1440},{"weekdays":[4],"fromMinute":0,"toMinute":60},{"weekdays":[4],"fromMinute":420,"toMinute":1440},{"weekdays":[1],"fromMinute":420,"toMinute":1440},{"weekdays":[5],"fromMinute":0,"toMinute":60},{"weekdays":[5],"fromMinute":420,"toMinute":1440},{"weekdays":[3],"fromMinute":0,"toMinute":60},{"weekdays":[3],"fromMinute":420,"toMinute":1440},{"weekdays":[6],"fromMinute":0,"toMinute":60},{"weekdays":[6],"fromMinute":420,"toMinute":1440},{"weekdays":[0],"fromMinute":0,"toMinute":60},{"weekdays":[0],"fromMinute":720,"toMinute":1080}],"fee":{"kind":"exact","centsPerHour":801},"unmodelledRules":["Feiertage 2026 laut Quelle: gebührenpflichtig wie am Wochentag am 01.01., 06.04., 27.04., 14.05., 25.05., 25.12., 26.12."],"sourceDefect":null,"freeOnHolidays":false,"spaces":null,"maxStayMinutes":null,"maxStay":null,"maxStayShare":0,"maxStayValues":[],"chargingPoints":0,"carsharing":0},"geometry":{"type":"Polygon","coordinates":[[[5.11986,52.09144],[5.12007,52.09121],[5.12023,52.09091],[5.12051,52.09006],[5.12081,52.08979],[5.12093,52.08962],[5.12118,52.08971],[5.12135,52.08968],[5.12144,52.0897],[5.12181,52.08901],[5.12184,52.08884],[5.12182,52.08883],[5.12183,52.08877],[5.12199,52.08878],[5.12207,52.08863],[5.12176,52.08857],[5.12166,52.08845],[5.12185,52.0884],[5.12189,52.0883],[5.1221,52.08796],[5.12214,52.08797],[5.12218,52.08792],[5.12221,52.08778],[5.12217,52.08777],[5.12218,52.08772],[5.12235,52.08768],[5.12246,52.08742],[5.12232,52.08739],[5.12241,52.08721],[5.12258,52.08725],[5.12258,52.08721],[5.12261,52.08716],[5.12248,52.08713],[5.12251,52.08709],[5.12235,52.08705],[5.12238,52.08699],[5.12252,52.08702],[5.12261,52.08685],[5.12271,52.08687],[5.12282,52.08672],[5.1227,52.08663],[5.12274,52.08656],[5.12277,52.08657],[5.12279,52.08655],[5.12265,52.08652],[5.12267,52.08648],[5.12257,52.08646],[5.12259,52.08641],[5.12271,52.08638],[5.12271,52.08633],[5.12274,52.08628],[5.12278,52.08629],[5.12281,52.08623],[5.12286,52.08624],[5.12289,52.0862],[5.12317,52.08626],[5.12324,52.08615],[5.12303,52.08606],[5.12306,52.08601],[5.12295,52.08596],[5.12298,52.08592],[5.12286,52.08588],[5.12292,52.08577],[5.12295,52.08578],[5.12298,52.08573],[5.12271,52.08563],[5.12284,52.08563],[5.12286,52.0856],[5.12298,52.08563],[5.12303,52.08556],[5.12299,52.08553],[5.12303,52.08546],[5.12295,52.08544],[5.12298,52.08538],[5.12319,52.08544],[5.12321,52.08541],[5.12317,52.0854],[5.12324,52.0853],[5.123,52.08524],[5.12305,52.08511],[5.12308,52.08506],[5.1232,52.0851],[5.12325,52.08504],[5.12328,52.08505],[5.12331,52.085],[5.12322,52.08498],[5.12333,52.08481],[5.12331,52.0848],[5.12336,52.08473],[5.12341,52.08469],[5.12357,52.08443],[5.12352,52.08442],[5.12355,52.08437],[5.12359,52.08432],[5.12363,52.08433],[5.12374,52.08419],[5.12367,52.08416],[5.1238,52.08403],[5.1236,52.08396],[5.12366,52.08389],[5.12338,52.0838],[5.12337,52.08384],[5.12305,52.08384],[5.12272,52.08298],[5.1227,52.08256],[5.12275,52.08231],[5.12291,52.08216],[5.12341,52.08183],[5.12389,52.08183],[5.12412,52.08148],[5.12288,52.08112],[5.12211,52.08085],[5.12166,52.08084],[5.12138,52.08103],[5.12059,52.08281],[5.12004,52.08389],[5.11978,52.08425],[5.11708,52.08727],[5.11469,52.08645],[5.11383,52.08742],[5.11422,52.08753],[5.11362,52.08821],[5.1135,52.08837],[5.11323,52.08869],[5.11314,52.08883],[5.11303,52.08896],[5.11399,52.0893],[5.11403,52.08946],[5.11424,52.08954],[5.11492,52.08948],[5.1132,52.09114],[5.1146,52.09164],[5.11548,52.09177],[5.11611,52.09196],[5.11619,52.09197],[5.11618,52.09205],[5.11681,52.09205],[5.11685,52.09194],[5.11719,52.09176],[5.11763,52.09167],[5.11826,52.09165],[5.11892,52.09171],[5.11928,52.0917],[5.11986,52.09144]],[[5.12076,52.08529],[5.12091,52.08504],[5.12013,52.0848],[5.11993,52.08502],[5.1198,52.08498],[5.11995,52.08481],[5.12005,52.08461],[5.12024,52.08439],[5.12054,52.08399],[5.1214,52.08252],[5.12157,52.08212],[5.12177,52.08179],[5.12175,52.08163],[5.12177,52.08155],[5.1218,52.08151],[5.12192,52.08145],[5.12199,52.08155],[5.12193,52.08157],[5.12192,52.08159],[5.12193,52.08181],[5.12172,52.08216],[5.12173,52.08218],[5.1225,52.08222],[5.12272,52.08227],[5.12266,52.08234],[5.12263,52.08257],[5.12264,52.08276],[5.12272,52.08313],[5.12283,52.08341],[5.12258,52.08343],[5.12248,52.08289],[5.12246,52.08232],[5.12172,52.08229],[5.12119,52.08316],[5.12076,52.08393],[5.12047,52.08431],[5.12048,52.08436],[5.12131,52.08431],[5.12116,52.08464],[5.12141,52.08471],[5.12233,52.08501],[5.1223,52.0851],[5.12119,52.08475],[5.12101,52.08516],[5.12058,52.08582],[5.12044,52.08577],[5.12076,52.08529]],[[5.11888,52.08615],[5.11916,52.08625],[5.11906,52.08635],[5.11878,52.08625],[5.11888,52.08615]],[[5.12027,52.08638],[5.12171,52.08675],[5.12168,52.08685],[5.12022,52.08647],[5.12027,52.08638]],[[5.11976,52.08744],[5.12138,52.08778],[5.12135,52.08787],[5.12017,52.08764],[5.12013,52.08771],[5.11997,52.08768],[5.12001,52.0876],[5.11969,52.08753],[5.11976,52.08744]],[[5.11601,52.08876],[5.1161,52.08873],[5.11619,52.08876],[5.11634,52.08856],[5.11698,52.0879],[5.11714,52.08793],[5.11625,52.08885],[5.11616,52.08882],[5.11606,52.08885],[5.11561,52.08932],[5.1155,52.08928],[5.11601,52.08876]],[[5.11887,52.08854],[5.11924,52.08864],[5.11938,52.08841],[5.12039,52.08859],[5.12032,52.08872],[5.12042,52.08874],[5.12035,52.0889],[5.12091,52.08903],[5.12084,52.08912],[5.12018,52.08898],[5.12015,52.08904],[5.11976,52.08896],[5.11927,52.08976],[5.1191,52.08972],[5.11958,52.08896],[5.11927,52.08889],[5.11922,52.08896],[5.11905,52.08891],[5.11917,52.08873],[5.1188,52.08863],[5.11887,52.08854]]]}},{"type":"Feature","properties":{"zone":"30100","district":"Leidsche Rijn","rawHours":"Mo–So 9–21 Uhr","rawFee":"kortparkeertarief gebied 3 — 5,34 €/h","note":"Leidsche Rijn Centrum — Tariefgroep 3 van 9:00 tot 21:00 uur (ma. t/m zo.)","windows":[{"weekdays":[2],"fromMinute":540,"toMinute":1260},{"weekdays":[4],"fromMinute":540,"toMinute":1260},{"weekdays":[1],"fromMinute":540,"toMinute":1260},{"weekdays":[5],"fromMinute":540,"toMinute":1260},{"weekdays":[3],"fromMinute":540,"toMinute":1260},{"weekdays":[6],"fromMinute":540,"toMinute":1260},{"weekdays":[0],"fromMinute":540,"toMinute":1260}],"fee":{"kind":"exact","centsPerHour":534},"unmodelledRules":["Feiertage 2026 laut Quelle: gebührenpflichtig wie am Wochentag am 01.01., 06.04., 27.04., 14.05., 25.05., 25.12., 26.12."],"sourceDefect":null,"freeOnHolidays":false,"spaces":null,"maxStayMinutes":null,"maxStay":null,"maxStayShare":0,"maxStayValues":[],"chargingPoints":0,"carsharing":0},"geometry":{"type":"Polygon","coordinates":[[[5.06687,52.09851],[5.06689,52.09866],[5.06807,52.09859],[5.06807,52.09861],[5.06942,52.09852],[5.06951,52.09853],[5.06978,52.0985],[5.06986,52.09849],[5.06987,52.09848],[5.07131,52.09837],[5.07131,52.09839],[5.07647,52.09799],[5.07716,52.09809],[5.0779,52.094],[5.07485,52.09424],[5.0748,52.09452],[5.07449,52.09459],[5.07424,52.09467],[5.07383,52.09475],[5.07342,52.09478],[5.07306,52.09477],[5.07266,52.0947],[5.07078,52.09415],[5.07069,52.09414],[5.07053,52.09417],[5.06902,52.09373],[5.06841,52.09359],[5.06788,52.09348],[5.06735,52.09339],[5.06684,52.09333],[5.06636,52.09329],[5.06496,52.09323],[5.06353,52.09511],[5.06396,52.09521],[5.06573,52.09573],[5.06607,52.09741],[5.06609,52.09748],[5.06615,52.09758],[5.06628,52.0977],[5.06641,52.09779],[5.06673,52.09789],[5.06687,52.09851]]]}},{"type":"Feature","properties":{"zone":"30100","district":"Leidsche Rijn","rawHours":"Mo–So 9–21 Uhr","rawFee":"kortparkeertarief gebied 3 — 5,34 €/h","note":"Leidsche Rijn Centrum — Tariefgroep 3 van 9:00 tot 21:00 uur (ma. t/m zo.)","windows":[{"weekdays":[2],"fromMinute":540,"toMinute":1260},{"weekdays":[4],"fromMinute":540,"toMinute":1260},{"weekdays":[1],"fromMinute":540,"toMinute":1260},{"weekdays":[5],"fromMinute":540,"toMinute":1260},{"weekdays":[3],"fromMinute":540,"toMinute":1260},{"weekdays":[6],"fromMinute":540,"toMinute":1260},{"weekdays":[0],"fromMinute":540,"toMinute":1260}],"fee":{"kind":"exact","centsPerHour":534},"unmodelledRules":["Feiertage 2026 laut Quelle: gebührenpflichtig wie am Wochentag am 01.01., 06.04., 27.04., 14.05., 25.05., 25.12., 26.12."],"sourceDefect":null,"freeOnHolidays":false,"spaces":null,"maxStayMinutes":null,"maxStay":null,"maxStayShare":0,"maxStayValues":[],"chargingPoints":0,"carsharing":0},"geometry":{"type":"Polygon","coordinates":[[[5.06689,52.09866],[5.06029,52.09922],[5.06034,52.09944],[5.06067,52.10162],[5.06127,52.10159],[5.06127,52.10163],[5.06135,52.10213],[5.0614,52.10218],[5.06148,52.1022],[5.06165,52.10219],[5.06176,52.10238],[5.06294,52.10211],[5.06324,52.10202],[5.06358,52.10187],[5.06395,52.10166],[5.06426,52.10141],[5.06489,52.1008],[5.06539,52.10027],[5.06655,52.09901],[5.06689,52.09866]]]}},{"type":"Feature","properties":{"zone":"30200","district":"Leidsche Rijn","rawHours":"Mo–Fr 6–11 Uhr","rawFee":"kortparkeertarief gebied 3 — 5,34 €/h","note":"Grauwaart — Tariefgroep 3 van 6:00 tot 11:00 uur (ma. t/m vr.)","windows":[{"weekdays":[2],"fromMinute":360,"toMinute":660},{"weekdays":[4],"fromMinute":360,"toMinute":660},{"weekdays":[1],"fromMinute":360,"toMinute":660},{"weekdays":[5],"fromMinute":360,"toMinute":660},{"weekdays":[3],"fromMinute":360,"toMinute":660}],"fee":{"kind":"exact","centsPerHour":534},"unmodelledRules":["Feiertage 2026 laut Quelle: frei am 26.12.; gebührenpflichtig wie am Wochentag am 01.01., 06.04., 27.04., 14.05., 25.05., 25.12."],"sourceDefect":null,"freeOnHolidays":false,"spaces":null,"maxStayMinutes":null,"maxStay":null,"maxStayShare":0,"maxStayValues":[],"chargingPoints":0,"carsharing":0},"geometry":{"type":"Polygon","coordinates":[[[5.06025,52.09905],[5.06023,52.09892],[5.06125,52.09759],[5.06161,52.09728],[5.06209,52.09682],[5.06249,52.09641],[5.06283,52.09602],[5.0633,52.09543],[5.06496,52.09323],[5.06205,52.09241],[5.06049,52.09347],[5.05879,52.09373],[5.05937,52.09443],[5.05629,52.09653],[5.05659,52.09668],[5.05644,52.09679],[5.05639,52.09687],[5.05637,52.09693],[5.05635,52.09912],[5.05629,52.09952],[5.06029,52.09922],[5.06025,52.09905]]]}},{"type":"Feature","properties":{"zone":"3100","district":"Oost","rawHours":"Mo–Sa 9–23 Uhr","rawFee":"Kortparkeertarief gebied 2 — 6,94 €/h","note":"Oudwijk — Tariefgroep 2 09.00-23.00","windows":[{"weekdays":[2],"fromMinute":540,"toMinute":1380},{"weekdays":[4],"fromMinute":540,"toMinute":1380},{"weekdays":[1],"fromMinute":540,"toMinute":1380},{"weekdays":[5],"fromMinute":540,"toMinute":1380},{"weekdays":[3],"fromMinute":540,"toMinute":1380},{"weekdays":[6],"fromMinute":540,"toMinute":1380}],"fee":{"kind":"exact","centsPerHour":694},"unmodelledRules":["Feiertage 2026 laut Quelle: gebührenpflichtig wie am Wochentag am 01.01., 06.04., 27.04., 14.05., 25.05., 25.12., 26.12."],"sourceDefect":null,"freeOnHolidays":false,"spaces":null,"maxStayMinutes":null,"maxStay":null,"maxStayShare":0,"maxStayValues":[],"chargingPoints":0,"carsharing":0},"geometry":{"type":"Polygon","coordinates":[[[5.13326,52.08977],[5.13429,52.0904],[5.13459,52.09021],[5.13473,52.0903],[5.13574,52.08972],[5.13561,52.08962],[5.13576,52.08958],[5.1358,52.08962],[5.13594,52.08955],[5.13608,52.08964],[5.13658,52.08945],[5.13662,52.08943],[5.13649,52.08929],[5.13664,52.08924],[5.13677,52.08936],[5.13699,52.0893],[5.13751,52.0891],[5.13743,52.08899],[5.13761,52.08891],[5.13768,52.08897],[5.13792,52.08887],[5.13796,52.08892],[5.13846,52.08872],[5.13837,52.08858],[5.14047,52.08756],[5.1391,52.08518],[5.13907,52.08497],[5.13923,52.08493],[5.13896,52.08453],[5.13897,52.08445],[5.13885,52.08436],[5.13867,52.08417],[5.13725,52.08415],[5.13713,52.08418],[5.13659,52.08459],[5.13641,52.08468],[5.13583,52.08482],[5.13447,52.08505],[5.13346,52.08517],[5.13309,52.08515],[5.13212,52.08505],[5.13155,52.08479],[5.13115,52.08471],[5.13094,52.08464],[5.13051,52.08435],[5.13062,52.08379],[5.13036,52.08377],[5.13047,52.08366],[5.13038,52.08355],[5.12987,52.08337],[5.13002,52.08322],[5.12952,52.08303],[5.12936,52.08304],[5.12918,52.08314],[5.12901,52.083],[5.12834,52.08242],[5.12806,52.082],[5.12792,52.08198],[5.12759,52.08187],[5.12763,52.08185],[5.12765,52.08174],[5.12738,52.08171],[5.12697,52.081],[5.12684,52.08051],[5.1255,52.08106],[5.12547,52.08139],[5.12578,52.08166],[5.12627,52.08253],[5.1271,52.0835],[5.12788,52.08424],[5.12878,52.08479],[5.12947,52.08507],[5.12978,52.08522],[5.1304,52.08557],[5.13058,52.08637],[5.13074,52.08674],[5.13095,52.0871],[5.1322,52.08889],[5.13241,52.08912],[5.13266,52.08934],[5.13293,52.08955],[5.13326,52.08977]]]}},{"type":"Feature","properties":{"zone":"31100","district":"Leidsche Rijn","rawHours":"Mo–So 9–21 Uhr","rawFee":"kortparkeertarief gebied 3 — 5,34 €/h","note":"Leidsche Rijn Centrum Winkelgebied — Tariefgroep 3 van 9:00 tot 21:00 uur (ma. t/m zo.)","windows":[{"weekdays":[2],"fromMinute":540,"toMinute":1260},{"weekdays":[4],"fromMinute":540,"toMinute":1260},{"weekdays":[1],"fromMinute":540,"toMinute":1260},{"weekdays":[5],"fromMinute":540,"toMinute":1260},{"weekdays":[3],"fromMinute":540,"toMinute":1260},{"weekdays":[6],"fromMinute":540,"toMinute":1260},{"weekdays":[0],"fromMinute":540,"toMinute":1260}],"fee":{"kind":"exact","centsPerHour":534},"unmodelledRules":["Feiertage 2026 laut Quelle: gebührenpflichtig wie am Wochentag am 01.01., 06.04., 27.04., 14.05., 25.05., 25.12., 26.12."],"sourceDefect":null,"freeOnHolidays":false,"spaces":null,"maxStayMinutes":null,"maxStay":null,"maxStayShare":0,"maxStayValues":[],"chargingPoints":0,"carsharing":0},"geometry":{"type":"Polygon","coordinates":[[[5.06353,52.09511],[5.0631,52.09569],[5.06249,52.09641],[5.06187,52.09703],[5.06125,52.09759],[5.06023,52.09892],[5.06029,52.09922],[5.06689,52.09866],[5.06673,52.09789],[5.06641,52.09779],[5.06628,52.0977],[5.06615,52.09758],[5.06609,52.09748],[5.06607,52.09741],[5.06573,52.09573],[5.06396,52.09521],[5.06353,52.09511]]]}},{"type":"Feature","properties":{"zone":"3200","district":"Oost","rawHours":"Mo–Sa 9–23 Uhr","rawFee":"Kortparkeertarief gebied 2 — 6,94 €/h","note":"Watervogelbuurt — Tariefgroep 2 09.00-23.00","windows":[{"weekdays":[2],"fromMinute":540,"toMinute":1380},{"weekdays":[4],"fromMinute":540,"toMinute":1380},{"weekdays":[1],"fromMinute":540,"toMinute":1380},{"weekdays":[5],"fromMinute":540,"toMinute":1380},{"weekdays":[3],"fromMinute":540,"toMinute":1380},{"weekdays":[6],"fromMinute":540,"toMinute":1380}],"fee":{"kind":"exact","centsPerHour":694},"unmodelledRules":["Feiertage 2026 laut Quelle: gebührenpflichtig wie am Wochentag am 01.01., 06.04., 27.04., 14.05., 25.05., 25.12., 26.12."],"sourceDefect":null,"freeOnHolidays":false,"spaces":null,"maxStayMinutes":null,"maxStay":null,"maxStayShare":0,"maxStayValues":[],"chargingPoints":0,"carsharing":0},"geometry":{"type":"Polygon","coordinates":[[[5.12398,52.08144],[5.12412,52.08148],[5.12426,52.08148],[5.12547,52.08139],[5.1255,52.08106],[5.12861,52.0798],[5.12974,52.0794],[5.13101,52.07893],[5.13083,52.07874],[5.13069,52.07879],[5.13014,52.07814],[5.1286,52.07861],[5.12834,52.07828],[5.12826,52.07823],[5.12709,52.07709],[5.12239,52.07874],[5.12296,52.0795],[5.12379,52.08088],[5.12404,52.08134],[5.12398,52.08144]]]}},{"type":"Feature","properties":{"zone":"3300","district":"Zuidwest","rawHours":"Mo–Sa 9–23 Uhr","rawFee":"Kortparkeertarief gebied 2 — 6,94 €/h","note":"Dichterswijk — Tariefgroep 2 09.00-23.00","windows":[{"weekdays":[2],"fromMinute":540,"toMinute":1380},{"weekdays":[4],"fromMinute":540,"toMinute":1380},{"weekdays":[1],"fromMinute":540,"toMinute":1380},{"weekdays":[5],"fromMinute":540,"toMinute":1380},{"weekdays":[3],"fromMinute":540,"toMinute":1380},{"weekdays":[6],"fromMinute":540,"toMinute":1380}],"fee":{"kind":"exact","centsPerHour":694},"unmodelledRules":["Feiertage 2026 laut Quelle: gebührenpflichtig wie am Wochentag am 01.01., 06.04., 27.04., 14.05., 25.05., 25.12., 26.12."],"sourceDefect":null,"freeOnHolidays":false,"spaces":null,"maxStayMinutes":null,"maxStay":null,"maxStayShare":0,"maxStayValues":[],"chargingPoints":0,"carsharing":0},"geometry":{"type":"Polygon","coordinates":[[[5.10744,52.08644],[5.10778,52.08655],[5.10818,52.08624],[5.10848,52.0859],[5.11018,52.08409],[5.11204,52.08475],[5.1128,52.08394],[5.11285,52.08396],[5.1139,52.08284],[5.1147,52.08195],[5.1158,52.0808],[5.11602,52.08071],[5.11668,52.08058],[5.11752,52.08048],[5.11814,52.0802],[5.11882,52.07972],[5.11826,52.07941],[5.118,52.07947],[5.11719,52.07916],[5.11731,52.07904],[5.11676,52.07883],[5.11674,52.07888],[5.11687,52.07891],[5.11686,52.07892],[5.11667,52.07886],[5.11665,52.07888],[5.11517,52.07837],[5.11526,52.07826],[5.11523,52.07814],[5.11517,52.07805],[5.11497,52.07789],[5.11451,52.07766],[5.11426,52.07759],[5.1095,52.07697],[5.10864,52.07866],[5.10761,52.07984],[5.1058,52.08129],[5.10518,52.0817],[5.10647,52.08279],[5.10697,52.08312],[5.1072,52.08339],[5.10831,52.08437],[5.10785,52.08489],[5.10797,52.08494],[5.10626,52.08676],[5.10692,52.08701],[5.10744,52.08644]]]}},{"type":"Feature","properties":{"zone":"3400","district":"Zuidwest","rawHours":"Mo–Sa 9–23 Uhr","rawFee":"Kortparkeertarief gebied 2 — 6,94 €/h","note":"Nieuwe Defensie - Wilhelminawerf — Tariefgroep 2 09.00-23.00","windows":[{"weekdays":[2],"fromMinute":540,"toMinute":1380},{"weekdays":[4],"fromMinute":540,"toMinute":1380},{"weekdays":[1],"fromMinute":540,"toMinute":1380},{"weekdays":[5],"fromMinute":540,"toMinute":1380},{"weekdays":[3],"fromMinute":540,"toMinute":1380},{"weekdays":[6],"fromMinute":540,"toMinute":1380}],"fee":{"kind":"exact","centsPerHour":694},"unmodelledRules":["Feiertage 2026 laut Quelle: gebührenpflichtig wie am Wochentag am 01.01., 06.04., 27.04., 14.05., 25.05., 25.12., 26.12."],"sourceDefect":null,"freeOnHolidays":false,"spaces":null,"maxStayMinutes":null,"maxStay":null,"maxStayShare":0,"maxStayValues":[],"chargingPoints":0,"carsharing":0},"geometry":{"type":"Polygon","coordinates":[[[5.10254,52.07971],[5.10312,52.08005],[5.10478,52.08163],[5.10518,52.0817],[5.1058,52.08129],[5.10761,52.07984],[5.10864,52.07866],[5.1095,52.07697],[5.10461,52.07632],[5.10383,52.07812],[5.10254,52.07971]]]}},{"type":"Feature","properties":{"zone":"3500","district":"Zuidwest","rawHours":"Mo–Sa 9–23 Uhr","rawFee":"Kortparkeertarief gebied 2 — 6,94 €/h","note":"Merwede — Tariefgroep 2 09.00-23.00","windows":[{"weekdays":[2],"fromMinute":540,"toMinute":1380},{"weekdays":[4],"fromMinute":540,"toMinute":1380},{"weekdays":[1],"fromMinute":540,"toMinute":1380},{"weekdays":[5],"fromMinute":540,"toMinute":1380},{"weekdays":[3],"fromMinute":540,"toMinute":1380},{"weekdays":[6],"fromMinute":540,"toMinute":1380}],"fee":{"kind":"exact","centsPerHour":694},"unmodelledRules":["Feiertage 2026 laut Quelle: gebührenpflichtig wie am Wochentag am 01.01., 06.04., 27.04., 14.05., 25.05., 25.12., 26.12."],"sourceDefect":null,"freeOnHolidays":false,"spaces":null,"maxStayMinutes":null,"maxStay":null,"maxStayShare":0,"maxStayValues":[],"chargingPoints":0,"carsharing":0},"geometry":{"type":"Polygon","coordinates":[[[5.10755,52.06788],[5.10743,52.06829],[5.10696,52.06824],[5.10538,52.07448],[5.10461,52.07632],[5.1095,52.07697],[5.11179,52.06831],[5.10878,52.06802],[5.10755,52.06788]],[[5.11031,52.06976],[5.11019,52.06975],[5.1102,52.06971],[5.11047,52.06963],[5.11058,52.06964],[5.11071,52.06964],[5.11075,52.06966],[5.11073,52.06971],[5.11084,52.06972],[5.11083,52.06977],[5.11072,52.06976],[5.11069,52.0698],[5.11031,52.06976]]]}},{"type":"Feature","properties":{"zone":"4100","district":"Oost","rawHours":"Mo–Sa 9–23 Uhr","rawFee":"Kortparkeertarief gebied 2 — 6,94 €/h","note":"Buiten Wittevrouwen — Tariefgroep 2 09.00-23.00","windows":[{"weekdays":[2],"fromMinute":540,"toMinute":1380},{"weekdays":[4],"fromMinute":540,"toMinute":1380},{"weekdays":[1],"fromMinute":540,"toMinute":1380},{"weekdays":[5],"fromMinute":540,"toMinute":1380},{"weekdays":[3],"fromMinute":540,"toMinute":1380},{"weekdays":[6],"fromMinute":540,"toMinute":1380}],"fee":{"kind":"exact","centsPerHour":694},"unmodelledRules":["Feiertage 2026 laut Quelle: gebührenpflichtig wie am Wochentag am 01.01., 06.04., 27.04., 14.05., 25.05., 25.12., 26.12."],"sourceDefect":null,"freeOnHolidays":false,"spaces":null,"maxStayMinutes":null,"maxStay":null,"maxStayShare":0,"maxStayValues":[],"chargingPoints":0,"carsharing":0},"geometry":{"type":"Polygon","coordinates":[[[5.13058,52.08637],[5.1304,52.08557],[5.12978,52.08522],[5.12982,52.08541],[5.12912,52.08618],[5.1285,52.08795],[5.12846,52.08825],[5.12867,52.08851],[5.12925,52.08898],[5.12947,52.08927],[5.12939,52.0895],[5.1291,52.0897],[5.12796,52.09015],[5.12769,52.09046],[5.12711,52.09227],[5.12713,52.09252],[5.12824,52.09347],[5.12813,52.09369],[5.12653,52.0944],[5.12638,52.09459],[5.12628,52.09504],[5.131,52.09531],[5.13714,52.09561],[5.13903,52.09563],[5.13788,52.09365],[5.13748,52.09305],[5.137,52.09247],[5.13643,52.09192],[5.1358,52.0914],[5.13429,52.0904],[5.13326,52.08977],[5.13293,52.08955],[5.13266,52.08934],[5.13241,52.08912],[5.13214,52.08882],[5.13095,52.0871],[5.13074,52.08674],[5.13058,52.08637]]]}},{"type":"Feature","properties":{"zone":"4600","district":"Binnenstad","rawHours":"Mo–Sa 9–23 Uhr","rawFee":"Kortparkeertarief gebied 2 — 6,94 €/h","note":"Hooch Boulandt — Tariefgroep 2 09.00-23.00","windows":[{"weekdays":[2],"fromMinute":540,"toMinute":1380},{"weekdays":[4],"fromMinute":540,"toMinute":1380},{"weekdays":[1],"fromMinute":540,"toMinute":1380},{"weekdays":[5],"fromMinute":540,"toMinute":1380},{"weekdays":[3],"fromMinute":540,"toMinute":1380},{"weekdays":[6],"fromMinute":540,"toMinute":1380}],"fee":{"kind":"exact","centsPerHour":694},"unmodelledRules":["Feiertage 2026 laut Quelle: gebührenpflichtig wie am Wochentag am 01.01., 06.04., 27.04., 14.05., 25.05., 25.12., 26.12."],"sourceDefect":null,"freeOnHolidays":false,"spaces":null,"maxStayMinutes":null,"maxStay":null,"maxStayShare":0,"maxStayValues":[],"chargingPoints":0,"carsharing":0},"geometry":{"type":"Polygon","coordinates":[[[5.12379,52.08088],[5.12296,52.0795],[5.12239,52.07874],[5.12137,52.07912],[5.12031,52.07955],[5.11944,52.08003],[5.119,52.0803],[5.11831,52.08085],[5.11569,52.08365],[5.11352,52.08601],[5.11469,52.08645],[5.11708,52.08727],[5.11978,52.08425],[5.12004,52.08389],[5.12059,52.08281],[5.12138,52.08103],[5.12166,52.08084],[5.12211,52.08085],[5.12288,52.08112],[5.12398,52.08144],[5.12404,52.08134],[5.12379,52.08088]]]}},{"type":"Feature","properties":{"zone":"5100","district":"West","rawHours":"Mo–Sa 9–23 Uhr","rawFee":"Kortparkeertarief gebied 2 — 6,94 €/h","note":"Hagelbuurt — Tariefgroep 2 09.00-23.00","windows":[{"weekdays":[2],"fromMinute":540,"toMinute":1380},{"weekdays":[4],"fromMinute":540,"toMinute":1380},{"weekdays":[1],"fromMinute":540,"toMinute":1380},{"weekdays":[5],"fromMinute":540,"toMinute":1380},{"weekdays":[3],"fromMinute":540,"toMinute":1380},{"weekdays":[6],"fromMinute":540,"toMinute":1380}],"fee":{"kind":"exact","centsPerHour":694},"unmodelledRules":["Feiertage 2026 laut Quelle: gebührenpflichtig wie am Wochentag am 01.01., 06.04., 27.04., 14.05., 25.05., 25.12., 26.12."],"sourceDefect":null,"freeOnHolidays":false,"spaces":null,"maxStayMinutes":null,"maxStay":null,"maxStayShare":0,"maxStayValues":[],"chargingPoints":0,"carsharing":0},"geometry":{"type":"Polygon","coordinates":[[[5.10613,52.0933],[5.107,52.09237],[5.10707,52.09226],[5.10664,52.09213],[5.10526,52.09199],[5.1052,52.09219],[5.10513,52.09237],[5.10502,52.09254],[5.10488,52.09271],[5.10457,52.09275],[5.106,52.09342],[5.10613,52.0933]]]}},{"type":"Feature","properties":{"zone":"5200","district":"West","rawHours":"Mo–Sa 9–23 Uhr","rawFee":"Kortparkeertarief gebied 2 — 6,94 €/h","note":"Nieuw Engeland — Tariefgroep 2 09.00-23.00","windows":[{"weekdays":[2],"fromMinute":540,"toMinute":1380},{"weekdays":[4],"fromMinute":540,"toMinute":1380},{"weekdays":[1],"fromMinute":540,"toMinute":1380},{"weekdays":[5],"fromMinute":540,"toMinute":1380},{"weekdays":[3],"fromMinute":540,"toMinute":1380},{"weekdays":[6],"fromMinute":540,"toMinute":1380}],"fee":{"kind":"exact","centsPerHour":694},"unmodelledRules":["Feiertage 2026 laut Quelle: gebührenpflichtig wie am Wochentag am 01.01., 06.04., 27.04., 14.05., 25.05., 25.12., 26.12."],"sourceDefect":null,"freeOnHolidays":false,"spaces":null,"maxStayMinutes":null,"maxStay":null,"maxStayShare":0,"maxStayValues":[],"chargingPoints":0,"carsharing":0},"geometry":{"type":"Polygon","coordinates":[[[5.10424,52.09273],[5.09822,52.09327],[5.09287,52.09395],[5.09296,52.09407],[5.09289,52.09417],[5.09322,52.09449],[5.09334,52.09444],[5.0934,52.09451],[5.09347,52.09464],[5.09349,52.09476],[5.09432,52.0956],[5.09431,52.09577],[5.09447,52.09576],[5.09438,52.09588],[5.09426,52.09589],[5.09432,52.09621],[5.09445,52.0962],[5.09457,52.09681],[5.09615,52.09667],[5.09819,52.09637],[5.09953,52.09615],[5.10124,52.09577],[5.1024,52.0954],[5.10375,52.0949],[5.10464,52.09448],[5.10533,52.094],[5.10558,52.0938],[5.106,52.09342],[5.10457,52.09275],[5.10424,52.09273]]]}},{"type":"Feature","properties":{"zone":"5300","district":"West","rawHours":"Mo–Sa 9–23 Uhr","rawFee":"Kortparkeertarief gebied 2 — 6,94 €/h","note":"Lombok — Tariefgroep 2 09.00-23.00","windows":[{"weekdays":[2],"fromMinute":540,"toMinute":1380},{"weekdays":[4],"fromMinute":540,"toMinute":1380},{"weekdays":[1],"fromMinute":540,"toMinute":1380},{"weekdays":[5],"fromMinute":540,"toMinute":1380},{"weekdays":[3],"fromMinute":540,"toMinute":1380},{"weekdays":[6],"fromMinute":540,"toMinute":1380}],"fee":{"kind":"exact","centsPerHour":694},"unmodelledRules":["Feiertage 2026 laut Quelle: gebührenpflichtig wie am Wochentag am 01.01., 06.04., 27.04., 14.05., 25.05., 25.12., 26.12."],"sourceDefect":null,"freeOnHolidays":false,"spaces":null,"maxStayMinutes":null,"maxStay":null,"maxStayShare":0,"maxStayValues":[],"chargingPoints":0,"carsharing":0},"geometry":{"type":"Polygon","coordinates":[[[5.10516,52.0904],[5.10425,52.08998],[5.1041,52.09034],[5.09896,52.08878],[5.09518,52.08758],[5.09459,52.08721],[5.09341,52.08795],[5.09307,52.09071],[5.09267,52.09291],[5.09274,52.09384],[5.09287,52.09395],[5.09822,52.09327],[5.10424,52.09273],[5.10457,52.09275],[5.10488,52.09271],[5.10502,52.09254],[5.10513,52.09237],[5.10562,52.09107],[5.10545,52.09067],[5.10516,52.0904]]]}},{"type":"Feature","properties":{"zone":"5400","district":"West","rawHours":"Mo–Sa 9–23 Uhr","rawFee":"Kortparkeertarief gebied 2 — 6,94 €/h","note":"Leidseweg e.o. — Tariefgroep 2 09.00-23.00","windows":[{"weekdays":[2],"fromMinute":540,"toMinute":1380},{"weekdays":[4],"fromMinute":540,"toMinute":1380},{"weekdays":[1],"fromMinute":540,"toMinute":1380},{"weekdays":[5],"fromMinute":540,"toMinute":1380},{"weekdays":[3],"fromMinute":540,"toMinute":1380},{"weekdays":[6],"fromMinute":540,"toMinute":1380}],"fee":{"kind":"exact","centsPerHour":694},"unmodelledRules":["Feiertage 2026 laut Quelle: gebührenpflichtig wie am Wochentag am 01.01., 06.04., 27.04., 14.05., 25.05., 25.12., 26.12."],"sourceDefect":null,"freeOnHolidays":false,"spaces":null,"maxStayMinutes":null,"maxStay":null,"maxStayShare":0,"maxStayValues":[],"chargingPoints":0,"carsharing":0},"geometry":{"type":"Polygon","coordinates":[[[5.09921,52.08477],[5.0983,52.08523],[5.09459,52.08721],[5.09518,52.08758],[5.09896,52.08878],[5.1041,52.09034],[5.10439,52.08964],[5.10343,52.08924],[5.10147,52.08857],[5.10114,52.08839],[5.10096,52.08825],[5.10077,52.088],[5.10013,52.08681],[5.09993,52.08652],[5.09976,52.08633],[5.09953,52.08613],[5.09882,52.08561],[5.09971,52.08514],[5.09921,52.08477]]]}},{"type":"Feature","properties":{"zone":"6100","district":"Oost","rawHours":"Mo–Sa 9–21 Uhr","rawFee":"kortparkeertarief gebied 3 — 5,34 €/h","note":"Oudwijk Noord — Tariefgroep 3 09.00-21.00","windows":[{"weekdays":[2],"fromMinute":540,"toMinute":1260},{"weekdays":[4],"fromMinute":540,"toMinute":1260},{"weekdays":[1],"fromMinute":540,"toMinute":1260},{"weekdays":[5],"fromMinute":540,"toMinute":1260},{"weekdays":[3],"fromMinute":540,"toMinute":1260},{"weekdays":[6],"fromMinute":540,"toMinute":1260}],"fee":{"kind":"exact","centsPerHour":534},"unmodelledRules":["Feiertage 2026 laut Quelle: gebührenpflichtig wie am Wochentag am 01.01., 06.04., 27.04., 14.05., 25.05., 25.12., 26.12."],"sourceDefect":null,"freeOnHolidays":false,"spaces":null,"maxStayMinutes":null,"maxStay":null,"maxStayShare":0,"maxStayValues":[],"chargingPoints":0,"carsharing":0},"geometry":{"type":"Polygon","coordinates":[[[5.1344,52.09034],[5.13429,52.0904],[5.1358,52.0914],[5.13643,52.09192],[5.137,52.09247],[5.13748,52.09305],[5.13788,52.09365],[5.13904,52.09563],[5.14129,52.09556],[5.14166,52.09544],[5.14162,52.09529],[5.14162,52.09517],[5.14187,52.09479],[5.14207,52.0942],[5.14214,52.09302],[5.14206,52.09202],[5.14188,52.09187],[5.14184,52.09148],[5.14188,52.09124],[5.14176,52.09119],[5.14105,52.09097],[5.14113,52.09072],[5.14047,52.08756],[5.13837,52.08858],[5.13846,52.08872],[5.13796,52.08892],[5.13792,52.08887],[5.13768,52.08897],[5.13761,52.08891],[5.13743,52.08899],[5.13751,52.0891],[5.13699,52.0893],[5.13677,52.08936],[5.13664,52.08924],[5.13649,52.08929],[5.13662,52.08943],[5.13658,52.08945],[5.13608,52.08964],[5.13594,52.08955],[5.1358,52.08962],[5.13576,52.08958],[5.13561,52.08962],[5.13574,52.08972],[5.13473,52.0903],[5.13459,52.09021],[5.1344,52.09034]]]}},{"type":"Feature","properties":{"zone":"6200","district":"Oost","rawHours":"Mo–Sa 9–21 Uhr","rawFee":"kortparkeertarief gebied 3 — 5,34 €/h","note":"Schildersbuurt — Tariefgroep 3 09.00-21.00","windows":[{"weekdays":[2],"fromMinute":540,"toMinute":1260},{"weekdays":[4],"fromMinute":540,"toMinute":1260},{"weekdays":[1],"fromMinute":540,"toMinute":1260},{"weekdays":[5],"fromMinute":540,"toMinute":1260},{"weekdays":[3],"fromMinute":540,"toMinute":1260},{"weekdays":[6],"fromMinute":540,"toMinute":1260}],"fee":{"kind":"exact","centsPerHour":534},"unmodelledRules":["Feiertage 2026 laut Quelle: gebührenpflichtig wie am Wochentag am 01.01., 06.04., 27.04., 14.05., 25.05., 25.12., 26.12."],"sourceDefect":null,"freeOnHolidays":false,"spaces":null,"maxStayMinutes":null,"maxStay":null,"maxStayShare":0,"maxStayValues":[],"chargingPoints":0,"carsharing":0},"geometry":{"type":"Polygon","coordinates":[[[5.14018,52.08177],[5.14018,52.08189],[5.14021,52.08189],[5.14021,52.08193],[5.14024,52.08194],[5.14027,52.0819],[5.14045,52.08194],[5.14029,52.08226],[5.14032,52.08227],[5.14033,52.08225],[5.14041,52.08227],[5.14038,52.08232],[5.14046,52.08234],[5.14019,52.0827],[5.14007,52.08266],[5.13995,52.08278],[5.13989,52.08275],[5.13973,52.08278],[5.13934,52.08322],[5.1392,52.08352],[5.13903,52.08374],[5.13871,52.08392],[5.13867,52.08417],[5.13885,52.08436],[5.13897,52.08445],[5.13896,52.08453],[5.13923,52.08493],[5.13907,52.08497],[5.1391,52.08518],[5.14047,52.08756],[5.14113,52.09072],[5.14105,52.09097],[5.14176,52.09119],[5.14188,52.09124],[5.14184,52.09148],[5.14188,52.09187],[5.14206,52.09202],[5.14506,52.09257],[5.1453,52.092],[5.14519,52.09165],[5.14487,52.09145],[5.14628,52.08796],[5.14691,52.08793],[5.14796,52.08627],[5.14798,52.0862],[5.14811,52.08609],[5.14859,52.08591],[5.1498,52.08531],[5.15092,52.08473],[5.15141,52.0844],[5.15151,52.08418],[5.15176,52.08394],[5.15093,52.08398],[5.15066,52.08402],[5.14773,52.08497],[5.14596,52.08336],[5.1451,52.08249],[5.14425,52.08135],[5.14308,52.07971],[5.1421,52.07989],[5.1409,52.07989],[5.14088,52.08004],[5.14074,52.0801],[5.14063,52.08143],[5.14031,52.08141],[5.14014,52.08145],[5.14012,52.08177],[5.14018,52.08177]]]}},{"type":"Feature","properties":{"zone":"6300","district":"Oost","rawHours":"Mo–Sa 9–21 Uhr","rawFee":"kortparkeertarief gebied 3 — 5,34 €/h","note":"Abstede — Tariefgroep 3 09.00-21.00","windows":[{"weekdays":[2],"fromMinute":540,"toMinute":1260},{"weekdays":[4],"fromMinute":540,"toMinute":1260},{"weekdays":[1],"fromMinute":540,"toMinute":1260},{"weekdays":[5],"fromMinute":540,"toMinute":1260},{"weekdays":[3],"fromMinute":540,"toMinute":1260},{"weekdays":[6],"fromMinute":540,"toMinute":1260}],"fee":{"kind":"exact","centsPerHour":534},"unmodelledRules":["Feiertage 2026 laut Quelle: gebührenpflichtig wie am Wochentag am 01.01., 06.04., 27.04., 14.05., 25.05., 25.12., 26.12."],"sourceDefect":null,"freeOnHolidays":false,"spaces":null,"maxStayMinutes":null,"maxStay":null,"maxStayShare":0,"maxStayValues":[],"chargingPoints":0,"carsharing":0},"geometry":{"type":"Polygon","coordinates":[[[5.14021,52.08189],[5.14018,52.08189],[5.14018,52.08177],[5.13973,52.0817],[5.13922,52.08176],[5.13918,52.08251],[5.13673,52.08273],[5.13563,52.08279],[5.1356,52.08261],[5.13503,52.0825],[5.13473,52.08248],[5.13461,52.083],[5.1337,52.08312],[5.13319,52.08309],[5.13307,52.08314],[5.13213,52.08298],[5.13202,52.08293],[5.13138,52.08279],[5.13134,52.08285],[5.13096,52.08276],[5.13122,52.08188],[5.13133,52.08145],[5.13145,52.08115],[5.13229,52.07854],[5.13101,52.07893],[5.12974,52.0794],[5.12861,52.0798],[5.12684,52.08051],[5.12697,52.081],[5.12738,52.08171],[5.12765,52.08174],[5.12763,52.08185],[5.12759,52.08187],[5.12792,52.08198],[5.12806,52.082],[5.12834,52.08242],[5.12901,52.083],[5.12918,52.08314],[5.12936,52.08304],[5.12952,52.08303],[5.13002,52.08322],[5.12987,52.08337],[5.13038,52.08355],[5.13047,52.08366],[5.13036,52.08377],[5.13062,52.08379],[5.13051,52.08435],[5.13094,52.08464],[5.13115,52.08471],[5.13155,52.08479],[5.13212,52.08505],[5.13309,52.08515],[5.13346,52.08517],[5.13447,52.08505],[5.13583,52.08482],[5.13618,52.08474],[5.13641,52.08468],[5.13659,52.08459],[5.13713,52.08418],[5.13725,52.08415],[5.13867,52.08417],[5.13871,52.08392],[5.13903,52.08374],[5.1392,52.08352],[5.13934,52.08322],[5.13973,52.08278],[5.13989,52.08275],[5.13995,52.08278],[5.14007,52.08266],[5.14019,52.0827],[5.14046,52.08234],[5.14038,52.08232],[5.14041,52.08227],[5.14033,52.08225],[5.14032,52.08227],[5.14029,52.08226],[5.14045,52.08194],[5.14027,52.0819],[5.14024,52.08194],[5.14021,52.08193],[5.14021,52.08189]]]}},{"type":"Feature","properties":{"zone":"6400","district":"Zuidwest","rawHours":"Mo–Sa 9–21 Uhr","rawFee":"kortparkeertarief gebied 3 — 5,34 €/h","note":"Rivierenwijk — Tariefgroep 3 09.00-21.00","windows":[{"weekdays":[2],"fromMinute":540,"toMinute":1260},{"weekdays":[4],"fromMinute":540,"toMinute":1260},{"weekdays":[1],"fromMinute":540,"toMinute":1260},{"weekdays":[5],"fromMinute":540,"toMinute":1260},{"weekdays":[3],"fromMinute":540,"toMinute":1260},{"weekdays":[6],"fromMinute":540,"toMinute":1260}],"fee":{"kind":"exact","centsPerHour":534},"unmodelledRules":["Feiertage 2026 laut Quelle: gebührenpflichtig wie am Wochentag am 01.01., 06.04., 27.04., 14.05., 25.05., 25.12., 26.12."],"sourceDefect":null,"freeOnHolidays":false,"spaces":null,"maxStayMinutes":null,"maxStay":null,"maxStayShare":0,"maxStayValues":[],"chargingPoints":0,"carsharing":0},"geometry":{"type":"Polygon","coordinates":[[[5.11451,52.07766],[5.11497,52.07789],[5.11517,52.07805],[5.11523,52.07814],[5.11526,52.07826],[5.11517,52.07837],[5.11665,52.07888],[5.11667,52.07886],[5.11686,52.07892],[5.11687,52.07891],[5.11674,52.07888],[5.11676,52.07883],[5.11731,52.07904],[5.11719,52.07916],[5.118,52.07947],[5.11826,52.07941],[5.11882,52.07972],[5.12028,52.07898],[5.12129,52.07856],[5.12213,52.07827],[5.11913,52.07314],[5.11841,52.07178],[5.11775,52.07194],[5.11768,52.07185],[5.11718,52.07199],[5.11724,52.07208],[5.11704,52.07211],[5.1169,52.07215],[5.11687,52.07211],[5.11677,52.07214],[5.11675,52.07211],[5.11554,52.07245],[5.11556,52.07248],[5.11547,52.0725],[5.11537,52.07259],[5.11512,52.0727],[5.11489,52.07266],[5.11456,52.07275],[5.11421,52.07279],[5.11405,52.07291],[5.1136,52.07291],[5.11353,52.07288],[5.11344,52.07288],[5.11344,52.07285],[5.11304,52.07286],[5.11304,52.07293],[5.11282,52.07291],[5.11282,52.07283],[5.1122,52.07283],[5.1122,52.0729],[5.11198,52.07292],[5.112,52.07285],[5.1116,52.07281],[5.11158,52.07288],[5.11129,52.07289],[5.1106,52.07283],[5.1095,52.07697],[5.11426,52.07759],[5.11451,52.07766]]]}},{"type":"Feature","properties":{"zone":"6500","district":"Oost","rawHours":"Mo–Sa 9–21 Uhr","rawFee":"kortparkeertarief gebied 3 — 5,34 €/h","note":"Rubenslaan e.o. — Tariefgroep 3 09.00-21.00","windows":[{"weekdays":[2],"fromMinute":540,"toMinute":1260},{"weekdays":[4],"fromMinute":540,"toMinute":1260},{"weekdays":[1],"fromMinute":540,"toMinute":1260},{"weekdays":[5],"fromMinute":540,"toMinute":1260},{"weekdays":[3],"fromMinute":540,"toMinute":1260},{"weekdays":[6],"fromMinute":540,"toMinute":1260}],"fee":{"kind":"exact","centsPerHour":534},"unmodelledRules":["Feiertage 2026 laut Quelle: gebührenpflichtig wie am Wochentag am 01.01., 06.04., 27.04., 14.05., 25.05., 25.12., 26.12."],"sourceDefect":null,"freeOnHolidays":false,"spaces":null,"maxStayMinutes":null,"maxStay":null,"maxStayShare":0,"maxStayValues":[],"chargingPoints":0,"carsharing":0},"geometry":{"type":"Polygon","coordinates":[[[5.1356,52.08261],[5.13563,52.08279],[5.13673,52.08273],[5.13918,52.08251],[5.13922,52.08176],[5.13859,52.08098],[5.1386,52.08029],[5.13909,52.08028],[5.13913,52.07987],[5.14052,52.07994],[5.1405,52.08009],[5.14074,52.0801],[5.14088,52.08004],[5.1409,52.07989],[5.1421,52.07989],[5.14308,52.07971],[5.14137,52.07732],[5.13938,52.07764],[5.13768,52.07786],[5.13642,52.07812],[5.13547,52.07839],[5.13463,52.07851],[5.13457,52.0786],[5.13435,52.07862],[5.13437,52.07855],[5.13387,52.07857],[5.13307,52.07848],[5.13259,52.07848],[5.13229,52.07854],[5.13145,52.08115],[5.13133,52.08145],[5.13122,52.08188],[5.13096,52.08276],[5.13134,52.08285],[5.13138,52.08279],[5.13202,52.08293],[5.13213,52.08298],[5.13307,52.08314],[5.13319,52.08309],[5.1337,52.08312],[5.13461,52.083],[5.13473,52.08248],[5.13503,52.0825],[5.1356,52.08261]]]}},{"type":"Feature","properties":{"zone":"6600","district":"Oost","rawHours":"Mo–Sa 9–21 Uhr","rawFee":"kortparkeertarief gebied 3 — 5,34 €/h","note":"Oude Houtensepad — Tariefgroep 3 09.00-21.00","windows":[{"weekdays":[2],"fromMinute":540,"toMinute":1260},{"weekdays":[4],"fromMinute":540,"toMinute":1260},{"weekdays":[1],"fromMinute":540,"toMinute":1260},{"weekdays":[5],"fromMinute":540,"toMinute":1260},{"weekdays":[3],"fromMinute":540,"toMinute":1260},{"weekdays":[6],"fromMinute":540,"toMinute":1260}],"fee":{"kind":"exact","centsPerHour":534},"unmodelledRules":["Feiertage 2026 laut Quelle: gebührenpflichtig wie am Wochentag am 01.01., 06.04., 27.04., 14.05., 25.05., 25.12., 26.12."],"sourceDefect":null,"freeOnHolidays":false,"spaces":null,"maxStayMinutes":null,"maxStay":null,"maxStayShare":0,"maxStayValues":[],"chargingPoints":0,"carsharing":0},"geometry":{"type":"Polygon","coordinates":[[[5.13069,52.07879],[5.13083,52.07874],[5.13101,52.07893],[5.13229,52.07854],[5.13369,52.07469],[5.13288,52.07506],[5.13194,52.07542],[5.13109,52.07785],[5.13014,52.07814],[5.13069,52.07879]]]}},{"type":"Feature","properties":{"zone":"6700","district":"Zuidwest","rawHours":"Mo–Fr 6–11 Uhr","rawFee":"kortparkeertarief gebied 3 — 5,34 €/h","note":"Rivierenwijk Zuid — Tariefgroep 3 van 6:00 tot 11:00 uur (ma. t/m vr.)","windows":[{"weekdays":[2],"fromMinute":360,"toMinute":660},{"weekdays":[4],"fromMinute":360,"toMinute":660},{"weekdays":[1],"fromMinute":360,"toMinute":660},{"weekdays":[5],"fromMinute":360,"toMinute":660},{"weekdays":[3],"fromMinute":360,"toMinute":660}],"fee":{"kind":"exact","centsPerHour":534},"unmodelledRules":["Feiertage 2026 laut Quelle: frei am 26.12.; gebührenpflichtig wie am Wochentag am 01.01., 06.04., 27.04., 14.05., 25.05., 25.12."],"sourceDefect":null,"freeOnHolidays":false,"spaces":null,"maxStayMinutes":null,"maxStay":null,"maxStayShare":0,"maxStayValues":[],"chargingPoints":0,"carsharing":0},"geometry":{"type":"Polygon","coordinates":[[[5.11387,52.06395],[5.11302,52.06402],[5.1121,52.06712],[5.1106,52.07283],[5.11129,52.07289],[5.11158,52.07288],[5.1116,52.07281],[5.112,52.07285],[5.11198,52.07292],[5.1122,52.0729],[5.1122,52.07283],[5.11282,52.07283],[5.11282,52.07291],[5.11304,52.07293],[5.11304,52.07286],[5.11344,52.07285],[5.11344,52.07288],[5.11353,52.07288],[5.1136,52.07291],[5.11405,52.07291],[5.11421,52.07279],[5.11456,52.07275],[5.11489,52.07266],[5.11512,52.0727],[5.11537,52.07259],[5.11547,52.0725],[5.11556,52.07248],[5.11554,52.07245],[5.11675,52.07211],[5.11677,52.07214],[5.11687,52.07211],[5.1169,52.07215],[5.11704,52.07211],[5.11724,52.07208],[5.11718,52.07199],[5.11768,52.07185],[5.11775,52.07194],[5.11841,52.07178],[5.11557,52.0669],[5.11501,52.06597],[5.11387,52.06395]]]}},{"type":"Feature","properties":{"zone":"6700","district":"Zuidwest","rawHours":"Mo–Fr 6–11 Uhr","rawFee":"kortparkeertarief gebied 3 — 5,34 €/h","note":"Rivierenwijk Zuid — Tariefgroep 3 van 6:00 tot 11:00 uur (ma. t/m vr.)","windows":[{"weekdays":[2],"fromMinute":360,"toMinute":660},{"weekdays":[4],"fromMinute":360,"toMinute":660},{"weekdays":[1],"fromMinute":360,"toMinute":660},{"weekdays":[5],"fromMinute":360,"toMinute":660},{"weekdays":[3],"fromMinute":360,"toMinute":660}],"fee":{"kind":"exact","centsPerHour":534},"unmodelledRules":["Feiertage 2026 laut Quelle: frei am 26.12.; gebührenpflichtig wie am Wochentag am 01.01., 06.04., 27.04., 14.05., 25.05., 25.12."],"sourceDefect":null,"freeOnHolidays":false,"spaces":null,"maxStayMinutes":null,"maxStay":null,"maxStayShare":0,"maxStayValues":[],"chargingPoints":0,"carsharing":0},"geometry":{"type":"Polygon","coordinates":[[[5.11069,52.06978],[5.11071,52.06978],[5.11072,52.06976],[5.11083,52.06977],[5.11084,52.06972],[5.11073,52.06971],[5.11075,52.06966],[5.11071,52.06964],[5.11047,52.06963],[5.1102,52.06971],[5.11019,52.06975],[5.11069,52.0698],[5.11069,52.06978]]]}},{"type":"Feature","properties":{"zone":"7100","district":"Noordwest","rawHours":"Mo–Sa 9–21 Uhr","rawFee":"kortparkeertarief gebied 3 — 5,34 €/h","note":"Pijlsweerd Noord — Tariefgroep 3 09.00-21.00","windows":[{"weekdays":[2],"fromMinute":540,"toMinute":1260},{"weekdays":[4],"fromMinute":540,"toMinute":1260},{"weekdays":[1],"fromMinute":540,"toMinute":1260},{"weekdays":[5],"fromMinute":540,"toMinute":1260},{"weekdays":[3],"fromMinute":540,"toMinute":1260},{"weekdays":[6],"fromMinute":540,"toMinute":1260}],"fee":{"kind":"exact","centsPerHour":534},"unmodelledRules":["Feiertage 2026 laut Quelle: gebührenpflichtig wie am Wochentag am 01.01., 06.04., 27.04., 14.05., 25.05., 25.12., 26.12."],"sourceDefect":null,"freeOnHolidays":false,"spaces":null,"maxStayMinutes":null,"maxStay":null,"maxStayShare":0,"maxStayValues":[],"chargingPoints":0,"carsharing":0},"geometry":{"type":"Polygon","coordinates":[[[5.10963,52.10051],[5.10957,52.10062],[5.10925,52.10056],[5.10929,52.10049],[5.10899,52.10044],[5.10857,52.10031],[5.10871,52.10003],[5.10853,52.1],[5.10855,52.09991],[5.10892,52.09915],[5.10891,52.09901],[5.10884,52.09888],[5.10891,52.09885],[5.10873,52.09869],[5.10874,52.09867],[5.10855,52.09849],[5.10852,52.0985],[5.1085,52.09848],[5.10864,52.09844],[5.1086,52.09837],[5.10853,52.09839],[5.10846,52.09831],[5.10852,52.09829],[5.10844,52.09819],[5.10831,52.09823],[5.10815,52.09804],[5.10828,52.098],[5.10819,52.09788],[5.10826,52.09772],[5.10827,52.09772],[5.10803,52.09738],[5.10778,52.09754],[5.10639,52.09737],[5.10634,52.09741],[5.1062,52.09737],[5.10616,52.0974],[5.10613,52.09738],[5.1059,52.09741],[5.10573,52.09764],[5.10472,52.09824],[5.1046,52.09819],[5.1041,52.09846],[5.10435,52.09959],[5.10487,52.10079],[5.10502,52.10093],[5.10523,52.10122],[5.10556,52.10162],[5.10618,52.10225],[5.10652,52.10255],[5.10686,52.10284],[5.10725,52.10314],[5.10765,52.10341],[5.10833,52.10383],[5.10981,52.10469],[5.11047,52.10423],[5.11103,52.10362],[5.11125,52.10326],[5.11135,52.10304],[5.11141,52.10285],[5.11143,52.1027],[5.11145,52.10247],[5.11145,52.1016],[5.11148,52.10142],[5.11156,52.10115],[5.11167,52.10088],[5.11115,52.10079],[5.11107,52.10093],[5.1107,52.10086],[5.11078,52.10072],[5.11052,52.10067],[5.11047,52.10077],[5.10993,52.10066],[5.10997,52.10057],[5.10963,52.10051]]]}},{"type":"Feature","properties":{"zone":"7200","district":"Noordoost","rawHours":"Mo–Sa 9–21 Uhr","rawFee":"kortparkeertarief gebied 3 — 5,34 €/h","note":"Tuinwijk Noord e.o. — Tariefgroep 3 09.00-21.00","windows":[{"weekdays":[2],"fromMinute":540,"toMinute":1260},{"weekdays":[4],"fromMinute":540,"toMinute":1260},{"weekdays":[1],"fromMinute":540,"toMinute":1260},{"weekdays":[5],"fromMinute":540,"toMinute":1260},{"weekdays":[3],"fromMinute":540,"toMinute":1260},{"weekdays":[6],"fromMinute":540,"toMinute":1260}],"fee":{"kind":"exact","centsPerHour":534},"unmodelledRules":["Feiertage 2026 laut Quelle: gebührenpflichtig wie am Wochentag am 01.01., 06.04., 27.04., 14.05., 25.05., 25.12., 26.12."],"sourceDefect":null,"freeOnHolidays":false,"spaces":null,"maxStayMinutes":null,"maxStay":null,"maxStayShare":0,"maxStayValues":[],"chargingPoints":0,"carsharing":0},"geometry":{"type":"Polygon","coordinates":[[[5.11167,52.10088],[5.11156,52.10115],[5.11148,52.10142],[5.11145,52.1016],[5.11145,52.10247],[5.11143,52.1027],[5.11141,52.10285],[5.1113,52.10317],[5.11103,52.10362],[5.11047,52.10423],[5.10981,52.10469],[5.11203,52.10595],[5.11319,52.10653],[5.11444,52.10708],[5.1153,52.10628],[5.11915,52.10597],[5.13063,52.10355],[5.13017,52.10309],[5.12951,52.10177],[5.12925,52.10105],[5.12886,52.10025],[5.12904,52.10006],[5.12675,52.10131],[5.12603,52.10179],[5.12605,52.10191],[5.12579,52.10193],[5.1258,52.10198],[5.12572,52.10199],[5.1255,52.10197],[5.12551,52.10202],[5.12554,52.10202],[5.12555,52.10205],[5.12552,52.10204],[5.1249,52.10209],[5.12489,52.10201],[5.12491,52.10201],[5.12491,52.10199],[5.12464,52.10201],[5.12465,52.10209],[5.1241,52.10213],[5.12409,52.10205],[5.12384,52.10207],[5.12386,52.10223],[5.12363,52.10221],[5.12364,52.10216],[5.12359,52.10217],[5.12353,52.10214],[5.1233,52.1022],[5.12324,52.10217],[5.12307,52.10228],[5.12318,52.10235],[5.12324,52.10236],[5.12314,52.10255],[5.12293,52.10282],[5.12248,52.10316],[5.12234,52.10314],[5.12172,52.10278],[5.12167,52.10279],[5.12165,52.10276],[5.12168,52.10275],[5.12167,52.10272],[5.12155,52.10258],[5.12146,52.10264],[5.1214,52.1026],[5.12138,52.10261],[5.12033,52.10201],[5.12034,52.10201],[5.12027,52.10197],[5.12039,52.10189],[5.12022,52.10181],[5.12004,52.1017],[5.11988,52.1018],[5.1198,52.10183],[5.11979,52.1018],[5.11988,52.10176],[5.1192,52.10137],[5.11866,52.10103],[5.11871,52.10099],[5.11865,52.10095],[5.11822,52.10074],[5.1182,52.10075],[5.11819,52.10074],[5.11822,52.10072],[5.11815,52.10069],[5.11823,52.10067],[5.11822,52.10066],[5.11792,52.10074],[5.11788,52.10065],[5.11772,52.10067],[5.11768,52.10066],[5.1176,52.10074],[5.11742,52.10077],[5.11741,52.10074],[5.11737,52.10075],[5.11737,52.10076],[5.11736,52.10076],[5.11734,52.10073],[5.1169,52.10079],[5.11698,52.10082],[5.11704,52.10092],[5.11663,52.101],[5.11665,52.10103],[5.11658,52.10105],[5.11649,52.10088],[5.11598,52.10102],[5.11544,52.10113],[5.11521,52.10111],[5.11527,52.10136],[5.11507,52.10138],[5.11498,52.10138],[5.11477,52.1012],[5.11399,52.10107],[5.11377,52.10101],[5.11376,52.10109],[5.11362,52.10109],[5.11363,52.10101],[5.11349,52.101],[5.11332,52.10104],[5.11307,52.10102],[5.11302,52.10097],[5.11299,52.10114],[5.11289,52.10113],[5.1129,52.10105],[5.11261,52.10103],[5.11262,52.10095],[5.1125,52.10094],[5.11234,52.10101],[5.11219,52.10103],[5.11217,52.10111],[5.11215,52.10111],[5.11214,52.10113],[5.11178,52.10108],[5.11177,52.10111],[5.11172,52.10111],[5.1118,52.1009],[5.11167,52.10088]]]}},{"type":"Feature","properties":{"zone":"7300","district":"Noordoost","rawHours":"Mo–Sa 9–21 Uhr","rawFee":"kortparkeertarief gebied 3 — 5,34 €/h","note":"Zeeheldenbuurt — Tariefgroep 3 09.00-21.00","windows":[{"weekdays":[2],"fromMinute":540,"toMinute":1260},{"weekdays":[4],"fromMinute":540,"toMinute":1260},{"weekdays":[1],"fromMinute":540,"toMinute":1260},{"weekdays":[5],"fromMinute":540,"toMinute":1260},{"weekdays":[3],"fromMinute":540,"toMinute":1260},{"weekdays":[6],"fromMinute":540,"toMinute":1260}],"fee":{"kind":"exact","centsPerHour":534},"unmodelledRules":["Feiertage 2026 laut Quelle: gebührenpflichtig wie am Wochentag am 01.01., 06.04., 27.04., 14.05., 25.05., 25.12., 26.12."],"sourceDefect":null,"freeOnHolidays":false,"spaces":null,"maxStayMinutes":null,"maxStay":null,"maxStayShare":0,"maxStayValues":[],"chargingPoints":0,"carsharing":0},"geometry":{"type":"Polygon","coordinates":[[[5.13903,52.09563],[5.13807,52.09561],[5.13804,52.09648],[5.13809,52.09701],[5.13809,52.09773],[5.13792,52.09849],[5.13774,52.0987],[5.13613,52.09972],[5.13519,52.10002],[5.13347,52.10047],[5.13242,52.10053],[5.13121,52.1005],[5.12962,52.10026],[5.12904,52.10006],[5.12886,52.10025],[5.12925,52.10105],[5.12951,52.10177],[5.13017,52.10309],[5.13063,52.10355],[5.13177,52.10316],[5.13327,52.10286],[5.13455,52.10268],[5.13617,52.10255],[5.14192,52.10221],[5.14223,52.10216],[5.14247,52.10207],[5.14271,52.10192],[5.14284,52.10181],[5.14297,52.10167],[5.14302,52.10152],[5.14302,52.10142],[5.14281,52.09962],[5.14283,52.09905],[5.14296,52.09827],[5.1432,52.0975],[5.14346,52.09684],[5.14347,52.09675],[5.14343,52.09661],[5.1434,52.09655],[5.14311,52.09618],[5.14309,52.09599],[5.14129,52.09556],[5.13903,52.09563]]]}},{"type":"Feature","properties":{"zone":"7600","district":"Noordoost","rawHours":"Mo–Fr 6–11 Uhr","rawFee":"kortparkeertarief gebied 3 — 5,34 €/h","note":"Tuindorp Oost — Tariefgroep 3 van 6:00 tot 11:00 uur (ma. t/m vr.)","windows":[{"weekdays":[2],"fromMinute":360,"toMinute":660},{"weekdays":[4],"fromMinute":360,"toMinute":660},{"weekdays":[1],"fromMinute":360,"toMinute":660},{"weekdays":[5],"fromMinute":360,"toMinute":660},{"weekdays":[3],"fromMinute":360,"toMinute":660}],"fee":{"kind":"exact","centsPerHour":534},"unmodelledRules":["Feiertage 2026 laut Quelle: frei am 26.12.; gebührenpflichtig wie am Wochentag am 01.01., 06.04., 27.04., 14.05., 25.05., 25.12."],"sourceDefect":null,"freeOnHolidays":false,"spaces":null,"maxStayMinutes":null,"maxStay":null,"maxStayShare":0,"maxStayValues":[],"chargingPoints":0,"carsharing":0},"geometry":{"type":"Polygon","coordinates":[[[5.14118,52.1079],[5.14095,52.10656],[5.14094,52.10631],[5.14036,52.1023],[5.13615,52.10255],[5.13451,52.10269],[5.13327,52.10286],[5.13177,52.10316],[5.13403,52.10708],[5.13491,52.1087],[5.13467,52.10875],[5.13472,52.10882],[5.13495,52.10878],[5.13555,52.10985],[5.13535,52.10989],[5.13549,52.11015],[5.13605,52.10999],[5.13639,52.11056],[5.13654,52.11061],[5.13649,52.1107],[5.13584,52.11079],[5.13638,52.11172],[5.13683,52.11162],[5.13714,52.11168],[5.13708,52.11176],[5.13703,52.11173],[5.13691,52.11169],[5.13681,52.11167],[5.13633,52.11177],[5.13673,52.11246],[5.14193,52.11361],[5.14171,52.11132],[5.14159,52.11051],[5.14146,52.10981],[5.14132,52.10874],[5.14118,52.1079]]]}},{"type":"Feature","properties":{"zone":"7700","district":"Noordoost","rawHours":"Mo–Sa 9–21 Uhr","rawFee":"kortparkeertarief gebied 3 — 5,34 €/h","note":"Tuindorp — Tariefgroep 3 09.00-21.00","windows":[{"weekdays":[2],"fromMinute":540,"toMinute":1260},{"weekdays":[4],"fromMinute":540,"toMinute":1260},{"weekdays":[1],"fromMinute":540,"toMinute":1260},{"weekdays":[5],"fromMinute":540,"toMinute":1260},{"weekdays":[3],"fromMinute":540,"toMinute":1260},{"weekdays":[6],"fromMinute":540,"toMinute":1260}],"fee":{"kind":"exact","centsPerHour":534},"unmodelledRules":["Feiertage 2026 laut Quelle: gebührenpflichtig wie am Wochentag am 01.01., 06.04., 27.04., 14.05., 25.05., 25.12., 26.12."],"sourceDefect":null,"freeOnHolidays":false,"spaces":null,"maxStayMinutes":null,"maxStay":null,"maxStayShare":0,"maxStayValues":[],"chargingPoints":0,"carsharing":0},"geometry":{"type":"Polygon","coordinates":[[[5.12501,52.10755],[5.12491,52.10735],[5.12506,52.10732],[5.12459,52.10654],[5.12474,52.10651],[5.12468,52.10639],[5.12529,52.10625],[5.12539,52.10641],[5.12612,52.10622],[5.12604,52.10608],[5.1263,52.10602],[5.12637,52.10614],[5.12697,52.10599],[5.12743,52.10679],[5.12766,52.10674],[5.128,52.1073],[5.12783,52.10734],[5.12816,52.10791],[5.12833,52.10787],[5.12848,52.10809],[5.12881,52.10812],[5.13016,52.1072],[5.13318,52.10888],[5.13512,52.10993],[5.13578,52.11102],[5.13633,52.11177],[5.13681,52.11167],[5.13691,52.11169],[5.13703,52.11173],[5.13708,52.11176],[5.13714,52.11168],[5.13683,52.11162],[5.13638,52.11172],[5.13584,52.11079],[5.13649,52.1107],[5.13654,52.11061],[5.13639,52.11056],[5.13605,52.10999],[5.13549,52.11015],[5.13535,52.10989],[5.13555,52.10985],[5.13495,52.10878],[5.13472,52.10882],[5.13467,52.10875],[5.13491,52.1087],[5.13403,52.10708],[5.13177,52.10316],[5.13063,52.10355],[5.11915,52.10597],[5.1153,52.10628],[5.11444,52.10708],[5.1165,52.10782],[5.11903,52.10852],[5.12112,52.10893],[5.12315,52.1094],[5.123,52.10928],[5.12325,52.10918],[5.12328,52.10911],[5.12336,52.10903],[5.12455,52.10927],[5.12467,52.10906],[5.12492,52.10886],[5.12481,52.10869],[5.12489,52.10867],[5.12428,52.10765],[5.1247,52.10756],[5.12474,52.10762],[5.12501,52.10755]]]}},{"type":"Feature","properties":{"zone":"7800","district":"Noordoost","rawHours":"Mo–Fr 6–11 Uhr","rawFee":"kortparkeertarief gebied 3 — 5,34 €/h","note":"Tuindorp Noord — Tariefgroep 3 van 6:00 tot 11:00 uur (ma. t/m vr.)","windows":[{"weekdays":[2],"fromMinute":360,"toMinute":660},{"weekdays":[4],"fromMinute":360,"toMinute":660},{"weekdays":[1],"fromMinute":360,"toMinute":660},{"weekdays":[5],"fromMinute":360,"toMinute":660},{"weekdays":[3],"fromMinute":360,"toMinute":660}],"fee":{"kind":"exact","centsPerHour":534},"unmodelledRules":["Feiertage 2026 laut Quelle: frei am 26.12.; gebührenpflichtig wie am Wochentag am 01.01., 06.04., 27.04., 14.05., 25.05., 25.12."],"sourceDefect":null,"freeOnHolidays":false,"spaces":null,"maxStayMinutes":null,"maxStay":null,"maxStayShare":0,"maxStayValues":[],"chargingPoints":0,"carsharing":0},"geometry":{"type":"Polygon","coordinates":[[[5.12474,52.10762],[5.1247,52.10756],[5.12428,52.10765],[5.12489,52.10867],[5.12481,52.10869],[5.12492,52.10886],[5.12467,52.10906],[5.12455,52.10927],[5.12336,52.10903],[5.12328,52.10911],[5.12325,52.10918],[5.123,52.10928],[5.12315,52.1094],[5.13673,52.11246],[5.13633,52.11177],[5.13578,52.11102],[5.13512,52.10993],[5.13318,52.10888],[5.13016,52.1072],[5.12881,52.10812],[5.12848,52.10809],[5.12833,52.10787],[5.12816,52.10791],[5.12783,52.10734],[5.128,52.1073],[5.12766,52.10674],[5.12743,52.10679],[5.12697,52.10599],[5.12637,52.10614],[5.1263,52.10602],[5.12604,52.10608],[5.12612,52.10622],[5.12539,52.10641],[5.12529,52.10625],[5.12468,52.10639],[5.12474,52.10651],[5.12459,52.10654],[5.12506,52.10732],[5.12491,52.10735],[5.12501,52.10755],[5.12474,52.10762]]]}},{"type":"Feature","properties":{"zone":"8100","district":"Noordoost","rawHours":"Mo–Sa 9–23 Uhr","rawFee":"Kortparkeertarief gebied 2 — 6,94 €/h","note":"Vogelenbuurt — Tariefgroep 2 09.00-23.00","windows":[{"weekdays":[2],"fromMinute":540,"toMinute":1380},{"weekdays":[4],"fromMinute":540,"toMinute":1380},{"weekdays":[1],"fromMinute":540,"toMinute":1380},{"weekdays":[5],"fromMinute":540,"toMinute":1380},{"weekdays":[3],"fromMinute":540,"toMinute":1380},{"weekdays":[6],"fromMinute":540,"toMinute":1380}],"fee":{"kind":"exact","centsPerHour":694},"unmodelledRules":["Feiertage 2026 laut Quelle: gebührenpflichtig wie am Wochentag am 01.01., 06.04., 27.04., 14.05., 25.05., 25.12., 26.12."],"sourceDefect":null,"freeOnHolidays":false,"spaces":null,"maxStayMinutes":null,"maxStay":null,"maxStayShare":0,"maxStayValues":[],"chargingPoints":0,"carsharing":0},"geometry":{"type":"Polygon","coordinates":[[[5.11515,52.09713],[5.11183,52.10058],[5.11167,52.10088],[5.1118,52.1009],[5.11172,52.10111],[5.11177,52.10111],[5.11178,52.10108],[5.11213,52.10113],[5.11215,52.10111],[5.11217,52.10111],[5.11219,52.10103],[5.11234,52.10101],[5.1125,52.10094],[5.11262,52.10095],[5.11261,52.10103],[5.1129,52.10105],[5.11289,52.10113],[5.11299,52.10114],[5.11302,52.10097],[5.11307,52.10102],[5.11332,52.10104],[5.11349,52.101],[5.11363,52.10101],[5.11362,52.10109],[5.11376,52.10109],[5.11377,52.10101],[5.11399,52.10107],[5.11477,52.1012],[5.11498,52.10138],[5.11507,52.10138],[5.11527,52.10136],[5.11521,52.10111],[5.11544,52.10113],[5.11598,52.10102],[5.11649,52.10088],[5.11658,52.10105],[5.11665,52.10103],[5.11663,52.101],[5.11704,52.10092],[5.11698,52.10082],[5.1169,52.10079],[5.11734,52.10073],[5.11736,52.10076],[5.11737,52.10076],[5.11737,52.10075],[5.11741,52.10074],[5.11742,52.10077],[5.1176,52.10074],[5.11768,52.10066],[5.11772,52.10067],[5.11788,52.10065],[5.11792,52.10074],[5.11822,52.10066],[5.11823,52.10067],[5.11815,52.10069],[5.11822,52.10072],[5.11819,52.10074],[5.1182,52.10075],[5.11822,52.10074],[5.11865,52.10095],[5.11871,52.10099],[5.11866,52.10103],[5.1192,52.10137],[5.11988,52.10176],[5.11979,52.1018],[5.1198,52.10183],[5.11988,52.1018],[5.12004,52.1017],[5.12022,52.10181],[5.12039,52.10189],[5.12027,52.10197],[5.12034,52.10201],[5.12033,52.10201],[5.12138,52.10261],[5.1214,52.1026],[5.12146,52.10264],[5.12155,52.10258],[5.12167,52.10272],[5.12168,52.10275],[5.12165,52.10276],[5.12167,52.10279],[5.12172,52.10278],[5.12234,52.10314],[5.12248,52.10316],[5.12293,52.10282],[5.12314,52.10255],[5.12324,52.10236],[5.12318,52.10235],[5.12307,52.10228],[5.12324,52.10217],[5.1233,52.1022],[5.12353,52.10214],[5.12359,52.10217],[5.12364,52.10216],[5.12363,52.10221],[5.12386,52.10223],[5.12384,52.10207],[5.12409,52.10205],[5.1241,52.10213],[5.12465,52.10209],[5.12464,52.10201],[5.12491,52.10199],[5.12491,52.10201],[5.12489,52.10201],[5.1249,52.10209],[5.12552,52.10204],[5.12555,52.10205],[5.12554,52.10202],[5.12551,52.10202],[5.1255,52.10197],[5.12572,52.10199],[5.1258,52.10198],[5.12579,52.10193],[5.12605,52.10191],[5.12603,52.10179],[5.12675,52.10131],[5.12904,52.10006],[5.1288,52.09995],[5.12734,52.09952],[5.12643,52.09931],[5.12471,52.09884],[5.1243,52.09777],[5.12442,52.09756],[5.12289,52.09696],[5.12251,52.09693],[5.12126,52.09735],[5.12053,52.09718],[5.12023,52.09677],[5.11994,52.09646],[5.11963,52.09638],[5.11807,52.09652],[5.11686,52.09657],[5.1159,52.09649],[5.11515,52.09713]]]}},{"type":"Feature","properties":{"zone":"8200","district":"Noordoost","rawHours":"Mo–Sa 9–23 Uhr","rawFee":"Kortparkeertarief gebied 2 — 6,94 €/h","note":"Wittevrouwen — Tariefgroep 2 09.00-23.00","windows":[{"weekdays":[2],"fromMinute":540,"toMinute":1380},{"weekdays":[4],"fromMinute":540,"toMinute":1380},{"weekdays":[1],"fromMinute":540,"toMinute":1380},{"weekdays":[5],"fromMinute":540,"toMinute":1380},{"weekdays":[3],"fromMinute":540,"toMinute":1380},{"weekdays":[6],"fromMinute":540,"toMinute":1380}],"fee":{"kind":"exact","centsPerHour":694},"unmodelledRules":["Feiertage 2026 laut Quelle: gebührenpflichtig wie am Wochentag am 01.01., 06.04., 27.04., 14.05., 25.05., 25.12., 26.12."],"sourceDefect":null,"freeOnHolidays":false,"spaces":null,"maxStayMinutes":null,"maxStay":null,"maxStayShare":0,"maxStayValues":[],"chargingPoints":0,"carsharing":0},"geometry":{"type":"Polygon","coordinates":[[[5.12647,52.09788],[5.12442,52.09756],[5.1243,52.09777],[5.12471,52.09884],[5.12643,52.09931],[5.12734,52.09952],[5.1288,52.09995],[5.12904,52.10006],[5.12962,52.10026],[5.13121,52.1005],[5.13242,52.10053],[5.13347,52.10047],[5.13519,52.10002],[5.13613,52.09972],[5.13774,52.0987],[5.13792,52.09849],[5.13809,52.09773],[5.13809,52.09701],[5.13804,52.09648],[5.13807,52.09561],[5.13714,52.09561],[5.131,52.09531],[5.12628,52.09504],[5.12606,52.09626],[5.12646,52.09665],[5.12687,52.0975],[5.12679,52.09777],[5.12647,52.09788]]]}},{"type":"Feature","properties":{"zone":"8300","district":"Noordwest","rawHours":"Mo–Sa 9–23 Uhr","rawFee":"Kortparkeertarief gebied 2 — 6,94 €/h","note":"Pijlsweerd — Tariefgroep 2 09.00-23.00","windows":[{"weekdays":[2],"fromMinute":540,"toMinute":1380},{"weekdays":[4],"fromMinute":540,"toMinute":1380},{"weekdays":[1],"fromMinute":540,"toMinute":1380},{"weekdays":[5],"fromMinute":540,"toMinute":1380},{"weekdays":[3],"fromMinute":540,"toMinute":1380},{"weekdays":[6],"fromMinute":540,"toMinute":1380}],"fee":{"kind":"exact","centsPerHour":694},"unmodelledRules":["Feiertage 2026 laut Quelle: gebührenpflichtig wie am Wochentag am 01.01., 06.04., 27.04., 14.05., 25.05., 25.12., 26.12."],"sourceDefect":null,"freeOnHolidays":false,"spaces":null,"maxStayMinutes":null,"maxStay":null,"maxStayShare":0,"maxStayValues":[],"chargingPoints":0,"carsharing":0},"geometry":{"type":"Polygon","coordinates":[[[5.10436,52.09623],[5.10418,52.09659],[5.10394,52.09782],[5.1041,52.09846],[5.1046,52.09819],[5.10472,52.09824],[5.10573,52.09764],[5.1059,52.09741],[5.10613,52.09738],[5.10616,52.0974],[5.1062,52.09737],[5.10634,52.09741],[5.10639,52.09737],[5.10778,52.09754],[5.10803,52.09738],[5.10827,52.09772],[5.10826,52.09772],[5.10819,52.09788],[5.10828,52.098],[5.10815,52.09804],[5.10831,52.09823],[5.10844,52.09819],[5.10852,52.09829],[5.10846,52.09831],[5.10853,52.09839],[5.1086,52.09837],[5.10864,52.09844],[5.1085,52.09848],[5.10852,52.0985],[5.10855,52.09849],[5.10874,52.09867],[5.10873,52.09869],[5.10891,52.09885],[5.10884,52.09888],[5.10891,52.09901],[5.10892,52.09915],[5.10855,52.09991],[5.10853,52.1],[5.10871,52.10003],[5.10857,52.10031],[5.10899,52.10044],[5.10929,52.10049],[5.10925,52.10056],[5.10957,52.10062],[5.10963,52.10051],[5.10997,52.10057],[5.10993,52.10066],[5.11047,52.10077],[5.11052,52.10067],[5.11078,52.10072],[5.1107,52.10086],[5.11107,52.10093],[5.11115,52.10079],[5.11167,52.10088],[5.11183,52.10058],[5.11515,52.09713],[5.10994,52.09549],[5.10979,52.09529],[5.10983,52.09514],[5.10993,52.09504],[5.10673,52.09391],[5.10604,52.0946],[5.1056,52.095],[5.10493,52.09555],[5.10462,52.09587],[5.10436,52.09623]]]}},{"type":"Feature","properties":{"zone":"9100","district":"Binnenstad","rawHours":"Mo 7–24, Di–Sa 0–1 und 7–24, So 0–1 und 12–18 Uhr","rawFee":"Kortparkeertarief gebied 1 — 8,01 €/h","note":"Jaarbeursplein e.o. — Tariefgroep 1 07.00-01.00","windows":[{"weekdays":[2],"fromMinute":0,"toMinute":60},{"weekdays":[2],"fromMinute":420,"toMinute":1440},{"weekdays":[4],"fromMinute":0,"toMinute":60},{"weekdays":[4],"fromMinute":420,"toMinute":1440},{"weekdays":[1],"fromMinute":420,"toMinute":1440},{"weekdays":[5],"fromMinute":0,"toMinute":60},{"weekdays":[5],"fromMinute":420,"toMinute":1440},{"weekdays":[3],"fromMinute":0,"toMinute":60},{"weekdays":[3],"fromMinute":420,"toMinute":1440},{"weekdays":[6],"fromMinute":0,"toMinute":60},{"weekdays":[6],"fromMinute":420,"toMinute":1440},{"weekdays":[0],"fromMinute":0,"toMinute":60},{"weekdays":[0],"fromMinute":720,"toMinute":1080}],"fee":{"kind":"exact","centsPerHour":801},"unmodelledRules":["Feiertage 2026 laut Quelle: gebührenpflichtig wie am Wochentag am 01.01., 06.04., 27.04., 14.05., 25.05., 25.12., 26.12."],"sourceDefect":null,"freeOnHolidays":false,"spaces":null,"maxStayMinutes":null,"maxStay":null,"maxStayShare":0,"maxStayValues":[],"chargingPoints":0,"carsharing":0},"geometry":{"type":"Polygon","coordinates":[[[5.11314,52.08883],[5.11323,52.08869],[5.1135,52.08837],[5.11362,52.08821],[5.11422,52.08753],[5.11383,52.08742],[5.11469,52.08645],[5.11288,52.08578],[5.11116,52.08767],[5.10744,52.08644],[5.10669,52.08725],[5.10439,52.08964],[5.10425,52.08998],[5.10516,52.0904],[5.10545,52.09067],[5.10562,52.09107],[5.10526,52.09199],[5.10664,52.09213],[5.10707,52.09226],[5.10811,52.0925],[5.1075,52.0931],[5.10673,52.09391],[5.10993,52.09504],[5.1132,52.09114],[5.11492,52.08948],[5.11424,52.08954],[5.11403,52.08946],[5.11399,52.0893],[5.11303,52.08896],[5.11314,52.08883]],[[5.1064,52.09078],[5.10733,52.09107],[5.1072,52.09118],[5.10642,52.09094],[5.1064,52.09088],[5.1064,52.09078]],[[5.11107,52.0911],[5.11125,52.0909],[5.1125,52.09134],[5.11228,52.09153],[5.11107,52.0911]],[[5.10851,52.09241],[5.10865,52.09241],[5.10883,52.09239],[5.10898,52.09236],[5.10914,52.0923],[5.10942,52.09217],[5.10957,52.09203],[5.10969,52.09186],[5.11032,52.09191],[5.11153,52.09233],[5.11115,52.09271],[5.11102,52.09249],[5.11017,52.09219],[5.10984,52.09241],[5.10934,52.09264],[5.1091,52.09272],[5.10883,52.09278],[5.10821,52.09265],[5.10851,52.09241]]]}},{"type":"Feature","properties":{"zone":"99900","district":"Noordwest","rawHours":"Mo–Mi 9–18, Do 9–18 und 18–21, Fr, Sa 9–18 Uhr","rawFee":"kortparkeertarief gebied 3 — 5,34 €/h","note":"Winkelgebied","windows":[{"weekdays":[2],"fromMinute":540,"toMinute":1080},{"weekdays":[4],"fromMinute":540,"toMinute":1080},{"weekdays":[4],"fromMinute":1080,"toMinute":1260},{"weekdays":[1],"fromMinute":540,"toMinute":1080},{"weekdays":[5],"fromMinute":540,"toMinute":1080},{"weekdays":[3],"fromMinute":540,"toMinute":1080},{"weekdays":[6],"fromMinute":540,"toMinute":1080}],"fee":{"kind":"exact","centsPerHour":534},"unmodelledRules":["Feiertage 2026 laut Quelle: gebührenpflichtig wie am Wochentag am 01.01., 06.04., 27.04., 14.05., 25.05., 25.12., 26.12."],"sourceDefect":null,"freeOnHolidays":false,"spaces":null,"maxStayMinutes":null,"maxStay":null,"maxStayShare":1,"maxStayValues":["180 min","540 min"],"chargingPoints":0,"carsharing":0},"geometry":{"type":"Polygon","coordinates":[[[5.09562,52.10308],[5.09505,52.10339],[5.09468,52.10365],[5.09339,52.1044],[5.09313,52.10452],[5.09265,52.1048],[5.09263,52.10478],[5.09221,52.10502],[5.09217,52.10506],[5.09249,52.10521],[5.09336,52.10471],[5.09361,52.10453],[5.0973,52.10239],[5.09728,52.10227],[5.09707,52.10226],[5.09601,52.10287],[5.09562,52.10308]]]}}]}