{"type":"FeatureCollection","features":[{"type":"Feature","properties":{"zone":"10","district":"Rotterdam Centrum","rawHours":"Mo–Do 9–23, Fr 9–24, Sa 0–1 und 9–24, So 0–1 und 12–23 Uhr","rawFee":"6,42 per uur, te betalen in stappen van 10 min, hoogtarief — 6,42 €/h","note":"Zone 10 — ma-do 9-23, vr-za 9-1, zo 12-23 hoogtarief","windows":[{"weekdays":[2],"fromMinute":540,"toMinute":1380},{"weekdays":[4],"fromMinute":540,"toMinute":1380},{"weekdays":[1],"fromMinute":540,"toMinute":1380},{"weekdays":[5],"fromMinute":540,"toMinute":1440},{"weekdays":[3],"fromMinute":540,"toMinute":1380},{"weekdays":[6],"fromMinute":0,"toMinute":60},{"weekdays":[6],"fromMinute":540,"toMinute":1440},{"weekdays":[0],"fromMinute":0,"toMinute":60},{"weekdays":[0],"fromMinute":720,"toMinute":1380}],"fee":{"kind":"exact","centsPerHour":642},"unmodelledRules":["Feiertage 2026 laut Quelle: frei am 01.01., 25.12.; gebührenpflichtig wie am Wochentag am 26.12.; mit eigenen Zeiten (hier nicht gerechnet) am 06.04., 27.04., 14.05., 25.05.","Zusätzlich frei laut Quelle 2026: 05.04., 24.05."],"sourceDefect":null,"freeOnHolidays":false,"spaces":null,"maxStayMinutes":null,"maxStay":null,"maxStayShare":0,"maxStayValues":[],"chargingPoints":0,"carsharing":0},"geometry":{"type":"Polygon","coordinates":[[[4.49559,51.92235],[4.49129,51.92087],[4.49037,51.92187],[4.48898,51.92443],[4.49596,51.92384],[4.49685,51.92276],[4.49559,51.92235]]]}},{"type":"Feature","properties":{"zone":"11","district":"Rotterdam Centrum","rawHours":"Mo–Do 9–23, Fr 9–24, Sa 0–1 und 9–24, So 0–1 und 12–23 Uhr","rawFee":"6,42 per uur, te betalen in stappen van 10 min, hoogtarief — 6,42 €/h","note":"Zone 11 — ma-do 9-23, vr-za 9-1, zo 12-23 hoogtarief","windows":[{"weekdays":[2],"fromMinute":540,"toMinute":1380},{"weekdays":[4],"fromMinute":540,"toMinute":1380},{"weekdays":[1],"fromMinute":540,"toMinute":1380},{"weekdays":[5],"fromMinute":540,"toMinute":1440},{"weekdays":[3],"fromMinute":540,"toMinute":1380},{"weekdays":[6],"fromMinute":0,"toMinute":60},{"weekdays":[6],"fromMinute":540,"toMinute":1440},{"weekdays":[0],"fromMinute":0,"toMinute":60},{"weekdays":[0],"fromMinute":720,"toMinute":1380}],"fee":{"kind":"exact","centsPerHour":642},"unmodelledRules":["Feiertage 2026 laut Quelle: frei am 01.01., 25.12.; gebührenpflichtig wie am Wochentag am 26.12.; mit eigenen Zeiten (hier nicht gerechnet) am 06.04., 27.04., 14.05., 25.05.","Zusätzlich frei laut Quelle 2026: 05.04., 24.05."],"sourceDefect":null,"freeOnHolidays":false,"spaces":null,"maxStayMinutes":null,"maxStay":null,"maxStayShare":0,"maxStayValues":[],"chargingPoints":0,"carsharing":0},"geometry":{"type":"Polygon","coordinates":[[[4.49045,51.92048],[4.48847,51.91931],[4.48294,51.91822],[4.4811,51.91782],[4.48035,51.91899],[4.47985,51.92033],[4.47949,51.92111],[4.47776,51.9244],[4.47857,51.92459],[4.48017,51.9249],[4.48268,51.92571],[4.48375,51.92546],[4.48515,51.92524],[4.4852,51.925],[4.48643,51.92481],[4.48622,51.92507],[4.48659,51.92501],[4.48772,51.92472],[4.48902,51.92461],[4.48898,51.92443],[4.49037,51.92187],[4.49129,51.92087],[4.49045,51.92048]],[[4.48483,51.92333],[4.48432,51.92369],[4.48383,51.92344],[4.48435,51.92308],[4.48483,51.92333]]]}},{"type":"Feature","properties":{"zone":"12","district":"Rotterdam Centrum","rawHours":"Mo 9–22, Di 20–23, Mi, Do 9–23, Fr 9–22, Sa 20–24, So 0–1 und 12–23 Uhr","rawFee":"6,42 per uur, te betalen in stappen van 10 min, hoogtarief — 6,42 €/h","note":"Zone 12 — ma en vr 9-22, di 20-23, wo-do 9-23, za 20-1, zo 12-23 hoogtarief","windows":[{"weekdays":[2],"fromMinute":1200,"toMinute":1380},{"weekdays":[4],"fromMinute":540,"toMinute":1380},{"weekdays":[1],"fromMinute":540,"toMinute":1320},{"weekdays":[5],"fromMinute":540,"toMinute":1320},{"weekdays":[3],"fromMinute":540,"toMinute":1380},{"weekdays":[6],"fromMinute":1200,"toMinute":1440},{"weekdays":[0],"fromMinute":0,"toMinute":60},{"weekdays":[0],"fromMinute":720,"toMinute":1380}],"fee":{"kind":"exact","centsPerHour":642},"unmodelledRules":["Feiertage 2026 laut Quelle: frei am 01.01., 25.12.; gebührenpflichtig wie am Wochentag am 26.12.; mit eigenen Zeiten (hier nicht gerechnet) am 06.04., 27.04., 14.05., 25.05.","Zusätzlich frei laut Quelle 2026: 05.04., 24.05."],"sourceDefect":null,"freeOnHolidays":false,"spaces":null,"maxStayMinutes":null,"maxStay":null,"maxStayShare":0,"maxStayValues":[],"chargingPoints":0,"carsharing":0},"geometry":{"type":"Polygon","coordinates":[[[4.48483,51.92333],[4.48435,51.92308],[4.48383,51.92344],[4.48432,51.92369],[4.48483,51.92333]]]}},{"type":"Feature","properties":{"zone":"120","district":"Rotterdam Centrum","rawHours":"Mo–Sa 9–23, So 12–23 Uhr","rawFee":"6,42 per uur, te betalen in stappen van 10 min, hoogtarief — 6,42 €/h","note":"Zone 120 — ma-za 9-23, zo 12-23 hoogtarief","windows":[{"weekdays":[2],"fromMinute":540,"toMinute":1380},{"weekdays":[4],"fromMinute":540,"toMinute":1380},{"weekdays":[1],"fromMinute":540,"toMinute":1380},{"weekdays":[5],"fromMinute":540,"toMinute":1380},{"weekdays":[3],"fromMinute":540,"toMinute":1380},{"weekdays":[6],"fromMinute":540,"toMinute":1380},{"weekdays":[0],"fromMinute":720,"toMinute":1380}],"fee":{"kind":"exact","centsPerHour":642},"unmodelledRules":["Feiertage 2026 laut Quelle: frei am 01.01., 25.12.; gebührenpflichtig wie am Wochentag am 26.12.; mit eigenen Zeiten (hier nicht gerechnet) am 06.04., 27.04., 14.05., 25.05.","Zusätzlich frei laut Quelle 2026: 05.04., 24.05."],"sourceDefect":null,"freeOnHolidays":false,"spaces":null,"maxStayMinutes":null,"maxStay":null,"maxStayShare":0,"maxStayValues":[],"chargingPoints":0,"carsharing":0},"geometry":{"type":"Polygon","coordinates":[[[4.47622,51.91113],[4.4769,51.91013],[4.47777,51.90966],[4.4785,51.90908],[4.47878,51.90848],[4.47848,51.90817],[4.47956,51.90625],[4.47409,51.9037],[4.46702,51.9016],[4.46388,51.90673],[4.46597,51.90804],[4.46714,51.90834],[4.47161,51.90968],[4.47622,51.91113]]]}},{"type":"Feature","properties":{"zone":"121","district":"Rotterdam Centrum","rawHours":"Mo–Sa 9–23, So 12–23 Uhr","rawFee":"6,42 per uur, te betalen in stappen van 10 min, hoogtarief — 6,42 €/h","note":"Zone 121 — ma-za 9-23, zo 12-23 hoogtarief","windows":[{"weekdays":[2],"fromMinute":540,"toMinute":1380},{"weekdays":[4],"fromMinute":540,"toMinute":1380},{"weekdays":[1],"fromMinute":540,"toMinute":1380},{"weekdays":[5],"fromMinute":540,"toMinute":1380},{"weekdays":[3],"fromMinute":540,"toMinute":1380},{"weekdays":[6],"fromMinute":540,"toMinute":1380},{"weekdays":[0],"fromMinute":720,"toMinute":1380}],"fee":{"kind":"exact","centsPerHour":642},"unmodelledRules":["Feiertage 2026 laut Quelle: frei am 01.01., 25.12.; gebührenpflichtig wie am Wochentag am 26.12.; mit eigenen Zeiten (hier nicht gerechnet) am 06.04., 27.04., 14.05., 25.05.","Zusätzlich frei laut Quelle 2026: 05.04., 24.05."],"sourceDefect":null,"freeOnHolidays":false,"spaces":null,"maxStayMinutes":null,"maxStay":null,"maxStayShare":0,"maxStayValues":[],"chargingPoints":0,"carsharing":0},"geometry":{"type":"Polygon","coordinates":[[[4.47956,51.90625],[4.47848,51.90817],[4.47878,51.90848],[4.4785,51.90908],[4.47777,51.90966],[4.4769,51.91013],[4.47622,51.91113],[4.47745,51.91152],[4.47979,51.91218],[4.48242,51.91234],[4.48334,51.91246],[4.48374,51.91148],[4.48439,51.91099],[4.48326,51.90906],[4.47956,51.90625]]]}},{"type":"Feature","properties":{"zone":"20","district":"Rotterdam Centrum","rawHours":"Mo–Do 9–23, Fr 9–24, Sa 0–1 und 9–24, So 0–1 und 12–23 Uhr","rawFee":"6,42 per uur, te betalen in stappen van 10 min, hoogtarief — 6,42 €/h","note":"Zone 20 — ma-do 9-23, vr-za 9-1, zo 12-23 hoogtarief","windows":[{"weekdays":[2],"fromMinute":540,"toMinute":1380},{"weekdays":[4],"fromMinute":540,"toMinute":1380},{"weekdays":[1],"fromMinute":540,"toMinute":1380},{"weekdays":[5],"fromMinute":540,"toMinute":1440},{"weekdays":[3],"fromMinute":540,"toMinute":1380},{"weekdays":[6],"fromMinute":0,"toMinute":60},{"weekdays":[6],"fromMinute":540,"toMinute":1440},{"weekdays":[0],"fromMinute":0,"toMinute":60},{"weekdays":[0],"fromMinute":720,"toMinute":1380}],"fee":{"kind":"exact","centsPerHour":642},"unmodelledRules":["Feiertage 2026 laut Quelle: frei am 01.01., 25.12.; gebührenpflichtig wie am Wochentag am 26.12.; mit eigenen Zeiten (hier nicht gerechnet) am 06.04., 27.04., 14.05., 25.05.","Zusätzlich frei laut Quelle 2026: 05.04., 24.05."],"sourceDefect":null,"freeOnHolidays":false,"spaces":null,"maxStayMinutes":null,"maxStay":null,"maxStayShare":0,"maxStayValues":[],"chargingPoints":0,"carsharing":0},"geometry":{"type":"Polygon","coordinates":[[[4.4936,51.91792],[4.49241,51.91935],[4.49098,51.92003],[4.49222,51.92061],[4.49727,51.92239],[4.49748,51.92201],[4.49819,51.92221],[4.49951,51.92086],[4.49962,51.92043],[4.49974,51.91938],[4.495,51.91828],[4.4936,51.91792]]]}},{"type":"Feature","properties":{"zone":"200","district":"Charlois","rawHours":"Mo–Sa 9–23, So 12–23 Uhr","rawFee":"2,24 per uur, te betalen in stappen van 15 min, laagtarief — 2,24 €/h","note":"Zone 200 — ma-za 9-23, zo 12-23 laagtarief","windows":[{"weekdays":[2],"fromMinute":540,"toMinute":1380},{"weekdays":[4],"fromMinute":540,"toMinute":1380},{"weekdays":[1],"fromMinute":540,"toMinute":1380},{"weekdays":[5],"fromMinute":540,"toMinute":1380},{"weekdays":[3],"fromMinute":540,"toMinute":1380},{"weekdays":[6],"fromMinute":540,"toMinute":1380},{"weekdays":[0],"fromMinute":720,"toMinute":1380}],"fee":{"kind":"exact","centsPerHour":224},"unmodelledRules":["Feiertage 2026 laut Quelle: frei am 01.01., 25.12.; gebührenpflichtig wie am Wochentag am 26.12.; mit eigenen Zeiten (hier nicht gerechnet) am 06.04., 27.04., 14.05., 25.05.","Zusätzlich frei laut Quelle 2026: 05.04., 24.05."],"sourceDefect":null,"freeOnHolidays":false,"spaces":null,"maxStayMinutes":null,"maxStay":null,"maxStayShare":0,"maxStayValues":[],"chargingPoints":0,"carsharing":0},"geometry":{"type":"Polygon","coordinates":[[[4.48035,51.8911],[4.48116,51.8889],[4.48151,51.88897],[4.48159,51.8888],[4.4811,51.88867],[4.48137,51.88772],[4.48189,51.88641],[4.48217,51.88639],[4.48363,51.88602],[4.48694,51.88531],[4.48691,51.88522],[4.48226,51.88628],[4.48179,51.88629],[4.47985,51.88608],[4.48,51.88563],[4.47587,51.88522],[4.47547,51.88515],[4.4754,51.88446],[4.47533,51.88342],[4.47529,51.88302],[4.47103,51.88319],[4.47131,51.88417],[4.47155,51.88574],[4.47182,51.8867],[4.47179,51.88686],[4.47189,51.88747],[4.4723,51.88955],[4.47397,51.89182],[4.47503,51.89255],[4.47982,51.8915],[4.47947,51.89131],[4.48035,51.8911]],[[4.4788,51.8907],[4.4788,51.89058],[4.48009,51.89071],[4.48005,51.89083],[4.4788,51.8907]],[[4.47713,51.89113],[4.47607,51.89093],[4.47573,51.8909],[4.47577,51.89078],[4.47616,51.89081],[4.47673,51.8909],[4.47718,51.891],[4.47728,51.89105],[4.47713,51.89113]]]}},{"type":"Feature","properties":{"zone":"201","district":"Charlois","rawHours":"Mo–Sa 9–23, So 12–23 Uhr","rawFee":"2,24 per uur, te betalen in stappen van 15 min, laagtarief — 2,24 €/h","note":"Zone 201 — Ma t/m za 09:00 - 23:00 Zo 12:00 - 23:00 + Ahoy","windows":[{"weekdays":[2],"fromMinute":540,"toMinute":1380},{"weekdays":[4],"fromMinute":540,"toMinute":1380},{"weekdays":[1],"fromMinute":540,"toMinute":1380},{"weekdays":[5],"fromMinute":540,"toMinute":1380},{"weekdays":[3],"fromMinute":540,"toMinute":1380},{"weekdays":[6],"fromMinute":540,"toMinute":1380},{"weekdays":[0],"fromMinute":720,"toMinute":1380}],"fee":{"kind":"exact","centsPerHour":224},"unmodelledRules":["Feiertage 2026 laut Quelle: frei am 01.01., 25.12.; gebührenpflichtig wie am Wochentag am 26.12.; mit eigenen Zeiten (hier nicht gerechnet) am 06.04., 27.04., 14.05., 25.05.","Zusätzlich frei laut Quelle 2026: 05.04., 24.05.","Ereignistage laut Quelle mit eigenen Zeiten, hier nicht gerechnet: AHOY… (7 Sorten)"],"sourceDefect":null,"freeOnHolidays":false,"spaces":null,"maxStayMinutes":null,"maxStay":null,"maxStayShare":0,"maxStayValues":[],"chargingPoints":0,"carsharing":0},"geometry":{"type":"Polygon","coordinates":[[[4.49263,51.88853],[4.49251,51.88776],[4.49203,51.88543],[4.4914,51.88509],[4.49096,51.88495],[4.48986,51.8848],[4.48856,51.88478],[4.48813,51.88482],[4.48691,51.88522],[4.48694,51.88531],[4.48516,51.88569],[4.48719,51.88859],[4.4869,51.88866],[4.487,51.88882],[4.48754,51.88871],[4.48816,51.88965],[4.49263,51.88853]]]}},{"type":"Feature","properties":{"zone":"202","district":"Charlois","rawHours":"Mo–Sa 9–23, So 12–23 Uhr","rawFee":"2,24 per uur, te betalen in stappen van 15 min, laagtarief — 2,24 €/h","note":"Zone 202 — ma-za 9-23, zo 12-23 laagtarief","windows":[{"weekdays":[2],"fromMinute":540,"toMinute":1380},{"weekdays":[4],"fromMinute":540,"toMinute":1380},{"weekdays":[1],"fromMinute":540,"toMinute":1380},{"weekdays":[5],"fromMinute":540,"toMinute":1380},{"weekdays":[3],"fromMinute":540,"toMinute":1380},{"weekdays":[6],"fromMinute":540,"toMinute":1380},{"weekdays":[0],"fromMinute":720,"toMinute":1380}],"fee":{"kind":"exact","centsPerHour":224},"unmodelledRules":["Feiertage 2026 laut Quelle: frei am 01.01., 25.12.; gebührenpflichtig wie am Wochentag am 26.12.; mit eigenen Zeiten (hier nicht gerechnet) am 06.04., 27.04., 14.05., 25.05.","Zusätzlich frei laut Quelle 2026: 05.04., 24.05."],"sourceDefect":null,"freeOnHolidays":false,"spaces":null,"maxStayMinutes":null,"maxStay":null,"maxStayShare":0,"maxStayValues":[],"chargingPoints":0,"carsharing":0},"geometry":{"type":"Polygon","coordinates":[[[4.48816,51.88965],[4.48754,51.88871],[4.487,51.88882],[4.4869,51.88866],[4.48719,51.88859],[4.48516,51.88569],[4.48363,51.88602],[4.48217,51.88639],[4.48189,51.88641],[4.48137,51.88772],[4.4811,51.88867],[4.48159,51.8888],[4.48151,51.88897],[4.48116,51.8889],[4.48035,51.8911],[4.48116,51.89092],[4.48123,51.89104],[4.47961,51.89139],[4.47982,51.8915],[4.48816,51.88965]]]}},{"type":"Feature","properties":{"zone":"204","district":"Charlois","rawHours":"Mo–Sa 9–23, So 12–23 Uhr","rawFee":"Stop en Shop: eerste 30min 0,20, daarna laagtarief — 1. Stunde 1,32 €, 2. Stunde 2,24 €, 3. Stunde 2,24 €","note":"Zone 204 — ma-za 9-23, zo 12-23, laagtarief Stop en Shop, 1e half uur 0,20","windows":[{"weekdays":[2],"fromMinute":540,"toMinute":1380},{"weekdays":[4],"fromMinute":540,"toMinute":1380},{"weekdays":[1],"fromMinute":540,"toMinute":1380},{"weekdays":[5],"fromMinute":540,"toMinute":1380},{"weekdays":[3],"fromMinute":540,"toMinute":1380},{"weekdays":[6],"fromMinute":540,"toMinute":1380},{"weekdays":[0],"fromMinute":720,"toMinute":1380}],"fee":{"kind":"range","minCentsPerHour":132,"maxCentsPerHour":224},"unmodelledRules":["Feiertage 2026 laut Quelle: frei am 01.01., 25.12.; gebührenpflichtig wie am Wochentag am 26.12.; mit eigenen Zeiten (hier nicht gerechnet) am 06.04., 27.04., 14.05., 25.05.","Zusätzlich frei laut Quelle 2026: 05.04., 24.05."],"sourceDefect":null,"freeOnHolidays":false,"spaces":null,"maxStayMinutes":null,"maxStay":null,"maxStayShare":0,"maxStayValues":[],"chargingPoints":0,"carsharing":0},"geometry":{"type":"Polygon","coordinates":[[[4.47713,51.89113],[4.47728,51.89105],[4.47718,51.891],[4.47673,51.8909],[4.47616,51.89081],[4.47577,51.89078],[4.47573,51.8909],[4.47607,51.89093],[4.47713,51.89113]]]}},{"type":"Feature","properties":{"zone":"204","district":"Charlois","rawHours":"Mo–Sa 9–23, So 12–23 Uhr","rawFee":"Stop en Shop: eerste 30min 0,20, daarna laagtarief — 1. Stunde 1,32 €, 2. Stunde 2,24 €, 3. Stunde 2,24 €","note":"Zone 204 — ma-za 9-23, zo 12-23, laagtarief Stop en Shop, 1e half uur 0,20","windows":[{"weekdays":[2],"fromMinute":540,"toMinute":1380},{"weekdays":[4],"fromMinute":540,"toMinute":1380},{"weekdays":[1],"fromMinute":540,"toMinute":1380},{"weekdays":[5],"fromMinute":540,"toMinute":1380},{"weekdays":[3],"fromMinute":540,"toMinute":1380},{"weekdays":[6],"fromMinute":540,"toMinute":1380},{"weekdays":[0],"fromMinute":720,"toMinute":1380}],"fee":{"kind":"range","minCentsPerHour":132,"maxCentsPerHour":224},"unmodelledRules":["Feiertage 2026 laut Quelle: frei am 01.01., 25.12.; gebührenpflichtig wie am Wochentag am 26.12.; mit eigenen Zeiten (hier nicht gerechnet) am 06.04., 27.04., 14.05., 25.05.","Zusätzlich frei laut Quelle 2026: 05.04., 24.05."],"sourceDefect":null,"freeOnHolidays":false,"spaces":null,"maxStayMinutes":null,"maxStay":null,"maxStayShare":0,"maxStayValues":[],"chargingPoints":0,"carsharing":0},"geometry":{"type":"Polygon","coordinates":[[[4.4788,51.8907],[4.48005,51.89083],[4.48009,51.89071],[4.4788,51.89058],[4.4788,51.8907]]]}},{"type":"Feature","properties":{"zone":"204","district":"Charlois","rawHours":"Mo–Sa 9–23, So 12–23 Uhr","rawFee":"Stop en Shop: eerste 30min 0,20, daarna laagtarief — 1. Stunde 1,32 €, 2. Stunde 2,24 €, 3. Stunde 2,24 €","note":"Zone 204 — ma-za 9-23, zo 12-23, laagtarief Stop en Shop, 1e half uur 0,20","windows":[{"weekdays":[2],"fromMinute":540,"toMinute":1380},{"weekdays":[4],"fromMinute":540,"toMinute":1380},{"weekdays":[1],"fromMinute":540,"toMinute":1380},{"weekdays":[5],"fromMinute":540,"toMinute":1380},{"weekdays":[3],"fromMinute":540,"toMinute":1380},{"weekdays":[6],"fromMinute":540,"toMinute":1380},{"weekdays":[0],"fromMinute":720,"toMinute":1380}],"fee":{"kind":"range","minCentsPerHour":132,"maxCentsPerHour":224},"unmodelledRules":["Feiertage 2026 laut Quelle: frei am 01.01., 25.12.; gebührenpflichtig wie am Wochentag am 26.12.; mit eigenen Zeiten (hier nicht gerechnet) am 06.04., 27.04., 14.05., 25.05.","Zusätzlich frei laut Quelle 2026: 05.04., 24.05."],"sourceDefect":null,"freeOnHolidays":false,"spaces":null,"maxStayMinutes":null,"maxStay":null,"maxStayShare":0,"maxStayValues":[],"chargingPoints":0,"carsharing":0},"geometry":{"type":"Polygon","coordinates":[[[4.48123,51.89104],[4.48116,51.89092],[4.47947,51.89131],[4.47961,51.89139],[4.48123,51.89104]]]}},{"type":"Feature","properties":{"zone":"21","district":"Rotterdam Centrum","rawHours":"Mo–Do 9–23, Fr 9–24, Sa 0–1 und 9–24, So 0–1 und 12–23 Uhr","rawFee":"6,42 per uur, te betalen in stappen van 10 min, hoogtarief — 6,42 €/h","note":"Zone 21 — ma-do 9-23, vr-za 9-1, zo 12-23 hoogtarief","windows":[{"weekdays":[2],"fromMinute":540,"toMinute":1380},{"weekdays":[4],"fromMinute":540,"toMinute":1380},{"weekdays":[1],"fromMinute":540,"toMinute":1380},{"weekdays":[5],"fromMinute":540,"toMinute":1440},{"weekdays":[3],"fromMinute":540,"toMinute":1380},{"weekdays":[6],"fromMinute":0,"toMinute":60},{"weekdays":[6],"fromMinute":540,"toMinute":1440},{"weekdays":[0],"fromMinute":0,"toMinute":60},{"weekdays":[0],"fromMinute":720,"toMinute":1380}],"fee":{"kind":"exact","centsPerHour":642},"unmodelledRules":["Feiertage 2026 laut Quelle: frei am 01.01., 25.12.; gebührenpflichtig wie am Wochentag am 26.12.; mit eigenen Zeiten (hier nicht gerechnet) am 06.04., 27.04., 14.05., 25.05.","Zusätzlich frei laut Quelle 2026: 05.04., 24.05."],"sourceDefect":null,"freeOnHolidays":false,"spaces":null,"maxStayMinutes":null,"maxStay":null,"maxStayShare":0,"maxStayValues":[],"chargingPoints":0,"carsharing":0},"geometry":{"type":"Polygon","coordinates":[[[4.49215,51.91755],[4.49003,51.91613],[4.48505,51.9127],[4.48334,51.91246],[4.48314,51.91298],[4.48298,51.91391],[4.48294,51.91822],[4.48847,51.91931],[4.49045,51.92048],[4.49129,51.92087],[4.49559,51.92235],[4.49704,51.92282],[4.49727,51.92239],[4.49222,51.92061],[4.49098,51.92003],[4.49241,51.91935],[4.4936,51.91792],[4.49215,51.91755]]]}},{"type":"Feature","properties":{"zone":"210","district":"Waalhaven-Eemhaven","rawHours":"Mo–Sa 9–23, So 12–23 Uhr","rawFee":"2,24 per uur, te betalen in stappen van 15 min, laagtarief — 2,24 €/h","note":"Zone 210 — ma-za 9-23, zo 12-23 laagtarief","windows":[{"weekdays":[2],"fromMinute":540,"toMinute":1380},{"weekdays":[4],"fromMinute":540,"toMinute":1380},{"weekdays":[1],"fromMinute":540,"toMinute":1380},{"weekdays":[5],"fromMinute":540,"toMinute":1380},{"weekdays":[3],"fromMinute":540,"toMinute":1380},{"weekdays":[6],"fromMinute":540,"toMinute":1380},{"weekdays":[0],"fromMinute":720,"toMinute":1380}],"fee":{"kind":"exact","centsPerHour":224},"unmodelledRules":["Feiertage 2026 laut Quelle: frei am 01.01., 25.12.; gebührenpflichtig wie am Wochentag am 26.12.; mit eigenen Zeiten (hier nicht gerechnet) am 06.04., 27.04., 14.05., 25.05.","Zusätzlich frei laut Quelle 2026: 05.04., 24.05."],"sourceDefect":null,"freeOnHolidays":false,"spaces":null,"maxStayMinutes":null,"maxStay":null,"maxStayShare":0,"maxStayValues":[],"chargingPoints":0,"carsharing":0},"geometry":{"type":"Polygon","coordinates":[[[4.45491,51.87983],[4.44764,51.88087],[4.43601,51.89955],[4.43803,51.90013],[4.44851,51.89859],[4.46087,51.89829],[4.46069,51.89576],[4.46169,51.89576],[4.46168,51.8949],[4.46245,51.89478],[4.46317,51.89418],[4.46226,51.89367],[4.46196,51.89335],[4.46283,51.8932],[4.46077,51.89008],[4.45813,51.88543],[4.45866,51.88479],[4.45787,51.88493],[4.45491,51.87983]]]}},{"type":"Feature","properties":{"zone":"220","district":"Charlois","rawHours":"Mo–Sa 9–23, So 12–23 Uhr","rawFee":"2,24 per uur, te betalen in stappen van 15 min, laagtarief — 2,24 €/h","note":"Zone 220 — ma-za 9-23, zo 12-23 laagtarief","windows":[{"weekdays":[2],"fromMinute":540,"toMinute":1380},{"weekdays":[4],"fromMinute":540,"toMinute":1380},{"weekdays":[1],"fromMinute":540,"toMinute":1380},{"weekdays":[5],"fromMinute":540,"toMinute":1380},{"weekdays":[3],"fromMinute":540,"toMinute":1380},{"weekdays":[6],"fromMinute":540,"toMinute":1380},{"weekdays":[0],"fromMinute":720,"toMinute":1380}],"fee":{"kind":"exact","centsPerHour":224},"unmodelledRules":["Feiertage 2026 laut Quelle: frei am 01.01., 25.12.; gebührenpflichtig wie am Wochentag am 26.12.; mit eigenen Zeiten (hier nicht gerechnet) am 06.04., 27.04., 14.05., 25.05.","Zusätzlich frei laut Quelle 2026: 05.04., 24.05."],"sourceDefect":null,"freeOnHolidays":false,"spaces":null,"maxStayMinutes":null,"maxStay":null,"maxStayShare":0,"maxStayValues":[],"chargingPoints":0,"carsharing":0},"geometry":{"type":"Polygon","coordinates":[[[4.45568,51.87149],[4.4551,51.87087],[4.4547,51.87051],[4.45499,51.8698],[4.45483,51.86968],[4.45542,51.86901],[4.45602,51.86901],[4.4573,51.86826],[4.45766,51.86788],[4.45864,51.86724],[4.45996,51.8663],[4.46164,51.86541],[4.46253,51.86521],[4.46278,51.86534],[4.46416,51.86538],[4.46456,51.86537],[4.46494,51.86527],[4.46622,51.86522],[4.4682,51.86521],[4.46927,51.86528],[4.47239,51.86502],[4.47535,51.86494],[4.47562,51.86506],[4.47605,51.86512],[4.47725,51.86509],[4.47783,51.86511],[4.47924,51.86523],[4.4799,51.86538],[4.48016,51.86508],[4.48017,51.86321],[4.47428,51.86259],[4.46834,51.86244],[4.46552,51.86267],[4.46239,51.8631],[4.45887,51.86396],[4.45016,51.86619],[4.44677,51.86763],[4.44729,51.86847],[4.44862,51.86882],[4.45111,51.86911],[4.45077,51.87053],[4.45289,51.87126],[4.45568,51.87149]]]}},{"type":"Feature","properties":{"zone":"230","district":"Charlois","rawHours":"Mo–Sa 9–23, So 12–23 Uhr","rawFee":"2,24 per uur, te betalen in stappen van 15 min, laagtarief — 2,24 €/h","note":"Zone 230 — ma-za 9-23, zo 12-23 laagtarief","windows":[{"weekdays":[2],"fromMinute":540,"toMinute":1380},{"weekdays":[4],"fromMinute":540,"toMinute":1380},{"weekdays":[1],"fromMinute":540,"toMinute":1380},{"weekdays":[5],"fromMinute":540,"toMinute":1380},{"weekdays":[3],"fromMinute":540,"toMinute":1380},{"weekdays":[6],"fromMinute":540,"toMinute":1380},{"weekdays":[0],"fromMinute":720,"toMinute":1380}],"fee":{"kind":"exact","centsPerHour":224},"unmodelledRules":["Feiertage 2026 laut Quelle: frei am 01.01., 25.12.; gebührenpflichtig wie am Wochentag am 26.12.; mit eigenen Zeiten (hier nicht gerechnet) am 06.04., 27.04., 14.05., 25.05.","Zusätzlich frei laut Quelle 2026: 05.04., 24.05."],"sourceDefect":null,"freeOnHolidays":false,"spaces":null,"maxStayMinutes":null,"maxStay":null,"maxStayShare":0,"maxStayValues":[],"chargingPoints":0,"carsharing":0},"geometry":{"type":"Polygon","coordinates":[[[4.49376,51.88995],[4.49379,51.8896],[4.49436,51.8896],[4.49406,51.88928],[4.49263,51.88853],[4.48816,51.88965],[4.47982,51.8915],[4.47503,51.89255],[4.4756,51.89297],[4.47691,51.89336],[4.48494,51.8951],[4.48659,51.89568],[4.4876,51.89586],[4.49011,51.89621],[4.49493,51.89727],[4.49429,51.89582],[4.49357,51.89431],[4.49376,51.88995]]]}},{"type":"Feature","properties":{"zone":"232","district":"Feijenoord","rawHours":"Mo–Sa 9–23, So 12–23 Uhr","rawFee":"Stop en Shop: eerste 30min 0,20, daarna laagtarief — 1. Stunde 1,32 €, 2. Stunde 2,24 €, 3. Stunde 2,24 €","note":"Zone 232 — ma-za 9-23, zo 12-23, laagtarief Stop en Shop, 1e half uur 0,20","windows":[{"weekdays":[2],"fromMinute":540,"toMinute":1380},{"weekdays":[4],"fromMinute":540,"toMinute":1380},{"weekdays":[1],"fromMinute":540,"toMinute":1380},{"weekdays":[5],"fromMinute":540,"toMinute":1380},{"weekdays":[3],"fromMinute":540,"toMinute":1380},{"weekdays":[6],"fromMinute":540,"toMinute":1380},{"weekdays":[0],"fromMinute":720,"toMinute":1380}],"fee":{"kind":"range","minCentsPerHour":132,"maxCentsPerHour":224},"unmodelledRules":["Feiertage 2026 laut Quelle: frei am 01.01., 25.12.; gebührenpflichtig wie am Wochentag am 26.12.; mit eigenen Zeiten (hier nicht gerechnet) am 06.04., 27.04., 14.05., 25.05.","Zusätzlich frei laut Quelle 2026: 05.04., 24.05."],"sourceDefect":null,"freeOnHolidays":false,"spaces":null,"maxStayMinutes":null,"maxStay":null,"maxStayShare":0,"maxStayValues":[],"chargingPoints":0,"carsharing":0},"geometry":{"type":"Polygon","coordinates":[[[4.49422,51.89232],[4.49436,51.8896],[4.49379,51.8896],[4.49357,51.89431],[4.49429,51.89582],[4.49493,51.89727],[4.49561,51.89739],[4.49407,51.89426],[4.49422,51.89232]]]}},{"type":"Feature","properties":{"zone":"240","district":"Charlois","rawHours":"Mo–Sa 9–23, So 12–23 Uhr","rawFee":"2,24 per uur, te betalen in stappen van 15 min, laagtarief — 2,24 €/h","note":"Zone 240 — ma-za 9-23, zo 12-23 laagtarief","windows":[{"weekdays":[2],"fromMinute":540,"toMinute":1380},{"weekdays":[4],"fromMinute":540,"toMinute":1380},{"weekdays":[1],"fromMinute":540,"toMinute":1380},{"weekdays":[5],"fromMinute":540,"toMinute":1380},{"weekdays":[3],"fromMinute":540,"toMinute":1380},{"weekdays":[6],"fromMinute":540,"toMinute":1380},{"weekdays":[0],"fromMinute":720,"toMinute":1380}],"fee":{"kind":"exact","centsPerHour":224},"unmodelledRules":["Feiertage 2026 laut Quelle: frei am 01.01., 25.12.; gebührenpflichtig wie am Wochentag am 26.12.; mit eigenen Zeiten (hier nicht gerechnet) am 06.04., 27.04., 14.05., 25.05.","Zusätzlich frei laut Quelle 2026: 05.04., 24.05."],"sourceDefect":null,"freeOnHolidays":false,"spaces":null,"maxStayMinutes":null,"maxStay":null,"maxStayShare":0,"maxStayValues":[],"chargingPoints":0,"carsharing":0},"geometry":{"type":"Polygon","coordinates":[[[4.48494,51.8951],[4.47691,51.89336],[4.47652,51.89417],[4.4776,51.89443],[4.48587,51.89626],[4.48594,51.89614],[4.49529,51.89815],[4.49493,51.89727],[4.49011,51.89621],[4.4876,51.89586],[4.48659,51.89568],[4.48494,51.8951]]]}},{"type":"Feature","properties":{"zone":"250","district":"Charlois","rawHours":"Mo–Sa 9–23, So 12–23 Uhr","rawFee":"2,24 per uur, te betalen in stappen van 15 min, laagtarief — 2,24 €/h","note":"Zone 250 — ma-za 9-23, zo 12-23 laagtarief","windows":[{"weekdays":[2],"fromMinute":540,"toMinute":1380},{"weekdays":[4],"fromMinute":540,"toMinute":1380},{"weekdays":[1],"fromMinute":540,"toMinute":1380},{"weekdays":[5],"fromMinute":540,"toMinute":1380},{"weekdays":[3],"fromMinute":540,"toMinute":1380},{"weekdays":[6],"fromMinute":540,"toMinute":1380},{"weekdays":[0],"fromMinute":720,"toMinute":1380}],"fee":{"kind":"exact","centsPerHour":224},"unmodelledRules":["Feiertage 2026 laut Quelle: frei am 01.01., 25.12.; gebührenpflichtig wie am Wochentag am 26.12.; mit eigenen Zeiten (hier nicht gerechnet) am 06.04., 27.04., 14.05., 25.05.","Zusätzlich frei laut Quelle 2026: 05.04., 24.05."],"sourceDefect":null,"freeOnHolidays":false,"spaces":null,"maxStayMinutes":null,"maxStay":null,"maxStayShare":0,"maxStayValues":[],"chargingPoints":0,"carsharing":0},"geometry":{"type":"Polygon","coordinates":[[[4.47012,51.8972],[4.46927,51.89574],[4.47114,51.89478],[4.47409,51.89356],[4.47546,51.89338],[4.47691,51.89336],[4.4756,51.89297],[4.47503,51.89255],[4.47397,51.89182],[4.4723,51.88955],[4.47189,51.88747],[4.47179,51.88686],[4.47182,51.8867],[4.47155,51.88574],[4.47131,51.88417],[4.47103,51.88319],[4.46541,51.8834],[4.46544,51.88367],[4.46469,51.88368],[4.46307,51.88381],[4.46239,51.88394],[4.46033,51.88444],[4.45949,51.884],[4.45886,51.8841],[4.45878,51.88437],[4.45873,51.8847],[4.45904,51.885],[4.45986,51.88638],[4.45999,51.88635],[4.4601,51.8866],[4.46001,51.88662],[4.46093,51.88815],[4.4618,51.8894],[4.46273,51.89094],[4.46386,51.89275],[4.4639,51.89302],[4.46196,51.89335],[4.46226,51.89367],[4.46317,51.89418],[4.46245,51.89478],[4.46168,51.8949],[4.46172,51.8977],[4.4649,51.89805],[4.46688,51.8984],[4.46749,51.89819],[4.4677,51.89763],[4.46899,51.89768],[4.47012,51.8972]],[[4.46788,51.894],[4.46732,51.89438],[4.46678,51.8948],[4.46656,51.89469],[4.4677,51.89389],[4.46788,51.894]]]}},{"type":"Feature","properties":{"zone":"251","district":"Charlois","rawHours":"Mo–Sa 9–23, So 12–23 Uhr","rawFee":"Stop en Shop: eerste 30min 0,20, daarna laagtarief — 1. Stunde 1,32 €, 2. Stunde 2,24 €, 3. Stunde 2,24 €","note":"Zone 251 — ma-za 9-23, zo 12-23, laagtarief Stop en Shop, 1e half uur 0,20","windows":[{"weekdays":[2],"fromMinute":540,"toMinute":1380},{"weekdays":[4],"fromMinute":540,"toMinute":1380},{"weekdays":[1],"fromMinute":540,"toMinute":1380},{"weekdays":[5],"fromMinute":540,"toMinute":1380},{"weekdays":[3],"fromMinute":540,"toMinute":1380},{"weekdays":[6],"fromMinute":540,"toMinute":1380},{"weekdays":[0],"fromMinute":720,"toMinute":1380}],"fee":{"kind":"range","minCentsPerHour":132,"maxCentsPerHour":224},"unmodelledRules":["Feiertage 2026 laut Quelle: frei am 01.01., 25.12.; gebührenpflichtig wie am Wochentag am 26.12.; mit eigenen Zeiten (hier nicht gerechnet) am 06.04., 27.04., 14.05., 25.05.","Zusätzlich frei laut Quelle 2026: 05.04., 24.05."],"sourceDefect":null,"freeOnHolidays":false,"spaces":null,"maxStayMinutes":null,"maxStay":null,"maxStayShare":0,"maxStayValues":[],"chargingPoints":0,"carsharing":0},"geometry":{"type":"Polygon","coordinates":[[[4.46656,51.89469],[4.46678,51.8948],[4.46732,51.89438],[4.46788,51.894],[4.4677,51.89389],[4.46656,51.89469]]]}},{"type":"Feature","properties":{"zone":"260","district":"Charlois","rawHours":"Mo–Sa 9–23, So 12–23 Uhr","rawFee":"2,24 per uur, te betalen in stappen van 15 min, laagtarief — 2,24 €/h","note":"Zone 260 — ma-za 9-23, zo 12-23 laagtarief","windows":[{"weekdays":[2],"fromMinute":540,"toMinute":1380},{"weekdays":[4],"fromMinute":540,"toMinute":1380},{"weekdays":[1],"fromMinute":540,"toMinute":1380},{"weekdays":[5],"fromMinute":540,"toMinute":1380},{"weekdays":[3],"fromMinute":540,"toMinute":1380},{"weekdays":[6],"fromMinute":540,"toMinute":1380},{"weekdays":[0],"fromMinute":720,"toMinute":1380}],"fee":{"kind":"exact","centsPerHour":224},"unmodelledRules":["Feiertage 2026 laut Quelle: frei am 01.01., 25.12.; gebührenpflichtig wie am Wochentag am 26.12.; mit eigenen Zeiten (hier nicht gerechnet) am 06.04., 27.04., 14.05., 25.05.","Zusätzlich frei laut Quelle 2026: 05.04., 24.05."],"sourceDefect":null,"freeOnHolidays":false,"spaces":null,"maxStayMinutes":null,"maxStay":null,"maxStayShare":0,"maxStayValues":[],"chargingPoints":0,"carsharing":0},"geometry":{"type":"Polygon","coordinates":[[[4.45873,51.8847],[4.45813,51.88543],[4.46077,51.89008],[4.46283,51.8932],[4.4639,51.89302],[4.46386,51.89275],[4.4618,51.8894],[4.46093,51.88815],[4.46001,51.88662],[4.4601,51.8866],[4.45999,51.88635],[4.45986,51.88638],[4.45904,51.885],[4.45873,51.8847]]]}},{"type":"Feature","properties":{"zone":"270","district":"Charlois","rawHours":"Mo–Sa 9–23, So 12–23 Uhr","rawFee":"2,24 per uur, te betalen in stappen van 15 min, laagtarief — 2,24 €/h","note":"Zone 270 — ma-za 9-23, zo 12-23 laagtarief","windows":[{"weekdays":[2],"fromMinute":540,"toMinute":1380},{"weekdays":[4],"fromMinute":540,"toMinute":1380},{"weekdays":[1],"fromMinute":540,"toMinute":1380},{"weekdays":[5],"fromMinute":540,"toMinute":1380},{"weekdays":[3],"fromMinute":540,"toMinute":1380},{"weekdays":[6],"fromMinute":540,"toMinute":1380},{"weekdays":[0],"fromMinute":720,"toMinute":1380}],"fee":{"kind":"exact","centsPerHour":224},"unmodelledRules":["Feiertage 2026 laut Quelle: frei am 01.01., 25.12.; gebührenpflichtig wie am Wochentag am 26.12.; mit eigenen Zeiten (hier nicht gerechnet) am 06.04., 27.04., 14.05., 25.05.","Zusätzlich frei laut Quelle 2026: 05.04., 24.05."],"sourceDefect":null,"freeOnHolidays":false,"spaces":null,"maxStayMinutes":null,"maxStay":null,"maxStayShare":0,"maxStayValues":[],"chargingPoints":0,"carsharing":0},"geometry":{"type":"Polygon","coordinates":[[[4.46759,51.87997],[4.46321,51.87725],[4.46021,51.87543],[4.45857,51.87426],[4.45737,51.8732],[4.45676,51.8726],[4.45598,51.87288],[4.45374,51.87331],[4.45411,51.87415],[4.4537,51.87698],[4.45383,51.87801],[4.45491,51.87983],[4.45787,51.88493],[4.45866,51.88479],[4.45873,51.8847],[4.45878,51.88437],[4.45886,51.8841],[4.45949,51.884],[4.46033,51.88444],[4.46239,51.88394],[4.46307,51.88381],[4.46469,51.88368],[4.46544,51.88367],[4.46541,51.8834],[4.47103,51.88319],[4.47045,51.88218],[4.46973,51.88139],[4.46759,51.87997]],[[4.46375,51.88228],[4.46371,51.88199],[4.4646,51.88195],[4.46466,51.88224],[4.46375,51.88228]]]}},{"type":"Feature","properties":{"zone":"271","district":"Charlois","rawHours":"Mo–Fr 9–15 und 15–23, Sa 9–23, So 12–23 Uhr","rawFee":"2,24 per uur, te betalen in stappen van 15 min, laagtarief — 2,24 €/h · Stop en Sport: 1e 3 uur 50% korting daarna laagtarief — 1,12 €/h","note":"Zone 271 — ma-za 9-23, ma-vr 15-23, za 9-23, zo 12-23 laagtarief Stop en Sport","windows":[{"weekdays":[2],"fromMinute":540,"toMinute":900},{"weekdays":[2],"fromMinute":900,"toMinute":1380},{"weekdays":[4],"fromMinute":540,"toMinute":900},{"weekdays":[4],"fromMinute":900,"toMinute":1380},{"weekdays":[1],"fromMinute":540,"toMinute":900},{"weekdays":[1],"fromMinute":900,"toMinute":1380},{"weekdays":[5],"fromMinute":540,"toMinute":900},{"weekdays":[5],"fromMinute":900,"toMinute":1380},{"weekdays":[3],"fromMinute":540,"toMinute":900},{"weekdays":[3],"fromMinute":900,"toMinute":1380},{"weekdays":[6],"fromMinute":540,"toMinute":1380},{"weekdays":[0],"fromMinute":720,"toMinute":1380}],"fee":{"kind":"range","minCentsPerHour":112,"maxCentsPerHour":224},"unmodelledRules":["Feiertage 2026 laut Quelle: frei am 01.01., 25.12.; gebührenpflichtig wie am Wochentag am 26.12.; mit eigenen Zeiten (hier nicht gerechnet) am 06.04., 27.04., 14.05., 25.05.","Zusätzlich frei laut Quelle 2026: 05.04., 24.05."],"sourceDefect":null,"freeOnHolidays":false,"spaces":null,"maxStayMinutes":null,"maxStay":null,"maxStayShare":0,"maxStayValues":[],"chargingPoints":0,"carsharing":0},"geometry":{"type":"Polygon","coordinates":[[[4.46375,51.88228],[4.46466,51.88224],[4.4646,51.88195],[4.46371,51.88199],[4.46375,51.88228]]]}},{"type":"Feature","properties":{"zone":"280","district":"Charlois","rawHours":"Mo–Sa 9–23, So 12–23 Uhr","rawFee":"2,24 per uur, te betalen in stappen van 15 min, laagtarief — 2,24 €/h","note":"Zone 280 — ma-za 9-23, zo 12-23 laagtarief","windows":[{"weekdays":[2],"fromMinute":540,"toMinute":1380},{"weekdays":[4],"fromMinute":540,"toMinute":1380},{"weekdays":[1],"fromMinute":540,"toMinute":1380},{"weekdays":[5],"fromMinute":540,"toMinute":1380},{"weekdays":[3],"fromMinute":540,"toMinute":1380},{"weekdays":[6],"fromMinute":540,"toMinute":1380},{"weekdays":[0],"fromMinute":720,"toMinute":1380}],"fee":{"kind":"exact","centsPerHour":224},"unmodelledRules":["Feiertage 2026 laut Quelle: frei am 01.01., 25.12.; gebührenpflichtig wie am Wochentag am 26.12.; mit eigenen Zeiten (hier nicht gerechnet) am 06.04., 27.04., 14.05., 25.05.","Zusätzlich frei laut Quelle 2026: 05.04., 24.05."],"sourceDefect":null,"freeOnHolidays":false,"spaces":null,"maxStayMinutes":null,"maxStay":null,"maxStayShare":0,"maxStayValues":[],"chargingPoints":0,"carsharing":0},"geometry":{"type":"Polygon","coordinates":[[[4.47045,51.88218],[4.47179,51.88166],[4.47643,51.88122],[4.47983,51.88031],[4.47896,51.87749],[4.47806,51.87415],[4.47743,51.87144],[4.4764,51.86759],[4.47535,51.86494],[4.47239,51.86502],[4.46927,51.86528],[4.4682,51.86521],[4.46622,51.86522],[4.46494,51.86527],[4.46456,51.86537],[4.46416,51.86538],[4.46278,51.86534],[4.46253,51.86521],[4.46164,51.86541],[4.45996,51.8663],[4.45864,51.86724],[4.45766,51.86788],[4.4573,51.86826],[4.45602,51.86901],[4.45542,51.86901],[4.45483,51.86968],[4.45499,51.8698],[4.4547,51.87051],[4.4551,51.87087],[4.45568,51.87149],[4.45737,51.8732],[4.45857,51.87426],[4.46021,51.87543],[4.46321,51.87725],[4.46759,51.87997],[4.46973,51.88139],[4.47045,51.88218]],[[4.4666,51.87506],[4.46622,51.87386],[4.46667,51.87381],[4.46705,51.87501],[4.4666,51.87506]],[[4.47208,51.87988],[4.47141,51.87992],[4.47111,51.87865],[4.46845,51.87888],[4.46837,51.87856],[4.47646,51.87767],[4.47833,51.87741],[4.47849,51.87791],[4.47737,51.87792],[4.47173,51.87854],[4.47208,51.87988]]]}},{"type":"Feature","properties":{"zone":"281","district":"Charlois","rawHours":"Mo–Sa 9–23, So 12–23 Uhr","rawFee":"Stop en Shop: eerste 30min 0,20, daarna laagtarief — 1. Stunde 1,32 €, 2. Stunde 2,24 €, 3. Stunde 2,24 €","note":"Zone 281 — ma-za 9-23, zo 12-23, laagtarief Stop en Shop, 1e half uur 0,20","windows":[{"weekdays":[2],"fromMinute":540,"toMinute":1380},{"weekdays":[4],"fromMinute":540,"toMinute":1380},{"weekdays":[1],"fromMinute":540,"toMinute":1380},{"weekdays":[5],"fromMinute":540,"toMinute":1380},{"weekdays":[3],"fromMinute":540,"toMinute":1380},{"weekdays":[6],"fromMinute":540,"toMinute":1380},{"weekdays":[0],"fromMinute":720,"toMinute":1380}],"fee":{"kind":"range","minCentsPerHour":132,"maxCentsPerHour":224},"unmodelledRules":["Feiertage 2026 laut Quelle: frei am 01.01., 25.12.; gebührenpflichtig wie am Wochentag am 26.12.; mit eigenen Zeiten (hier nicht gerechnet) am 06.04., 27.04., 14.05., 25.05.","Zusätzlich frei laut Quelle 2026: 05.04., 24.05."],"sourceDefect":null,"freeOnHolidays":false,"spaces":null,"maxStayMinutes":null,"maxStay":null,"maxStayShare":0,"maxStayValues":[],"chargingPoints":0,"carsharing":0},"geometry":{"type":"Polygon","coordinates":[[[4.4666,51.87506],[4.46705,51.87501],[4.46667,51.87381],[4.46622,51.87386],[4.4666,51.87506]]]}},{"type":"Feature","properties":{"zone":"282","district":"Charlois","rawHours":"Mo–Fr 9–15 und 15–23, Sa 9–23, So 12–23 Uhr","rawFee":"2,24 per uur, te betalen in stappen van 15 min, laagtarief — 2,24 €/h · Stop en Sport: 1e 3 uur 50% korting daarna laagtarief — 1,12 €/h","note":"Zone 282 — ma-za 9-23, ma-vr 15-23, za 9-23, zo 12-23 laagtarief Stop en Sport","windows":[{"weekdays":[2],"fromMinute":540,"toMinute":900},{"weekdays":[2],"fromMinute":900,"toMinute":1380},{"weekdays":[4],"fromMinute":540,"toMinute":900},{"weekdays":[4],"fromMinute":900,"toMinute":1380},{"weekdays":[1],"fromMinute":540,"toMinute":900},{"weekdays":[1],"fromMinute":900,"toMinute":1380},{"weekdays":[5],"fromMinute":540,"toMinute":900},{"weekdays":[5],"fromMinute":900,"toMinute":1380},{"weekdays":[3],"fromMinute":540,"toMinute":900},{"weekdays":[3],"fromMinute":900,"toMinute":1380},{"weekdays":[6],"fromMinute":540,"toMinute":1380},{"weekdays":[0],"fromMinute":720,"toMinute":1380}],"fee":{"kind":"range","minCentsPerHour":112,"maxCentsPerHour":224},"unmodelledRules":["Feiertage 2026 laut Quelle: frei am 01.01., 25.12.; gebührenpflichtig wie am Wochentag am 26.12.; mit eigenen Zeiten (hier nicht gerechnet) am 06.04., 27.04., 14.05., 25.05.","Zusätzlich frei laut Quelle 2026: 05.04., 24.05."],"sourceDefect":null,"freeOnHolidays":false,"spaces":null,"maxStayMinutes":null,"maxStay":null,"maxStayShare":0,"maxStayValues":[],"chargingPoints":0,"carsharing":0},"geometry":{"type":"Polygon","coordinates":[[[4.47208,51.87988],[4.47173,51.87854],[4.47737,51.87792],[4.47849,51.87791],[4.47833,51.87741],[4.47646,51.87767],[4.46837,51.87856],[4.46845,51.87888],[4.47111,51.87865],[4.47141,51.87992],[4.47208,51.87988]]]}},{"type":"Feature","properties":{"zone":"290","district":"Charlois","rawHours":"Mo–Sa 9–23, So 12–23 Uhr","rawFee":"2,24 per uur, te betalen in stappen van 15 min, laagtarief — 2,24 €/h","note":"Zone 290 — ma-za 9-23, zo 12-23 laagtarief","windows":[{"weekdays":[2],"fromMinute":540,"toMinute":1380},{"weekdays":[4],"fromMinute":540,"toMinute":1380},{"weekdays":[1],"fromMinute":540,"toMinute":1380},{"weekdays":[5],"fromMinute":540,"toMinute":1380},{"weekdays":[3],"fromMinute":540,"toMinute":1380},{"weekdays":[6],"fromMinute":540,"toMinute":1380},{"weekdays":[0],"fromMinute":720,"toMinute":1380}],"fee":{"kind":"exact","centsPerHour":224},"unmodelledRules":["Feiertage 2026 laut Quelle: frei am 01.01., 25.12.; gebührenpflichtig wie am Wochentag am 26.12.; mit eigenen Zeiten (hier nicht gerechnet) am 06.04., 27.04., 14.05., 25.05.","Zusätzlich frei laut Quelle 2026: 05.04., 24.05."],"sourceDefect":null,"freeOnHolidays":false,"spaces":null,"maxStayMinutes":null,"maxStay":null,"maxStayShare":0,"maxStayValues":[],"chargingPoints":0,"carsharing":0},"geometry":{"type":"Polygon","coordinates":[[[4.49879,51.88256],[4.50413,51.87864],[4.50599,51.87765],[4.51084,51.87542],[4.51192,51.87439],[4.51448,51.87181],[4.51508,51.87065],[4.5153,51.86945],[4.51255,51.86946],[4.50207,51.86953],[4.50207,51.86925],[4.49854,51.86922],[4.49577,51.86923],[4.49518,51.86958],[4.49446,51.86953],[4.49453,51.8688],[4.49341,51.86878],[4.48973,51.86766],[4.48876,51.86727],[4.4871,51.86713],[4.48575,51.8666],[4.48426,51.86611],[4.48331,51.86602],[4.48152,51.86562],[4.48087,51.86551],[4.48079,51.86547],[4.48026,51.86546],[4.47924,51.86523],[4.47783,51.86511],[4.47725,51.86509],[4.47605,51.86512],[4.47562,51.86506],[4.47535,51.86494],[4.4764,51.86759],[4.47743,51.87144],[4.47806,51.87415],[4.47896,51.87749],[4.47983,51.88031],[4.48056,51.88153],[4.48147,51.8825],[4.48265,51.88325],[4.48444,51.88222],[4.48657,51.88157],[4.48617,51.87933],[4.48804,51.87729],[4.48893,51.87742],[4.48863,51.87863],[4.49089,51.87901],[4.49163,51.87962],[4.49284,51.88008],[4.49407,51.8799],[4.49879,51.88256]],[[4.49279,51.87541],[4.49277,51.87518],[4.4942,51.87512],[4.49421,51.87536],[4.49279,51.87541]],[[4.48424,51.8736],[4.48418,51.87405],[4.48301,51.87403],[4.4829,51.87359],[4.48424,51.8736]],[[4.477,51.86798],[4.47685,51.86738],[4.47878,51.86721],[4.47881,51.8675],[4.47794,51.86758],[4.47801,51.86791],[4.477,51.86798]],[[4.48441,51.87341],[4.4887,51.8734],[4.49038,51.87349],[4.49412,51.87375],[4.49404,51.87401],[4.49032,51.87367],[4.48866,51.87357],[4.4844,51.87361],[4.48441,51.87341]],[[4.47926,51.87731],[4.48002,51.8773],[4.48284,51.87702],[4.48356,51.87696],[4.4859,51.87687],[4.4878,51.87683],[4.48937,51.87691],[4.49098,51.87718],[4.4946,51.87802],[4.4951,51.87816],[4.49572,51.87838],[4.49898,51.87985],[4.50081,51.88064],[4.50037,51.88093],[4.49905,51.88034],[4.4989,51.88046],[4.49718,51.87969],[4.49734,51.87953],[4.49441,51.87842],[4.49384,51.87931],[4.49356,51.87925],[4.49416,51.87829],[4.49077,51.87748],[4.4896,51.87729],[4.48745,51.87711],[4.48613,51.87714],[4.48623,51.87821],[4.48591,51.87824],[4.48568,51.87716],[4.47933,51.87767],[4.47926,51.87731]]]}},{"type":"Feature","properties":{"zone":"291","district":"Charlois","rawHours":"Mo–Sa 9–23, So 12–23 Uhr","rawFee":"Stop en Shop: eerste 30min 0,20, daarna laagtarief — 1. Stunde 1,32 €, 2. Stunde 2,24 €, 3. Stunde 2,24 €","note":"Zone 291 — ma-za 9-23, zo 12-23, laagtarief Stop en Shop, 1e half uur 0,20","windows":[{"weekdays":[2],"fromMinute":540,"toMinute":1380},{"weekdays":[4],"fromMinute":540,"toMinute":1380},{"weekdays":[1],"fromMinute":540,"toMinute":1380},{"weekdays":[5],"fromMinute":540,"toMinute":1380},{"weekdays":[3],"fromMinute":540,"toMinute":1380},{"weekdays":[6],"fromMinute":540,"toMinute":1380},{"weekdays":[0],"fromMinute":720,"toMinute":1380}],"fee":{"kind":"range","minCentsPerHour":132,"maxCentsPerHour":224},"unmodelledRules":["Feiertage 2026 laut Quelle: frei am 01.01., 25.12.; gebührenpflichtig wie am Wochentag am 26.12.; mit eigenen Zeiten (hier nicht gerechnet) am 06.04., 27.04., 14.05., 25.05.","Zusätzlich frei laut Quelle 2026: 05.04., 24.05."],"sourceDefect":null,"freeOnHolidays":false,"spaces":null,"maxStayMinutes":null,"maxStay":null,"maxStayShare":0,"maxStayValues":[],"chargingPoints":0,"carsharing":0},"geometry":{"type":"Polygon","coordinates":[[[4.48424,51.8736],[4.4829,51.87359],[4.48301,51.87403],[4.48418,51.87405],[4.48424,51.8736]]]}},{"type":"Feature","properties":{"zone":"291","district":"Charlois","rawHours":"Mo–Sa 9–23, So 12–23 Uhr","rawFee":"Stop en Shop: eerste 30min 0,20, daarna laagtarief — 1. Stunde 1,32 €, 2. Stunde 2,24 €, 3. Stunde 2,24 €","note":"Zone 291 — ma-za 9-23, zo 12-23, laagtarief Stop en Shop, 1e half uur 0,20","windows":[{"weekdays":[2],"fromMinute":540,"toMinute":1380},{"weekdays":[4],"fromMinute":540,"toMinute":1380},{"weekdays":[1],"fromMinute":540,"toMinute":1380},{"weekdays":[5],"fromMinute":540,"toMinute":1380},{"weekdays":[3],"fromMinute":540,"toMinute":1380},{"weekdays":[6],"fromMinute":540,"toMinute":1380},{"weekdays":[0],"fromMinute":720,"toMinute":1380}],"fee":{"kind":"range","minCentsPerHour":132,"maxCentsPerHour":224},"unmodelledRules":["Feiertage 2026 laut Quelle: frei am 01.01., 25.12.; gebührenpflichtig wie am Wochentag am 26.12.; mit eigenen Zeiten (hier nicht gerechnet) am 06.04., 27.04., 14.05., 25.05.","Zusätzlich frei laut Quelle 2026: 05.04., 24.05."],"sourceDefect":null,"freeOnHolidays":false,"spaces":null,"maxStayMinutes":null,"maxStay":null,"maxStayShare":0,"maxStayValues":[],"chargingPoints":0,"carsharing":0},"geometry":{"type":"Polygon","coordinates":[[[4.48441,51.87341],[4.4844,51.87361],[4.48866,51.87357],[4.49032,51.87367],[4.49404,51.87401],[4.49412,51.87375],[4.49038,51.87349],[4.4887,51.8734],[4.48441,51.87341]]]}},{"type":"Feature","properties":{"zone":"291","district":"Charlois","rawHours":"Mo–Sa 9–23, So 12–23 Uhr","rawFee":"Stop en Shop: eerste 30min 0,20, daarna laagtarief — 1. Stunde 1,32 €, 2. Stunde 2,24 €, 3. Stunde 2,24 €","note":"Zone 291 — ma-za 9-23, zo 12-23, laagtarief Stop en Shop, 1e half uur 0,20","windows":[{"weekdays":[2],"fromMinute":540,"toMinute":1380},{"weekdays":[4],"fromMinute":540,"toMinute":1380},{"weekdays":[1],"fromMinute":540,"toMinute":1380},{"weekdays":[5],"fromMinute":540,"toMinute":1380},{"weekdays":[3],"fromMinute":540,"toMinute":1380},{"weekdays":[6],"fromMinute":540,"toMinute":1380},{"weekdays":[0],"fromMinute":720,"toMinute":1380}],"fee":{"kind":"range","minCentsPerHour":132,"maxCentsPerHour":224},"unmodelledRules":["Feiertage 2026 laut Quelle: frei am 01.01., 25.12.; gebührenpflichtig wie am Wochentag am 26.12.; mit eigenen Zeiten (hier nicht gerechnet) am 06.04., 27.04., 14.05., 25.05.","Zusätzlich frei laut Quelle 2026: 05.04., 24.05."],"sourceDefect":null,"freeOnHolidays":false,"spaces":null,"maxStayMinutes":null,"maxStay":null,"maxStayShare":0,"maxStayValues":[],"chargingPoints":0,"carsharing":0},"geometry":{"type":"Polygon","coordinates":[[[4.49279,51.87541],[4.49421,51.87536],[4.4942,51.87512],[4.49277,51.87518],[4.49279,51.87541]]]}},{"type":"Feature","properties":{"zone":"292","district":"Charlois","rawHours":"Mo–Fr 9–15 und 15–23, Sa 9–23, So 12–23 Uhr","rawFee":"2,24 per uur, te betalen in stappen van 15 min, laagtarief — 2,24 €/h · Stop en Sport: 1e 3 uur 50% korting daarna laagtarief — 1,12 €/h","note":"Zone 292 — ma-vrij 15-23, za 9-23, zo 12-23, laagtarief Stop en Sport, 1e 3 uur 50%","windows":[{"weekdays":[2],"fromMinute":540,"toMinute":900},{"weekdays":[2],"fromMinute":900,"toMinute":1380},{"weekdays":[4],"fromMinute":540,"toMinute":900},{"weekdays":[4],"fromMinute":900,"toMinute":1380},{"weekdays":[1],"fromMinute":540,"toMinute":900},{"weekdays":[1],"fromMinute":900,"toMinute":1380},{"weekdays":[5],"fromMinute":540,"toMinute":900},{"weekdays":[5],"fromMinute":900,"toMinute":1380},{"weekdays":[3],"fromMinute":540,"toMinute":900},{"weekdays":[3],"fromMinute":900,"toMinute":1380},{"weekdays":[6],"fromMinute":540,"toMinute":1380},{"weekdays":[0],"fromMinute":720,"toMinute":1380}],"fee":{"kind":"range","minCentsPerHour":112,"maxCentsPerHour":224},"unmodelledRules":["Feiertage 2026 laut Quelle: frei am 01.01., 25.12.; gebührenpflichtig wie am Wochentag am 26.12.; mit eigenen Zeiten (hier nicht gerechnet) am 06.04., 27.04., 14.05., 25.05.","Zusätzlich frei laut Quelle 2026: 05.04., 24.05."],"sourceDefect":null,"freeOnHolidays":false,"spaces":null,"maxStayMinutes":null,"maxStay":null,"maxStayShare":0,"maxStayValues":[],"chargingPoints":0,"carsharing":0},"geometry":{"type":"Polygon","coordinates":[[[4.477,51.86798],[4.47801,51.86791],[4.47794,51.86758],[4.47881,51.8675],[4.47878,51.86721],[4.47685,51.86738],[4.477,51.86798]]]}},{"type":"Feature","properties":{"zone":"292","district":"Charlois","rawHours":"Mo–Fr 9–15 und 15–23, Sa 9–23, So 12–23 Uhr","rawFee":"2,24 per uur, te betalen in stappen van 15 min, laagtarief — 2,24 €/h · Stop en Sport: 1e 3 uur 50% korting daarna laagtarief — 1,12 €/h","note":"Zone 292 — ma-vrij 15-23, za 9-23, zo 12-23, laagtarief Stop en Sport, 1e 3 uur 50%","windows":[{"weekdays":[2],"fromMinute":540,"toMinute":900},{"weekdays":[2],"fromMinute":900,"toMinute":1380},{"weekdays":[4],"fromMinute":540,"toMinute":900},{"weekdays":[4],"fromMinute":900,"toMinute":1380},{"weekdays":[1],"fromMinute":540,"toMinute":900},{"weekdays":[1],"fromMinute":900,"toMinute":1380},{"weekdays":[5],"fromMinute":540,"toMinute":900},{"weekdays":[5],"fromMinute":900,"toMinute":1380},{"weekdays":[3],"fromMinute":540,"toMinute":900},{"weekdays":[3],"fromMinute":900,"toMinute":1380},{"weekdays":[6],"fromMinute":540,"toMinute":1380},{"weekdays":[0],"fromMinute":720,"toMinute":1380}],"fee":{"kind":"range","minCentsPerHour":112,"maxCentsPerHour":224},"unmodelledRules":["Feiertage 2026 laut Quelle: frei am 01.01., 25.12.; gebührenpflichtig wie am Wochentag am 26.12.; mit eigenen Zeiten (hier nicht gerechnet) am 06.04., 27.04., 14.05., 25.05.","Zusätzlich frei laut Quelle 2026: 05.04., 24.05."],"sourceDefect":null,"freeOnHolidays":false,"spaces":null,"maxStayMinutes":null,"maxStay":null,"maxStayShare":0,"maxStayValues":[],"chargingPoints":0,"carsharing":0},"geometry":{"type":"Polygon","coordinates":[[[4.47926,51.87731],[4.47933,51.87767],[4.48568,51.87716],[4.48591,51.87824],[4.48623,51.87821],[4.48613,51.87714],[4.48745,51.87711],[4.4896,51.87729],[4.49077,51.87748],[4.49416,51.87829],[4.49356,51.87925],[4.49384,51.87931],[4.49441,51.87842],[4.49734,51.87953],[4.49718,51.87969],[4.4989,51.88046],[4.49905,51.88034],[4.50037,51.88093],[4.50081,51.88064],[4.49898,51.87985],[4.49572,51.87838],[4.4951,51.87816],[4.4946,51.87802],[4.49098,51.87718],[4.48937,51.87691],[4.4878,51.87683],[4.4859,51.87687],[4.48356,51.87696],[4.48284,51.87702],[4.48002,51.8773],[4.47926,51.87731]]]}},{"type":"Feature","properties":{"zone":"30","district":"Rotterdam Centrum","rawHours":"Mo–Do 9–23, Fr 9–24, Sa 0–1 und 9–24, So 0–1 und 12–23 Uhr","rawFee":"6,42 per uur, te betalen in stappen van 10 min, hoogtarief — 6,42 €/h","note":"Zone 30 — ma-do 9-23, vr-za 9-1, zo 12-23 hoogtarief","windows":[{"weekdays":[2],"fromMinute":540,"toMinute":1380},{"weekdays":[4],"fromMinute":540,"toMinute":1380},{"weekdays":[1],"fromMinute":540,"toMinute":1380},{"weekdays":[5],"fromMinute":540,"toMinute":1440},{"weekdays":[3],"fromMinute":540,"toMinute":1380},{"weekdays":[6],"fromMinute":0,"toMinute":60},{"weekdays":[6],"fromMinute":540,"toMinute":1440},{"weekdays":[0],"fromMinute":0,"toMinute":60},{"weekdays":[0],"fromMinute":720,"toMinute":1380}],"fee":{"kind":"exact","centsPerHour":642},"unmodelledRules":["Feiertage 2026 laut Quelle: frei am 01.01., 25.12.; gebührenpflichtig wie am Wochentag am 26.12.; mit eigenen Zeiten (hier nicht gerechnet) am 06.04., 27.04., 14.05., 25.05.","Zusätzlich frei laut Quelle 2026: 05.04., 24.05."],"sourceDefect":null,"freeOnHolidays":false,"spaces":null,"maxStayMinutes":null,"maxStay":null,"maxStayShare":0,"maxStayValues":[],"chargingPoints":0,"carsharing":0},"geometry":{"type":"Polygon","coordinates":[[[4.47586,51.92269],[4.47404,51.92234],[4.47353,51.92325],[4.47306,51.92317],[4.47521,51.91926],[4.47714,51.91728],[4.47761,51.91735],[4.47572,51.91935],[4.47511,51.92039],[4.47636,51.92064],[4.47629,51.92076],[4.47503,51.92052],[4.47426,51.92184],[4.47612,51.92225],[4.47819,51.92357],[4.47949,51.92111],[4.47985,51.92033],[4.48035,51.91899],[4.4811,51.91782],[4.47361,51.91634],[4.47259,51.91735],[4.47185,51.91993],[4.47157,51.9211],[4.46958,51.92456],[4.47241,51.92509],[4.47694,51.92603],[4.47798,51.92398],[4.47586,51.92269]]]}},{"type":"Feature","properties":{"zone":"300","district":"Feijenoord","rawHours":"Mo–Sa 9–23, So 12–23 Uhr","rawFee":"2,24 per uur, te betalen in stappen van 15 min, laagtarief — 2,24 €/h","note":"Zone 300 — ma-za 9-23, zo 12-23 laagtarief","windows":[{"weekdays":[2],"fromMinute":540,"toMinute":1380},{"weekdays":[4],"fromMinute":540,"toMinute":1380},{"weekdays":[1],"fromMinute":540,"toMinute":1380},{"weekdays":[5],"fromMinute":540,"toMinute":1380},{"weekdays":[3],"fromMinute":540,"toMinute":1380},{"weekdays":[6],"fromMinute":540,"toMinute":1380},{"weekdays":[0],"fromMinute":720,"toMinute":1380}],"fee":{"kind":"exact","centsPerHour":224},"unmodelledRules":["Feiertage 2026 laut Quelle: frei am 01.01., 25.12.; gebührenpflichtig wie am Wochentag am 26.12.; mit eigenen Zeiten (hier nicht gerechnet) am 06.04., 27.04., 14.05., 25.05.","Zusätzlich frei laut Quelle 2026: 05.04., 24.05."],"sourceDefect":null,"freeOnHolidays":false,"spaces":null,"maxStayMinutes":null,"maxStay":null,"maxStayShare":0,"maxStayValues":[],"chargingPoints":0,"carsharing":0},"geometry":{"type":"Polygon","coordinates":[[[4.50945,51.89383],[4.5082,51.89435],[4.50235,51.89761],[4.50174,51.89825],[4.50473,51.89833],[4.50656,51.89843],[4.50809,51.89869],[4.50905,51.89894],[4.51008,51.89943],[4.51062,51.89927],[4.51007,51.89908],[4.51062,51.89745],[4.51045,51.8966],[4.50989,51.89481],[4.50945,51.89383]]]}},{"type":"Feature","properties":{"zone":"300","district":"Feijenoord","rawHours":"Mo–Sa 9–23, So 12–23 Uhr","rawFee":"2,24 per uur, te betalen in stappen van 15 min, laagtarief — 2,24 €/h","note":"Zone 300 — ma-za 9-23, zo 12-23 laagtarief","windows":[{"weekdays":[2],"fromMinute":540,"toMinute":1380},{"weekdays":[4],"fromMinute":540,"toMinute":1380},{"weekdays":[1],"fromMinute":540,"toMinute":1380},{"weekdays":[5],"fromMinute":540,"toMinute":1380},{"weekdays":[3],"fromMinute":540,"toMinute":1380},{"weekdays":[6],"fromMinute":540,"toMinute":1380},{"weekdays":[0],"fromMinute":720,"toMinute":1380}],"fee":{"kind":"exact","centsPerHour":224},"unmodelledRules":["Feiertage 2026 laut Quelle: frei am 01.01., 25.12.; gebührenpflichtig wie am Wochentag am 26.12.; mit eigenen Zeiten (hier nicht gerechnet) am 06.04., 27.04., 14.05., 25.05.","Zusätzlich frei laut Quelle 2026: 05.04., 24.05."],"sourceDefect":null,"freeOnHolidays":false,"spaces":null,"maxStayMinutes":null,"maxStay":null,"maxStayShare":0,"maxStayValues":[],"chargingPoints":0,"carsharing":0},"geometry":{"type":"Polygon","coordinates":[[[4.51431,51.89052],[4.50982,51.89373],[4.51056,51.89536],[4.51119,51.89708],[4.51113,51.89782],[4.51062,51.89927],[4.51104,51.89971],[4.51231,51.89948],[4.51302,51.89931],[4.5138,51.89903],[4.51463,51.89856],[4.51525,51.89782],[4.51742,51.89491],[4.52035,51.89144],[4.51915,51.89104],[4.51431,51.89052]]]}},{"type":"Feature","properties":{"zone":"301","district":"Feijenoord","rawHours":"Mo–Sa 9–23, So 12–23 Uhr","rawFee":"Stop en Shop: eerste 30min 0,20, daarna laagtarief — 1. Stunde 1,32 €, 2. Stunde 2,24 €, 3. Stunde 2,24 €","note":"Zone 301 — ma-za 9-23, zo 12-23, laagtarief Stop en Shop, 1e half uur 0,20","windows":[{"weekdays":[2],"fromMinute":540,"toMinute":1380},{"weekdays":[4],"fromMinute":540,"toMinute":1380},{"weekdays":[1],"fromMinute":540,"toMinute":1380},{"weekdays":[5],"fromMinute":540,"toMinute":1380},{"weekdays":[3],"fromMinute":540,"toMinute":1380},{"weekdays":[6],"fromMinute":540,"toMinute":1380},{"weekdays":[0],"fromMinute":720,"toMinute":1380}],"fee":{"kind":"range","minCentsPerHour":132,"maxCentsPerHour":224},"unmodelledRules":["Feiertage 2026 laut Quelle: frei am 01.01., 25.12.; gebührenpflichtig wie am Wochentag am 26.12.; mit eigenen Zeiten (hier nicht gerechnet) am 06.04., 27.04., 14.05., 25.05.","Zusätzlich frei laut Quelle 2026: 05.04., 24.05."],"sourceDefect":null,"freeOnHolidays":false,"spaces":null,"maxStayMinutes":null,"maxStay":null,"maxStayShare":0,"maxStayValues":[],"chargingPoints":0,"carsharing":0},"geometry":{"type":"Polygon","coordinates":[[[4.50982,51.89373],[4.50945,51.89383],[4.50989,51.89481],[4.51045,51.8966],[4.51062,51.89745],[4.51007,51.89908],[4.51062,51.89927],[4.51113,51.89782],[4.51119,51.89708],[4.51056,51.89536],[4.50982,51.89373]]]}},{"type":"Feature","properties":{"zone":"31","district":"Rotterdam Centrum","rawHours":"Mo–Do 9–23, Fr 9–24, Sa 0–1 und 9–24, So 0–1 und 12–23 Uhr","rawFee":"6,42 per uur, te betalen in stappen van 10 min, hoogtarief — 6,42 €/h","note":"Zone 31 — ma-do 9-23, vrij-za tot 01, zo 12-23 hoogtarief (max 2u)","windows":[{"weekdays":[2],"fromMinute":540,"toMinute":1380},{"weekdays":[4],"fromMinute":540,"toMinute":1380},{"weekdays":[1],"fromMinute":540,"toMinute":1380},{"weekdays":[5],"fromMinute":540,"toMinute":1440},{"weekdays":[3],"fromMinute":540,"toMinute":1380},{"weekdays":[6],"fromMinute":0,"toMinute":60},{"weekdays":[6],"fromMinute":540,"toMinute":1440},{"weekdays":[0],"fromMinute":0,"toMinute":60},{"weekdays":[0],"fromMinute":720,"toMinute":1380}],"fee":{"kind":"exact","centsPerHour":642},"unmodelledRules":["Feiertage 2026 laut Quelle: frei am 01.01., 25.12.; gebührenpflichtig wie am Wochentag am 26.12.; mit eigenen Zeiten (hier nicht gerechnet) am 06.04., 27.04., 14.05., 25.05.","Zusätzlich frei laut Quelle 2026: 05.04., 24.05."],"sourceDefect":null,"freeOnHolidays":false,"spaces":null,"maxStayMinutes":120,"maxStay":null,"maxStayShare":0,"maxStayValues":[],"chargingPoints":0,"carsharing":0},"geometry":{"type":"Polygon","coordinates":[[[4.47586,51.92269],[4.47798,51.92398],[4.47819,51.92357],[4.47612,51.92225],[4.47426,51.92184],[4.47503,51.92052],[4.47629,51.92076],[4.47636,51.92064],[4.47511,51.92039],[4.47572,51.91935],[4.47761,51.91735],[4.47714,51.91728],[4.47521,51.91926],[4.47306,51.92317],[4.47353,51.92325],[4.47404,51.92234],[4.47586,51.92269]]]}},{"type":"Feature","properties":{"zone":"310","district":"Feijenoord","rawHours":"Mo–Sa 9–23, So 12–23 Uhr","rawFee":"2,24 per uur, te betalen in stappen van 15 min, laagtarief — 2,24 €/h","note":"Zone 310 — ma-za 9-23, zo 12-23 laagtarief","windows":[{"weekdays":[2],"fromMinute":540,"toMinute":1380},{"weekdays":[4],"fromMinute":540,"toMinute":1380},{"weekdays":[1],"fromMinute":540,"toMinute":1380},{"weekdays":[5],"fromMinute":540,"toMinute":1380},{"weekdays":[3],"fromMinute":540,"toMinute":1380},{"weekdays":[6],"fromMinute":540,"toMinute":1380},{"weekdays":[0],"fromMinute":720,"toMinute":1380}],"fee":{"kind":"exact","centsPerHour":224},"unmodelledRules":["Feiertage 2026 laut Quelle: frei am 01.01., 25.12.; gebührenpflichtig wie am Wochentag am 26.12.; mit eigenen Zeiten (hier nicht gerechnet) am 06.04., 27.04., 14.05., 25.05.","Zusätzlich frei laut Quelle 2026: 05.04., 24.05."],"sourceDefect":null,"freeOnHolidays":false,"spaces":null,"maxStayMinutes":null,"maxStay":null,"maxStayShare":0,"maxStayValues":[],"chargingPoints":0,"carsharing":0},"geometry":{"type":"Polygon","coordinates":[[[4.52258,51.88544],[4.52212,51.88433],[4.52145,51.88296],[4.51999,51.88264],[4.51647,51.88228],[4.51612,51.88216],[4.51561,51.88256],[4.51499,51.88247],[4.51406,51.88244],[4.51366,51.88238],[4.5131,51.88216],[4.51263,51.88184],[4.51161,51.88126],[4.5111,51.88089],[4.51054,51.88028],[4.50984,51.87973],[4.50924,51.87944],[4.50856,51.87904],[4.50599,51.87765],[4.50413,51.87864],[4.49879,51.88256],[4.49769,51.88315],[4.49621,51.88367],[4.49389,51.88439],[4.4933,51.88464],[4.49253,51.88505],[4.49203,51.88543],[4.49251,51.88776],[4.49263,51.88853],[4.49406,51.88928],[4.49635,51.88941],[4.49646,51.88943],[4.50607,51.88971],[4.50758,51.88972],[4.51371,51.89036],[4.51431,51.89052],[4.51915,51.89104],[4.52035,51.89144],[4.52241,51.88905],[4.52246,51.88877],[4.52221,51.88813],[4.5226,51.88594],[4.52258,51.88544]],[[4.51391,51.88323],[4.5119,51.88279],[4.51209,51.8824],[4.51258,51.88216],[4.51331,51.8826],[4.51417,51.88281],[4.51391,51.88323]],[[4.51293,51.88537],[4.50809,51.88445],[4.50823,51.88416],[4.51307,51.88515],[4.51293,51.88537]]]}},{"type":"Feature","properties":{"zone":"311","district":"Feijenoord","rawHours":"Mo–Sa 9–23, So 12–23 Uhr","rawFee":"Stop en Shop: eerste 30min 0,20, daarna laagtarief — 1. Stunde 1,32 €, 2. Stunde 2,24 €, 3. Stunde 2,24 €","note":"Zone 311 — ma-za 9-23, zo 12-23, laagtarief Stop en Shop, 1e half uur 0,20","windows":[{"weekdays":[2],"fromMinute":540,"toMinute":1380},{"weekdays":[4],"fromMinute":540,"toMinute":1380},{"weekdays":[1],"fromMinute":540,"toMinute":1380},{"weekdays":[5],"fromMinute":540,"toMinute":1380},{"weekdays":[3],"fromMinute":540,"toMinute":1380},{"weekdays":[6],"fromMinute":540,"toMinute":1380},{"weekdays":[0],"fromMinute":720,"toMinute":1380}],"fee":{"kind":"range","minCentsPerHour":132,"maxCentsPerHour":224},"unmodelledRules":["Feiertage 2026 laut Quelle: frei am 01.01., 25.12.; gebührenpflichtig wie am Wochentag am 26.12.; mit eigenen Zeiten (hier nicht gerechnet) am 06.04., 27.04., 14.05., 25.05.","Zusätzlich frei laut Quelle 2026: 05.04., 24.05."],"sourceDefect":null,"freeOnHolidays":false,"spaces":null,"maxStayMinutes":null,"maxStay":null,"maxStayShare":0,"maxStayValues":[],"chargingPoints":0,"carsharing":0},"geometry":{"type":"Polygon","coordinates":[[[4.50809,51.88445],[4.51293,51.88537],[4.51307,51.88515],[4.50823,51.88416],[4.50809,51.88445]]]}},{"type":"Feature","properties":{"zone":"312","district":"Feijenoord","rawHours":"Mo–Fr 9–15 und 15–23, Sa 9–23, So 12–23 Uhr","rawFee":"2,24 per uur, te betalen in stappen van 15 min, laagtarief — 2,24 €/h · Stop en Sport: 1e 3 uur 50% korting daarna laagtarief — 1,12 €/h","note":"Zone 312 — ma-vrij 15-23, za 9-23, zo 12-23, laagtarief Stop en Sport, 1e 3 uur 50%","windows":[{"weekdays":[2],"fromMinute":540,"toMinute":900},{"weekdays":[2],"fromMinute":900,"toMinute":1380},{"weekdays":[4],"fromMinute":540,"toMinute":900},{"weekdays":[4],"fromMinute":900,"toMinute":1380},{"weekdays":[1],"fromMinute":540,"toMinute":900},{"weekdays":[1],"fromMinute":900,"toMinute":1380},{"weekdays":[5],"fromMinute":540,"toMinute":900},{"weekdays":[5],"fromMinute":900,"toMinute":1380},{"weekdays":[3],"fromMinute":540,"toMinute":900},{"weekdays":[3],"fromMinute":900,"toMinute":1380},{"weekdays":[6],"fromMinute":540,"toMinute":1380},{"weekdays":[0],"fromMinute":720,"toMinute":1380}],"fee":{"kind":"range","minCentsPerHour":112,"maxCentsPerHour":224},"unmodelledRules":["Feiertage 2026 laut Quelle: frei am 01.01., 25.12.; gebührenpflichtig wie am Wochentag am 26.12.; mit eigenen Zeiten (hier nicht gerechnet) am 06.04., 27.04., 14.05., 25.05.","Zusätzlich frei laut Quelle 2026: 05.04., 24.05."],"sourceDefect":null,"freeOnHolidays":false,"spaces":null,"maxStayMinutes":null,"maxStay":null,"maxStayShare":0,"maxStayValues":[],"chargingPoints":0,"carsharing":0},"geometry":{"type":"Polygon","coordinates":[[[4.51391,51.88323],[4.51417,51.88281],[4.51331,51.8826],[4.51258,51.88216],[4.51209,51.8824],[4.5119,51.88279],[4.51391,51.88323]]]}},{"type":"Feature","properties":{"zone":"320","district":"Feijenoord","rawHours":"Mo–Sa 9–23, So 12–23 Uhr","rawFee":"3,20 per uur, te betalen in stappen van 15 min, middentarief — 3,20 €/h","note":"Zone 320 — ma-za 9-23, zo 12-23 middentarief","windows":[{"weekdays":[2],"fromMinute":540,"toMinute":1380},{"weekdays":[4],"fromMinute":540,"toMinute":1380},{"weekdays":[1],"fromMinute":540,"toMinute":1380},{"weekdays":[5],"fromMinute":540,"toMinute":1380},{"weekdays":[3],"fromMinute":540,"toMinute":1380},{"weekdays":[6],"fromMinute":540,"toMinute":1380},{"weekdays":[0],"fromMinute":720,"toMinute":1380}],"fee":{"kind":"exact","centsPerHour":320},"unmodelledRules":["Feiertage 2026 laut Quelle: frei am 01.01., 25.12.; gebührenpflichtig wie am Wochentag am 26.12.; mit eigenen Zeiten (hier nicht gerechnet) am 06.04., 27.04., 14.05., 25.05.","Zusätzlich frei laut Quelle 2026: 05.04., 24.05."],"sourceDefect":null,"freeOnHolidays":false,"spaces":null,"maxStayMinutes":null,"maxStay":null,"maxStayShare":0,"maxStayValues":[],"chargingPoints":0,"carsharing":0},"geometry":{"type":"Polygon","coordinates":[[[4.49974,51.9126],[4.49801,51.91153],[4.49812,51.91139],[4.50013,51.9113],[4.50068,51.91146],[4.5024,51.91018],[4.50289,51.91045],[4.50456,51.9093],[4.50697,51.90745],[4.50729,51.90718],[4.50921,51.90523],[4.51149,51.90283],[4.51214,51.90208],[4.51248,51.90158],[4.51248,51.90123],[4.5122,51.90095],[4.51167,51.90049],[4.50761,51.90232],[4.50467,51.90335],[4.50289,51.90407],[4.50238,51.90395],[4.50227,51.90412],[4.49164,51.90871],[4.49339,51.90946],[4.49747,51.91184],[4.49934,51.91288],[4.49974,51.9126]],[[4.50283,51.9044],[4.50324,51.90422],[4.5053,51.90606],[4.50486,51.90622],[4.50283,51.9044]]]}},{"type":"Feature","properties":{"zone":"321","district":"Feijenoord","rawHours":"Mo–Sa 9–23, So 12–23 Uhr","rawFee":"Stop en Shop: eerste 30min 0,20, daarna middentarief — 1. Stunde 1,80 €, 2. Stunde 3,20 €, 3. Stunde 3,20 €","note":"Zone 321 — ma-za 9-23, zo 12-23, middentarief Stop en Shop, 1e half uur 0,20","windows":[{"weekdays":[2],"fromMinute":540,"toMinute":1380},{"weekdays":[4],"fromMinute":540,"toMinute":1380},{"weekdays":[1],"fromMinute":540,"toMinute":1380},{"weekdays":[5],"fromMinute":540,"toMinute":1380},{"weekdays":[3],"fromMinute":540,"toMinute":1380},{"weekdays":[6],"fromMinute":540,"toMinute":1380},{"weekdays":[0],"fromMinute":720,"toMinute":1380}],"fee":{"kind":"range","minCentsPerHour":180,"maxCentsPerHour":320},"unmodelledRules":["Feiertage 2026 laut Quelle: frei am 01.01., 25.12.; gebührenpflichtig wie am Wochentag am 26.12.; mit eigenen Zeiten (hier nicht gerechnet) am 06.04., 27.04., 14.05., 25.05.","Zusätzlich frei laut Quelle 2026: 05.04., 24.05."],"sourceDefect":null,"freeOnHolidays":false,"spaces":null,"maxStayMinutes":null,"maxStay":null,"maxStayShare":0,"maxStayValues":[],"chargingPoints":0,"carsharing":0},"geometry":{"type":"Polygon","coordinates":[[[4.50324,51.90422],[4.50283,51.9044],[4.50486,51.90622],[4.5053,51.90606],[4.50324,51.90422]]]}},{"type":"Feature","properties":{"zone":"322","district":"Feijenoord","rawHours":"Mo–Sa 9–23, So 12–23 Uhr","rawFee":"Stop en Shop: eerste 30min 0,20, daarna middentarief — 1. Stunde 1,80 €, 2. Stunde 3,20 €, 3. Stunde 3,20 €","note":"Zone 322 — ma-za 9-23, zo 12-23, middentarief Stop en Shop, 1e half uur 0,20","windows":[{"weekdays":[2],"fromMinute":540,"toMinute":1380},{"weekdays":[4],"fromMinute":540,"toMinute":1380},{"weekdays":[1],"fromMinute":540,"toMinute":1380},{"weekdays":[5],"fromMinute":540,"toMinute":1380},{"weekdays":[3],"fromMinute":540,"toMinute":1380},{"weekdays":[6],"fromMinute":540,"toMinute":1380},{"weekdays":[0],"fromMinute":720,"toMinute":1380}],"fee":{"kind":"range","minCentsPerHour":180,"maxCentsPerHour":320},"unmodelledRules":["Feiertage 2026 laut Quelle: frei am 01.01., 25.12.; gebührenpflichtig wie am Wochentag am 26.12.; mit eigenen Zeiten (hier nicht gerechnet) am 06.04., 27.04., 14.05., 25.05.","Zusätzlich frei laut Quelle 2026: 05.04., 24.05."],"sourceDefect":null,"freeOnHolidays":false,"spaces":null,"maxStayMinutes":null,"maxStay":null,"maxStayShare":0,"maxStayValues":[],"chargingPoints":0,"carsharing":0},"geometry":{"type":"Polygon","coordinates":[[[4.50289,51.91045],[4.5024,51.91018],[4.50068,51.91146],[4.50013,51.9113],[4.49812,51.91139],[4.49801,51.91153],[4.49974,51.9126],[4.50289,51.91045]]]}},{"type":"Feature","properties":{"zone":"323","district":"Feijenoord","rawHours":"Mo–Sa 9–23, So 12–23 Uhr","rawFee":"6,42 per uur, te betalen in stappen van 10 min, hoogtarief — 6,42 €/h","note":"Zone 323 — ma-za 9-23, zo 12-23 hoogtarief","windows":[{"weekdays":[2],"fromMinute":540,"toMinute":1380},{"weekdays":[4],"fromMinute":540,"toMinute":1380},{"weekdays":[1],"fromMinute":540,"toMinute":1380},{"weekdays":[5],"fromMinute":540,"toMinute":1380},{"weekdays":[3],"fromMinute":540,"toMinute":1380},{"weekdays":[6],"fromMinute":540,"toMinute":1380},{"weekdays":[0],"fromMinute":720,"toMinute":1380}],"fee":{"kind":"exact","centsPerHour":642},"unmodelledRules":["Feiertage 2026 laut Quelle: frei am 01.01., 25.12.; gebührenpflichtig wie am Wochentag am 26.12.; mit eigenen Zeiten (hier nicht gerechnet) am 06.04., 27.04., 14.05., 25.05.","Zusätzlich frei laut Quelle 2026: 05.04., 24.05."],"sourceDefect":null,"freeOnHolidays":false,"spaces":null,"maxStayMinutes":null,"maxStay":null,"maxStayShare":0,"maxStayValues":[],"chargingPoints":0,"carsharing":0},"geometry":{"type":"Polygon","coordinates":[[[4.49454,51.90615],[4.49687,51.90518],[4.49644,51.90477],[4.49406,51.90575],[4.49454,51.90615]]]}},{"type":"Feature","properties":{"zone":"330","district":"Feijenoord","rawHours":"Mo–Sa 9–23, So 12–23 Uhr","rawFee":"3,20 per uur, te betalen in stappen van 15 min, middentarief — 3,20 €/h","note":"Zone 330 — ma-za 9-23, zo 12-23 middentarief","windows":[{"weekdays":[2],"fromMinute":540,"toMinute":1380},{"weekdays":[4],"fromMinute":540,"toMinute":1380},{"weekdays":[1],"fromMinute":540,"toMinute":1380},{"weekdays":[5],"fromMinute":540,"toMinute":1380},{"weekdays":[3],"fromMinute":540,"toMinute":1380},{"weekdays":[6],"fromMinute":540,"toMinute":1380},{"weekdays":[0],"fromMinute":720,"toMinute":1380}],"fee":{"kind":"exact","centsPerHour":320},"unmodelledRules":["Feiertage 2026 laut Quelle: frei am 01.01., 25.12.; gebührenpflichtig wie am Wochentag am 26.12.; mit eigenen Zeiten (hier nicht gerechnet) am 06.04., 27.04., 14.05., 25.05.","Zusätzlich frei laut Quelle 2026: 05.04., 24.05."],"sourceDefect":null,"freeOnHolidays":false,"spaces":null,"maxStayMinutes":null,"maxStay":null,"maxStayShare":0,"maxStayValues":[],"chargingPoints":0,"carsharing":0},"geometry":{"type":"Polygon","coordinates":[[[4.50467,51.90335],[4.50761,51.90232],[4.51167,51.90049],[4.51008,51.89943],[4.50905,51.89894],[4.50809,51.89869],[4.50656,51.89843],[4.50473,51.89833],[4.50174,51.89825],[4.49982,51.89814],[4.49776,51.89782],[4.49561,51.89739],[4.49493,51.89727],[4.49529,51.89815],[4.49572,51.90096],[4.49587,51.90148],[4.4964,51.90378],[4.49644,51.90477],[4.49781,51.90605],[4.50227,51.90412],[4.50238,51.90395],[4.50289,51.90407],[4.50467,51.90335]],[[4.49638,51.89893],[4.49655,51.8988],[4.50154,51.90144],[4.50129,51.90161],[4.49915,51.90045],[4.49726,51.90175],[4.49693,51.90167],[4.49638,51.89893]]]}},{"type":"Feature","properties":{"zone":"331","district":"Feijenoord","rawHours":"Mo–Sa 9–23, So 12–23 Uhr","rawFee":"Stop en Shop: eerste 30min 0,20, daarna middentarief — 1. Stunde 1,80 €, 2. Stunde 3,20 €, 3. Stunde 3,20 €","note":"Zone 331 — ma-za 9-23, zo 12-23, middentarief Stop en Shop, 1e half uur 0,20","windows":[{"weekdays":[2],"fromMinute":540,"toMinute":1380},{"weekdays":[4],"fromMinute":540,"toMinute":1380},{"weekdays":[1],"fromMinute":540,"toMinute":1380},{"weekdays":[5],"fromMinute":540,"toMinute":1380},{"weekdays":[3],"fromMinute":540,"toMinute":1380},{"weekdays":[6],"fromMinute":540,"toMinute":1380},{"weekdays":[0],"fromMinute":720,"toMinute":1380}],"fee":{"kind":"range","minCentsPerHour":180,"maxCentsPerHour":320},"unmodelledRules":["Feiertage 2026 laut Quelle: frei am 01.01., 25.12.; gebührenpflichtig wie am Wochentag am 26.12.; mit eigenen Zeiten (hier nicht gerechnet) am 06.04., 27.04., 14.05., 25.05.","Zusätzlich frei laut Quelle 2026: 05.04., 24.05."],"sourceDefect":null,"freeOnHolidays":false,"spaces":null,"maxStayMinutes":null,"maxStay":null,"maxStayShare":0,"maxStayValues":[],"chargingPoints":0,"carsharing":0},"geometry":{"type":"Polygon","coordinates":[[[4.49726,51.90175],[4.49915,51.90045],[4.50129,51.90161],[4.50154,51.90144],[4.49655,51.8988],[4.49638,51.89893],[4.49693,51.90167],[4.49726,51.90175]]]}},{"type":"Feature","properties":{"zone":"340","district":"Feijenoord","rawHours":"Mo–Sa 9–23, So 12–23 Uhr","rawFee":"2,24 per uur, te betalen in stappen van 15 min, laagtarief — 2,24 €/h","note":"Zone 340 — ma-za 9-23, zo 12-23 laagtarief","windows":[{"weekdays":[2],"fromMinute":540,"toMinute":1380},{"weekdays":[4],"fromMinute":540,"toMinute":1380},{"weekdays":[1],"fromMinute":540,"toMinute":1380},{"weekdays":[5],"fromMinute":540,"toMinute":1380},{"weekdays":[3],"fromMinute":540,"toMinute":1380},{"weekdays":[6],"fromMinute":540,"toMinute":1380},{"weekdays":[0],"fromMinute":720,"toMinute":1380}],"fee":{"kind":"exact","centsPerHour":224},"unmodelledRules":["Feiertage 2026 laut Quelle: frei am 01.01., 25.12.; gebührenpflichtig wie am Wochentag am 26.12.; mit eigenen Zeiten (hier nicht gerechnet) am 06.04., 27.04., 14.05., 25.05.","Zusätzlich frei laut Quelle 2026: 05.04., 24.05."],"sourceDefect":null,"freeOnHolidays":false,"spaces":null,"maxStayMinutes":null,"maxStay":null,"maxStayShare":0,"maxStayValues":[],"chargingPoints":0,"carsharing":0},"geometry":{"type":"Polygon","coordinates":[[[4.50945,51.89383],[4.50763,51.88994],[4.50806,51.88993],[4.5081,51.89002],[4.50835,51.88988],[4.50856,51.8899],[4.50816,51.89015],[4.50982,51.89373],[4.51431,51.89052],[4.51371,51.89036],[4.50758,51.88972],[4.50607,51.88971],[4.49646,51.88943],[4.49635,51.88941],[4.49406,51.88928],[4.49436,51.8896],[4.49422,51.89232],[4.49407,51.89426],[4.49561,51.89739],[4.49776,51.89782],[4.49982,51.89814],[4.50174,51.89825],[4.50235,51.89761],[4.5082,51.89435],[4.50945,51.89383]],[[4.5018,51.89382],[4.50085,51.89328],[4.50126,51.89301],[4.50221,51.89355],[4.5018,51.89382]]]}},{"type":"Feature","properties":{"zone":"341","district":"Feijenoord","rawHours":"Mo–Sa 9–23, So 12–23 Uhr","rawFee":"Stop en Shop: eerste 30min 0,20, daarna laagtarief — 1. Stunde 1,32 €, 2. Stunde 2,24 €, 3. Stunde 2,24 €","note":"Zone 341 — ma-za 9-23, zo 12-23, laagtarief Stop en Shop, 1e half uur 0,20","windows":[{"weekdays":[2],"fromMinute":540,"toMinute":1380},{"weekdays":[4],"fromMinute":540,"toMinute":1380},{"weekdays":[1],"fromMinute":540,"toMinute":1380},{"weekdays":[5],"fromMinute":540,"toMinute":1380},{"weekdays":[3],"fromMinute":540,"toMinute":1380},{"weekdays":[6],"fromMinute":540,"toMinute":1380},{"weekdays":[0],"fromMinute":720,"toMinute":1380}],"fee":{"kind":"range","minCentsPerHour":132,"maxCentsPerHour":224},"unmodelledRules":["Feiertage 2026 laut Quelle: frei am 01.01., 25.12.; gebührenpflichtig wie am Wochentag am 26.12.; mit eigenen Zeiten (hier nicht gerechnet) am 06.04., 27.04., 14.05., 25.05.","Zusätzlich frei laut Quelle 2026: 05.04., 24.05."],"sourceDefect":null,"freeOnHolidays":false,"spaces":null,"maxStayMinutes":null,"maxStay":null,"maxStayShare":0,"maxStayValues":[],"chargingPoints":0,"carsharing":0},"geometry":{"type":"Polygon","coordinates":[[[4.50982,51.89373],[4.50816,51.89015],[4.50856,51.8899],[4.50835,51.88988],[4.5081,51.89002],[4.50806,51.88993],[4.50763,51.88994],[4.50945,51.89383],[4.50982,51.89373]]]}},{"type":"Feature","properties":{"zone":"341","district":"Feijenoord","rawHours":"Mo–Sa 9–23, So 12–23 Uhr","rawFee":"Stop en Shop: eerste 30min 0,20, daarna laagtarief — 1. Stunde 1,32 €, 2. Stunde 2,24 €, 3. Stunde 2,24 €","note":"Zone 341 — ma-za 9-23, zo 12-23, laagtarief Stop en Shop, 1e half uur 0,20","windows":[{"weekdays":[2],"fromMinute":540,"toMinute":1380},{"weekdays":[4],"fromMinute":540,"toMinute":1380},{"weekdays":[1],"fromMinute":540,"toMinute":1380},{"weekdays":[5],"fromMinute":540,"toMinute":1380},{"weekdays":[3],"fromMinute":540,"toMinute":1380},{"weekdays":[6],"fromMinute":540,"toMinute":1380},{"weekdays":[0],"fromMinute":720,"toMinute":1380}],"fee":{"kind":"range","minCentsPerHour":132,"maxCentsPerHour":224},"unmodelledRules":["Feiertage 2026 laut Quelle: frei am 01.01., 25.12.; gebührenpflichtig wie am Wochentag am 26.12.; mit eigenen Zeiten (hier nicht gerechnet) am 06.04., 27.04., 14.05., 25.05.","Zusätzlich frei laut Quelle 2026: 05.04., 24.05."],"sourceDefect":null,"freeOnHolidays":false,"spaces":null,"maxStayMinutes":null,"maxStay":null,"maxStayShare":0,"maxStayValues":[],"chargingPoints":0,"carsharing":0},"geometry":{"type":"Polygon","coordinates":[[[4.5018,51.89382],[4.50221,51.89355],[4.50126,51.89301],[4.50085,51.89328],[4.5018,51.89382]]]}},{"type":"Feature","properties":{"zone":"350","district":"Feijenoord","rawHours":"Mo–Sa 9–23, So 12–23 Uhr","rawFee":"3,20 per uur, te betalen in stappen van 15 min, middentarief — 3,20 €/h","note":"Zone 350 — ma-za 9-23, zo 12-23 middentarief","windows":[{"weekdays":[2],"fromMinute":540,"toMinute":1380},{"weekdays":[4],"fromMinute":540,"toMinute":1380},{"weekdays":[1],"fromMinute":540,"toMinute":1380},{"weekdays":[5],"fromMinute":540,"toMinute":1380},{"weekdays":[3],"fromMinute":540,"toMinute":1380},{"weekdays":[6],"fromMinute":540,"toMinute":1380},{"weekdays":[0],"fromMinute":720,"toMinute":1380}],"fee":{"kind":"exact","centsPerHour":320},"unmodelledRules":["Feiertage 2026 laut Quelle: frei am 01.01., 25.12.; gebührenpflichtig wie am Wochentag am 26.12.; mit eigenen Zeiten (hier nicht gerechnet) am 06.04., 27.04., 14.05., 25.05.","Zusätzlich frei laut Quelle 2026: 05.04., 24.05."],"sourceDefect":null,"freeOnHolidays":false,"spaces":null,"maxStayMinutes":null,"maxStay":null,"maxStayShare":0,"maxStayValues":[],"chargingPoints":0,"carsharing":0},"geometry":{"type":"Polygon","coordinates":[[[4.48577,51.89939],[4.47655,51.89745],[4.47529,51.8991],[4.47315,51.89986],[4.48059,51.90285],[4.48859,51.90259],[4.49411,51.90363],[4.4964,51.90378],[4.49587,51.90148],[4.48577,51.89939]]]}},{"type":"Feature","properties":{"zone":"370","district":"Feijenoord","rawHours":"Mo–Sa 9–23, So 12–23 Uhr","rawFee":"3,20 per uur, te betalen in stappen van 15 min, middentarief — 3,20 €/h","note":"Zone 370 — ma-za 9-23, zo 12-23 middentarief","windows":[{"weekdays":[2],"fromMinute":540,"toMinute":1380},{"weekdays":[4],"fromMinute":540,"toMinute":1380},{"weekdays":[1],"fromMinute":540,"toMinute":1380},{"weekdays":[5],"fromMinute":540,"toMinute":1380},{"weekdays":[3],"fromMinute":540,"toMinute":1380},{"weekdays":[6],"fromMinute":540,"toMinute":1380},{"weekdays":[0],"fromMinute":720,"toMinute":1380}],"fee":{"kind":"exact","centsPerHour":320},"unmodelledRules":["Feiertage 2026 laut Quelle: frei am 01.01., 25.12.; gebührenpflichtig wie am Wochentag am 26.12.; mit eigenen Zeiten (hier nicht gerechnet) am 06.04., 27.04., 14.05., 25.05.","Zusätzlich frei laut Quelle 2026: 05.04., 24.05."],"sourceDefect":null,"freeOnHolidays":false,"spaces":null,"maxStayMinutes":null,"maxStay":null,"maxStayShare":0,"maxStayValues":[],"chargingPoints":0,"carsharing":0},"geometry":{"type":"Polygon","coordinates":[[[4.48798,51.90986],[4.48797,51.91001],[4.48831,51.91046],[4.48863,51.91082],[4.48911,51.91124],[4.48985,51.91179],[4.4951,51.91492],[4.49595,51.91548],[4.49657,51.91573],[4.49672,51.91594],[4.49738,51.91625],[4.49798,51.91629],[4.49928,51.91659],[4.50244,51.91682],[4.50296,51.91646],[4.49986,51.91469],[4.49752,51.91344],[4.49255,51.9107],[4.48918,51.90943],[4.489,51.90943],[4.48798,51.90986]]]}},{"type":"Feature","properties":{"zone":"380","district":"Feijenoord","rawHours":"Mo–Sa 9–23, So 12–23 Uhr","rawFee":"3,20 per uur, te betalen in stappen van 15 min, middentarief — 3,20 €/h","note":"Zone 380 — ma-za 9-23, zo 12-23 middentarief","windows":[{"weekdays":[2],"fromMinute":540,"toMinute":1380},{"weekdays":[4],"fromMinute":540,"toMinute":1380},{"weekdays":[1],"fromMinute":540,"toMinute":1380},{"weekdays":[5],"fromMinute":540,"toMinute":1380},{"weekdays":[3],"fromMinute":540,"toMinute":1380},{"weekdays":[6],"fromMinute":540,"toMinute":1380},{"weekdays":[0],"fromMinute":720,"toMinute":1380}],"fee":{"kind":"exact","centsPerHour":320},"unmodelledRules":["Feiertage 2026 laut Quelle: frei am 01.01., 25.12.; gebührenpflichtig wie am Wochentag am 26.12.; mit eigenen Zeiten (hier nicht gerechnet) am 06.04., 27.04., 14.05., 25.05.","Zusätzlich frei laut Quelle 2026: 05.04., 24.05."],"sourceDefect":null,"freeOnHolidays":false,"spaces":null,"maxStayMinutes":null,"maxStay":null,"maxStayShare":0,"maxStayValues":[],"chargingPoints":0,"carsharing":0},"geometry":{"type":"Polygon","coordinates":[[[4.51419,51.90894],[4.51424,51.90811],[4.5141,51.90585],[4.5143,51.90365],[4.51409,51.90215],[4.51294,51.90175],[4.51199,51.90286],[4.51194,51.90285],[4.51184,51.90297],[4.51188,51.90298],[4.51158,51.90336],[4.51151,51.90339],[4.51029,51.90475],[4.50976,51.9053],[4.50987,51.90561],[4.5097,51.90562],[4.50959,51.90544],[4.50898,51.90603],[4.50758,51.90731],[4.50729,51.90718],[4.50697,51.90745],[4.50456,51.9093],[4.49934,51.91288],[4.50421,51.91542],[4.50609,51.91553],[4.5074,51.91519],[4.50845,51.91485],[4.51033,51.91386],[4.51215,51.91256],[4.51312,51.91153],[4.51371,51.91071],[4.51419,51.90894]],[[4.51259,51.90743],[4.51291,51.90754],[4.51242,51.90808],[4.51209,51.90798],[4.51259,51.90743]]]}},{"type":"Feature","properties":{"zone":"381","district":"Feijenoord","rawHours":"Mo–Fr 9–15 und 15–23, Sa 9–23, So 12–23 Uhr","rawFee":"3,20 per uur, te betalen in stappen van 15 min, middentarief — 3,20 €/h · Stop en Sport: 1e 3 uur 50% korting daarna middentarief — 1,60 €/h","note":"Zone 381 — ma-vrij 15-23, za 9-23, zo 12-23, middentarief Stop en Sport, 1e 3 uur 50%","windows":[{"weekdays":[2],"fromMinute":540,"toMinute":900},{"weekdays":[2],"fromMinute":900,"toMinute":1380},{"weekdays":[4],"fromMinute":540,"toMinute":900},{"weekdays":[4],"fromMinute":900,"toMinute":1380},{"weekdays":[1],"fromMinute":540,"toMinute":900},{"weekdays":[1],"fromMinute":900,"toMinute":1380},{"weekdays":[5],"fromMinute":540,"toMinute":900},{"weekdays":[5],"fromMinute":900,"toMinute":1380},{"weekdays":[3],"fromMinute":540,"toMinute":900},{"weekdays":[3],"fromMinute":900,"toMinute":1380},{"weekdays":[6],"fromMinute":540,"toMinute":1380},{"weekdays":[0],"fromMinute":720,"toMinute":1380}],"fee":{"kind":"range","minCentsPerHour":160,"maxCentsPerHour":320},"unmodelledRules":["Feiertage 2026 laut Quelle: frei am 01.01., 25.12.; gebührenpflichtig wie am Wochentag am 26.12.; mit eigenen Zeiten (hier nicht gerechnet) am 06.04., 27.04., 14.05., 25.05.","Zusätzlich frei laut Quelle 2026: 05.04., 24.05."],"sourceDefect":null,"freeOnHolidays":false,"spaces":null,"maxStayMinutes":null,"maxStay":null,"maxStayShare":0,"maxStayValues":[],"chargingPoints":0,"carsharing":0},"geometry":{"type":"Polygon","coordinates":[[[4.51259,51.90743],[4.51209,51.90798],[4.51242,51.90808],[4.51291,51.90754],[4.51259,51.90743]]]}},{"type":"Feature","properties":{"zone":"40","district":"Rotterdam Centrum","rawHours":"Mo–Do 9–23, Fr 9–24, Sa 0–1 und 9–24, So 0–1 und 12–23 Uhr","rawFee":"6,42 per uur, te betalen in stappen van 10 min, hoogtarief — 6,42 €/h","note":"Zone 40 — ma-do 9-23, vr-za 9-1, zo 12-23 hoogtarief","windows":[{"weekdays":[2],"fromMinute":540,"toMinute":1380},{"weekdays":[4],"fromMinute":540,"toMinute":1380},{"weekdays":[1],"fromMinute":540,"toMinute":1380},{"weekdays":[5],"fromMinute":540,"toMinute":1440},{"weekdays":[3],"fromMinute":540,"toMinute":1380},{"weekdays":[6],"fromMinute":0,"toMinute":60},{"weekdays":[6],"fromMinute":540,"toMinute":1440},{"weekdays":[0],"fromMinute":0,"toMinute":60},{"weekdays":[0],"fromMinute":720,"toMinute":1380}],"fee":{"kind":"exact","centsPerHour":642},"unmodelledRules":["Feiertage 2026 laut Quelle: frei am 01.01., 25.12.; gebührenpflichtig wie am Wochentag am 26.12.; mit eigenen Zeiten (hier nicht gerechnet) am 06.04., 27.04., 14.05., 25.05.","Zusätzlich frei laut Quelle 2026: 05.04., 24.05."],"sourceDefect":null,"freeOnHolidays":false,"spaces":null,"maxStayMinutes":null,"maxStay":null,"maxStayShare":0,"maxStayValues":[],"chargingPoints":0,"carsharing":0},"geometry":{"type":"Polygon","coordinates":[[[4.47979,51.91218],[4.47786,51.91163],[4.47761,51.91198],[4.47645,51.9134],[4.47531,51.91505],[4.47613,51.91527],[4.47771,51.91566],[4.47791,51.91573],[4.47978,51.91621],[4.48156,51.91622],[4.48151,51.91571],[4.48162,51.91462],[4.48164,51.91299],[4.4816,51.91251],[4.48161,51.91229],[4.47979,51.91218]]]}},{"type":"Feature","properties":{"zone":"400","district":"Prins Alexander","rawHours":"Mo–Do 9–18, Fr 9–21, Sa 9–18, So 12–18 Uhr","rawFee":"2,24 per uur, te betalen in stappen van 15 min, laagtarief — 2,24 €/h","note":"Zone 400 — ma-do en za 9-18, vr 9-21, zo 12-18 laagtarief","windows":[{"weekdays":[2],"fromMinute":540,"toMinute":1080},{"weekdays":[4],"fromMinute":540,"toMinute":1080},{"weekdays":[1],"fromMinute":540,"toMinute":1080},{"weekdays":[5],"fromMinute":540,"toMinute":1260},{"weekdays":[3],"fromMinute":540,"toMinute":1080},{"weekdays":[6],"fromMinute":540,"toMinute":1080},{"weekdays":[0],"fromMinute":720,"toMinute":1080}],"fee":{"kind":"exact","centsPerHour":224},"unmodelledRules":["Feiertage 2026 laut Quelle: frei am 01.01., 25.12.; gebührenpflichtig wie am Wochentag am 26.12.; mit eigenen Zeiten (hier nicht gerechnet) am 06.04., 27.04., 14.05., 25.05.","Zusätzlich frei laut Quelle 2026: 05.04., 24.05."],"sourceDefect":null,"freeOnHolidays":false,"spaces":null,"maxStayMinutes":null,"maxStay":null,"maxStayShare":0,"maxStayValues":[],"chargingPoints":0,"carsharing":0},"geometry":{"type":"Polygon","coordinates":[[[4.55675,51.94392],[4.55587,51.94423],[4.55539,51.94399],[4.55489,51.94513],[4.55417,51.94667],[4.55369,51.94778],[4.55359,51.94848],[4.55321,51.94936],[4.55253,51.95022],[4.55245,51.95042],[4.55211,51.9504],[4.55203,51.95044],[4.55147,51.9517],[4.55089,51.95309],[4.5511,51.9531],[4.55168,51.95178],[4.55202,51.95158],[4.55498,51.95182],[4.55512,51.95116],[4.55482,51.95115],[4.55542,51.94972],[4.56014,51.95043],[4.56322,51.95085],[4.56383,51.95071],[4.56391,51.9506],[4.56337,51.9505],[4.5638,51.94954],[4.56433,51.9496],[4.56487,51.94828],[4.56115,51.94779],[4.56032,51.94806],[4.55918,51.94789],[4.55951,51.94744],[4.56031,51.94717],[4.55968,51.94649],[4.55917,51.94604],[4.55804,51.94481],[4.55768,51.94495],[4.55675,51.94392]]]}},{"type":"Feature","properties":{"zone":"41","district":"Rotterdam Centrum","rawHours":"Mo–Do 9–23, Fr 9–24, Sa 0–1 und 9–24, So 0–1 und 12–23 Uhr","rawFee":"6,42 per uur, te betalen in stappen van 10 min, hoogtarief — 6,42 €/h","note":"Zone 41 — ma-do 9-23, vr-za 9-1, zo 12-23 hoogtarief","windows":[{"weekdays":[2],"fromMinute":540,"toMinute":1380},{"weekdays":[4],"fromMinute":540,"toMinute":1380},{"weekdays":[1],"fromMinute":540,"toMinute":1380},{"weekdays":[5],"fromMinute":540,"toMinute":1440},{"weekdays":[3],"fromMinute":540,"toMinute":1380},{"weekdays":[6],"fromMinute":0,"toMinute":60},{"weekdays":[6],"fromMinute":540,"toMinute":1440},{"weekdays":[0],"fromMinute":0,"toMinute":60},{"weekdays":[0],"fromMinute":720,"toMinute":1380}],"fee":{"kind":"exact","centsPerHour":642},"unmodelledRules":["Feiertage 2026 laut Quelle: frei am 01.01., 25.12.; gebührenpflichtig wie am Wochentag am 26.12.; mit eigenen Zeiten (hier nicht gerechnet) am 06.04., 27.04., 14.05., 25.05.","Zusätzlich frei laut Quelle 2026: 05.04., 24.05."],"sourceDefect":null,"freeOnHolidays":false,"spaces":null,"maxStayMinutes":null,"maxStay":null,"maxStayShare":0,"maxStayValues":[],"chargingPoints":0,"carsharing":0},"geometry":{"type":"Polygon","coordinates":[[[4.47978,51.91621],[4.47791,51.91573],[4.47771,51.91566],[4.47613,51.91527],[4.47531,51.91505],[4.47645,51.9134],[4.47761,51.91198],[4.47786,51.91163],[4.47745,51.91152],[4.47684,51.91235],[4.47591,51.91352],[4.47486,51.91493],[4.47381,51.91609],[4.47361,51.91634],[4.4811,51.91782],[4.48294,51.91822],[4.48298,51.91391],[4.48314,51.91298],[4.48334,51.91246],[4.48242,51.91234],[4.48161,51.91229],[4.4816,51.91251],[4.48164,51.91299],[4.48162,51.91462],[4.48151,51.91571],[4.48156,51.91622],[4.47978,51.91621]]]}},{"type":"Feature","properties":{"zone":"410","district":"Prins Alexander","rawHours":"Mo–Fr 9–18 Uhr","rawFee":"2,24 per uur, te betalen in stappen van 15 min, laagtarief — 2,24 €/h","note":"Zone 410 — ma-vr 9-18 laagtarief","windows":[{"weekdays":[2],"fromMinute":540,"toMinute":1080},{"weekdays":[4],"fromMinute":540,"toMinute":1080},{"weekdays":[1],"fromMinute":540,"toMinute":1080},{"weekdays":[5],"fromMinute":540,"toMinute":1080},{"weekdays":[3],"fromMinute":540,"toMinute":1080}],"fee":{"kind":"exact","centsPerHour":224},"unmodelledRules":["Zusätzlich frei laut Quelle 2026: 17.02., 04.03., 20.03., 05.05., 18.05., 27.05."],"sourceDefect":null,"spaces":null,"maxStayMinutes":null,"maxStay":null,"maxStayShare":0,"maxStayValues":[],"chargingPoints":0,"carsharing":0},"geometry":{"type":"Polygon","coordinates":[[[4.55473,51.92061],[4.55529,51.92215],[4.55639,51.92271],[4.55857,51.92377],[4.55866,51.92352],[4.55898,51.92365],[4.55938,51.92205],[4.55473,51.92061]]]}},{"type":"Feature","properties":{"zone":"42","district":"Rotterdam Centrum","rawHours":"Mo–Sa 9–23, So 12–23 Uhr","rawFee":"6,42 per uur, te betalen in stappen van 10 min, hoogtarief — 6,42 €/h","note":"Zone 42 — ma-za 9-23, zo 12-23 hoogtarief","windows":[{"weekdays":[2],"fromMinute":540,"toMinute":1380},{"weekdays":[4],"fromMinute":540,"toMinute":1380},{"weekdays":[1],"fromMinute":540,"toMinute":1380},{"weekdays":[5],"fromMinute":540,"toMinute":1380},{"weekdays":[3],"fromMinute":540,"toMinute":1380},{"weekdays":[6],"fromMinute":540,"toMinute":1380},{"weekdays":[0],"fromMinute":720,"toMinute":1380}],"fee":{"kind":"exact","centsPerHour":642},"unmodelledRules":["Feiertage 2026 laut Quelle: frei am 01.01., 25.12.; gebührenpflichtig wie am Wochentag am 26.12.; mit eigenen Zeiten (hier nicht gerechnet) am 06.04., 27.04., 14.05., 25.05.","Zusätzlich frei laut Quelle 2026: 05.04., 24.05."],"sourceDefect":null,"freeOnHolidays":false,"spaces":null,"maxStayMinutes":null,"maxStay":null,"maxStayShare":0,"maxStayValues":[],"chargingPoints":0,"carsharing":0},"geometry":{"type":"Polygon","coordinates":[[[4.47486,51.91493],[4.47591,51.91352],[4.47684,51.91235],[4.47745,51.91152],[4.47161,51.90968],[4.46714,51.90834],[4.46597,51.90804],[4.46452,51.91034],[4.4643,51.91058],[4.46372,51.91161],[4.46762,51.91287],[4.46951,51.91408],[4.47081,51.91495],[4.47204,51.91566],[4.47381,51.91609],[4.47486,51.91493]]]}},{"type":"Feature","properties":{"zone":"50","district":"Rotterdam Centrum","rawHours":"Mo–Sa 9–23, So 12–23 Uhr","rawFee":"6,42 per uur, te betalen in stappen van 10 min, hoogtarief — 6,42 €/h","note":"Zone 50 — ma-za 9-23, zo 12-23 hoogtarief","windows":[{"weekdays":[2],"fromMinute":540,"toMinute":1380},{"weekdays":[4],"fromMinute":540,"toMinute":1380},{"weekdays":[1],"fromMinute":540,"toMinute":1380},{"weekdays":[5],"fromMinute":540,"toMinute":1380},{"weekdays":[3],"fromMinute":540,"toMinute":1380},{"weekdays":[6],"fromMinute":540,"toMinute":1380},{"weekdays":[0],"fromMinute":720,"toMinute":1380}],"fee":{"kind":"exact","centsPerHour":642},"unmodelledRules":["Feiertage 2026 laut Quelle: frei am 01.01., 25.12.; gebührenpflichtig wie am Wochentag am 26.12.; mit eigenen Zeiten (hier nicht gerechnet) am 06.04., 27.04., 14.05., 25.05.","Zusätzlich frei laut Quelle 2026: 05.04., 24.05."],"sourceDefect":null,"freeOnHolidays":false,"spaces":null,"maxStayMinutes":null,"maxStay":null,"maxStayShare":0,"maxStayValues":[],"chargingPoints":0,"carsharing":0},"geometry":{"type":"Polygon","coordinates":[[[4.4729,51.91641],[4.47135,51.9158],[4.47098,51.91607],[4.47044,51.9159],[4.46895,51.91434],[4.46909,51.9143],[4.46951,51.91408],[4.46762,51.91287],[4.46372,51.91161],[4.46366,51.91171],[4.46351,51.91221],[4.46377,51.91302],[4.46374,51.91357],[4.4637,51.91369],[4.46494,51.91388],[4.46574,51.91428],[4.46615,51.91494],[4.46648,51.91535],[4.46679,51.91551],[4.47042,51.91636],[4.47256,51.91684],[4.4729,51.91641]]]}},{"type":"Feature","properties":{"zone":"50","district":"Rotterdam Centrum","rawHours":"Mo–Sa 9–23, So 12–23 Uhr","rawFee":"6,42 per uur, te betalen in stappen van 10 min, hoogtarief — 6,42 €/h","note":"Zone 50 — ma-za 9-23, zo 12-23 hoogtarief","windows":[{"weekdays":[2],"fromMinute":540,"toMinute":1380},{"weekdays":[4],"fromMinute":540,"toMinute":1380},{"weekdays":[1],"fromMinute":540,"toMinute":1380},{"weekdays":[5],"fromMinute":540,"toMinute":1380},{"weekdays":[3],"fromMinute":540,"toMinute":1380},{"weekdays":[6],"fromMinute":540,"toMinute":1380},{"weekdays":[0],"fromMinute":720,"toMinute":1380}],"fee":{"kind":"exact","centsPerHour":642},"unmodelledRules":["Feiertage 2026 laut Quelle: frei am 01.01., 25.12.; gebührenpflichtig wie am Wochentag am 26.12.; mit eigenen Zeiten (hier nicht gerechnet) am 06.04., 27.04., 14.05., 25.05.","Zusätzlich frei laut Quelle 2026: 05.04., 24.05."],"sourceDefect":null,"freeOnHolidays":false,"spaces":null,"maxStayMinutes":null,"maxStay":null,"maxStayShare":0,"maxStayValues":[],"chargingPoints":0,"carsharing":0},"geometry":{"type":"Polygon","coordinates":[[[4.46512,51.91424],[4.46363,51.91391],[4.46344,51.91453],[4.46296,51.91558],[4.46279,51.91629],[4.46282,51.91691],[4.46311,51.91844],[4.46317,51.91887],[4.46438,51.91903],[4.46549,51.91937],[4.46577,51.91955],[4.46626,51.9198],[4.46676,51.91991],[4.46915,51.92032],[4.4697,51.92043],[4.47113,51.92075],[4.47123,51.92018],[4.47135,51.91918],[4.47158,51.91824],[4.47184,51.91758],[4.47224,51.91703],[4.46806,51.91604],[4.46674,51.91577],[4.46614,51.91553],[4.46575,51.91503],[4.46563,51.91459],[4.46512,51.91424]]]}},{"type":"Feature","properties":{"zone":"50","district":"Rotterdam Centrum","rawHours":"Mo–Sa 9–23, So 12–23 Uhr","rawFee":"6,42 per uur, te betalen in stappen van 10 min, hoogtarief — 6,42 €/h","note":"Zone 50 — ma-za 9-23, zo 12-23 hoogtarief","windows":[{"weekdays":[2],"fromMinute":540,"toMinute":1380},{"weekdays":[4],"fromMinute":540,"toMinute":1380},{"weekdays":[1],"fromMinute":540,"toMinute":1380},{"weekdays":[5],"fromMinute":540,"toMinute":1380},{"weekdays":[3],"fromMinute":540,"toMinute":1380},{"weekdays":[6],"fromMinute":540,"toMinute":1380},{"weekdays":[0],"fromMinute":720,"toMinute":1380}],"fee":{"kind":"exact","centsPerHour":642},"unmodelledRules":["Feiertage 2026 laut Quelle: frei am 01.01., 25.12.; gebührenpflichtig wie am Wochentag am 26.12.; mit eigenen Zeiten (hier nicht gerechnet) am 06.04., 27.04., 14.05., 25.05.","Zusätzlich frei laut Quelle 2026: 05.04., 24.05."],"sourceDefect":null,"freeOnHolidays":false,"spaces":null,"maxStayMinutes":null,"maxStay":null,"maxStayShare":0,"maxStayValues":[],"chargingPoints":0,"carsharing":0},"geometry":{"type":"Polygon","coordinates":[[[4.46432,51.91941],[4.46322,51.91922],[4.46335,51.92008],[4.46323,51.92084],[4.46285,51.92237],[4.46273,51.92278],[4.46377,51.92291],[4.46581,51.92276],[4.4675,51.92271],[4.46963,51.92315],[4.46991,51.92263],[4.46784,51.92221],[4.46795,51.92201],[4.4677,51.92193],[4.4683,51.92042],[4.46714,51.92022],[4.46595,51.91999],[4.46432,51.91941]]]}},{"type":"Feature","properties":{"zone":"500","district":"Delfshaven","rawHours":"Mo–Sa 9–23, So 12–23 Uhr","rawFee":"3,20 per uur, te betalen in stappen van 15 min, middentarief — 3,20 €/h","note":"Zone 500 — ma-za 9-23, zo 12-23 middentarief","windows":[{"weekdays":[2],"fromMinute":540,"toMinute":1380},{"weekdays":[4],"fromMinute":540,"toMinute":1380},{"weekdays":[1],"fromMinute":540,"toMinute":1380},{"weekdays":[5],"fromMinute":540,"toMinute":1380},{"weekdays":[3],"fromMinute":540,"toMinute":1380},{"weekdays":[6],"fromMinute":540,"toMinute":1380},{"weekdays":[0],"fromMinute":720,"toMinute":1380}],"fee":{"kind":"exact","centsPerHour":320},"unmodelledRules":["Feiertage 2026 laut Quelle: frei am 01.01., 25.12.; gebührenpflichtig wie am Wochentag am 26.12.; mit eigenen Zeiten (hier nicht gerechnet) am 06.04., 27.04., 14.05., 25.05.","Zusätzlich frei laut Quelle 2026: 05.04., 24.05."],"sourceDefect":null,"freeOnHolidays":false,"spaces":null,"maxStayMinutes":null,"maxStay":null,"maxStayShare":0,"maxStayValues":[],"chargingPoints":0,"carsharing":0},"geometry":{"type":"Polygon","coordinates":[[[4.45985,51.9106],[4.46018,51.90988],[4.46034,51.90906],[4.45623,51.908],[4.4555,51.90882],[4.45765,51.90939],[4.45748,51.90962],[4.45699,51.90978],[4.45675,51.91057],[4.45597,51.91234],[4.46103,51.91323],[4.46339,51.9136],[4.46348,51.91306],[4.46306,51.91185],[4.46323,51.9116],[4.45985,51.9106]]]}},{"type":"Feature","properties":{"zone":"500","district":"Delfshaven","rawHours":"Mo–Sa 9–23, So 12–23 Uhr","rawFee":"3,20 per uur, te betalen in stappen van 15 min, middentarief — 3,20 €/h","note":"Zone 500 — ma-za 9-23, zo 12-23 middentarief","windows":[{"weekdays":[2],"fromMinute":540,"toMinute":1380},{"weekdays":[4],"fromMinute":540,"toMinute":1380},{"weekdays":[1],"fromMinute":540,"toMinute":1380},{"weekdays":[5],"fromMinute":540,"toMinute":1380},{"weekdays":[3],"fromMinute":540,"toMinute":1380},{"weekdays":[6],"fromMinute":540,"toMinute":1380},{"weekdays":[0],"fromMinute":720,"toMinute":1380}],"fee":{"kind":"exact","centsPerHour":320},"unmodelledRules":["Feiertage 2026 laut Quelle: frei am 01.01., 25.12.; gebührenpflichtig wie am Wochentag am 26.12.; mit eigenen Zeiten (hier nicht gerechnet) am 06.04., 27.04., 14.05., 25.05.","Zusätzlich frei laut Quelle 2026: 05.04., 24.05."],"sourceDefect":null,"freeOnHolidays":false,"spaces":null,"maxStayMinutes":null,"maxStay":null,"maxStayShare":0,"maxStayValues":[],"chargingPoints":0,"carsharing":0},"geometry":{"type":"Polygon","coordinates":[[[4.45646,51.91262],[4.4559,51.91251],[4.45583,51.91265],[4.45556,51.9137],[4.45629,51.91375],[4.45996,51.91423],[4.46015,51.91327],[4.45646,51.91262]]]}},{"type":"Feature","properties":{"zone":"500","district":"Delfshaven","rawHours":"Mo–Sa 9–23, So 12–23 Uhr","rawFee":"3,20 per uur, te betalen in stappen van 15 min, middentarief — 3,20 €/h","note":"Zone 500 — ma-za 9-23, zo 12-23 middentarief","windows":[{"weekdays":[2],"fromMinute":540,"toMinute":1380},{"weekdays":[4],"fromMinute":540,"toMinute":1380},{"weekdays":[1],"fromMinute":540,"toMinute":1380},{"weekdays":[5],"fromMinute":540,"toMinute":1380},{"weekdays":[3],"fromMinute":540,"toMinute":1380},{"weekdays":[6],"fromMinute":540,"toMinute":1380},{"weekdays":[0],"fromMinute":720,"toMinute":1380}],"fee":{"kind":"exact","centsPerHour":320},"unmodelledRules":["Feiertage 2026 laut Quelle: frei am 01.01., 25.12.; gebührenpflichtig wie am Wochentag am 26.12.; mit eigenen Zeiten (hier nicht gerechnet) am 06.04., 27.04., 14.05., 25.05.","Zusätzlich frei laut Quelle 2026: 05.04., 24.05."],"sourceDefect":null,"freeOnHolidays":false,"spaces":null,"maxStayMinutes":null,"maxStay":null,"maxStayShare":0,"maxStayValues":[],"chargingPoints":0,"carsharing":0},"geometry":{"type":"Polygon","coordinates":[[[4.46294,51.915],[4.45549,51.91396],[4.45526,51.91724],[4.45657,51.91748],[4.45782,51.91777],[4.46031,51.91842],[4.46283,51.91881],[4.46252,51.91696],[4.46247,51.91628],[4.46262,51.91572],[4.46294,51.915]]]}},{"type":"Feature","properties":{"zone":"500","district":"Delfshaven","rawHours":"Mo–Sa 9–23, So 12–23 Uhr","rawFee":"3,20 per uur, te betalen in stappen van 15 min, middentarief — 3,20 €/h","note":"Zone 500 — ma-za 9-23, zo 12-23 middentarief","windows":[{"weekdays":[2],"fromMinute":540,"toMinute":1380},{"weekdays":[4],"fromMinute":540,"toMinute":1380},{"weekdays":[1],"fromMinute":540,"toMinute":1380},{"weekdays":[5],"fromMinute":540,"toMinute":1380},{"weekdays":[3],"fromMinute":540,"toMinute":1380},{"weekdays":[6],"fromMinute":540,"toMinute":1380},{"weekdays":[0],"fromMinute":720,"toMinute":1380}],"fee":{"kind":"exact","centsPerHour":320},"unmodelledRules":["Feiertage 2026 laut Quelle: frei am 01.01., 25.12.; gebührenpflichtig wie am Wochentag am 26.12.; mit eigenen Zeiten (hier nicht gerechnet) am 06.04., 27.04., 14.05., 25.05.","Zusätzlich frei laut Quelle 2026: 05.04., 24.05."],"sourceDefect":null,"freeOnHolidays":false,"spaces":null,"maxStayMinutes":null,"maxStay":null,"maxStayShare":0,"maxStayValues":[],"chargingPoints":0,"carsharing":0},"geometry":{"type":"Polygon","coordinates":[[[4.4572,51.91788],[4.45524,51.91752],[4.45522,51.91779],[4.4555,51.92096],[4.45469,51.92133],[4.4549,51.9223],[4.45478,51.92302],[4.45743,51.9231],[4.46004,51.92321],[4.46253,51.92344],[4.46285,51.92237],[4.46255,51.92233],[4.46285,51.92134],[4.46299,51.91994],[4.46288,51.91912],[4.46132,51.91888],[4.46001,51.91863],[4.45909,51.9184],[4.4572,51.91788]]]}},{"type":"Feature","properties":{"zone":"501","district":"Delfshaven","rawHours":"Mo–Sa 9–23, So 12–23 Uhr","rawFee":"3,20 per uur, te betalen in stappen van 15 min, middentarief — 3,20 €/h","note":"Zone 501 — ma-za 9-23, zo 12-23 middentarief","windows":[{"weekdays":[2],"fromMinute":540,"toMinute":1380},{"weekdays":[4],"fromMinute":540,"toMinute":1380},{"weekdays":[1],"fromMinute":540,"toMinute":1380},{"weekdays":[5],"fromMinute":540,"toMinute":1380},{"weekdays":[3],"fromMinute":540,"toMinute":1380},{"weekdays":[6],"fromMinute":540,"toMinute":1380},{"weekdays":[0],"fromMinute":720,"toMinute":1380}],"fee":{"kind":"exact","centsPerHour":320},"unmodelledRules":["Feiertage 2026 laut Quelle: frei am 01.01., 25.12.; gebührenpflichtig wie am Wochentag am 26.12.; mit eigenen Zeiten (hier nicht gerechnet) am 06.04., 27.04., 14.05., 25.05.","Zusätzlich frei laut Quelle 2026: 05.04., 24.05."],"sourceDefect":null,"freeOnHolidays":false,"spaces":null,"maxStayMinutes":null,"maxStay":null,"maxStayShare":0,"maxStayValues":[],"chargingPoints":0,"carsharing":0},"geometry":{"type":"Polygon","coordinates":[[[4.46285,51.92237],[4.46323,51.92084],[4.46335,51.92008],[4.46311,51.91844],[4.46282,51.91691],[4.46279,51.91629],[4.46296,51.91558],[4.46344,51.91453],[4.46374,51.91357],[4.46377,51.91302],[4.46351,51.91221],[4.46366,51.91171],[4.46323,51.9116],[4.46306,51.91185],[4.46348,51.91306],[4.46336,51.91382],[4.46015,51.91327],[4.45996,51.91423],[4.45629,51.91375],[4.45556,51.9137],[4.45549,51.91396],[4.46294,51.915],[4.46262,51.91572],[4.46247,51.91628],[4.46252,51.91696],[4.46283,51.91881],[4.46299,51.91994],[4.46285,51.92134],[4.46255,51.92233],[4.46285,51.92237]]]}},{"type":"Feature","properties":{"zone":"502","district":"Rotterdam Centrum","rawHours":"Mo–Sa 9–23, So 12–23 Uhr","rawFee":"3,20 per uur, te betalen in stappen van 15 min, middentarief — 3,20 €/h","note":"Zone 502 — ma-za 9-23, zo 12-23 middentarief","windows":[{"weekdays":[2],"fromMinute":540,"toMinute":1380},{"weekdays":[4],"fromMinute":540,"toMinute":1380},{"weekdays":[1],"fromMinute":540,"toMinute":1380},{"weekdays":[5],"fromMinute":540,"toMinute":1380},{"weekdays":[3],"fromMinute":540,"toMinute":1380},{"weekdays":[6],"fromMinute":540,"toMinute":1380},{"weekdays":[0],"fromMinute":720,"toMinute":1380}],"fee":{"kind":"exact","centsPerHour":320},"unmodelledRules":["Feiertage 2026 laut Quelle: frei am 01.01., 25.12.; gebührenpflichtig wie am Wochentag am 26.12.; mit eigenen Zeiten (hier nicht gerechnet) am 06.04., 27.04., 14.05., 25.05.","Zusätzlich frei laut Quelle 2026: 05.04., 24.05."],"sourceDefect":null,"freeOnHolidays":false,"spaces":null,"maxStayMinutes":null,"maxStay":null,"maxStayShare":0,"maxStayValues":[],"chargingPoints":0,"carsharing":0},"geometry":{"type":"Polygon","coordinates":[[[4.46323,51.9116],[4.46366,51.91171],[4.4643,51.91058],[4.46452,51.91034],[4.46597,51.90804],[4.46388,51.90673],[4.46255,51.90874],[4.46034,51.90906],[4.46018,51.90988],[4.45985,51.9106],[4.46323,51.9116]]]}},{"type":"Feature","properties":{"zone":"503","district":"Delfshaven","rawHours":"Mo–Sa 9–23, So 12–23 Uhr","rawFee":"Stop en Shop: eerste 30min 0,20, daarna middentarief — 1. Stunde 1,80 €, 2. Stunde 3,20 €, 3. Stunde 3,20 €","note":"Zone 503 — ma-za 9-23, zo 12-23, middentarief Stop en Shop, 1e half uur 0,20","windows":[{"weekdays":[2],"fromMinute":540,"toMinute":1380},{"weekdays":[4],"fromMinute":540,"toMinute":1380},{"weekdays":[1],"fromMinute":540,"toMinute":1380},{"weekdays":[5],"fromMinute":540,"toMinute":1380},{"weekdays":[3],"fromMinute":540,"toMinute":1380},{"weekdays":[6],"fromMinute":540,"toMinute":1380},{"weekdays":[0],"fromMinute":720,"toMinute":1380}],"fee":{"kind":"range","minCentsPerHour":180,"maxCentsPerHour":320},"unmodelledRules":["Feiertage 2026 laut Quelle: frei am 01.01., 25.12.; gebührenpflichtig wie am Wochentag am 26.12.; mit eigenen Zeiten (hier nicht gerechnet) am 06.04., 27.04., 14.05., 25.05.","Zusätzlich frei laut Quelle 2026: 05.04., 24.05."],"sourceDefect":null,"freeOnHolidays":false,"spaces":null,"maxStayMinutes":null,"maxStay":null,"maxStayShare":0,"maxStayValues":[],"chargingPoints":0,"carsharing":0},"geometry":{"type":"Polygon","coordinates":[[[4.45597,51.91234],[4.4559,51.91251],[4.45646,51.91262],[4.46336,51.91382],[4.46339,51.9136],[4.46103,51.91323],[4.45597,51.91234]]]}},{"type":"Feature","properties":{"zone":"504","district":"Delfshaven","rawHours":"Mo–Sa 9–23, So 12–23 Uhr","rawFee":"Stop en Shop: eerste 30min 0,20, daarna middentarief — 1. Stunde 1,80 €, 2. Stunde 3,20 €, 3. Stunde 3,20 €","note":"Zone 504 — ma-za 9-23, zo 12-23, middentarief Stop en Shop, 1e half uur 0,20","windows":[{"weekdays":[2],"fromMinute":540,"toMinute":1380},{"weekdays":[4],"fromMinute":540,"toMinute":1380},{"weekdays":[1],"fromMinute":540,"toMinute":1380},{"weekdays":[5],"fromMinute":540,"toMinute":1380},{"weekdays":[3],"fromMinute":540,"toMinute":1380},{"weekdays":[6],"fromMinute":540,"toMinute":1380},{"weekdays":[0],"fromMinute":720,"toMinute":1380}],"fee":{"kind":"range","minCentsPerHour":180,"maxCentsPerHour":320},"unmodelledRules":["Feiertage 2026 laut Quelle: frei am 01.01., 25.12.; gebührenpflichtig wie am Wochentag am 26.12.; mit eigenen Zeiten (hier nicht gerechnet) am 06.04., 27.04., 14.05., 25.05.","Zusätzlich frei laut Quelle 2026: 05.04., 24.05."],"sourceDefect":null,"freeOnHolidays":false,"spaces":null,"maxStayMinutes":null,"maxStay":null,"maxStayShare":0,"maxStayValues":[],"chargingPoints":0,"carsharing":0},"geometry":{"type":"Polygon","coordinates":[[[4.45657,51.91748],[4.45526,51.91724],[4.45524,51.91752],[4.4572,51.91788],[4.45909,51.9184],[4.46001,51.91863],[4.46132,51.91888],[4.46288,51.91912],[4.46283,51.91881],[4.46031,51.91842],[4.45782,51.91777],[4.45657,51.91748]]]}},{"type":"Feature","properties":{"zone":"51","district":"Rotterdam Centrum","rawHours":"Mo–Sa 9–23, So 12–23 Uhr","rawFee":"6,42 per uur, te betalen in stappen van 10 min, hoogtarief — 6,42 €/h","note":"Zone 51 — ma-za 9-23, zo 12-23 hoogtarief","windows":[{"weekdays":[2],"fromMinute":540,"toMinute":1380},{"weekdays":[4],"fromMinute":540,"toMinute":1380},{"weekdays":[1],"fromMinute":540,"toMinute":1380},{"weekdays":[5],"fromMinute":540,"toMinute":1380},{"weekdays":[3],"fromMinute":540,"toMinute":1380},{"weekdays":[6],"fromMinute":540,"toMinute":1380},{"weekdays":[0],"fromMinute":720,"toMinute":1380}],"fee":{"kind":"exact","centsPerHour":642},"unmodelledRules":["Feiertage 2026 laut Quelle: frei am 01.01., 25.12.; gebührenpflichtig wie am Wochentag am 26.12.; mit eigenen Zeiten (hier nicht gerechnet) am 06.04., 27.04., 14.05., 25.05.","Zusätzlich frei laut Quelle 2026: 05.04., 24.05."],"sourceDefect":null,"freeOnHolidays":false,"spaces":null,"maxStayMinutes":null,"maxStay":null,"maxStayShare":0,"maxStayValues":[],"chargingPoints":0,"carsharing":0},"geometry":{"type":"Polygon","coordinates":[[[4.47381,51.91609],[4.47204,51.91566],[4.47081,51.91495],[4.46951,51.91408],[4.46909,51.9143],[4.46895,51.91434],[4.47044,51.9159],[4.47098,51.91607],[4.47135,51.9158],[4.4729,51.91641],[4.4734,51.91655],[4.47361,51.91634],[4.47381,51.91609]]]}},{"type":"Feature","properties":{"zone":"51","district":"Rotterdam Centrum","rawHours":"Mo–Sa 9–23, So 12–23 Uhr","rawFee":"6,42 per uur, te betalen in stappen van 10 min, hoogtarief — 6,42 €/h","note":"Zone 51 — ma-za 9-23, zo 12-23 hoogtarief","windows":[{"weekdays":[2],"fromMinute":540,"toMinute":1380},{"weekdays":[4],"fromMinute":540,"toMinute":1380},{"weekdays":[1],"fromMinute":540,"toMinute":1380},{"weekdays":[5],"fromMinute":540,"toMinute":1380},{"weekdays":[3],"fromMinute":540,"toMinute":1380},{"weekdays":[6],"fromMinute":540,"toMinute":1380},{"weekdays":[0],"fromMinute":720,"toMinute":1380}],"fee":{"kind":"exact","centsPerHour":642},"unmodelledRules":["Feiertage 2026 laut Quelle: frei am 01.01., 25.12.; gebührenpflichtig wie am Wochentag am 26.12.; mit eigenen Zeiten (hier nicht gerechnet) am 06.04., 27.04., 14.05., 25.05.","Zusätzlich frei laut Quelle 2026: 05.04., 24.05."],"sourceDefect":null,"freeOnHolidays":false,"spaces":null,"maxStayMinutes":null,"maxStay":null,"maxStayShare":0,"maxStayValues":[],"chargingPoints":0,"carsharing":0},"geometry":{"type":"Polygon","coordinates":[[[4.46494,51.91388],[4.4637,51.91369],[4.46363,51.91391],[4.46512,51.91424],[4.46563,51.91459],[4.46575,51.91503],[4.46614,51.91553],[4.46674,51.91577],[4.46806,51.91604],[4.47224,51.91703],[4.47256,51.91684],[4.47042,51.91636],[4.46679,51.91551],[4.46648,51.91535],[4.46615,51.91494],[4.46574,51.91428],[4.46494,51.91388]]]}},{"type":"Feature","properties":{"zone":"51","district":"Rotterdam Centrum","rawHours":"Mo–Sa 9–23, So 12–23 Uhr","rawFee":"6,42 per uur, te betalen in stappen van 10 min, hoogtarief — 6,42 €/h","note":"Zone 51 — ma-za 9-23, zo 12-23 hoogtarief","windows":[{"weekdays":[2],"fromMinute":540,"toMinute":1380},{"weekdays":[4],"fromMinute":540,"toMinute":1380},{"weekdays":[1],"fromMinute":540,"toMinute":1380},{"weekdays":[5],"fromMinute":540,"toMinute":1380},{"weekdays":[3],"fromMinute":540,"toMinute":1380},{"weekdays":[6],"fromMinute":540,"toMinute":1380},{"weekdays":[0],"fromMinute":720,"toMinute":1380}],"fee":{"kind":"exact","centsPerHour":642},"unmodelledRules":["Feiertage 2026 laut Quelle: frei am 01.01., 25.12.; gebührenpflichtig wie am Wochentag am 26.12.; mit eigenen Zeiten (hier nicht gerechnet) am 06.04., 27.04., 14.05., 25.05.","Zusätzlich frei laut Quelle 2026: 05.04., 24.05."],"sourceDefect":null,"freeOnHolidays":false,"spaces":null,"maxStayMinutes":null,"maxStay":null,"maxStayShare":0,"maxStayValues":[],"chargingPoints":0,"carsharing":0},"geometry":{"type":"Polygon","coordinates":[[[4.46958,51.92456],[4.47157,51.9211],[4.47163,51.92089],[4.47113,51.92075],[4.4697,51.92043],[4.46819,51.92015],[4.46676,51.91991],[4.46626,51.9198],[4.46577,51.91955],[4.46549,51.91937],[4.46438,51.91903],[4.46317,51.91887],[4.46322,51.91922],[4.46432,51.91941],[4.46595,51.91999],[4.46714,51.92022],[4.4683,51.92042],[4.4677,51.92193],[4.46795,51.92201],[4.46784,51.92221],[4.46991,51.92263],[4.46963,51.92315],[4.4675,51.92271],[4.46581,51.92276],[4.46377,51.92291],[4.46273,51.92278],[4.46253,51.92344],[4.46502,51.9237],[4.46958,51.92456]]]}},{"type":"Feature","properties":{"zone":"510","district":"Delfshaven","rawHours":"Mo–Sa 9–23, So 12–23 Uhr","rawFee":"2,24 per uur, te betalen in stappen van 15 min, laagtarief — 2,24 €/h","note":"Zone 510 — ma-za 9-23, zo 12-23 laagtarief","windows":[{"weekdays":[2],"fromMinute":540,"toMinute":1380},{"weekdays":[4],"fromMinute":540,"toMinute":1380},{"weekdays":[1],"fromMinute":540,"toMinute":1380},{"weekdays":[5],"fromMinute":540,"toMinute":1380},{"weekdays":[3],"fromMinute":540,"toMinute":1380},{"weekdays":[6],"fromMinute":540,"toMinute":1380},{"weekdays":[0],"fromMinute":720,"toMinute":1380}],"fee":{"kind":"exact","centsPerHour":224},"unmodelledRules":["Feiertage 2026 laut Quelle: frei am 01.01., 25.12.; gebührenpflichtig wie am Wochentag am 26.12.; mit eigenen Zeiten (hier nicht gerechnet) am 06.04., 27.04., 14.05., 25.05.","Zusätzlich frei laut Quelle 2026: 05.04., 24.05."],"sourceDefect":null,"freeOnHolidays":false,"spaces":null,"maxStayMinutes":null,"maxStay":null,"maxStayShare":0,"maxStayValues":[],"chargingPoints":0,"carsharing":0},"geometry":{"type":"Polygon","coordinates":[[[4.44004,51.92005],[4.4434,51.91736],[4.44444,51.91599],[4.44553,51.91442],[4.44654,51.91301],[4.44767,51.91167],[4.44924,51.90997],[4.44838,51.90994],[4.44553,51.91019],[4.44473,51.91029],[4.44261,51.91066],[4.44063,51.9111],[4.44092,51.91157],[4.4422,51.91128],[4.44232,51.91142],[4.44284,51.91241],[4.44276,51.91259],[4.4412,51.91298],[4.4431,51.91569],[4.44292,51.91588],[4.44093,51.91305],[4.44076,51.91265],[4.44076,51.9122],[4.44082,51.912],[4.44054,51.91153],[4.44028,51.91119],[4.43637,51.91238],[4.43646,51.91252],[4.43596,51.91269],[4.43582,51.91268],[4.43533,51.91283],[4.43496,51.91282],[4.43461,51.9129],[4.43395,51.91276],[4.43395,51.9127],[4.43475,51.91236],[4.43549,51.91225],[4.44037,51.91087],[4.44489,51.90991],[4.44821,51.90964],[4.44882,51.90951],[4.44857,51.90924],[4.44824,51.90493],[4.44894,51.90374],[4.44876,51.90343],[4.44791,51.90354],[4.44735,51.9019],[4.44067,51.9032],[4.43765,51.9037],[4.43756,51.90389],[4.43818,51.90421],[4.43802,51.90457],[4.43982,51.90532],[4.44157,51.9058],[4.44243,51.9063],[4.43115,51.91393],[4.43056,51.91437],[4.42874,51.91583],[4.4284,51.91607],[4.42806,51.91633],[4.42756,51.91624],[4.42689,51.91686],[4.42702,51.91718],[4.42627,51.91783],[4.42589,51.91832],[4.42515,51.91921],[4.4246,51.91976],[4.42446,51.91998],[4.4244,51.92018],[4.42445,51.9204],[4.42466,51.92065],[4.425,51.92083],[4.42537,51.92095],[4.42936,51.92069],[4.43212,51.92059],[4.43623,51.9216],[4.43743,51.92171],[4.43807,51.92121],[4.44004,51.92005]],[[4.4288,51.92024],[4.42823,51.91815],[4.42867,51.91812],[4.42914,51.92022],[4.4288,51.92024]],[[4.44258,51.91621],[4.43951,51.91522],[4.4397,51.915],[4.44278,51.916],[4.44258,51.91621]]]}},{"type":"Feature","properties":{"zone":"511","district":"Delfshaven","rawHours":"Mo–Sa 9–23, So 12–23 Uhr","rawFee":"Stop en Shop: eerste 30min 0,20, daarna laagtarief — 1. Stunde 1,32 €, 2. Stunde 2,24 €, 3. Stunde 2,24 €","note":"Zone 511 — ma-za 9-23, zo 12-23, laagtarief Stop en Shop, 1e half uur 0,20","windows":[{"weekdays":[2],"fromMinute":540,"toMinute":1380},{"weekdays":[4],"fromMinute":540,"toMinute":1380},{"weekdays":[1],"fromMinute":540,"toMinute":1380},{"weekdays":[5],"fromMinute":540,"toMinute":1380},{"weekdays":[3],"fromMinute":540,"toMinute":1380},{"weekdays":[6],"fromMinute":540,"toMinute":1380},{"weekdays":[0],"fromMinute":720,"toMinute":1380}],"fee":{"kind":"range","minCentsPerHour":132,"maxCentsPerHour":224},"unmodelledRules":["Feiertage 2026 laut Quelle: frei am 01.01., 25.12.; gebührenpflichtig wie am Wochentag am 26.12.; mit eigenen Zeiten (hier nicht gerechnet) am 06.04., 27.04., 14.05., 25.05.","Zusätzlich frei laut Quelle 2026: 05.04., 24.05."],"sourceDefect":null,"freeOnHolidays":false,"spaces":null,"maxStayMinutes":null,"maxStay":null,"maxStayShare":0,"maxStayValues":[],"chargingPoints":0,"carsharing":0},"geometry":{"type":"Polygon","coordinates":[[[4.43647,51.91197],[4.43549,51.91225],[4.43475,51.91236],[4.43395,51.9127],[4.43395,51.91276],[4.43461,51.9129],[4.43496,51.91282],[4.43533,51.91283],[4.43582,51.91268],[4.43596,51.91269],[4.43646,51.91252],[4.43637,51.91238],[4.44042,51.91115],[4.44261,51.91066],[4.44473,51.91029],[4.44553,51.91019],[4.44838,51.90994],[4.44924,51.90997],[4.44882,51.90951],[4.44821,51.90964],[4.44489,51.90991],[4.44037,51.91087],[4.43647,51.91197]]]}},{"type":"Feature","properties":{"zone":"513","district":"Delfshaven","rawHours":"Mo–Sa 9–23, So 12–23 Uhr","rawFee":"Stop en Shop: eerste 30min 0,20, daarna laagtarief — 1. Stunde 1,32 €, 2. Stunde 2,24 €, 3. Stunde 2,24 €","note":"zone 513 — ma-za 9-23, zo 12-23, laagtarief Stop en Shop, 1e half uur 0,20","windows":[{"weekdays":[2],"fromMinute":540,"toMinute":1380},{"weekdays":[4],"fromMinute":540,"toMinute":1380},{"weekdays":[1],"fromMinute":540,"toMinute":1380},{"weekdays":[5],"fromMinute":540,"toMinute":1380},{"weekdays":[3],"fromMinute":540,"toMinute":1380},{"weekdays":[6],"fromMinute":540,"toMinute":1380},{"weekdays":[0],"fromMinute":720,"toMinute":1380}],"fee":{"kind":"range","minCentsPerHour":132,"maxCentsPerHour":224},"unmodelledRules":["Feiertage 2026 laut Quelle: frei am 01.01., 25.12.; gebührenpflichtig wie am Wochentag am 26.12.; mit eigenen Zeiten (hier nicht gerechnet) am 06.04., 27.04., 14.05., 25.05.","Zusätzlich frei laut Quelle 2026: 05.04., 24.05."],"sourceDefect":null,"freeOnHolidays":false,"spaces":null,"maxStayMinutes":null,"maxStay":null,"maxStayShare":0,"maxStayValues":[],"chargingPoints":0,"carsharing":0},"geometry":{"type":"Polygon","coordinates":[[[4.44063,51.9111],[4.44028,51.91119],[4.44054,51.91153],[4.44082,51.912],[4.44076,51.9122],[4.44076,51.91265],[4.44093,51.91305],[4.44292,51.91588],[4.4431,51.91569],[4.4412,51.91298],[4.44276,51.91259],[4.44284,51.91241],[4.44232,51.91142],[4.4422,51.91128],[4.44092,51.91157],[4.44063,51.9111]]]}},{"type":"Feature","properties":{"zone":"513","district":"Delfshaven","rawHours":"Mo–Sa 9–23, So 12–23 Uhr","rawFee":"Stop en Shop: eerste 30min 0,20, daarna laagtarief — 1. Stunde 1,32 €, 2. Stunde 2,24 €, 3. Stunde 2,24 €","note":"zone 513 — ma-za 9-23, zo 12-23, laagtarief Stop en Shop, 1e half uur 0,20","windows":[{"weekdays":[2],"fromMinute":540,"toMinute":1380},{"weekdays":[4],"fromMinute":540,"toMinute":1380},{"weekdays":[1],"fromMinute":540,"toMinute":1380},{"weekdays":[5],"fromMinute":540,"toMinute":1380},{"weekdays":[3],"fromMinute":540,"toMinute":1380},{"weekdays":[6],"fromMinute":540,"toMinute":1380},{"weekdays":[0],"fromMinute":720,"toMinute":1380}],"fee":{"kind":"range","minCentsPerHour":132,"maxCentsPerHour":224},"unmodelledRules":["Feiertage 2026 laut Quelle: frei am 01.01., 25.12.; gebührenpflichtig wie am Wochentag am 26.12.; mit eigenen Zeiten (hier nicht gerechnet) am 06.04., 27.04., 14.05., 25.05.","Zusätzlich frei laut Quelle 2026: 05.04., 24.05."],"sourceDefect":null,"freeOnHolidays":false,"spaces":null,"maxStayMinutes":null,"maxStay":null,"maxStayShare":0,"maxStayValues":[],"chargingPoints":0,"carsharing":0},"geometry":{"type":"Polygon","coordinates":[[[4.44258,51.91621],[4.44278,51.916],[4.4397,51.915],[4.43951,51.91522],[4.44258,51.91621]]]}},{"type":"Feature","properties":{"zone":"514","district":"Delfshaven","rawHours":"Mo–Fr 9–15 und 15–23, Sa 9–23, So 12–23 Uhr","rawFee":"2,24 per uur, te betalen in stappen van 15 min, laagtarief — 2,24 €/h · Stop en Sport: 1e 3 uur 50% korting daarna laagtarief — 1,12 €/h","note":"Zone 514 — ma-vrij 15-23, za 9-23, zo 12-23, laagtarief Stop en Sport, 1e 3 uur 50%","windows":[{"weekdays":[2],"fromMinute":540,"toMinute":900},{"weekdays":[2],"fromMinute":900,"toMinute":1380},{"weekdays":[4],"fromMinute":540,"toMinute":900},{"weekdays":[4],"fromMinute":900,"toMinute":1380},{"weekdays":[1],"fromMinute":540,"toMinute":900},{"weekdays":[1],"fromMinute":900,"toMinute":1380},{"weekdays":[5],"fromMinute":540,"toMinute":900},{"weekdays":[5],"fromMinute":900,"toMinute":1380},{"weekdays":[3],"fromMinute":540,"toMinute":900},{"weekdays":[3],"fromMinute":900,"toMinute":1380},{"weekdays":[6],"fromMinute":540,"toMinute":1380},{"weekdays":[0],"fromMinute":720,"toMinute":1380}],"fee":{"kind":"range","minCentsPerHour":112,"maxCentsPerHour":224},"unmodelledRules":["Feiertage 2026 laut Quelle: frei am 01.01., 25.12.; gebührenpflichtig wie am Wochentag am 26.12.; mit eigenen Zeiten (hier nicht gerechnet) am 06.04., 27.04., 14.05., 25.05.","Zusätzlich frei laut Quelle 2026: 05.04., 24.05."],"sourceDefect":null,"freeOnHolidays":false,"spaces":null,"maxStayMinutes":null,"maxStay":null,"maxStayShare":0,"maxStayValues":[],"chargingPoints":0,"carsharing":0},"geometry":{"type":"Polygon","coordinates":[[[4.42867,51.91812],[4.42823,51.91815],[4.4288,51.92024],[4.42914,51.92022],[4.42867,51.91812]]]}},{"type":"Feature","properties":{"zone":"520","district":"Nieuw Mathenesse","rawHours":"Mo–Sa 9–23, So 12–23 Uhr","rawFee":"2,24 per uur, te betalen in stappen van 15 min, laagtarief — 2,24 €/h","note":"Zone 520 — ma-za 9-23, zo 12-23 laagtarief","windows":[{"weekdays":[2],"fromMinute":540,"toMinute":1380},{"weekdays":[4],"fromMinute":540,"toMinute":1380},{"weekdays":[1],"fromMinute":540,"toMinute":1380},{"weekdays":[5],"fromMinute":540,"toMinute":1380},{"weekdays":[3],"fromMinute":540,"toMinute":1380},{"weekdays":[6],"fromMinute":540,"toMinute":1380},{"weekdays":[0],"fromMinute":720,"toMinute":1380}],"fee":{"kind":"exact","centsPerHour":224},"unmodelledRules":["Feiertage 2026 laut Quelle: frei am 01.01., 25.12.; gebührenpflichtig wie am Wochentag am 26.12.; mit eigenen Zeiten (hier nicht gerechnet) am 06.04., 27.04., 14.05., 25.05.","Zusätzlich frei laut Quelle 2026: 05.04., 24.05."],"sourceDefect":null,"freeOnHolidays":false,"spaces":null,"maxStayMinutes":null,"maxStay":null,"maxStayShare":0,"maxStayValues":[],"chargingPoints":0,"carsharing":0},"geometry":{"type":"Polygon","coordinates":[[[4.43366,51.91065],[4.43402,51.91036],[4.44113,51.90569],[4.43981,51.90533],[4.438,51.90458],[4.43615,51.90375],[4.43578,51.90255],[4.42486,51.9024],[4.42047,51.90196],[4.41753,51.90148],[4.41639,51.90128],[4.41371,51.90075],[4.41234,51.90242],[4.41568,51.90502],[4.4154,51.90528],[4.41535,51.90534],[4.41362,51.90688],[4.4133,51.90728],[4.41337,51.90741],[4.41345,51.90768],[4.41135,51.91027],[4.41,51.90985],[4.40954,51.91041],[4.40908,51.91205],[4.41205,51.91314],[4.41215,51.9132],[4.41228,51.91328],[4.41239,51.9133],[4.41245,51.91342],[4.4125,51.91364],[4.41253,51.9137],[4.41267,51.91388],[4.41278,51.91392],[4.4135,51.91391],[4.41351,51.91395],[4.42694,51.91325],[4.43032,51.91311],[4.43053,51.91247],[4.43185,51.91255],[4.4324,51.91244],[4.43281,51.91218],[4.43366,51.91065]],[[4.43366,51.91055],[4.43049,51.90927],[4.43074,51.90904],[4.43394,51.91031],[4.43366,51.91055]]]}},{"type":"Feature","properties":{"zone":"521","district":"Nieuw Mathenesse","rawHours":"Mo–Sa 9–23, So 12–23 Uhr","rawFee":"Stop en Shop: eerste 30min 0,20, daarna laagtarief — 1. Stunde 1,32 €, 2. Stunde 2,24 €, 3. Stunde 2,24 €","note":"Zone 521 — ma-za 9-23, zo 12-23, laagtarief Stop en Shop, 1e half uur 0,20","windows":[{"weekdays":[2],"fromMinute":540,"toMinute":1380},{"weekdays":[4],"fromMinute":540,"toMinute":1380},{"weekdays":[1],"fromMinute":540,"toMinute":1380},{"weekdays":[5],"fromMinute":540,"toMinute":1380},{"weekdays":[3],"fromMinute":540,"toMinute":1380},{"weekdays":[6],"fromMinute":540,"toMinute":1380},{"weekdays":[0],"fromMinute":720,"toMinute":1380}],"fee":{"kind":"range","minCentsPerHour":132,"maxCentsPerHour":224},"unmodelledRules":["Feiertage 2026 laut Quelle: frei am 01.01., 25.12.; gebührenpflichtig wie am Wochentag am 26.12.; mit eigenen Zeiten (hier nicht gerechnet) am 06.04., 27.04., 14.05., 25.05.","Zusätzlich frei laut Quelle 2026: 05.04., 24.05."],"sourceDefect":null,"freeOnHolidays":false,"spaces":null,"maxStayMinutes":null,"maxStay":null,"maxStayShare":0,"maxStayValues":[],"chargingPoints":0,"carsharing":0},"geometry":{"type":"Polygon","coordinates":[[[4.43366,51.91055],[4.43394,51.91031],[4.43074,51.90904],[4.43049,51.90927],[4.43366,51.91055]]]}},{"type":"Feature","properties":{"zone":"530","district":"Delfshaven","rawHours":"Mo–Sa 9–23, So 12–23 Uhr","rawFee":"3,20 per uur, te betalen in stappen van 15 min, middentarief — 3,20 €/h","note":"Zone 530 — ma-za 9-23, zo 12-23 middentarief","windows":[{"weekdays":[2],"fromMinute":540,"toMinute":1380},{"weekdays":[4],"fromMinute":540,"toMinute":1380},{"weekdays":[1],"fromMinute":540,"toMinute":1380},{"weekdays":[5],"fromMinute":540,"toMinute":1380},{"weekdays":[3],"fromMinute":540,"toMinute":1380},{"weekdays":[6],"fromMinute":540,"toMinute":1380},{"weekdays":[0],"fromMinute":720,"toMinute":1380}],"fee":{"kind":"exact","centsPerHour":320},"unmodelledRules":["Feiertage 2026 laut Quelle: frei am 01.01., 25.12.; gebührenpflichtig wie am Wochentag am 26.12.; mit eigenen Zeiten (hier nicht gerechnet) am 06.04., 27.04., 14.05., 25.05.","Zusätzlich frei laut Quelle 2026: 05.04., 24.05."],"sourceDefect":null,"freeOnHolidays":false,"spaces":null,"maxStayMinutes":null,"maxStay":null,"maxStayShare":0,"maxStayValues":[],"chargingPoints":0,"carsharing":0},"geometry":{"type":"Polygon","coordinates":[[[4.45431,51.91196],[4.45539,51.91224],[4.45597,51.91234],[4.45675,51.91057],[4.45699,51.90978],[4.45748,51.90962],[4.45765,51.90939],[4.4555,51.90882],[4.45623,51.908],[4.45094,51.9087],[4.4498,51.90955],[4.45185,51.91081],[4.45361,51.91174],[4.45431,51.91196]]]}},{"type":"Feature","properties":{"zone":"530","district":"Delfshaven","rawHours":"Mo–Sa 9–23, So 12–23 Uhr","rawFee":"3,20 per uur, te betalen in stappen van 15 min, middentarief — 3,20 €/h","note":"Zone 530 — ma-za 9-23, zo 12-23 middentarief","windows":[{"weekdays":[2],"fromMinute":540,"toMinute":1380},{"weekdays":[4],"fromMinute":540,"toMinute":1380},{"weekdays":[1],"fromMinute":540,"toMinute":1380},{"weekdays":[5],"fromMinute":540,"toMinute":1380},{"weekdays":[3],"fromMinute":540,"toMinute":1380},{"weekdays":[6],"fromMinute":540,"toMinute":1380},{"weekdays":[0],"fromMinute":720,"toMinute":1380}],"fee":{"kind":"exact","centsPerHour":320},"unmodelledRules":["Feiertage 2026 laut Quelle: frei am 01.01., 25.12.; gebührenpflichtig wie am Wochentag am 26.12.; mit eigenen Zeiten (hier nicht gerechnet) am 06.04., 27.04., 14.05., 25.05.","Zusätzlich frei laut Quelle 2026: 05.04., 24.05."],"sourceDefect":null,"freeOnHolidays":false,"spaces":null,"maxStayMinutes":null,"maxStay":null,"maxStayShare":0,"maxStayValues":[],"chargingPoints":0,"carsharing":0},"geometry":{"type":"Polygon","coordinates":[[[4.44147,51.92171],[4.4422,51.92076],[4.44521,51.92104],[4.44818,51.9219],[4.45488,51.92241],[4.4549,51.9223],[4.45469,51.92133],[4.4555,51.92096],[4.45522,51.91779],[4.45524,51.91752],[4.45356,51.91726],[4.45299,51.91702],[4.45168,51.91671],[4.45028,51.91659],[4.4465,51.91675],[4.44542,51.91794],[4.44463,51.91693],[4.44486,51.91664],[4.44588,51.91649],[4.45035,51.91632],[4.45198,51.91649],[4.45315,51.91677],[4.45399,51.917],[4.45526,51.91724],[4.45549,51.91396],[4.45583,51.91265],[4.4559,51.91251],[4.45419,51.91217],[4.45341,51.9119],[4.45139,51.91076],[4.44954,51.90975],[4.44924,51.90997],[4.44767,51.91167],[4.44654,51.91301],[4.44553,51.91442],[4.44444,51.91599],[4.4434,51.91736],[4.44004,51.92005],[4.43807,51.92121],[4.43743,51.92171],[4.44071,51.92165],[4.4407,51.92168],[4.44146,51.92174],[4.44147,51.92171]]]}},{"type":"Feature","properties":{"zone":"531","district":"Delfshaven","rawHours":"Mo–Sa 9–23, So 12–23 Uhr","rawFee":"Stop en Shop: eerste 30min 0,20, daarna middentarief — 1. Stunde 1,80 €, 2. Stunde 3,20 €, 3. Stunde 3,20 €","note":"Zone 531 — ma-za 9-23, zo 12-23, middentarief Stop en Shop, 1e half uur 0,20","windows":[{"weekdays":[2],"fromMinute":540,"toMinute":1380},{"weekdays":[4],"fromMinute":540,"toMinute":1380},{"weekdays":[1],"fromMinute":540,"toMinute":1380},{"weekdays":[5],"fromMinute":540,"toMinute":1380},{"weekdays":[3],"fromMinute":540,"toMinute":1380},{"weekdays":[6],"fromMinute":540,"toMinute":1380},{"weekdays":[0],"fromMinute":720,"toMinute":1380}],"fee":{"kind":"range","minCentsPerHour":180,"maxCentsPerHour":320},"unmodelledRules":["Feiertage 2026 laut Quelle: frei am 01.01., 25.12.; gebührenpflichtig wie am Wochentag am 26.12.; mit eigenen Zeiten (hier nicht gerechnet) am 06.04., 27.04., 14.05., 25.05.","Zusätzlich frei laut Quelle 2026: 05.04., 24.05."],"sourceDefect":null,"freeOnHolidays":false,"spaces":null,"maxStayMinutes":null,"maxStay":null,"maxStayShare":0,"maxStayValues":[],"chargingPoints":0,"carsharing":0},"geometry":{"type":"Polygon","coordinates":[[[4.44542,51.91794],[4.4465,51.91675],[4.45028,51.91659],[4.45168,51.91671],[4.45299,51.91702],[4.45356,51.91726],[4.45524,51.91752],[4.45526,51.91724],[4.45399,51.917],[4.45315,51.91677],[4.45198,51.91649],[4.45035,51.91632],[4.44588,51.91649],[4.44486,51.91664],[4.44463,51.91693],[4.44542,51.91794]]]}},{"type":"Feature","properties":{"zone":"531","district":"Delfshaven","rawHours":"Mo–Sa 9–23, So 12–23 Uhr","rawFee":"Stop en Shop: eerste 30min 0,20, daarna middentarief — 1. Stunde 1,80 €, 2. Stunde 3,20 €, 3. Stunde 3,20 €","note":"Zone 531 — ma-za 9-23, zo 12-23, middentarief Stop en Shop, 1e half uur 0,20","windows":[{"weekdays":[2],"fromMinute":540,"toMinute":1380},{"weekdays":[4],"fromMinute":540,"toMinute":1380},{"weekdays":[1],"fromMinute":540,"toMinute":1380},{"weekdays":[5],"fromMinute":540,"toMinute":1380},{"weekdays":[3],"fromMinute":540,"toMinute":1380},{"weekdays":[6],"fromMinute":540,"toMinute":1380},{"weekdays":[0],"fromMinute":720,"toMinute":1380}],"fee":{"kind":"range","minCentsPerHour":180,"maxCentsPerHour":320},"unmodelledRules":["Feiertage 2026 laut Quelle: frei am 01.01., 25.12.; gebührenpflichtig wie am Wochentag am 26.12.; mit eigenen Zeiten (hier nicht gerechnet) am 06.04., 27.04., 14.05., 25.05.","Zusätzlich frei laut Quelle 2026: 05.04., 24.05."],"sourceDefect":null,"freeOnHolidays":false,"spaces":null,"maxStayMinutes":null,"maxStay":null,"maxStayShare":0,"maxStayValues":[],"chargingPoints":0,"carsharing":0},"geometry":{"type":"Polygon","coordinates":[[[4.4559,51.91251],[4.45597,51.91234],[4.45539,51.91224],[4.45431,51.91196],[4.45361,51.91174],[4.45185,51.91081],[4.4498,51.90955],[4.44954,51.90975],[4.45139,51.91076],[4.45341,51.9119],[4.45419,51.91217],[4.4559,51.91251]]]}},{"type":"Feature","properties":{"zone":"532","district":"Delfshaven","rawHours":"Mo–Fr 9–15 und 15–23, Sa 9–23, So 12–23 Uhr","rawFee":"3,20 per uur, te betalen in stappen van 15 min, middentarief — 3,20 €/h · Stop en Sport: 1e 3 uur 50% korting daarna middentarief — 1,60 €/h","note":"Zone 532 — ma-vrij 15-23, za 9-23, zo 12-23, middentarief Stop en Sport, 1e 3 uur 50%","windows":[{"weekdays":[2],"fromMinute":540,"toMinute":900},{"weekdays":[2],"fromMinute":900,"toMinute":1380},{"weekdays":[4],"fromMinute":540,"toMinute":900},{"weekdays":[4],"fromMinute":900,"toMinute":1380},{"weekdays":[1],"fromMinute":540,"toMinute":900},{"weekdays":[1],"fromMinute":900,"toMinute":1380},{"weekdays":[5],"fromMinute":540,"toMinute":900},{"weekdays":[5],"fromMinute":900,"toMinute":1380},{"weekdays":[3],"fromMinute":540,"toMinute":900},{"weekdays":[3],"fromMinute":900,"toMinute":1380},{"weekdays":[6],"fromMinute":540,"toMinute":1380},{"weekdays":[0],"fromMinute":720,"toMinute":1380}],"fee":{"kind":"range","minCentsPerHour":160,"maxCentsPerHour":320},"unmodelledRules":["Feiertage 2026 laut Quelle: frei am 01.01., 25.12.; gebührenpflichtig wie am Wochentag am 26.12.; mit eigenen Zeiten (hier nicht gerechnet) am 06.04., 27.04., 14.05., 25.05.","Zusätzlich frei laut Quelle 2026: 05.04., 24.05."],"sourceDefect":null,"freeOnHolidays":false,"spaces":null,"maxStayMinutes":null,"maxStay":null,"maxStayShare":0,"maxStayValues":[],"chargingPoints":0,"carsharing":0},"geometry":{"type":"Polygon","coordinates":[[[4.44146,51.92174],[4.4407,51.92168],[4.44053,51.92237],[4.44132,51.92241],[4.44938,51.92308],[4.45478,51.92302],[4.45488,51.92241],[4.44818,51.9219],[4.44521,51.92104],[4.4422,51.92076],[4.44147,51.92171],[4.44146,51.92174]]]}},{"type":"Feature","properties":{"zone":"540","district":"Delfshaven","rawHours":"Mo–Sa 9–23, So 12–23 Uhr","rawFee":"3,20 per uur, te betalen in stappen van 15 min, middentarief — 3,20 €/h","note":"Zone 540 — ma-za 9-23, zo 12-23 middentarief","windows":[{"weekdays":[2],"fromMinute":540,"toMinute":1380},{"weekdays":[4],"fromMinute":540,"toMinute":1380},{"weekdays":[1],"fromMinute":540,"toMinute":1380},{"weekdays":[5],"fromMinute":540,"toMinute":1380},{"weekdays":[3],"fromMinute":540,"toMinute":1380},{"weekdays":[6],"fromMinute":540,"toMinute":1380},{"weekdays":[0],"fromMinute":720,"toMinute":1380}],"fee":{"kind":"exact","centsPerHour":320},"unmodelledRules":["Feiertage 2026 laut Quelle: frei am 01.01., 25.12.; gebührenpflichtig wie am Wochentag am 26.12.; mit eigenen Zeiten (hier nicht gerechnet) am 06.04., 27.04., 14.05., 25.05.","Zusätzlich frei laut Quelle 2026: 05.04., 24.05."],"sourceDefect":null,"freeOnHolidays":false,"spaces":null,"maxStayMinutes":null,"maxStay":null,"maxStayShare":0,"maxStayValues":[],"chargingPoints":0,"carsharing":0},"geometry":{"type":"Polygon","coordinates":[[[4.45094,51.9087],[4.45623,51.908],[4.46034,51.90906],[4.46255,51.90874],[4.46388,51.90673],[4.45953,51.90514],[4.45698,51.90436],[4.45552,51.90402],[4.45257,51.90353],[4.45164,51.90342],[4.45047,51.90348],[4.44936,51.90364],[4.44894,51.90374],[4.44824,51.90493],[4.44857,51.90924],[4.44924,51.90997],[4.45094,51.9087]]]}},{"type":"Feature","properties":{"zone":"560","district":"Delfshaven","rawHours":"Mo–Sa 9–23, So 12–23 Uhr","rawFee":"3,20 per uur, te betalen in stappen van 15 min, middentarief — 3,20 €/h","note":"Zone 560 — ma-za 9-23, zo 12-23 middentarief","windows":[{"weekdays":[2],"fromMinute":540,"toMinute":1380},{"weekdays":[4],"fromMinute":540,"toMinute":1380},{"weekdays":[1],"fromMinute":540,"toMinute":1380},{"weekdays":[5],"fromMinute":540,"toMinute":1380},{"weekdays":[3],"fromMinute":540,"toMinute":1380},{"weekdays":[6],"fromMinute":540,"toMinute":1380},{"weekdays":[0],"fromMinute":720,"toMinute":1380}],"fee":{"kind":"exact","centsPerHour":320},"unmodelledRules":["Feiertage 2026 laut Quelle: frei am 01.01., 25.12.; gebührenpflichtig wie am Wochentag am 26.12.; mit eigenen Zeiten (hier nicht gerechnet) am 06.04., 27.04., 14.05., 25.05.","Zusätzlich frei laut Quelle 2026: 05.04., 24.05."],"sourceDefect":null,"freeOnHolidays":false,"spaces":null,"maxStayMinutes":null,"maxStay":null,"maxStayShare":0,"maxStayValues":[],"chargingPoints":0,"carsharing":0},"geometry":{"type":"Polygon","coordinates":[[[4.45395,51.90147],[4.45876,51.90244],[4.45799,51.90467],[4.45953,51.90514],[4.46388,51.90673],[4.46702,51.9016],[4.46254,51.90097],[4.45939,51.9007],[4.45406,51.90075],[4.45395,51.90147]]]}},{"type":"Feature","properties":{"zone":"570","district":"Delfshaven","rawHours":"Mo–Sa 9–23, So 12–23 Uhr","rawFee":"2,24 per uur, te betalen in stappen van 15 min, laagtarief — 2,24 €/h","note":"Zone 570 — ma-za 9-23, zo 12-23 laagtarief","windows":[{"weekdays":[2],"fromMinute":540,"toMinute":1380},{"weekdays":[4],"fromMinute":540,"toMinute":1380},{"weekdays":[1],"fromMinute":540,"toMinute":1380},{"weekdays":[5],"fromMinute":540,"toMinute":1380},{"weekdays":[3],"fromMinute":540,"toMinute":1380},{"weekdays":[6],"fromMinute":540,"toMinute":1380},{"weekdays":[0],"fromMinute":720,"toMinute":1380}],"fee":{"kind":"exact","centsPerHour":224},"unmodelledRules":["Feiertage 2026 laut Quelle: frei am 01.01., 25.12.; gebührenpflichtig wie am Wochentag am 26.12.; mit eigenen Zeiten (hier nicht gerechnet) am 06.04., 27.04., 14.05., 25.05.","Zusätzlich frei laut Quelle 2026: 05.04., 24.05."],"sourceDefect":null,"freeOnHolidays":false,"spaces":null,"maxStayMinutes":null,"maxStay":null,"maxStayShare":0,"maxStayValues":[],"chargingPoints":0,"carsharing":0},"geometry":{"type":"Polygon","coordinates":[[[4.41658,51.91756],[4.41883,51.91734],[4.41888,51.91756],[4.41799,51.91764],[4.41824,51.91864],[4.41785,51.91868],[4.4176,51.91768],[4.41664,51.91775],[4.41728,51.91998],[4.42266,51.92031],[4.42549,51.91653],[4.42671,51.91559],[4.42856,51.91448],[4.43037,51.91323],[4.4292,51.9132],[4.42687,51.91327],[4.41608,51.91384],[4.41524,51.91392],[4.41533,51.91461],[4.41574,51.91458],[4.41658,51.91756]]]}},{"type":"Feature","properties":{"zone":"571","district":"Delfshaven","rawHours":"Mo–Sa 9–23, So 12–23 Uhr","rawFee":"Stop en Shop: eerste 30min 0,20, daarna laagtarief — 1. Stunde 1,32 €, 2. Stunde 2,24 €, 3. Stunde 2,24 €","note":"Zone 571 — ma-za 9-23, zo 12-23, laagtarief Stop en Shop, 1e half uur 0,20","windows":[{"weekdays":[2],"fromMinute":540,"toMinute":1380},{"weekdays":[4],"fromMinute":540,"toMinute":1380},{"weekdays":[1],"fromMinute":540,"toMinute":1380},{"weekdays":[5],"fromMinute":540,"toMinute":1380},{"weekdays":[3],"fromMinute":540,"toMinute":1380},{"weekdays":[6],"fromMinute":540,"toMinute":1380},{"weekdays":[0],"fromMinute":720,"toMinute":1380}],"fee":{"kind":"range","minCentsPerHour":132,"maxCentsPerHour":224},"unmodelledRules":["Feiertage 2026 laut Quelle: frei am 01.01., 25.12.; gebührenpflichtig wie am Wochentag am 26.12.; mit eigenen Zeiten (hier nicht gerechnet) am 06.04., 27.04., 14.05., 25.05.","Zusätzlich frei laut Quelle 2026: 05.04., 24.05."],"sourceDefect":null,"freeOnHolidays":false,"spaces":null,"maxStayMinutes":null,"maxStay":null,"maxStayShare":0,"maxStayValues":[],"chargingPoints":0,"carsharing":0},"geometry":{"type":"Polygon","coordinates":[[[4.41658,51.91756],[4.41664,51.91775],[4.4176,51.91768],[4.41785,51.91868],[4.41824,51.91864],[4.41799,51.91764],[4.41888,51.91756],[4.41883,51.91734],[4.41658,51.91756]]]}},{"type":"Feature","properties":{"zone":"580","district":"Delfshaven","rawHours":"Mo–Sa 9–23, So 12–23 Uhr","rawFee":"2,24 per uur, te betalen in stappen van 15 min, laagtarief — 2,24 €/h","note":"Zone 580 — ma-za 9-23, zo 12-23 laagtarief","windows":[{"weekdays":[2],"fromMinute":540,"toMinute":1380},{"weekdays":[4],"fromMinute":540,"toMinute":1380},{"weekdays":[1],"fromMinute":540,"toMinute":1380},{"weekdays":[5],"fromMinute":540,"toMinute":1380},{"weekdays":[3],"fromMinute":540,"toMinute":1380},{"weekdays":[6],"fromMinute":540,"toMinute":1380},{"weekdays":[0],"fromMinute":720,"toMinute":1380}],"fee":{"kind":"exact","centsPerHour":224},"unmodelledRules":["Feiertage 2026 laut Quelle: frei am 01.01., 25.12.; gebührenpflichtig wie am Wochentag am 26.12.; mit eigenen Zeiten (hier nicht gerechnet) am 06.04., 27.04., 14.05., 25.05.","Zusätzlich frei laut Quelle 2026: 05.04., 24.05."],"sourceDefect":null,"freeOnHolidays":false,"spaces":null,"maxStayMinutes":null,"maxStay":null,"maxStayShare":0,"maxStayValues":[],"chargingPoints":0,"carsharing":0},"geometry":{"type":"Polygon","coordinates":[[[4.44787,51.90183],[4.44894,51.90374],[4.44936,51.90364],[4.45047,51.90348],[4.45164,51.90342],[4.45257,51.90353],[4.45242,51.90302],[4.45263,51.90266],[4.45275,51.90236],[4.44921,51.90164],[4.44787,51.90183]]]}},{"type":"Feature","properties":{"zone":"581","district":"Delfshaven","rawHours":"Mo–Sa 9–23, So 12–23 Uhr","rawFee":"2,24 per uur, te betalen in stappen van 15 min, laagtarief — 2,24 €/h","note":"Zone 581 — ma-za 9-23, zo 12-23 laagtarief","windows":[{"weekdays":[2],"fromMinute":540,"toMinute":1380},{"weekdays":[4],"fromMinute":540,"toMinute":1380},{"weekdays":[1],"fromMinute":540,"toMinute":1380},{"weekdays":[5],"fromMinute":540,"toMinute":1380},{"weekdays":[3],"fromMinute":540,"toMinute":1380},{"weekdays":[6],"fromMinute":540,"toMinute":1380},{"weekdays":[0],"fromMinute":720,"toMinute":1380}],"fee":{"kind":"exact","centsPerHour":224},"unmodelledRules":["Feiertage 2026 laut Quelle: frei am 01.01., 25.12.; gebührenpflichtig wie am Wochentag am 26.12.; mit eigenen Zeiten (hier nicht gerechnet) am 06.04., 27.04., 14.05., 25.05.","Zusätzlich frei laut Quelle 2026: 05.04., 24.05."],"sourceDefect":null,"freeOnHolidays":false,"spaces":null,"maxStayMinutes":null,"maxStay":null,"maxStayShare":0,"maxStayValues":[],"chargingPoints":0,"carsharing":0},"geometry":{"type":"Polygon","coordinates":[[[4.44213,51.90616],[4.44156,51.90581],[4.43412,51.91074],[4.4347,51.91103],[4.4354,51.91031],[4.44107,51.90649],[4.44213,51.90616]]]}},{"type":"Feature","properties":{"zone":"60","district":"Rotterdam Centrum","rawHours":"Mo–Sa 9–23, So 12–23 Uhr","rawFee":"6,42 per uur, te betalen in stappen van 10 min, hoogtarief — 6,42 €/h","note":"Zone 60 — ma-za 9-23, zo 12-23 hoogtarief","windows":[{"weekdays":[2],"fromMinute":540,"toMinute":1380},{"weekdays":[4],"fromMinute":540,"toMinute":1380},{"weekdays":[1],"fromMinute":540,"toMinute":1380},{"weekdays":[5],"fromMinute":540,"toMinute":1380},{"weekdays":[3],"fromMinute":540,"toMinute":1380},{"weekdays":[6],"fromMinute":540,"toMinute":1380},{"weekdays":[0],"fromMinute":720,"toMinute":1380}],"fee":{"kind":"exact","centsPerHour":642},"unmodelledRules":["Feiertage 2026 laut Quelle: frei am 01.01., 25.12.; gebührenpflichtig wie am Wochentag am 26.12.; mit eigenen Zeiten (hier nicht gerechnet) am 06.04., 27.04., 14.05., 25.05.","Zusätzlich frei laut Quelle 2026: 05.04., 24.05."],"sourceDefect":null,"freeOnHolidays":false,"spaces":null,"maxStayMinutes":null,"maxStay":null,"maxStayShare":0,"maxStayValues":[],"chargingPoints":0,"carsharing":0},"geometry":{"type":"Polygon","coordinates":[[[4.4734,51.91655],[4.4729,51.91641],[4.47256,51.91684],[4.47224,51.91703],[4.47184,51.91758],[4.47158,51.91824],[4.47135,51.91918],[4.47123,51.92018],[4.47113,51.92075],[4.47163,51.92089],[4.47185,51.91993],[4.47259,51.91735],[4.4734,51.91655]]]}},{"type":"Feature","properties":{"zone":"600","district":"Kralingen-Crooswijk","rawHours":"Mo–Sa 9–23, So 12–23 Uhr","rawFee":"3,20 per uur, te betalen in stappen van 15 min, middentarief — 3,20 €/h","note":"Zone 600 — ma-za 9-23, zo 12-23 middentarief","windows":[{"weekdays":[2],"fromMinute":540,"toMinute":1380},{"weekdays":[4],"fromMinute":540,"toMinute":1380},{"weekdays":[1],"fromMinute":540,"toMinute":1380},{"weekdays":[5],"fromMinute":540,"toMinute":1380},{"weekdays":[3],"fromMinute":540,"toMinute":1380},{"weekdays":[6],"fromMinute":540,"toMinute":1380},{"weekdays":[0],"fromMinute":720,"toMinute":1380}],"fee":{"kind":"exact","centsPerHour":320},"unmodelledRules":["Feiertage 2026 laut Quelle: frei am 01.01., 25.12.; gebührenpflichtig wie am Wochentag am 26.12.; mit eigenen Zeiten (hier nicht gerechnet) am 06.04., 27.04., 14.05., 25.05.","Zusätzlich frei laut Quelle 2026: 05.04., 24.05."],"sourceDefect":null,"freeOnHolidays":false,"spaces":null,"maxStayMinutes":null,"maxStay":null,"maxStayShare":0,"maxStayValues":[],"chargingPoints":0,"carsharing":0},"geometry":{"type":"Polygon","coordinates":[[[4.50608,51.92167],[4.51401,51.91983],[4.51412,51.91991],[4.51492,51.91964],[4.51576,51.91895],[4.51785,51.91728],[4.51855,51.91702],[4.51831,51.91672],[4.51734,51.91614],[4.51479,51.91552],[4.51382,51.91618],[4.51139,51.91731],[4.50864,51.91828],[4.50546,51.91896],[4.5039,51.91946],[4.50373,51.91949],[4.50367,51.9193],[4.50183,51.91954],[4.5004,51.91945],[4.49974,51.91938],[4.49962,51.92043],[4.49951,51.92086],[4.49819,51.92221],[4.49748,51.92201],[4.49704,51.92282],[4.49833,51.92311],[4.4993,51.92303],[4.50104,51.92275],[4.50346,51.92226],[4.50608,51.92167]]]}},{"type":"Feature","properties":{"zone":"610","district":"Kralingen-Crooswijk","rawHours":"Mo–Sa 9–23, So 12–23 Uhr","rawFee":"3,20 per uur, te betalen in stappen van 15 min, middentarief — 3,20 €/h","note":"Zone 610 — ma-za 9-23, zo 12-23 middentarief","windows":[{"weekdays":[2],"fromMinute":540,"toMinute":1380},{"weekdays":[4],"fromMinute":540,"toMinute":1380},{"weekdays":[1],"fromMinute":540,"toMinute":1380},{"weekdays":[5],"fromMinute":540,"toMinute":1380},{"weekdays":[3],"fromMinute":540,"toMinute":1380},{"weekdays":[6],"fromMinute":540,"toMinute":1380},{"weekdays":[0],"fromMinute":720,"toMinute":1380}],"fee":{"kind":"exact","centsPerHour":320},"unmodelledRules":["Feiertage 2026 laut Quelle: frei am 01.01., 25.12.; gebührenpflichtig wie am Wochentag am 26.12.; mit eigenen Zeiten (hier nicht gerechnet) am 06.04., 27.04., 14.05., 25.05.","Zusätzlich frei laut Quelle 2026: 05.04., 24.05."],"sourceDefect":null,"freeOnHolidays":false,"spaces":null,"maxStayMinutes":null,"maxStay":null,"maxStayShare":0,"maxStayValues":[],"chargingPoints":0,"carsharing":0},"geometry":{"type":"Polygon","coordinates":[[[4.4972,51.92629],[4.49708,51.9244],[4.49739,51.92393],[4.49758,51.9237],[4.48898,51.92443],[4.48902,51.92461],[4.48772,51.92472],[4.48659,51.92501],[4.48622,51.92507],[4.48643,51.92481],[4.4852,51.925],[4.48515,51.92524],[4.48375,51.92546],[4.48268,51.92571],[4.48488,51.92659],[4.48457,51.92689],[4.48493,51.92852],[4.48593,51.92987],[4.48674,51.92986],[4.48855,51.92963],[4.48958,51.92955],[4.49038,51.92962],[4.49099,51.92981],[4.49173,51.92984],[4.49725,51.92998],[4.49756,51.92949],[4.49818,51.92936],[4.49756,51.92872],[4.4972,51.92629]]]}},{"type":"Feature","properties":{"zone":"620","district":"Kralingen-Crooswijk","rawHours":"Mo–Sa 9–23, So 12–23 Uhr","rawFee":"2,24 per uur, te betalen in stappen van 15 min, laagtarief — 2,24 €/h","note":"Zone 620 — ma-za 9-23, zo 12-23 laagtarief","windows":[{"weekdays":[2],"fromMinute":540,"toMinute":1380},{"weekdays":[4],"fromMinute":540,"toMinute":1380},{"weekdays":[1],"fromMinute":540,"toMinute":1380},{"weekdays":[5],"fromMinute":540,"toMinute":1380},{"weekdays":[3],"fromMinute":540,"toMinute":1380},{"weekdays":[6],"fromMinute":540,"toMinute":1380},{"weekdays":[0],"fromMinute":720,"toMinute":1380}],"fee":{"kind":"exact","centsPerHour":224},"unmodelledRules":["Feiertage 2026 laut Quelle: frei am 01.01., 25.12.; gebührenpflichtig wie am Wochentag am 26.12.; mit eigenen Zeiten (hier nicht gerechnet) am 06.04., 27.04., 14.05., 25.05.","Zusätzlich frei laut Quelle 2026: 05.04., 24.05."],"sourceDefect":null,"freeOnHolidays":false,"spaces":null,"maxStayMinutes":null,"maxStay":null,"maxStayShare":0,"maxStayValues":[],"chargingPoints":0,"carsharing":0},"geometry":{"type":"Polygon","coordinates":[[[4.52469,51.91474],[4.52787,51.91386],[4.52655,51.9116],[4.52611,51.91087],[4.52581,51.9102],[4.52523,51.90952],[4.52723,51.90719],[4.52758,51.90643],[4.52703,51.90582],[4.52191,51.90579],[4.51894,51.90574],[4.51815,51.91052],[4.51778,51.91206],[4.51657,51.91387],[4.51516,51.91519],[4.51638,51.9157],[4.51955,51.91583],[4.51991,51.91583],[4.52091,51.91571],[4.52153,51.91562],[4.52469,51.91474]],[[4.51998,51.91313],[4.5202,51.91308],[4.52089,51.91416],[4.52062,51.91422],[4.51998,51.91313]]]}},{"type":"Feature","properties":{"zone":"621","district":"Kralingen-Crooswijk","rawHours":"Mo–Sa 9–23, So 12–23 Uhr","rawFee":"2,24 per uur, te betalen in stappen van 15 min, laagtarief — 2,24 €/h","note":"Zone 621 — ma-za 9-23, zo 12-23 laagtarief","windows":[{"weekdays":[2],"fromMinute":540,"toMinute":1380},{"weekdays":[4],"fromMinute":540,"toMinute":1380},{"weekdays":[1],"fromMinute":540,"toMinute":1380},{"weekdays":[5],"fromMinute":540,"toMinute":1380},{"weekdays":[3],"fromMinute":540,"toMinute":1380},{"weekdays":[6],"fromMinute":540,"toMinute":1380},{"weekdays":[0],"fromMinute":720,"toMinute":1380}],"fee":{"kind":"exact","centsPerHour":224},"unmodelledRules":["Feiertage 2026 laut Quelle: frei am 01.01., 25.12.; gebührenpflichtig wie am Wochentag am 26.12.; mit eigenen Zeiten (hier nicht gerechnet) am 06.04., 27.04., 14.05., 25.05.","Zusätzlich frei laut Quelle 2026: 05.04., 24.05."],"sourceDefect":null,"freeOnHolidays":false,"spaces":null,"maxStayMinutes":null,"maxStay":null,"maxStayShare":0,"maxStayValues":[],"chargingPoints":0,"carsharing":0},"geometry":{"type":"Polygon","coordinates":[[[4.51998,51.91313],[4.52062,51.91422],[4.52089,51.91416],[4.5202,51.91308],[4.51998,51.91313]]]}},{"type":"Feature","properties":{"zone":"630","district":"Kralingen-Crooswijk","rawHours":"Mo–Sa 9–23, So 12–23 Uhr","rawFee":"3,20 per uur, te betalen in stappen van 15 min, middentarief — 3,20 €/h","note":"Zone 630 — ma-za 9-23, zo 12-23 middentarief","windows":[{"weekdays":[2],"fromMinute":540,"toMinute":1380},{"weekdays":[4],"fromMinute":540,"toMinute":1380},{"weekdays":[1],"fromMinute":540,"toMinute":1380},{"weekdays":[5],"fromMinute":540,"toMinute":1380},{"weekdays":[3],"fromMinute":540,"toMinute":1380},{"weekdays":[6],"fromMinute":540,"toMinute":1380},{"weekdays":[0],"fromMinute":720,"toMinute":1380}],"fee":{"kind":"exact","centsPerHour":320},"unmodelledRules":["Feiertage 2026 laut Quelle: frei am 01.01., 25.12.; gebührenpflichtig wie am Wochentag am 26.12.; mit eigenen Zeiten (hier nicht gerechnet) am 06.04., 27.04., 14.05., 25.05.","Zusätzlich frei laut Quelle 2026: 05.04., 24.05."],"sourceDefect":null,"freeOnHolidays":false,"spaces":null,"maxStayMinutes":null,"maxStay":null,"maxStayShare":0,"maxStayValues":[],"chargingPoints":0,"carsharing":0},"geometry":{"type":"Polygon","coordinates":[[[4.51349,51.92557],[4.51446,51.92511],[4.51516,51.92486],[4.51657,51.92447],[4.51694,51.9244],[4.51648,51.92422],[4.51621,51.92378],[4.5148,51.92124],[4.51477,51.92066],[4.51432,51.92004],[4.51401,51.91983],[4.50608,51.92167],[4.50346,51.92226],[4.50104,51.92275],[4.4993,51.92303],[4.49833,51.92311],[4.49704,51.92282],[4.49685,51.92276],[4.49596,51.92384],[4.49758,51.9237],[4.49739,51.92393],[4.49708,51.9244],[4.4972,51.92629],[4.49756,51.92872],[4.49769,51.92887],[4.49877,51.92889],[4.49861,51.92865],[4.49875,51.92867],[4.50149,51.9288],[4.50143,51.92856],[4.50147,51.92821],[4.50174,51.92789],[4.50174,51.92729],[4.50169,51.92633],[4.50201,51.92632],[4.50211,51.92817],[4.50195,51.92834],[4.50214,51.9287],[4.50211,51.9289],[4.50312,51.93022],[4.50356,51.93006],[4.50485,51.92937],[4.50565,51.92898],[4.50911,51.9275],[4.50946,51.92732],[4.51027,51.92698],[4.51048,51.92713],[4.51235,51.9264],[4.51278,51.926],[4.51349,51.92557]],[[4.49766,51.9261],[4.49765,51.92596],[4.49924,51.92589],[4.49919,51.92551],[4.49837,51.92554],[4.49836,51.92538],[4.49936,51.92533],[4.49973,51.9259],[4.49925,51.92601],[4.49766,51.9261]],[[4.50898,51.92493],[4.50882,51.92477],[4.5107,51.92387],[4.51196,51.92333],[4.51211,51.92345],[4.50898,51.92493]]]}},{"type":"Feature","properties":{"zone":"632","district":"Kralingen-Crooswijk","rawHours":"Mo–Sa 9–23, So 12–23 Uhr","rawFee":"Stop en Shop: eerste 30min 0,20, daarna middentarief — 1. Stunde 1,80 €, 2. Stunde 3,20 €, 3. Stunde 3,20 €","note":"Zone 632 — ma-za 9-23, zo 12-23, middentarief Stop en Shop, 1e half uur 0,20","windows":[{"weekdays":[2],"fromMinute":540,"toMinute":1380},{"weekdays":[4],"fromMinute":540,"toMinute":1380},{"weekdays":[1],"fromMinute":540,"toMinute":1380},{"weekdays":[5],"fromMinute":540,"toMinute":1380},{"weekdays":[3],"fromMinute":540,"toMinute":1380},{"weekdays":[6],"fromMinute":540,"toMinute":1380},{"weekdays":[0],"fromMinute":720,"toMinute":1380}],"fee":{"kind":"range","minCentsPerHour":180,"maxCentsPerHour":320},"unmodelledRules":["Feiertage 2026 laut Quelle: frei am 01.01., 25.12.; gebührenpflichtig wie am Wochentag am 26.12.; mit eigenen Zeiten (hier nicht gerechnet) am 06.04., 27.04., 14.05., 25.05.","Zusätzlich frei laut Quelle 2026: 05.04., 24.05."],"sourceDefect":null,"freeOnHolidays":false,"spaces":null,"maxStayMinutes":null,"maxStay":null,"maxStayShare":0,"maxStayValues":[],"chargingPoints":0,"carsharing":0},"geometry":{"type":"Polygon","coordinates":[[[4.50898,51.92493],[4.51211,51.92345],[4.51196,51.92333],[4.5107,51.92387],[4.50882,51.92477],[4.50898,51.92493]]]}},{"type":"Feature","properties":{"zone":"633","district":"Kralingen-Crooswijk","rawHours":"Mo–Sa 9–23, So 12–23 Uhr","rawFee":"Stop en Shop: eerste 30min 0,20, daarna middentarief — 1. Stunde 1,80 €, 2. Stunde 3,20 €, 3. Stunde 3,20 €","note":"Zone 633 — ma-za 9-23, zo 12-23, middentarief Stop en Shop, 1e half uur 0,20","windows":[{"weekdays":[2],"fromMinute":540,"toMinute":1380},{"weekdays":[4],"fromMinute":540,"toMinute":1380},{"weekdays":[1],"fromMinute":540,"toMinute":1380},{"weekdays":[5],"fromMinute":540,"toMinute":1380},{"weekdays":[3],"fromMinute":540,"toMinute":1380},{"weekdays":[6],"fromMinute":540,"toMinute":1380},{"weekdays":[0],"fromMinute":720,"toMinute":1380}],"fee":{"kind":"range","minCentsPerHour":180,"maxCentsPerHour":320},"unmodelledRules":["Feiertage 2026 laut Quelle: frei am 01.01., 25.12.; gebührenpflichtig wie am Wochentag am 26.12.; mit eigenen Zeiten (hier nicht gerechnet) am 06.04., 27.04., 14.05., 25.05.","Zusätzlich frei laut Quelle 2026: 05.04., 24.05."],"sourceDefect":null,"freeOnHolidays":false,"spaces":null,"maxStayMinutes":null,"maxStay":null,"maxStayShare":0,"maxStayValues":[],"chargingPoints":0,"carsharing":0},"geometry":{"type":"Polygon","coordinates":[[[4.49861,51.92865],[4.49877,51.92889],[4.50084,51.92897],[4.50154,51.92901],[4.50221,51.92987],[4.50256,51.93034],[4.50316,51.93052],[4.50393,51.93018],[4.50577,51.92921],[4.50849,51.92805],[4.50958,51.92756],[4.51048,51.92713],[4.51027,51.92698],[4.50946,51.92732],[4.50911,51.9275],[4.50565,51.92898],[4.50485,51.92937],[4.50356,51.93006],[4.50312,51.93022],[4.50211,51.9289],[4.50214,51.9287],[4.50195,51.92834],[4.50211,51.92817],[4.50201,51.92632],[4.50169,51.92633],[4.50174,51.92729],[4.50174,51.92789],[4.50147,51.92821],[4.50143,51.92856],[4.50149,51.9288],[4.49875,51.92867],[4.49861,51.92865]]]}},{"type":"Feature","properties":{"zone":"634","district":"Kralingen-Crooswijk","rawHours":"Mo–Sa 9–23, So 12–23 Uhr","rawFee":"2,24 per uur, te betalen in stappen van 15 min, laagtarief — 2,24 €/h","note":"Zone 634 — ma-za 9-23, zo 12-23 laagtarief","windows":[{"weekdays":[2],"fromMinute":540,"toMinute":1380},{"weekdays":[4],"fromMinute":540,"toMinute":1380},{"weekdays":[1],"fromMinute":540,"toMinute":1380},{"weekdays":[5],"fromMinute":540,"toMinute":1380},{"weekdays":[3],"fromMinute":540,"toMinute":1380},{"weekdays":[6],"fromMinute":540,"toMinute":1380},{"weekdays":[0],"fromMinute":720,"toMinute":1380}],"fee":{"kind":"exact","centsPerHour":224},"unmodelledRules":["Feiertage 2026 laut Quelle: frei am 01.01., 25.12.; gebührenpflichtig wie am Wochentag am 26.12.; mit eigenen Zeiten (hier nicht gerechnet) am 06.04., 27.04., 14.05., 25.05.","Zusätzlich frei laut Quelle 2026: 05.04., 24.05."],"sourceDefect":null,"freeOnHolidays":false,"spaces":null,"maxStayMinutes":null,"maxStay":null,"maxStayShare":0,"maxStayValues":[],"chargingPoints":0,"carsharing":0},"geometry":{"type":"Polygon","coordinates":[[[4.51048,51.92713],[4.50958,51.92756],[4.50849,51.92805],[4.50577,51.92921],[4.50393,51.93018],[4.50316,51.93052],[4.50256,51.93034],[4.50221,51.92987],[4.50154,51.92901],[4.50084,51.92897],[4.49826,51.92887],[4.49769,51.92887],[4.49863,51.92982],[4.50053,51.93224],[4.50151,51.9326],[4.50248,51.93361],[4.50329,51.93393],[4.50405,51.9353],[4.50522,51.93704],[4.50668,51.93697],[4.50658,51.93646],[4.50574,51.93509],[4.50614,51.93498],[4.50478,51.93344],[4.50715,51.93262],[4.51031,51.9315],[4.51278,51.93035],[4.51432,51.92962],[4.51818,51.9277],[4.52165,51.93307],[4.52254,51.93286],[4.51894,51.9276],[4.52107,51.92733],[4.52695,51.92636],[4.52739,51.92658],[4.52965,51.93012],[4.52775,51.93463],[4.52764,51.93809],[4.52692,51.93918],[4.52661,51.93931],[4.52542,51.93841],[4.5246,51.93811],[4.52393,51.93916],[4.52543,51.93913],[4.52653,51.93944],[4.52652,51.93971],[4.52626,51.94009],[4.52534,51.94011],[4.52518,51.94043],[4.52599,51.94062],[4.52563,51.94127],[4.52487,51.94274],[4.52397,51.9435],[4.5211,51.94478],[4.5189,51.94511],[4.51488,51.94506],[4.50871,51.94351],[4.50534,51.94181],[4.50212,51.9381],[4.50226,51.93768],[4.50484,51.93649],[4.50473,51.93632],[4.502,51.93755],[4.50171,51.93802],[4.50265,51.93932],[4.50478,51.94202],[4.50843,51.9438],[4.51496,51.94551],[4.51894,51.94542],[4.52131,51.94503],[4.52443,51.94359],[4.52551,51.94278],[4.52603,51.94156],[4.52636,51.9406],[4.52706,51.93948],[4.52809,51.93812],[4.52818,51.9346],[4.53028,51.92998],[4.52834,51.92735],[4.52936,51.92745],[4.52958,51.92675],[4.53437,51.92752],[4.53338,51.92555],[4.52962,51.91936],[4.52112,51.92048],[4.51953,51.91823],[4.51855,51.91702],[4.51785,51.91728],[4.51576,51.91895],[4.51492,51.91964],[4.51412,51.91991],[4.51432,51.92004],[4.51477,51.92066],[4.5148,51.92124],[4.51621,51.92378],[4.51648,51.92422],[4.51694,51.9244],[4.51657,51.92447],[4.51516,51.92486],[4.51446,51.92511],[4.51349,51.92557],[4.51278,51.926],[4.51235,51.9264],[4.51048,51.92713]]]}},{"type":"Feature","properties":{"zone":"634","district":"Kralingen-Crooswijk","rawHours":"Mo–Sa 9–23, So 12–23 Uhr","rawFee":"2,24 per uur, te betalen in stappen van 15 min, laagtarief — 2,24 €/h","note":"Zone 634 — ma-za 9-23, zo 12-23 laagtarief","windows":[{"weekdays":[2],"fromMinute":540,"toMinute":1380},{"weekdays":[4],"fromMinute":540,"toMinute":1380},{"weekdays":[1],"fromMinute":540,"toMinute":1380},{"weekdays":[5],"fromMinute":540,"toMinute":1380},{"weekdays":[3],"fromMinute":540,"toMinute":1380},{"weekdays":[6],"fromMinute":540,"toMinute":1380},{"weekdays":[0],"fromMinute":720,"toMinute":1380}],"fee":{"kind":"exact","centsPerHour":224},"unmodelledRules":["Feiertage 2026 laut Quelle: frei am 01.01., 25.12.; gebührenpflichtig wie am Wochentag am 26.12.; mit eigenen Zeiten (hier nicht gerechnet) am 06.04., 27.04., 14.05., 25.05.","Zusätzlich frei laut Quelle 2026: 05.04., 24.05."],"sourceDefect":null,"freeOnHolidays":false,"spaces":null,"maxStayMinutes":null,"maxStay":null,"maxStayShare":0,"maxStayValues":[],"chargingPoints":0,"carsharing":0},"geometry":{"type":"Polygon","coordinates":[[[4.53102,51.93688],[4.53494,51.93746],[4.5351,51.93708],[4.53122,51.93644],[4.53102,51.93688]]]}},{"type":"Feature","properties":{"zone":"635","district":"Kralingen-Crooswijk","rawHours":"Mo–Fr 9–15 und 15–23, Sa 9–23, So 12–23 Uhr","rawFee":"3,20 per uur, te betalen in stappen van 15 min, middentarief — 3,20 €/h · Stop en Sport: 1e 3 uur 50% korting daarna middentarief — 1,60 €/h","note":"Zone 635 — ma-vrij 15-23, za 9-23, zo 12-23, middentarief Stop en Sport, 1e 3 uur 50%","windows":[{"weekdays":[2],"fromMinute":540,"toMinute":900},{"weekdays":[2],"fromMinute":900,"toMinute":1380},{"weekdays":[4],"fromMinute":540,"toMinute":900},{"weekdays":[4],"fromMinute":900,"toMinute":1380},{"weekdays":[1],"fromMinute":540,"toMinute":900},{"weekdays":[1],"fromMinute":900,"toMinute":1380},{"weekdays":[5],"fromMinute":540,"toMinute":900},{"weekdays":[5],"fromMinute":900,"toMinute":1380},{"weekdays":[3],"fromMinute":540,"toMinute":900},{"weekdays":[3],"fromMinute":900,"toMinute":1380},{"weekdays":[6],"fromMinute":540,"toMinute":1380},{"weekdays":[0],"fromMinute":720,"toMinute":1380}],"fee":{"kind":"range","minCentsPerHour":160,"maxCentsPerHour":320},"unmodelledRules":["Feiertage 2026 laut Quelle: frei am 01.01., 25.12.; gebührenpflichtig wie am Wochentag am 26.12.; mit eigenen Zeiten (hier nicht gerechnet) am 06.04., 27.04., 14.05., 25.05.","Zusätzlich frei laut Quelle 2026: 05.04., 24.05."],"sourceDefect":null,"freeOnHolidays":false,"spaces":null,"maxStayMinutes":null,"maxStay":null,"maxStayShare":0,"maxStayValues":[],"chargingPoints":0,"carsharing":0},"geometry":{"type":"Polygon","coordinates":[[[4.49766,51.9261],[4.49925,51.92601],[4.49973,51.9259],[4.49936,51.92533],[4.49836,51.92538],[4.49837,51.92554],[4.49919,51.92551],[4.49924,51.92589],[4.49765,51.92596],[4.49766,51.9261]]]}},{"type":"Feature","properties":{"zone":"640","district":"Kralingen-Crooswijk","rawHours":"Mo–Sa 9–23, So 12–23 Uhr","rawFee":"2,24 per uur, te betalen in stappen van 15 min, laagtarief — 2,24 €/h","note":"Zone 640 — ma-za 9-23, zo 12-23 laagtarief","windows":[{"weekdays":[2],"fromMinute":540,"toMinute":1380},{"weekdays":[4],"fromMinute":540,"toMinute":1380},{"weekdays":[1],"fromMinute":540,"toMinute":1380},{"weekdays":[5],"fromMinute":540,"toMinute":1380},{"weekdays":[3],"fromMinute":540,"toMinute":1380},{"weekdays":[6],"fromMinute":540,"toMinute":1380},{"weekdays":[0],"fromMinute":720,"toMinute":1380}],"fee":{"kind":"exact","centsPerHour":224},"unmodelledRules":["Feiertage 2026 laut Quelle: frei am 01.01., 25.12.; gebührenpflichtig wie am Wochentag am 26.12.; mit eigenen Zeiten (hier nicht gerechnet) am 06.04., 27.04., 14.05., 25.05.","Zusätzlich frei laut Quelle 2026: 05.04., 24.05."],"sourceDefect":null,"freeOnHolidays":false,"spaces":null,"maxStayMinutes":null,"maxStay":null,"maxStayShare":0,"maxStayValues":[],"chargingPoints":0,"carsharing":0},"geometry":{"type":"Polygon","coordinates":[[[4.51895,51.90573],[4.52192,51.90579],[4.52704,51.90582],[4.52759,51.90643],[4.52724,51.90718],[4.52524,51.90951],[4.52582,51.9102],[4.52612,51.91087],[4.52656,51.91159],[4.52788,51.91385],[4.5318,51.91356],[4.53381,51.91397],[4.53502,51.91379],[4.54162,51.90519],[4.52844,51.90099],[4.52394,51.90167],[4.51895,51.90573]]]}},{"type":"Feature","properties":{"zone":"650","district":"Kralingen-Crooswijk","rawHours":"Mo–Sa 9–23, So 12–23 Uhr","rawFee":"2,24 per uur, te betalen in stappen van 15 min, laagtarief — 2,24 €/h","note":"Zone 650 — ma-za 9-23, zo 12-23 laagtarief","windows":[{"weekdays":[2],"fromMinute":540,"toMinute":1380},{"weekdays":[4],"fromMinute":540,"toMinute":1380},{"weekdays":[1],"fromMinute":540,"toMinute":1380},{"weekdays":[5],"fromMinute":540,"toMinute":1380},{"weekdays":[3],"fromMinute":540,"toMinute":1380},{"weekdays":[6],"fromMinute":540,"toMinute":1380},{"weekdays":[0],"fromMinute":720,"toMinute":1380}],"fee":{"kind":"exact","centsPerHour":224},"unmodelledRules":["Feiertage 2026 laut Quelle: frei am 01.01., 25.12.; gebührenpflichtig wie am Wochentag am 26.12.; mit eigenen Zeiten (hier nicht gerechnet) am 06.04., 27.04., 14.05., 25.05.","Zusätzlich frei laut Quelle 2026: 05.04., 24.05."],"sourceDefect":null,"freeOnHolidays":false,"spaces":null,"maxStayMinutes":null,"maxStay":null,"maxStayShare":0,"maxStayValues":[],"chargingPoints":0,"carsharing":0},"geometry":{"type":"Polygon","coordinates":[[[4.48955,51.93602],[4.49028,51.93583],[4.4912,51.93694],[4.49258,51.93763],[4.4923,51.93788],[4.49259,51.93803],[4.49284,51.93784],[4.49575,51.93922],[4.49915,51.93633],[4.50248,51.93361],[4.50151,51.9326],[4.50053,51.93224],[4.49863,51.92982],[4.49818,51.92936],[4.49756,51.92949],[4.49725,51.92998],[4.49173,51.92984],[4.49393,51.93194],[4.4949,51.93283],[4.49466,51.93292],[4.49024,51.93354],[4.48908,51.93342],[4.48848,51.93354],[4.48912,51.93383],[4.48972,51.93432],[4.48999,51.93493],[4.48986,51.93537],[4.48795,51.93571],[4.48746,51.93607],[4.48717,51.93704],[4.48684,51.9376],[4.48591,51.93834],[4.48566,51.93898],[4.48577,51.93961],[4.48658,51.94032],[4.4865,51.94078],[4.48739,51.94101],[4.48833,51.94114],[4.48838,51.94053],[4.48779,51.94021],[4.48723,51.93978],[4.48684,51.93946],[4.48677,51.9392],[4.48695,51.9388],[4.48765,51.93769],[4.4885,51.93649],[4.48955,51.93602]]]}},{"type":"Feature","properties":{"zone":"651","district":"Kralingen-Crooswijk","rawHours":"Mo–Sa 9–23, So 12–23 Uhr","rawFee":"3,20 per uur, te betalen in stappen van 15 min, middentarief — 3,20 €/h","note":"Zone 651 — ma-za 9-23, zo 12-23 middentarief","windows":[{"weekdays":[2],"fromMinute":540,"toMinute":1380},{"weekdays":[4],"fromMinute":540,"toMinute":1380},{"weekdays":[1],"fromMinute":540,"toMinute":1380},{"weekdays":[5],"fromMinute":540,"toMinute":1380},{"weekdays":[3],"fromMinute":540,"toMinute":1380},{"weekdays":[6],"fromMinute":540,"toMinute":1380},{"weekdays":[0],"fromMinute":720,"toMinute":1380}],"fee":{"kind":"exact","centsPerHour":320},"unmodelledRules":["Feiertage 2026 laut Quelle: frei am 01.01., 25.12.; gebührenpflichtig wie am Wochentag am 26.12.; mit eigenen Zeiten (hier nicht gerechnet) am 06.04., 27.04., 14.05., 25.05.","Zusätzlich frei laut Quelle 2026: 05.04., 24.05."],"sourceDefect":null,"freeOnHolidays":false,"spaces":null,"maxStayMinutes":null,"maxStay":null,"maxStayShare":0,"maxStayValues":[],"chargingPoints":0,"carsharing":0},"geometry":{"type":"Polygon","coordinates":[[[4.49381,51.93209],[4.49249,51.93089],[4.49112,51.93007],[4.49099,51.92981],[4.49038,51.92962],[4.48958,51.92955],[4.48855,51.92963],[4.48674,51.92986],[4.48593,51.92987],[4.4859,51.93055],[4.48621,51.93121],[4.4873,51.93275],[4.48796,51.9333],[4.48848,51.93354],[4.48908,51.93342],[4.49024,51.93354],[4.49022,51.93328],[4.49194,51.93308],[4.49188,51.93331],[4.49466,51.93292],[4.49381,51.93209]]]}},{"type":"Feature","properties":{"zone":"652","district":"Kralingen-Crooswijk","rawHours":"Mo–Sa 9–23, So 12–23 Uhr","rawFee":"Stop en Shop: eerste 30min 0,20, daarna middentarief — 1. Stunde 1,80 €, 2. Stunde 3,20 €, 3. Stunde 3,20 €","note":"Zone 652 — ma-za 9-23, zo 12-23, middentarief Stop en Shop, 1e half uur 0,20","windows":[{"weekdays":[2],"fromMinute":540,"toMinute":1380},{"weekdays":[4],"fromMinute":540,"toMinute":1380},{"weekdays":[1],"fromMinute":540,"toMinute":1380},{"weekdays":[5],"fromMinute":540,"toMinute":1380},{"weekdays":[3],"fromMinute":540,"toMinute":1380},{"weekdays":[6],"fromMinute":540,"toMinute":1380},{"weekdays":[0],"fromMinute":720,"toMinute":1380}],"fee":{"kind":"range","minCentsPerHour":180,"maxCentsPerHour":320},"unmodelledRules":["Feiertage 2026 laut Quelle: frei am 01.01., 25.12.; gebührenpflichtig wie am Wochentag am 26.12.; mit eigenen Zeiten (hier nicht gerechnet) am 06.04., 27.04., 14.05., 25.05.","Zusätzlich frei laut Quelle 2026: 05.04., 24.05."],"sourceDefect":null,"freeOnHolidays":false,"spaces":null,"maxStayMinutes":null,"maxStay":null,"maxStayShare":0,"maxStayValues":[],"chargingPoints":0,"carsharing":0},"geometry":{"type":"Polygon","coordinates":[[[4.49173,51.92984],[4.49099,51.92981],[4.49112,51.93007],[4.49249,51.93089],[4.49381,51.93209],[4.49466,51.93292],[4.4949,51.93283],[4.49393,51.93194],[4.49173,51.92984]]]}},{"type":"Feature","properties":{"zone":"653","district":"Kralingen-Crooswijk","rawHours":"Mo–Fr 9–15 und 15–23, Sa 9–23, So 12–23 Uhr","rawFee":"3,20 per uur, te betalen in stappen van 15 min, middentarief — 3,20 €/h · Stop en Sport: 1e 3 uur 50% korting daarna middentarief — 1,60 €/h","note":"Zone 653 — ma-vrij 15-23, za 9-23, zo 12-23, middentarief Stop en Sport, 1e 3 uur 50%","windows":[{"weekdays":[2],"fromMinute":540,"toMinute":900},{"weekdays":[2],"fromMinute":900,"toMinute":1380},{"weekdays":[4],"fromMinute":540,"toMinute":900},{"weekdays":[4],"fromMinute":900,"toMinute":1380},{"weekdays":[1],"fromMinute":540,"toMinute":900},{"weekdays":[1],"fromMinute":900,"toMinute":1380},{"weekdays":[5],"fromMinute":540,"toMinute":900},{"weekdays":[5],"fromMinute":900,"toMinute":1380},{"weekdays":[3],"fromMinute":540,"toMinute":900},{"weekdays":[3],"fromMinute":900,"toMinute":1380},{"weekdays":[6],"fromMinute":540,"toMinute":1380},{"weekdays":[0],"fromMinute":720,"toMinute":1380}],"fee":{"kind":"range","minCentsPerHour":160,"maxCentsPerHour":320},"unmodelledRules":["Feiertage 2026 laut Quelle: frei am 01.01., 25.12.; gebührenpflichtig wie am Wochentag am 26.12.; mit eigenen Zeiten (hier nicht gerechnet) am 06.04., 27.04., 14.05., 25.05.","Zusätzlich frei laut Quelle 2026: 05.04., 24.05."],"sourceDefect":null,"freeOnHolidays":false,"spaces":null,"maxStayMinutes":null,"maxStay":null,"maxStayShare":0,"maxStayValues":[],"chargingPoints":0,"carsharing":0},"geometry":{"type":"Polygon","coordinates":[[[4.49024,51.93354],[4.49188,51.93331],[4.49194,51.93308],[4.49022,51.93328],[4.49024,51.93354]]]}},{"type":"Feature","properties":{"zone":"660","district":"Kralingen-Crooswijk","rawHours":"Mo–Sa 9–23, So 12–23 Uhr","rawFee":"2,24 per uur, te betalen in stappen van 15 min, laagtarief — 2,24 €/h","note":"Zone 660 — ma-za 9-23, zo 12-23 laagtarief","windows":[{"weekdays":[2],"fromMinute":540,"toMinute":1380},{"weekdays":[4],"fromMinute":540,"toMinute":1380},{"weekdays":[1],"fromMinute":540,"toMinute":1380},{"weekdays":[5],"fromMinute":540,"toMinute":1380},{"weekdays":[3],"fromMinute":540,"toMinute":1380},{"weekdays":[6],"fromMinute":540,"toMinute":1380},{"weekdays":[0],"fromMinute":720,"toMinute":1380}],"fee":{"kind":"exact","centsPerHour":224},"unmodelledRules":["Feiertage 2026 laut Quelle: frei am 01.01., 25.12.; gebührenpflichtig wie am Wochentag am 26.12.; mit eigenen Zeiten (hier nicht gerechnet) am 06.04., 27.04., 14.05., 25.05.","Zusätzlich frei laut Quelle 2026: 05.04., 24.05."],"sourceDefect":null,"freeOnHolidays":false,"spaces":null,"maxStayMinutes":null,"maxStay":null,"maxStayShare":0,"maxStayValues":[],"chargingPoints":0,"carsharing":0},"geometry":{"type":"Polygon","coordinates":[[[4.52911,51.91554],[4.5292,51.9157],[4.53024,51.91549],[4.53048,51.91609],[4.53049,51.91748],[4.53061,51.91794],[4.53074,51.91829],[4.5311,51.91892],[4.52994,51.91894],[4.53004,51.91911],[4.53095,51.9191],[4.5322,51.91935],[4.53251,51.91931],[4.53284,51.91913],[4.53292,51.91888],[4.53264,51.9179],[4.53258,51.91732],[4.53264,51.91592],[4.5326,51.91565],[4.53246,51.9154],[4.53213,51.91518],[4.53181,51.91508],[4.53137,51.91503],[4.53087,51.91509],[4.53004,51.91534],[4.52911,51.91554]]]}},{"type":"Feature","properties":{"zone":"670","district":"Kralingen-Crooswijk","rawHours":"Mo–Sa 9–23, So 12–23 Uhr","rawFee":"2,24 per uur, te betalen in stappen van 15 min, laagtarief — 2,24 €/h","note":"Zone 670 — ma-za 9-23, zo 12-23 laagtarief","windows":[{"weekdays":[2],"fromMinute":540,"toMinute":1380},{"weekdays":[4],"fromMinute":540,"toMinute":1380},{"weekdays":[1],"fromMinute":540,"toMinute":1380},{"weekdays":[5],"fromMinute":540,"toMinute":1380},{"weekdays":[3],"fromMinute":540,"toMinute":1380},{"weekdays":[6],"fromMinute":540,"toMinute":1380},{"weekdays":[0],"fromMinute":720,"toMinute":1380}],"fee":{"kind":"exact","centsPerHour":224},"unmodelledRules":["Feiertage 2026 laut Quelle: frei am 01.01., 25.12.; gebührenpflichtig wie am Wochentag am 26.12.; mit eigenen Zeiten (hier nicht gerechnet) am 06.04., 27.04., 14.05., 25.05.","Zusätzlich frei laut Quelle 2026: 05.04., 24.05."],"sourceDefect":null,"freeOnHolidays":false,"spaces":null,"maxStayMinutes":null,"maxStay":null,"maxStayShare":0,"maxStayValues":[],"chargingPoints":0,"carsharing":0},"geometry":{"type":"Polygon","coordinates":[[[4.49821,51.94035],[4.49806,51.94046],[4.49796,51.9404],[4.49754,51.94067],[4.49746,51.94075],[4.49722,51.94143],[4.49741,51.94146],[4.49702,51.94246],[4.49975,51.94254],[4.50144,51.94281],[4.50359,51.94354],[4.50623,51.94404],[4.50682,51.94392],[4.50412,51.94314],[4.49956,51.94099],[4.49972,51.94076],[4.49841,51.94014],[4.49942,51.93944],[4.50107,51.93822],[4.50054,51.93762],[4.4995,51.93693],[4.49747,51.93848],[4.49631,51.93949],[4.49821,51.94035]]]}},{"type":"Feature","properties":{"zone":"680","district":"Kralingen-Crooswijk","rawHours":"Mo–Sa 9–23, So 12–23 Uhr","rawFee":"2,24 per uur, te betalen in stappen van 15 min, laagtarief — 2,24 €/h","note":"Zone 680 — ma-za 9-23, zo 12-23 laagtarief","windows":[{"weekdays":[2],"fromMinute":540,"toMinute":1380},{"weekdays":[4],"fromMinute":540,"toMinute":1380},{"weekdays":[1],"fromMinute":540,"toMinute":1380},{"weekdays":[5],"fromMinute":540,"toMinute":1380},{"weekdays":[3],"fromMinute":540,"toMinute":1380},{"weekdays":[6],"fromMinute":540,"toMinute":1380},{"weekdays":[0],"fromMinute":720,"toMinute":1380}],"fee":{"kind":"exact","centsPerHour":224},"unmodelledRules":["Feiertage 2026 laut Quelle: frei am 01.01., 25.12.; gebührenpflichtig wie am Wochentag am 26.12.; mit eigenen Zeiten (hier nicht gerechnet) am 06.04., 27.04., 14.05., 25.05.","Zusätzlich frei laut Quelle 2026: 05.04., 24.05."],"sourceDefect":null,"freeOnHolidays":false,"spaces":null,"maxStayMinutes":null,"maxStay":null,"maxStayShare":0,"maxStayValues":[],"chargingPoints":0,"carsharing":0},"geometry":{"type":"Polygon","coordinates":[[[4.48926,51.94183],[4.48911,51.94225],[4.49216,51.94338],[4.49523,51.94376],[4.49588,51.94402],[4.50588,51.94511],[4.50623,51.94404],[4.50359,51.94354],[4.50144,51.94281],[4.49975,51.94254],[4.49702,51.94246],[4.49741,51.94146],[4.49722,51.94143],[4.49746,51.94075],[4.49754,51.94067],[4.49796,51.9404],[4.49806,51.94046],[4.49821,51.94035],[4.49631,51.93949],[4.49354,51.94169],[4.49191,51.94202],[4.49123,51.94205],[4.48926,51.94183]]]}},{"type":"Feature","properties":{"zone":"690","district":"Kralingen-Crooswijk","rawHours":"Mo–Sa 9–23, So 12–23 Uhr","rawFee":"2,24 per uur, te betalen in stappen van 15 min, laagtarief — 2,24 €/h","note":"Zone 690 — ma-za 9-23, zo 12-23 laagtarief","windows":[{"weekdays":[2],"fromMinute":540,"toMinute":1380},{"weekdays":[4],"fromMinute":540,"toMinute":1380},{"weekdays":[1],"fromMinute":540,"toMinute":1380},{"weekdays":[5],"fromMinute":540,"toMinute":1380},{"weekdays":[3],"fromMinute":540,"toMinute":1380},{"weekdays":[6],"fromMinute":540,"toMinute":1380},{"weekdays":[0],"fromMinute":720,"toMinute":1380}],"fee":{"kind":"exact","centsPerHour":224},"unmodelledRules":["Feiertage 2026 laut Quelle: frei am 01.01., 25.12.; gebührenpflichtig wie am Wochentag am 26.12.; mit eigenen Zeiten (hier nicht gerechnet) am 06.04., 27.04., 14.05., 25.05.","Zusätzlich frei laut Quelle 2026: 05.04., 24.05."],"sourceDefect":null,"freeOnHolidays":false,"spaces":null,"maxStayMinutes":null,"maxStay":null,"maxStayShare":0,"maxStayValues":[],"chargingPoints":0,"carsharing":0},"geometry":{"type":"Polygon","coordinates":[[[4.53405,51.92524],[4.53703,51.925],[4.53527,51.92205],[4.53474,51.9221],[4.53361,51.9223],[4.53247,51.92266],[4.53405,51.92524]]]}},{"type":"Feature","properties":{"zone":"700","district":"Noord","rawHours":"Mo–Sa 9–23, So 12–23 Uhr","rawFee":"3,20 per uur, te betalen in stappen van 15 min, middentarief — 3,20 €/h","note":"Zone 700 — ma-za 9-23, zo 12-23 middentarief","windows":[{"weekdays":[2],"fromMinute":540,"toMinute":1380},{"weekdays":[4],"fromMinute":540,"toMinute":1380},{"weekdays":[1],"fromMinute":540,"toMinute":1380},{"weekdays":[5],"fromMinute":540,"toMinute":1380},{"weekdays":[3],"fromMinute":540,"toMinute":1380},{"weekdays":[6],"fromMinute":540,"toMinute":1380},{"weekdays":[0],"fromMinute":720,"toMinute":1380}],"fee":{"kind":"exact","centsPerHour":320},"unmodelledRules":["Feiertage 2026 laut Quelle: frei am 01.01., 25.12.; gebührenpflichtig wie am Wochentag am 26.12.; mit eigenen Zeiten (hier nicht gerechnet) am 06.04., 27.04., 14.05., 25.05.","Zusätzlich frei laut Quelle 2026: 05.04., 24.05."],"sourceDefect":null,"freeOnHolidays":false,"spaces":null,"maxStayMinutes":null,"maxStay":null,"maxStayShare":0,"maxStayValues":[],"chargingPoints":0,"carsharing":0},"geometry":{"type":"Polygon","coordinates":[[[4.47687,51.92615],[4.47334,51.92615],[4.47212,51.92662],[4.46984,51.92629],[4.46868,51.92581],[4.4622,51.92456],[4.46143,51.9265],[4.46417,51.92692],[4.46634,51.92859],[4.46928,51.93078],[4.46956,51.93101],[4.46986,51.93088],[4.47477,51.92763],[4.47642,51.92676],[4.47687,51.92615]]]}},{"type":"Feature","properties":{"zone":"710","district":"Noord","rawHours":"Mo–Sa 9–23, So 12–23 Uhr","rawFee":"3,20 per uur, te betalen in stappen van 15 min, middentarief — 3,20 €/h","note":"Zone 710 — ma-za 9-23, zo 12-23 middentarief","windows":[{"weekdays":[2],"fromMinute":540,"toMinute":1380},{"weekdays":[4],"fromMinute":540,"toMinute":1380},{"weekdays":[1],"fromMinute":540,"toMinute":1380},{"weekdays":[5],"fromMinute":540,"toMinute":1380},{"weekdays":[3],"fromMinute":540,"toMinute":1380},{"weekdays":[6],"fromMinute":540,"toMinute":1380},{"weekdays":[0],"fromMinute":720,"toMinute":1380}],"fee":{"kind":"exact","centsPerHour":320},"unmodelledRules":["Feiertage 2026 laut Quelle: frei am 01.01., 25.12.; gebührenpflichtig wie am Wochentag am 26.12.; mit eigenen Zeiten (hier nicht gerechnet) am 06.04., 27.04., 14.05., 25.05.","Zusätzlich frei laut Quelle 2026: 05.04., 24.05."],"sourceDefect":null,"freeOnHolidays":false,"spaces":null,"maxStayMinutes":null,"maxStay":null,"maxStayShare":0,"maxStayValues":[],"chargingPoints":0,"carsharing":0},"geometry":{"type":"Polygon","coordinates":[[[4.48593,51.92987],[4.48493,51.92852],[4.48457,51.92689],[4.48488,51.92659],[4.48268,51.92571],[4.48195,51.92548],[4.47938,51.92628],[4.47687,51.92615],[4.47642,51.92676],[4.47477,51.92763],[4.46986,51.93088],[4.46956,51.93101],[4.46975,51.93117],[4.46999,51.93104],[4.47084,51.9317],[4.47267,51.93287],[4.48048,51.92977],[4.4824,51.92921],[4.48306,51.92928],[4.48389,51.92983],[4.48513,51.92965],[4.48593,51.92987]]]}},{"type":"Feature","properties":{"zone":"712","district":"Rotterdam Centrum","rawHours":"Mo–Sa 9–23, So 12–23 Uhr","rawFee":"6,42 per uur, te betalen in stappen van 10 min, hoogtarief — 6,42 €/h","note":"Zone 712 — ma-za 9-23, zo 12-23 hoogtarief","windows":[{"weekdays":[2],"fromMinute":540,"toMinute":1380},{"weekdays":[4],"fromMinute":540,"toMinute":1380},{"weekdays":[1],"fromMinute":540,"toMinute":1380},{"weekdays":[5],"fromMinute":540,"toMinute":1380},{"weekdays":[3],"fromMinute":540,"toMinute":1380},{"weekdays":[6],"fromMinute":540,"toMinute":1380},{"weekdays":[0],"fromMinute":720,"toMinute":1380}],"fee":{"kind":"exact","centsPerHour":642},"unmodelledRules":["Feiertage 2026 laut Quelle: frei am 01.01., 25.12.; gebührenpflichtig wie am Wochentag am 26.12.; mit eigenen Zeiten (hier nicht gerechnet) am 06.04., 27.04., 14.05., 25.05.","Zusätzlich frei laut Quelle 2026: 05.04., 24.05."],"sourceDefect":null,"freeOnHolidays":false,"spaces":null,"maxStayMinutes":null,"maxStay":null,"maxStayShare":0,"maxStayValues":[],"chargingPoints":0,"carsharing":0},"geometry":{"type":"Polygon","coordinates":[[[4.47938,51.92628],[4.48195,51.92548],[4.48017,51.9249],[4.47857,51.92459],[4.47776,51.9244],[4.47687,51.92615],[4.47938,51.92628]]]}},{"type":"Feature","properties":{"zone":"720","district":"Noord","rawHours":"Mo–Sa 9–23, So 12–23 Uhr","rawFee":"2,24 per uur, te betalen in stappen van 15 min, laagtarief — 2,24 €/h","note":"Zone 720 — ma-za 9-23, zo 12-23 laagtarief","windows":[{"weekdays":[2],"fromMinute":540,"toMinute":1380},{"weekdays":[4],"fromMinute":540,"toMinute":1380},{"weekdays":[1],"fromMinute":540,"toMinute":1380},{"weekdays":[5],"fromMinute":540,"toMinute":1380},{"weekdays":[3],"fromMinute":540,"toMinute":1380},{"weekdays":[6],"fromMinute":540,"toMinute":1380},{"weekdays":[0],"fromMinute":720,"toMinute":1380}],"fee":{"kind":"exact","centsPerHour":224},"unmodelledRules":["Feiertage 2026 laut Quelle: frei am 01.01., 25.12.; gebührenpflichtig wie am Wochentag am 26.12.; mit eigenen Zeiten (hier nicht gerechnet) am 06.04., 27.04., 14.05., 25.05.","Zusätzlich frei laut Quelle 2026: 05.04., 24.05."],"sourceDefect":null,"freeOnHolidays":false,"spaces":null,"maxStayMinutes":null,"maxStay":null,"maxStayShare":0,"maxStayValues":[],"chargingPoints":0,"carsharing":0},"geometry":{"type":"Polygon","coordinates":[[[4.46567,51.93376],[4.4654,51.93408],[4.46269,51.93237],[4.46244,51.93242],[4.4613,51.93192],[4.46165,51.93153],[4.45857,51.93049],[4.45824,51.93093],[4.45847,51.93101],[4.45837,51.93112],[4.45795,51.93152],[4.4571,51.93124],[4.45743,51.93085],[4.45771,51.93077],[4.45806,51.93034],[4.45636,51.92977],[4.45313,51.93354],[4.45196,51.93327],[4.45208,51.93268],[4.45036,51.93238],[4.44963,51.93016],[4.44928,51.92923],[4.44629,51.92976],[4.44312,51.93002],[4.44158,51.93031],[4.44072,51.93079],[4.44733,51.93453],[4.4525,51.93531],[4.46245,51.93836],[4.4642,51.93933],[4.46752,51.93999],[4.46907,51.93362],[4.46934,51.93314],[4.46983,51.9327],[4.47093,51.93203],[4.46975,51.93117],[4.46873,51.93141],[4.46734,51.93184],[4.46567,51.93376]]]}},{"type":"Feature","properties":{"zone":"721","district":"Noord","rawHours":"Mo–Sa 9–23, So 12–23 Uhr","rawFee":"Stop en Shop: eerste 30min 0,20, daarna middentarief — 1. Stunde 1,80 €, 2. Stunde 3,20 €, 3. Stunde 3,20 €","note":"Zone 721 — ma-za 9-23, zo 12-23, middentarief Stop en Shop, 1e half uur 0,20","windows":[{"weekdays":[2],"fromMinute":540,"toMinute":1380},{"weekdays":[4],"fromMinute":540,"toMinute":1380},{"weekdays":[1],"fromMinute":540,"toMinute":1380},{"weekdays":[5],"fromMinute":540,"toMinute":1380},{"weekdays":[3],"fromMinute":540,"toMinute":1380},{"weekdays":[6],"fromMinute":540,"toMinute":1380},{"weekdays":[0],"fromMinute":720,"toMinute":1380}],"fee":{"kind":"range","minCentsPerHour":180,"maxCentsPerHour":320},"unmodelledRules":["Feiertage 2026 laut Quelle: frei am 01.01., 25.12.; gebührenpflichtig wie am Wochentag am 26.12.; mit eigenen Zeiten (hier nicht gerechnet) am 06.04., 27.04., 14.05., 25.05.","Zusätzlich frei laut Quelle 2026: 05.04., 24.05."],"sourceDefect":null,"freeOnHolidays":false,"spaces":null,"maxStayMinutes":null,"maxStay":null,"maxStayShare":0,"maxStayValues":[],"chargingPoints":0,"carsharing":0},"geometry":{"type":"Polygon","coordinates":[[[4.46567,51.93376],[4.46383,51.93261],[4.46298,51.93202],[4.46334,51.9316],[4.46336,51.93111],[4.46222,51.93073],[4.46183,51.93111],[4.46117,51.93094],[4.45863,51.93011],[4.45838,51.93043],[4.46165,51.93153],[4.4613,51.93192],[4.46244,51.93242],[4.46269,51.93237],[4.4654,51.93408],[4.46567,51.93376]]]}},{"type":"Feature","properties":{"zone":"722","district":"Noord","rawHours":"Mo–Sa 9–23, So 12–23 Uhr","rawFee":"Stop en Shop: eerste 30min 0,20, daarna laagtarief — 1. Stunde 1,32 €, 2. Stunde 2,24 €, 3. Stunde 2,24 €","note":"Zone 722 — ma-za 9-23, zo 12-23, laagtarief Stop en Shop, 1e half uur 0,20","windows":[{"weekdays":[2],"fromMinute":540,"toMinute":1380},{"weekdays":[4],"fromMinute":540,"toMinute":1380},{"weekdays":[1],"fromMinute":540,"toMinute":1380},{"weekdays":[5],"fromMinute":540,"toMinute":1380},{"weekdays":[3],"fromMinute":540,"toMinute":1380},{"weekdays":[6],"fromMinute":540,"toMinute":1380},{"weekdays":[0],"fromMinute":720,"toMinute":1380}],"fee":{"kind":"range","minCentsPerHour":132,"maxCentsPerHour":224},"unmodelledRules":["Feiertage 2026 laut Quelle: frei am 01.01., 25.12.; gebührenpflichtig wie am Wochentag am 26.12.; mit eigenen Zeiten (hier nicht gerechnet) am 06.04., 27.04., 14.05., 25.05.","Zusätzlich frei laut Quelle 2026: 05.04., 24.05."],"sourceDefect":null,"freeOnHolidays":false,"spaces":null,"maxStayMinutes":null,"maxStay":null,"maxStayShare":0,"maxStayValues":[],"chargingPoints":0,"carsharing":0},"geometry":{"type":"Polygon","coordinates":[[[4.45806,51.93034],[4.45771,51.93077],[4.45743,51.93085],[4.4571,51.93124],[4.45795,51.93152],[4.45837,51.93112],[4.45847,51.93101],[4.45824,51.93093],[4.45857,51.93049],[4.45806,51.93034]]]}},{"type":"Feature","properties":{"zone":"723","district":"Noord","rawHours":"Mo–Sa 9–23, So 12–23 Uhr","rawFee":"3,20 per uur, te betalen in stappen van 15 min, middentarief — 3,20 €/h","note":"Zone 723 — ma-za 9-23, zo 12-23 middentarief","windows":[{"weekdays":[2],"fromMinute":540,"toMinute":1380},{"weekdays":[4],"fromMinute":540,"toMinute":1380},{"weekdays":[1],"fromMinute":540,"toMinute":1380},{"weekdays":[5],"fromMinute":540,"toMinute":1380},{"weekdays":[3],"fromMinute":540,"toMinute":1380},{"weekdays":[6],"fromMinute":540,"toMinute":1380},{"weekdays":[0],"fromMinute":720,"toMinute":1380}],"fee":{"kind":"exact","centsPerHour":320},"unmodelledRules":["Feiertage 2026 laut Quelle: frei am 01.01., 25.12.; gebührenpflichtig wie am Wochentag am 26.12.; mit eigenen Zeiten (hier nicht gerechnet) am 06.04., 27.04., 14.05., 25.05.","Zusätzlich frei laut Quelle 2026: 05.04., 24.05."],"sourceDefect":null,"freeOnHolidays":false,"spaces":null,"maxStayMinutes":null,"maxStay":null,"maxStayShare":0,"maxStayValues":[],"chargingPoints":0,"carsharing":0},"geometry":{"type":"Polygon","coordinates":[[[4.46567,51.93376],[4.46734,51.93184],[4.46873,51.93141],[4.46975,51.93117],[4.46928,51.93078],[4.46703,51.93141],[4.46644,51.93184],[4.46517,51.93344],[4.46567,51.93376]]]}},{"type":"Feature","properties":{"zone":"724","district":"Noord","rawHours":"Mo–Sa 9–23, So 12–23 Uhr","rawFee":"2,24 per uur, te betalen in stappen van 15 min, laagtarief — 2,24 €/h","note":"Zone 724 — ma-za 9-23, zo 12-23 laagtarief","windows":[{"weekdays":[2],"fromMinute":540,"toMinute":1380},{"weekdays":[4],"fromMinute":540,"toMinute":1380},{"weekdays":[1],"fromMinute":540,"toMinute":1380},{"weekdays":[5],"fromMinute":540,"toMinute":1380},{"weekdays":[3],"fromMinute":540,"toMinute":1380},{"weekdays":[6],"fromMinute":540,"toMinute":1380},{"weekdays":[0],"fromMinute":720,"toMinute":1380}],"fee":{"kind":"exact","centsPerHour":224},"unmodelledRules":["Feiertage 2026 laut Quelle: frei am 01.01., 25.12.; gebührenpflichtig wie am Wochentag am 26.12.; mit eigenen Zeiten (hier nicht gerechnet) am 06.04., 27.04., 14.05., 25.05.","Zusätzlich frei laut Quelle 2026: 05.04., 24.05."],"sourceDefect":null,"freeOnHolidays":false,"spaces":null,"maxStayMinutes":null,"maxStay":null,"maxStayShare":0,"maxStayValues":[],"chargingPoints":0,"carsharing":0},"geometry":{"type":"Polygon","coordinates":[[[4.45459,51.92904],[4.45448,51.9292],[4.45382,51.92906],[4.45288,51.92896],[4.45212,51.92896],[4.45146,51.92901],[4.45093,51.92903],[4.44928,51.92923],[4.44963,51.93016],[4.45036,51.93238],[4.45208,51.93268],[4.45196,51.93327],[4.45313,51.93354],[4.45648,51.92963],[4.45459,51.92904]]]}},{"type":"Feature","properties":{"zone":"730","district":"Noord","rawHours":"Mo–Sa 9–23, So 12–23 Uhr","rawFee":"3,20 per uur, te betalen in stappen van 15 min, middentarief — 3,20 €/h","note":"Zone 730 — ma-za 9-23, zo 12-23 middentarief","windows":[{"weekdays":[2],"fromMinute":540,"toMinute":1380},{"weekdays":[4],"fromMinute":540,"toMinute":1380},{"weekdays":[1],"fromMinute":540,"toMinute":1380},{"weekdays":[5],"fromMinute":540,"toMinute":1380},{"weekdays":[3],"fromMinute":540,"toMinute":1380},{"weekdays":[6],"fromMinute":540,"toMinute":1380},{"weekdays":[0],"fromMinute":720,"toMinute":1380}],"fee":{"kind":"exact","centsPerHour":320},"unmodelledRules":["Feiertage 2026 laut Quelle: frei am 01.01., 25.12.; gebührenpflichtig wie am Wochentag am 26.12.; mit eigenen Zeiten (hier nicht gerechnet) am 06.04., 27.04., 14.05., 25.05.","Zusätzlich frei laut Quelle 2026: 05.04., 24.05."],"sourceDefect":null,"freeOnHolidays":false,"spaces":null,"maxStayMinutes":null,"maxStay":null,"maxStayShare":0,"maxStayValues":[],"chargingPoints":0,"carsharing":0},"geometry":{"type":"Polygon","coordinates":[[[4.46928,51.93078],[4.46634,51.92859],[4.46417,51.92692],[4.46192,51.92658],[4.46184,51.92688],[4.46158,51.92721],[4.46279,51.92763],[4.46299,51.92738],[4.46286,51.92724],[4.46281,51.92687],[4.46317,51.92691],[4.46324,51.92726],[4.46323,51.92752],[4.46299,51.92775],[4.46268,51.92775],[4.46143,51.92734],[4.46145,51.927],[4.46164,51.92654],[4.46143,51.9265],[4.46121,51.92704],[4.45863,51.93011],[4.46117,51.93094],[4.46183,51.93111],[4.46222,51.93073],[4.46336,51.93111],[4.46334,51.9316],[4.46298,51.93202],[4.46383,51.93261],[4.46517,51.93344],[4.46644,51.93184],[4.46703,51.93141],[4.46928,51.93078]]]}},{"type":"Feature","properties":{"zone":"731","district":"Noord","rawHours":"Mo–Sa 9–23, So 12–23 Uhr","rawFee":"Stop en Shop: eerste 30min 0,20, daarna middentarief — 1. Stunde 1,80 €, 2. Stunde 3,20 €, 3. Stunde 3,20 €","note":"Zone 731 — ma-za 9-23, zo 12-23, middentarief Stop en Shop, 1e half uur 0,20","windows":[{"weekdays":[2],"fromMinute":540,"toMinute":1380},{"weekdays":[4],"fromMinute":540,"toMinute":1380},{"weekdays":[1],"fromMinute":540,"toMinute":1380},{"weekdays":[5],"fromMinute":540,"toMinute":1380},{"weekdays":[3],"fromMinute":540,"toMinute":1380},{"weekdays":[6],"fromMinute":540,"toMinute":1380},{"weekdays":[0],"fromMinute":720,"toMinute":1380}],"fee":{"kind":"range","minCentsPerHour":180,"maxCentsPerHour":320},"unmodelledRules":["Feiertage 2026 laut Quelle: frei am 01.01., 25.12.; gebührenpflichtig wie am Wochentag am 26.12.; mit eigenen Zeiten (hier nicht gerechnet) am 06.04., 27.04., 14.05., 25.05.","Zusätzlich frei laut Quelle 2026: 05.04., 24.05."],"sourceDefect":null,"freeOnHolidays":false,"spaces":null,"maxStayMinutes":null,"maxStay":null,"maxStayShare":0,"maxStayValues":[],"chargingPoints":0,"carsharing":0},"geometry":{"type":"Polygon","coordinates":[[[4.46192,51.92658],[4.46164,51.92654],[4.46145,51.927],[4.46143,51.92734],[4.46268,51.92775],[4.46299,51.92775],[4.46323,51.92752],[4.46324,51.92726],[4.46317,51.92691],[4.46281,51.92687],[4.46286,51.92724],[4.46299,51.92738],[4.46279,51.92763],[4.46158,51.92721],[4.46184,51.92688],[4.46192,51.92658]]]}},{"type":"Feature","properties":{"zone":"740","district":"Noord","rawHours":"Mo–So 9–23 Uhr","rawFee":"3,20 per uur, te betalen in stappen van 15 min, middentarief — 3,20 €/h","note":"Zone 740 — ma-zo 9-23 uur middentarief","windows":[{"weekdays":[2],"fromMinute":540,"toMinute":1380},{"weekdays":[4],"fromMinute":540,"toMinute":1380},{"weekdays":[1],"fromMinute":540,"toMinute":1380},{"weekdays":[5],"fromMinute":540,"toMinute":1380},{"weekdays":[3],"fromMinute":540,"toMinute":1380},{"weekdays":[6],"fromMinute":540,"toMinute":1380},{"weekdays":[0],"fromMinute":540,"toMinute":1380}],"fee":{"kind":"exact","centsPerHour":320},"unmodelledRules":["Feiertage 2026 laut Quelle: frei am 01.01., 25.12.; gebührenpflichtig wie am Wochentag am 06.04., 27.04., 14.05., 25.05., 26.12.","Zusätzlich frei laut Quelle 2026: 05.04., 24.05."],"sourceDefect":null,"freeOnHolidays":false,"spaces":null,"maxStayMinutes":null,"maxStay":null,"maxStayShare":0,"maxStayValues":[],"chargingPoints":0,"carsharing":0},"geometry":{"type":"Polygon","coordinates":[[[4.4622,51.92456],[4.46165,51.92479],[4.45911,51.92469],[4.45882,51.92456],[4.45461,51.92405],[4.45408,51.92573],[4.45487,51.92854],[4.45459,51.92904],[4.45648,51.92963],[4.45636,51.92977],[4.45838,51.93043],[4.46121,51.92704],[4.4622,51.92456]]]}},{"type":"Feature","properties":{"zone":"750","district":"Noord","rawHours":"Mo–Sa 9–23, So 12–23 Uhr","rawFee":"3,20 per uur, te betalen in stappen van 15 min, middentarief — 3,20 €/h","note":"Zone 750 — ma-za 9-23, zo 12-23 middentarief","windows":[{"weekdays":[2],"fromMinute":540,"toMinute":1380},{"weekdays":[4],"fromMinute":540,"toMinute":1380},{"weekdays":[1],"fromMinute":540,"toMinute":1380},{"weekdays":[5],"fromMinute":540,"toMinute":1380},{"weekdays":[3],"fromMinute":540,"toMinute":1380},{"weekdays":[6],"fromMinute":540,"toMinute":1380},{"weekdays":[0],"fromMinute":720,"toMinute":1380}],"fee":{"kind":"exact","centsPerHour":320},"unmodelledRules":["Feiertage 2026 laut Quelle: frei am 01.01., 25.12.; gebührenpflichtig wie am Wochentag am 26.12.; mit eigenen Zeiten (hier nicht gerechnet) am 06.04., 27.04., 14.05., 25.05.","Zusätzlich frei laut Quelle 2026: 05.04., 24.05."],"sourceDefect":null,"freeOnHolidays":false,"spaces":null,"maxStayMinutes":null,"maxStay":null,"maxStayShare":0,"maxStayValues":[],"chargingPoints":0,"carsharing":0},"geometry":{"type":"Polygon","coordinates":[[[4.47255,51.93319],[4.47289,51.93306],[4.47327,51.93335],[4.47427,51.93403],[4.4747,51.93427],[4.47714,51.93361],[4.48427,51.93095],[4.48432,51.931],[4.48525,51.93065],[4.48555,51.93066],[4.48568,51.9309],[4.48485,51.93124],[4.48552,51.93188],[4.48572,51.93225],[4.48647,51.93392],[4.48623,51.93396],[4.48579,51.93299],[4.48533,51.93201],[4.485,51.93162],[4.4844,51.93108],[4.48109,51.93231],[4.48084,51.93245],[4.47745,51.93372],[4.47495,51.9344],[4.47585,51.93508],[4.47666,51.93574],[4.47944,51.93532],[4.4866,51.93406],[4.48788,51.93391],[4.48848,51.93354],[4.48796,51.9333],[4.4873,51.93275],[4.48621,51.93121],[4.4859,51.93055],[4.48593,51.92987],[4.48513,51.92965],[4.48389,51.92983],[4.48306,51.92928],[4.4824,51.92921],[4.48048,51.92977],[4.47267,51.93287],[4.47084,51.9317],[4.46999,51.93104],[4.46975,51.93117],[4.4723,51.93302],[4.47255,51.93319]]]}},{"type":"Feature","properties":{"zone":"751","district":"Noord","rawHours":"Mo–Sa 9–23, So 12–23 Uhr","rawFee":"Stop en Shop: eerste 30min 0,20, daarna middentarief — 1. Stunde 1,80 €, 2. Stunde 3,20 €, 3. Stunde 3,20 €","note":"Zone 751 — ma-za 9-23, zo 12-23, middentarief Stop en Shop, 1e half uur 0,20","windows":[{"weekdays":[2],"fromMinute":540,"toMinute":1380},{"weekdays":[4],"fromMinute":540,"toMinute":1380},{"weekdays":[1],"fromMinute":540,"toMinute":1380},{"weekdays":[5],"fromMinute":540,"toMinute":1380},{"weekdays":[3],"fromMinute":540,"toMinute":1380},{"weekdays":[6],"fromMinute":540,"toMinute":1380},{"weekdays":[0],"fromMinute":720,"toMinute":1380}],"fee":{"kind":"range","minCentsPerHour":180,"maxCentsPerHour":320},"unmodelledRules":["Feiertage 2026 laut Quelle: frei am 01.01., 25.12.; gebührenpflichtig wie am Wochentag am 26.12.; mit eigenen Zeiten (hier nicht gerechnet) am 06.04., 27.04., 14.05., 25.05.","Zusätzlich frei laut Quelle 2026: 05.04., 24.05."],"sourceDefect":null,"freeOnHolidays":false,"spaces":null,"maxStayMinutes":null,"maxStay":null,"maxStayShare":0,"maxStayValues":[],"chargingPoints":0,"carsharing":0},"geometry":{"type":"Polygon","coordinates":[[[4.47745,51.93372],[4.48084,51.93245],[4.48109,51.93231],[4.4844,51.93108],[4.485,51.93162],[4.48533,51.93201],[4.48579,51.93299],[4.48623,51.93396],[4.48647,51.93392],[4.48572,51.93225],[4.48552,51.93188],[4.48485,51.93124],[4.48568,51.9309],[4.48555,51.93066],[4.48525,51.93065],[4.48432,51.931],[4.48427,51.93095],[4.47714,51.93361],[4.4747,51.93427],[4.47427,51.93403],[4.47327,51.93335],[4.47289,51.93306],[4.47255,51.93319],[4.47438,51.93438],[4.47593,51.93547],[4.47631,51.93579],[4.47666,51.93574],[4.47585,51.93508],[4.47495,51.9344],[4.47745,51.93372]]]}},{"type":"Feature","properties":{"zone":"752","district":"Noord","rawHours":"Mo–Sa 9–23, So 12–23 Uhr","rawFee":"Stop en Shop: eerste 30min 0,20, daarna laagtarief — 1. Stunde 1,32 €, 2. Stunde 2,24 €, 3. Stunde 2,24 €","note":"Zone 752 — ma-za 9-23, zo 12-23, laagtarief Stop en Shop, 1e half uur 0,20","windows":[{"weekdays":[2],"fromMinute":540,"toMinute":1380},{"weekdays":[4],"fromMinute":540,"toMinute":1380},{"weekdays":[1],"fromMinute":540,"toMinute":1380},{"weekdays":[5],"fromMinute":540,"toMinute":1380},{"weekdays":[3],"fromMinute":540,"toMinute":1380},{"weekdays":[6],"fromMinute":540,"toMinute":1380},{"weekdays":[0],"fromMinute":720,"toMinute":1380}],"fee":{"kind":"range","minCentsPerHour":132,"maxCentsPerHour":224},"unmodelledRules":["Feiertage 2026 laut Quelle: frei am 01.01., 25.12.; gebührenpflichtig wie am Wochentag am 26.12.; mit eigenen Zeiten (hier nicht gerechnet) am 06.04., 27.04., 14.05., 25.05.","Zusätzlich frei laut Quelle 2026: 05.04., 24.05."],"sourceDefect":null,"freeOnHolidays":false,"spaces":null,"maxStayMinutes":null,"maxStay":null,"maxStayShare":0,"maxStayValues":[],"chargingPoints":0,"carsharing":0},"geometry":{"type":"Polygon","coordinates":[[[4.47955,51.93582],[4.47944,51.93532],[4.47911,51.93537],[4.47914,51.93559],[4.47943,51.93631],[4.47955,51.93685],[4.47965,51.93736],[4.47961,51.9379],[4.47992,51.93792],[4.47995,51.93739],[4.47979,51.93637],[4.47955,51.93582]]]}},{"type":"Feature","properties":{"zone":"752","district":"Noord","rawHours":"Mo–Sa 9–23, So 12–23 Uhr","rawFee":"Stop en Shop: eerste 30min 0,20, daarna laagtarief — 1. Stunde 1,32 €, 2. Stunde 2,24 €, 3. Stunde 2,24 €","note":"Zone 752 — ma-za 9-23, zo 12-23, laagtarief Stop en Shop, 1e half uur 0,20","windows":[{"weekdays":[2],"fromMinute":540,"toMinute":1380},{"weekdays":[4],"fromMinute":540,"toMinute":1380},{"weekdays":[1],"fromMinute":540,"toMinute":1380},{"weekdays":[5],"fromMinute":540,"toMinute":1380},{"weekdays":[3],"fromMinute":540,"toMinute":1380},{"weekdays":[6],"fromMinute":540,"toMinute":1380},{"weekdays":[0],"fromMinute":720,"toMinute":1380}],"fee":{"kind":"range","minCentsPerHour":132,"maxCentsPerHour":224},"unmodelledRules":["Feiertage 2026 laut Quelle: frei am 01.01., 25.12.; gebührenpflichtig wie am Wochentag am 26.12.; mit eigenen Zeiten (hier nicht gerechnet) am 06.04., 27.04., 14.05., 25.05.","Zusätzlich frei laut Quelle 2026: 05.04., 24.05."],"sourceDefect":null,"freeOnHolidays":false,"spaces":null,"maxStayMinutes":null,"maxStay":null,"maxStayShare":0,"maxStayValues":[],"chargingPoints":0,"carsharing":0},"geometry":{"type":"Polygon","coordinates":[[[4.47631,51.93579],[4.47655,51.936],[4.47708,51.93659],[4.47926,51.93809],[4.47956,51.9379],[4.47732,51.93644],[4.47666,51.93574],[4.47631,51.93579]]]}},{"type":"Feature","properties":{"zone":"753","district":"Noord","rawHours":"Mo–Sa 9–23, So 12–23 Uhr","rawFee":"2,24 per uur, te betalen in stappen van 15 min, laagtarief — 2,24 €/h","note":"Zone 753 — ma-za 9-23, zo 12-23 laagtarief","windows":[{"weekdays":[2],"fromMinute":540,"toMinute":1380},{"weekdays":[4],"fromMinute":540,"toMinute":1380},{"weekdays":[1],"fromMinute":540,"toMinute":1380},{"weekdays":[5],"fromMinute":540,"toMinute":1380},{"weekdays":[3],"fromMinute":540,"toMinute":1380},{"weekdays":[6],"fromMinute":540,"toMinute":1380},{"weekdays":[0],"fromMinute":720,"toMinute":1380}],"fee":{"kind":"exact","centsPerHour":224},"unmodelledRules":["Feiertage 2026 laut Quelle: frei am 01.01., 25.12.; gebührenpflichtig wie am Wochentag am 26.12.; mit eigenen Zeiten (hier nicht gerechnet) am 06.04., 27.04., 14.05., 25.05.","Zusätzlich frei laut Quelle 2026: 05.04., 24.05."],"sourceDefect":null,"freeOnHolidays":false,"spaces":null,"maxStayMinutes":null,"maxStay":null,"maxStayShare":0,"maxStayValues":[],"chargingPoints":0,"carsharing":0},"geometry":{"type":"Polygon","coordinates":[[[4.47911,51.93537],[4.47666,51.93574],[4.47732,51.93644],[4.47956,51.9379],[4.47926,51.93809],[4.47942,51.9382],[4.47891,51.94039],[4.47935,51.94049],[4.4798,51.9407],[4.48215,51.9409],[4.4865,51.94078],[4.48658,51.94032],[4.48577,51.93961],[4.48566,51.93898],[4.48591,51.93834],[4.48684,51.9376],[4.48717,51.93704],[4.48746,51.93607],[4.48795,51.93571],[4.48986,51.93537],[4.48999,51.93493],[4.48972,51.93432],[4.48912,51.93383],[4.48848,51.93354],[4.48788,51.93391],[4.4866,51.93406],[4.47944,51.93532],[4.47955,51.93582],[4.47979,51.93637],[4.47995,51.93739],[4.47992,51.93792],[4.47961,51.9379],[4.47965,51.93736],[4.47955,51.93685],[4.47943,51.93631],[4.47914,51.93559],[4.47911,51.93537]]]}},{"type":"Feature","properties":{"zone":"760","district":"Noord","rawHours":"Mo–Sa 9–23, So 12–23 Uhr","rawFee":"2,24 per uur, te betalen in stappen van 15 min, laagtarief — 2,24 €/h","note":"Zone 760 — ma-za 9-23, zo 12-23 laagtarief","windows":[{"weekdays":[2],"fromMinute":540,"toMinute":1380},{"weekdays":[4],"fromMinute":540,"toMinute":1380},{"weekdays":[1],"fromMinute":540,"toMinute":1380},{"weekdays":[5],"fromMinute":540,"toMinute":1380},{"weekdays":[3],"fromMinute":540,"toMinute":1380},{"weekdays":[6],"fromMinute":540,"toMinute":1380},{"weekdays":[0],"fromMinute":720,"toMinute":1380}],"fee":{"kind":"exact","centsPerHour":224},"unmodelledRules":["Feiertage 2026 laut Quelle: frei am 01.01., 25.12.; gebührenpflichtig wie am Wochentag am 26.12.; mit eigenen Zeiten (hier nicht gerechnet) am 06.04., 27.04., 14.05., 25.05.","Zusätzlich frei laut Quelle 2026: 05.04., 24.05."],"sourceDefect":null,"freeOnHolidays":false,"spaces":null,"maxStayMinutes":null,"maxStay":null,"maxStayShare":0,"maxStayValues":[],"chargingPoints":0,"carsharing":0},"geometry":{"type":"Polygon","coordinates":[[[4.47935,51.94049],[4.47891,51.94039],[4.47942,51.9382],[4.47708,51.93659],[4.47655,51.936],[4.47593,51.93547],[4.47438,51.93438],[4.4723,51.93302],[4.47093,51.93203],[4.46983,51.9327],[4.46934,51.93314],[4.46907,51.93362],[4.46752,51.93999],[4.47926,51.94139],[4.47986,51.94105],[4.47935,51.94049]]]}},{"type":"Feature","properties":{"zone":"800","district":"Hillegersberg-Schiebroek","rawHours":"Mo–Sa 9–23 Uhr","rawFee":"2,24 per uur, te betalen in stappen van 15 min, laagtarief — 2,24 €/h","note":"Zone 800 — ma-za 9-23 laagtarief","windows":[{"weekdays":[2],"fromMinute":540,"toMinute":1380},{"weekdays":[4],"fromMinute":540,"toMinute":1380},{"weekdays":[1],"fromMinute":540,"toMinute":1380},{"weekdays":[5],"fromMinute":540,"toMinute":1380},{"weekdays":[3],"fromMinute":540,"toMinute":1380},{"weekdays":[6],"fromMinute":540,"toMinute":1380}],"fee":{"kind":"exact","centsPerHour":224},"unmodelledRules":["Feiertage 2026 laut Quelle: frei am 01.01., 06.04., 27.04., 14.05., 25.05., 25.12.; gebührenpflichtig wie am Wochentag am 26.12.","Zusätzlich frei laut Quelle 2026: 17.02., 04.03., 20.03., 05.05., 18.05., 27.05., 25.07., 05.09., 12.09."],"sourceDefect":null,"freeOnHolidays":false,"spaces":null,"maxStayMinutes":null,"maxStay":null,"maxStayShare":0,"maxStayValues":[],"chargingPoints":0,"carsharing":0},"geometry":{"type":"Polygon","coordinates":[[[4.46955,51.94079],[4.46879,51.94397],[4.46596,51.94474],[4.46072,51.94472],[4.46062,51.94681],[4.46453,51.94677],[4.4654,51.94656],[4.46633,51.94659],[4.46932,51.94629],[4.47247,51.94596],[4.47294,51.94598],[4.47271,51.94607],[4.47174,51.94793],[4.47134,51.94816],[4.47108,51.94866],[4.47224,51.94887],[4.47249,51.9494],[4.47165,51.94961],[4.4716,51.94986],[4.47485,51.94932],[4.47513,51.94905],[4.4754,51.94901],[4.4756,51.94954],[4.48533,51.94858],[4.48836,51.95545],[4.492,51.95384],[4.49215,51.95394],[4.49238,51.95382],[4.49227,51.95372],[4.49443,51.95272],[4.48743,51.94762],[4.48723,51.94746],[4.49073,51.94584],[4.49283,51.94615],[4.49479,51.94606],[4.4963,51.94584],[4.49625,51.94563],[4.49582,51.94558],[4.49554,51.94543],[4.49189,51.94535],[4.4884,51.94408],[4.48926,51.94183],[4.48737,51.9415],[4.4856,51.94289],[4.47684,51.94171],[4.46955,51.94079]],[[4.48069,51.94522],[4.47791,51.94555],[4.47608,51.94543],[4.4753,51.94543],[4.47533,51.94515],[4.47785,51.94532],[4.48254,51.94478],[4.48267,51.94498],[4.48069,51.94522]]]}},{"type":"Feature","properties":{"zone":"801","district":"Hillegersberg-Schiebroek","rawHours":"Mo–Sa 9–23 Uhr","rawFee":"Stop en Shop: eerste 30min 0,20, daarna laagtarief — 1. Stunde 1,32 €, 2. Stunde 2,24 €, 3. Stunde 2,24 €","note":"Zone 801 — ma-za 9-23 laagtarief Stop en Shop","windows":[{"weekdays":[2],"fromMinute":540,"toMinute":1380},{"weekdays":[4],"fromMinute":540,"toMinute":1380},{"weekdays":[1],"fromMinute":540,"toMinute":1380},{"weekdays":[5],"fromMinute":540,"toMinute":1380},{"weekdays":[3],"fromMinute":540,"toMinute":1380},{"weekdays":[6],"fromMinute":540,"toMinute":1380}],"fee":{"kind":"range","minCentsPerHour":132,"maxCentsPerHour":224},"unmodelledRules":["Feiertage 2026 laut Quelle: frei am 01.01., 06.04., 27.04., 14.05., 25.05., 25.12.; gebührenpflichtig wie am Wochentag am 26.12.","Zusätzlich frei laut Quelle 2026: 17.02., 04.03., 20.03., 05.05., 18.05., 27.05., 25.07., 05.09., 12.09."],"sourceDefect":null,"freeOnHolidays":false,"spaces":null,"maxStayMinutes":null,"maxStay":null,"maxStayShare":0,"maxStayValues":[],"chargingPoints":0,"carsharing":0},"geometry":{"type":"Polygon","coordinates":[[[4.47791,51.94555],[4.48267,51.94498],[4.48254,51.94478],[4.47785,51.94532],[4.47533,51.94515],[4.4753,51.94543],[4.47608,51.94543],[4.47791,51.94555]]]}},{"type":"Feature","properties":{"zone":"811","district":"Hillegersberg-Schiebroek","rawHours":"Mo–Sa 9–18 Uhr","rawFee":"Stop en Shop: eerste 30min 0,20, daarna laagtarief — 1. Stunde 1,32 €, 2. Stunde 2,24 €, 3. Stunde 2,24 €","note":"Zone 811 — ma-za 9-18 laagtarief Stop en Shop","windows":[{"weekdays":[2],"fromMinute":540,"toMinute":1080},{"weekdays":[4],"fromMinute":540,"toMinute":1080},{"weekdays":[1],"fromMinute":540,"toMinute":1080},{"weekdays":[5],"fromMinute":540,"toMinute":1080},{"weekdays":[3],"fromMinute":540,"toMinute":1080},{"weekdays":[6],"fromMinute":540,"toMinute":1080}],"fee":{"kind":"range","minCentsPerHour":132,"maxCentsPerHour":224},"unmodelledRules":["Feiertage 2026 laut Quelle: frei am 01.01., 06.04., 27.04., 14.05., 25.05., 25.12.; gebührenpflichtig wie am Wochentag am 26.12.","Zusätzlich frei laut Quelle 2026: 17.02., 04.03., 20.03., 05.05., 18.05., 27.05., 25.07., 05.09., 12.09."],"sourceDefect":null,"freeOnHolidays":false,"spaces":null,"maxStayMinutes":null,"maxStay":null,"maxStayShare":0,"maxStayValues":[],"chargingPoints":0,"carsharing":0},"geometry":{"type":"Polygon","coordinates":[[[4.49719,51.95738],[4.49783,51.95699],[4.4964,51.95653],[4.4948,51.95555],[4.4944,51.95547],[4.49405,51.95562],[4.49424,51.95582],[4.49427,51.95748],[4.4945,51.95853],[4.49342,51.95909],[4.49251,51.95835],[4.49233,51.95843],[4.493,51.95898],[4.49262,51.95914],[4.49298,51.95948],[4.49502,51.95849],[4.49719,51.95738]]]}},{"type":"Feature","properties":{"zone":"812","district":"Hillegersberg-Schiebroek","rawHours":"Mo–Sa 9–23 Uhr","rawFee":"2,24 per uur, te betalen in stappen van 15 min, laagtarief — 2,24 €/h","note":"Zone 812 — ma-za 9-23 laagtarief","windows":[{"weekdays":[2],"fromMinute":540,"toMinute":1380},{"weekdays":[4],"fromMinute":540,"toMinute":1380},{"weekdays":[1],"fromMinute":540,"toMinute":1380},{"weekdays":[5],"fromMinute":540,"toMinute":1380},{"weekdays":[3],"fromMinute":540,"toMinute":1380},{"weekdays":[6],"fromMinute":540,"toMinute":1380}],"fee":{"kind":"exact","centsPerHour":224},"unmodelledRules":["Feiertage 2026 laut Quelle: frei am 01.01., 06.04., 27.04., 14.05., 25.05., 25.12.; gebührenpflichtig wie am Wochentag am 26.12.","Zusätzlich frei laut Quelle 2026: 17.02., 04.03., 20.03., 05.05., 18.05., 27.05., 25.07., 05.09., 12.09."],"sourceDefect":null,"freeOnHolidays":false,"spaces":null,"maxStayMinutes":null,"maxStay":null,"maxStayShare":0,"maxStayValues":[],"chargingPoints":0,"carsharing":0},"geometry":{"type":"Polygon","coordinates":[[[4.49566,51.9543],[4.49549,51.95415],[4.49381,51.95503],[4.49256,51.95359],[4.49227,51.95372],[4.49238,51.95382],[4.49215,51.95394],[4.492,51.95384],[4.48836,51.95545],[4.48895,51.95592],[4.49237,51.95417],[4.49272,51.95438],[4.49405,51.95562],[4.4944,51.95547],[4.49396,51.95514],[4.49566,51.9543]]]}},{"type":"Feature","properties":{"zone":"900","district":"IJsselmonde","rawHours":"Mo–Sa 9–23, So 12–23 Uhr","rawFee":"2,24 per uur, te betalen in stappen van 15 min, laagtarief — 2,24 €/h","note":"Zone 900 — ma-za 9-23, zo 12-23 laagtarief Voetbal","windows":[{"weekdays":[2],"fromMinute":540,"toMinute":1380},{"weekdays":[4],"fromMinute":540,"toMinute":1380},{"weekdays":[1],"fromMinute":540,"toMinute":1380},{"weekdays":[5],"fromMinute":540,"toMinute":1380},{"weekdays":[3],"fromMinute":540,"toMinute":1380},{"weekdays":[6],"fromMinute":540,"toMinute":1380},{"weekdays":[0],"fromMinute":720,"toMinute":1380}],"fee":{"kind":"exact","centsPerHour":224},"unmodelledRules":["Feiertage 2026 laut Quelle: frei am 01.01., 25.12.; gebührenpflichtig wie am Wochentag am 26.12.; mit eigenen Zeiten (hier nicht gerechnet) am 06.04., 27.04., 14.05., 25.05.","Zusätzlich frei laut Quelle 2026: 05.04., 24.05.","Ereignistage laut Quelle mit eigenen Zeiten, hier nicht gerechnet: EVENEMENT, OPENDAG, VB, VOETBAL… (18 Sorten)"],"sourceDefect":null,"freeOnHolidays":false,"spaces":null,"maxStayMinutes":null,"maxStay":null,"maxStayShare":0,"maxStayValues":[],"chargingPoints":0,"carsharing":0},"geometry":{"type":"Polygon","coordinates":[[[4.51958,51.89783],[4.52083,51.8986],[4.5228,51.89809],[4.52443,51.89771],[4.52656,51.89724],[4.52819,51.8971],[4.52803,51.89598],[4.52646,51.89629],[4.52614,51.89562],[4.52662,51.89551],[4.52657,51.89541],[4.52642,51.8952],[4.52127,51.89631],[4.52247,51.89489],[4.52128,51.8945],[4.52138,51.89439],[4.52005,51.89395],[4.51821,51.8961],[4.51897,51.89711],[4.51958,51.89783]]]}},{"type":"Feature","properties":{"zone":"910","district":"IJsselmonde","rawHours":"Mo–Sa 9–23, So 12–23 Uhr","rawFee":"2,24 per uur, te betalen in stappen van 15 min, laagtarief — 2,24 €/h","note":"Zone 910 — ma-za 9-23, zo 12-23 laagtarief","windows":[{"weekdays":[2],"fromMinute":540,"toMinute":1380},{"weekdays":[4],"fromMinute":540,"toMinute":1380},{"weekdays":[1],"fromMinute":540,"toMinute":1380},{"weekdays":[5],"fromMinute":540,"toMinute":1380},{"weekdays":[3],"fromMinute":540,"toMinute":1380},{"weekdays":[6],"fromMinute":540,"toMinute":1380},{"weekdays":[0],"fromMinute":720,"toMinute":1380}],"fee":{"kind":"exact","centsPerHour":224},"unmodelledRules":["Feiertage 2026 laut Quelle: frei am 01.01., 25.12.; gebührenpflichtig wie am Wochentag am 26.12.; mit eigenen Zeiten (hier nicht gerechnet) am 06.04., 27.04., 14.05., 25.05.","Zusätzlich frei laut Quelle 2026: 05.04., 24.05."],"sourceDefect":null,"freeOnHolidays":false,"spaces":null,"maxStayMinutes":null,"maxStay":null,"maxStayShare":0,"maxStayValues":[],"chargingPoints":0,"carsharing":0},"geometry":{"type":"Polygon","coordinates":[[[4.54481,51.891],[4.54401,51.88925],[4.54272,51.88794],[4.54201,51.88737],[4.54272,51.88608],[4.53692,51.8832],[4.53558,51.8822],[4.53484,51.8816],[4.5336,51.88111],[4.53164,51.88045],[4.52537,51.88731],[4.52608,51.88689],[4.52697,51.88665],[4.52905,51.8865],[4.53445,51.88671],[4.53443,51.88717],[4.52918,51.88698],[4.52727,51.887],[4.52629,51.88818],[4.52575,51.88802],[4.52376,51.89051],[4.52352,51.89044],[4.52224,51.8922],[4.5279,51.89407],[4.52817,51.89426],[4.52825,51.89453],[4.52931,51.89486],[4.53747,51.89584],[4.54451,51.89647],[4.54579,51.89541],[4.54536,51.89466],[4.54564,51.89317],[4.5456,51.89267],[4.5453,51.89198],[4.54481,51.891]],[[4.53577,51.89342],[4.53575,51.89323],[4.5366,51.8932],[4.53663,51.89338],[4.53577,51.89342]],[[4.53531,51.88578],[4.53511,51.88568],[4.53689,51.88446],[4.53711,51.88457],[4.53531,51.88578]],[[4.54124,51.89219],[4.54118,51.89121],[4.54308,51.89117],[4.54311,51.89211],[4.54124,51.89219]]]}},{"type":"Feature","properties":{"zone":"911","district":"IJsselmonde","rawHours":"Mo–Sa 9–23, So 12–23 Uhr","rawFee":"Stop en Shop: eerste 30min 0,20, daarna laagtarief — 1. Stunde 1,32 €, 2. Stunde 2,24 €, 3. Stunde 2,24 €","note":"Zone 911 — ma-za 9-23, zo 12-23, laagtarief Stop en Shop, 1e half uur 0,20","windows":[{"weekdays":[2],"fromMinute":540,"toMinute":1380},{"weekdays":[4],"fromMinute":540,"toMinute":1380},{"weekdays":[1],"fromMinute":540,"toMinute":1380},{"weekdays":[5],"fromMinute":540,"toMinute":1380},{"weekdays":[3],"fromMinute":540,"toMinute":1380},{"weekdays":[6],"fromMinute":540,"toMinute":1380},{"weekdays":[0],"fromMinute":720,"toMinute":1380}],"fee":{"kind":"range","minCentsPerHour":132,"maxCentsPerHour":224},"unmodelledRules":["Feiertage 2026 laut Quelle: frei am 01.01., 25.12.; gebührenpflichtig wie am Wochentag am 26.12.; mit eigenen Zeiten (hier nicht gerechnet) am 06.04., 27.04., 14.05., 25.05.","Zusätzlich frei laut Quelle 2026: 05.04., 24.05."],"sourceDefect":null,"freeOnHolidays":false,"spaces":null,"maxStayMinutes":null,"maxStay":null,"maxStayShare":0,"maxStayValues":[],"chargingPoints":0,"carsharing":0},"geometry":{"type":"Polygon","coordinates":[[[4.53531,51.88578],[4.53711,51.88457],[4.53689,51.88446],[4.53511,51.88568],[4.53531,51.88578]]]}},{"type":"Feature","properties":{"zone":"911","district":"IJsselmonde","rawHours":"Mo–Sa 9–23, So 12–23 Uhr","rawFee":"Stop en Shop: eerste 30min 0,20, daarna laagtarief — 1. Stunde 1,32 €, 2. Stunde 2,24 €, 3. Stunde 2,24 €","note":"Zone 911 — ma-za 9-23, zo 12-23, laagtarief Stop en Shop, 1e half uur 0,20","windows":[{"weekdays":[2],"fromMinute":540,"toMinute":1380},{"weekdays":[4],"fromMinute":540,"toMinute":1380},{"weekdays":[1],"fromMinute":540,"toMinute":1380},{"weekdays":[5],"fromMinute":540,"toMinute":1380},{"weekdays":[3],"fromMinute":540,"toMinute":1380},{"weekdays":[6],"fromMinute":540,"toMinute":1380},{"weekdays":[0],"fromMinute":720,"toMinute":1380}],"fee":{"kind":"range","minCentsPerHour":132,"maxCentsPerHour":224},"unmodelledRules":["Feiertage 2026 laut Quelle: frei am 01.01., 25.12.; gebührenpflichtig wie am Wochentag am 26.12.; mit eigenen Zeiten (hier nicht gerechnet) am 06.04., 27.04., 14.05., 25.05.","Zusätzlich frei laut Quelle 2026: 05.04., 24.05."],"sourceDefect":null,"freeOnHolidays":false,"spaces":null,"maxStayMinutes":null,"maxStay":null,"maxStayShare":0,"maxStayValues":[],"chargingPoints":0,"carsharing":0},"geometry":{"type":"Polygon","coordinates":[[[4.53577,51.89342],[4.53663,51.89338],[4.5366,51.8932],[4.53575,51.89323],[4.53577,51.89342]]]}},{"type":"Feature","properties":{"zone":"912","district":"IJsselmonde","rawHours":"Mo–Fr 9–15 und 15–23, Sa 9–23, So 12–23 Uhr","rawFee":"2,24 per uur, te betalen in stappen van 15 min, laagtarief — 2,24 €/h · Stop en Sport: 1e 3 uur 50% korting daarna laagtarief — 1,12 €/h","note":"Zone 912 — ma-vrij 15-23, za 9-23, zo 12-23, laagtarief Stop en Sport, 1e 3 uur 50%","windows":[{"weekdays":[2],"fromMinute":540,"toMinute":900},{"weekdays":[2],"fromMinute":900,"toMinute":1380},{"weekdays":[4],"fromMinute":540,"toMinute":900},{"weekdays":[4],"fromMinute":900,"toMinute":1380},{"weekdays":[1],"fromMinute":540,"toMinute":900},{"weekdays":[1],"fromMinute":900,"toMinute":1380},{"weekdays":[5],"fromMinute":540,"toMinute":900},{"weekdays":[5],"fromMinute":900,"toMinute":1380},{"weekdays":[3],"fromMinute":540,"toMinute":900},{"weekdays":[3],"fromMinute":900,"toMinute":1380},{"weekdays":[6],"fromMinute":540,"toMinute":1380},{"weekdays":[0],"fromMinute":720,"toMinute":1380}],"fee":{"kind":"range","minCentsPerHour":112,"maxCentsPerHour":224},"unmodelledRules":["Feiertage 2026 laut Quelle: frei am 01.01., 25.12.; gebührenpflichtig wie am Wochentag am 26.12.; mit eigenen Zeiten (hier nicht gerechnet) am 06.04., 27.04., 14.05., 25.05.","Zusätzlich frei laut Quelle 2026: 05.04., 24.05."],"sourceDefect":null,"freeOnHolidays":false,"spaces":null,"maxStayMinutes":null,"maxStay":null,"maxStayShare":0,"maxStayValues":[],"chargingPoints":0,"carsharing":0},"geometry":{"type":"Polygon","coordinates":[[[4.54124,51.89219],[4.54311,51.89211],[4.54308,51.89117],[4.54118,51.89121],[4.54124,51.89219]]]}},{"type":"Feature","properties":{"zone":"912","district":"IJsselmonde","rawHours":"Mo–Fr 9–15 und 15–23, Sa 9–23, So 12–23 Uhr","rawFee":"2,24 per uur, te betalen in stappen van 15 min, laagtarief — 2,24 €/h · Stop en Sport: 1e 3 uur 50% korting daarna laagtarief — 1,12 €/h","note":"Zone 912 — ma-vrij 15-23, za 9-23, zo 12-23, laagtarief Stop en Sport, 1e 3 uur 50%","windows":[{"weekdays":[2],"fromMinute":540,"toMinute":900},{"weekdays":[2],"fromMinute":900,"toMinute":1380},{"weekdays":[4],"fromMinute":540,"toMinute":900},{"weekdays":[4],"fromMinute":900,"toMinute":1380},{"weekdays":[1],"fromMinute":540,"toMinute":900},{"weekdays":[1],"fromMinute":900,"toMinute":1380},{"weekdays":[5],"fromMinute":540,"toMinute":900},{"weekdays":[5],"fromMinute":900,"toMinute":1380},{"weekdays":[3],"fromMinute":540,"toMinute":900},{"weekdays":[3],"fromMinute":900,"toMinute":1380},{"weekdays":[6],"fromMinute":540,"toMinute":1380},{"weekdays":[0],"fromMinute":720,"toMinute":1380}],"fee":{"kind":"range","minCentsPerHour":112,"maxCentsPerHour":224},"unmodelledRules":["Feiertage 2026 laut Quelle: frei am 01.01., 25.12.; gebührenpflichtig wie am Wochentag am 26.12.; mit eigenen Zeiten (hier nicht gerechnet) am 06.04., 27.04., 14.05., 25.05.","Zusätzlich frei laut Quelle 2026: 05.04., 24.05."],"sourceDefect":null,"freeOnHolidays":false,"spaces":null,"maxStayMinutes":null,"maxStay":null,"maxStayShare":0,"maxStayValues":[],"chargingPoints":0,"carsharing":0},"geometry":{"type":"Polygon","coordinates":[[[4.52224,51.8922],[4.52352,51.89044],[4.52376,51.89051],[4.52575,51.88802],[4.52629,51.88818],[4.52727,51.887],[4.52918,51.88698],[4.53443,51.88717],[4.53445,51.88671],[4.52905,51.8865],[4.52697,51.88665],[4.52608,51.88689],[4.52537,51.88731],[4.5217,51.89202],[4.52224,51.8922]]]}},{"type":"Feature","properties":{"zone":"920","district":"IJsselmonde","rawHours":"Mo–Sa 9–23, So 12–23 Uhr","rawFee":"2,24 per uur, te betalen in stappen van 15 min, laagtarief — 2,24 €/h","note":"Zone 920 — ma-za 9-23, zo 12-23 laagtarief","windows":[{"weekdays":[2],"fromMinute":540,"toMinute":1380},{"weekdays":[4],"fromMinute":540,"toMinute":1380},{"weekdays":[1],"fromMinute":540,"toMinute":1380},{"weekdays":[5],"fromMinute":540,"toMinute":1380},{"weekdays":[3],"fromMinute":540,"toMinute":1380},{"weekdays":[6],"fromMinute":540,"toMinute":1380},{"weekdays":[0],"fromMinute":720,"toMinute":1380}],"fee":{"kind":"exact","centsPerHour":224},"unmodelledRules":["Feiertage 2026 laut Quelle: frei am 01.01., 25.12.; gebührenpflichtig wie am Wochentag am 26.12.; mit eigenen Zeiten (hier nicht gerechnet) am 06.04., 27.04., 14.05., 25.05.","Zusätzlich frei laut Quelle 2026: 05.04., 24.05."],"sourceDefect":null,"freeOnHolidays":false,"spaces":null,"maxStayMinutes":null,"maxStay":null,"maxStayShare":0,"maxStayValues":[],"chargingPoints":0,"carsharing":0},"geometry":{"type":"Polygon","coordinates":[[[4.52249,51.88659],[4.5248,51.88666],[4.53087,51.87992],[4.53251,51.87773],[4.53292,51.87624],[4.53293,51.8757],[4.53281,51.87494],[4.53251,51.87421],[4.53217,51.87362],[4.53131,51.87275],[4.53016,51.87193],[4.5293,51.8716],[4.53221,51.87053],[4.53408,51.86998],[4.53534,51.86952],[4.5346,51.86933],[4.53275,51.86895],[4.5321,51.86884],[4.53168,51.86885],[4.53008,51.86894],[4.5293,51.86903],[4.52772,51.86925],[4.52709,51.8694],[4.52637,51.87001],[4.52555,51.86971],[4.52413,51.86936],[4.52284,51.86908],[4.51952,51.8692],[4.51529,51.8692],[4.5153,51.86945],[4.51508,51.87065],[4.51448,51.87181],[4.51192,51.87439],[4.51084,51.87542],[4.50599,51.87765],[4.50856,51.87904],[4.50924,51.87944],[4.50984,51.87973],[4.51054,51.88028],[4.5111,51.88089],[4.51161,51.88126],[4.51263,51.88184],[4.5131,51.88216],[4.51366,51.88238],[4.51406,51.88244],[4.51499,51.88247],[4.51561,51.88256],[4.51612,51.88216],[4.51647,51.88228],[4.51999,51.88264],[4.52145,51.88296],[4.52212,51.88433],[4.52258,51.88544],[4.5226,51.88594],[4.52249,51.88659]],[[4.52459,51.877],[4.52461,51.87685],[4.52635,51.87694],[4.52635,51.87707],[4.52459,51.877]],[[4.51629,51.87482],[4.5173,51.87589],[4.51699,51.87599],[4.51603,51.8749],[4.51629,51.87482]],[[4.51702,51.87719],[4.51703,51.87698],[4.52144,51.87717],[4.52142,51.87741],[4.51702,51.87719]]]}},{"type":"Feature","properties":{"zone":"921","district":"IJsselmonde","rawHours":"Mo–Sa 9–23, So 12–23 Uhr","rawFee":"Stop en Shop: eerste 30min 0,20, daarna laagtarief — 1. Stunde 1,32 €, 2. Stunde 2,24 €, 3. Stunde 2,24 €","note":"Zone 921 — ma-za 9-23, zo 12-23, laagtarief Stop en Shop, 1e half uur 0,20","windows":[{"weekdays":[2],"fromMinute":540,"toMinute":1380},{"weekdays":[4],"fromMinute":540,"toMinute":1380},{"weekdays":[1],"fromMinute":540,"toMinute":1380},{"weekdays":[5],"fromMinute":540,"toMinute":1380},{"weekdays":[3],"fromMinute":540,"toMinute":1380},{"weekdays":[6],"fromMinute":540,"toMinute":1380},{"weekdays":[0],"fromMinute":720,"toMinute":1380}],"fee":{"kind":"range","minCentsPerHour":132,"maxCentsPerHour":224},"unmodelledRules":["Feiertage 2026 laut Quelle: frei am 01.01., 25.12.; gebührenpflichtig wie am Wochentag am 26.12.; mit eigenen Zeiten (hier nicht gerechnet) am 06.04., 27.04., 14.05., 25.05.","Zusätzlich frei laut Quelle 2026: 05.04., 24.05."],"sourceDefect":null,"freeOnHolidays":false,"spaces":null,"maxStayMinutes":null,"maxStay":null,"maxStayShare":0,"maxStayValues":[],"chargingPoints":0,"carsharing":0},"geometry":{"type":"Polygon","coordinates":[[[4.52459,51.877],[4.52635,51.87707],[4.52635,51.87694],[4.52461,51.87685],[4.52459,51.877]]]}},{"type":"Feature","properties":{"zone":"921","district":"IJsselmonde","rawHours":"Mo–Sa 9–23, So 12–23 Uhr","rawFee":"Stop en Shop: eerste 30min 0,20, daarna laagtarief — 1. Stunde 1,32 €, 2. Stunde 2,24 €, 3. Stunde 2,24 €","note":"Zone 921 — ma-za 9-23, zo 12-23, laagtarief Stop en Shop, 1e half uur 0,20","windows":[{"weekdays":[2],"fromMinute":540,"toMinute":1380},{"weekdays":[4],"fromMinute":540,"toMinute":1380},{"weekdays":[1],"fromMinute":540,"toMinute":1380},{"weekdays":[5],"fromMinute":540,"toMinute":1380},{"weekdays":[3],"fromMinute":540,"toMinute":1380},{"weekdays":[6],"fromMinute":540,"toMinute":1380},{"weekdays":[0],"fromMinute":720,"toMinute":1380}],"fee":{"kind":"range","minCentsPerHour":132,"maxCentsPerHour":224},"unmodelledRules":["Feiertage 2026 laut Quelle: frei am 01.01., 25.12.; gebührenpflichtig wie am Wochentag am 26.12.; mit eigenen Zeiten (hier nicht gerechnet) am 06.04., 27.04., 14.05., 25.05.","Zusätzlich frei laut Quelle 2026: 05.04., 24.05."],"sourceDefect":null,"freeOnHolidays":false,"spaces":null,"maxStayMinutes":null,"maxStay":null,"maxStayShare":0,"maxStayValues":[],"chargingPoints":0,"carsharing":0},"geometry":{"type":"Polygon","coordinates":[[[4.51702,51.87719],[4.52142,51.87741],[4.52144,51.87717],[4.51703,51.87698],[4.51702,51.87719]]]}},{"type":"Feature","properties":{"zone":"921","district":"IJsselmonde","rawHours":"Mo–Sa 9–23, So 12–23 Uhr","rawFee":"Stop en Shop: eerste 30min 0,20, daarna laagtarief — 1. Stunde 1,32 €, 2. Stunde 2,24 €, 3. Stunde 2,24 €","note":"Zone 921 — ma-za 9-23, zo 12-23, laagtarief Stop en Shop, 1e half uur 0,20","windows":[{"weekdays":[2],"fromMinute":540,"toMinute":1380},{"weekdays":[4],"fromMinute":540,"toMinute":1380},{"weekdays":[1],"fromMinute":540,"toMinute":1380},{"weekdays":[5],"fromMinute":540,"toMinute":1380},{"weekdays":[3],"fromMinute":540,"toMinute":1380},{"weekdays":[6],"fromMinute":540,"toMinute":1380},{"weekdays":[0],"fromMinute":720,"toMinute":1380}],"fee":{"kind":"range","minCentsPerHour":132,"maxCentsPerHour":224},"unmodelledRules":["Feiertage 2026 laut Quelle: frei am 01.01., 25.12.; gebührenpflichtig wie am Wochentag am 26.12.; mit eigenen Zeiten (hier nicht gerechnet) am 06.04., 27.04., 14.05., 25.05.","Zusätzlich frei laut Quelle 2026: 05.04., 24.05."],"sourceDefect":null,"freeOnHolidays":false,"spaces":null,"maxStayMinutes":null,"maxStay":null,"maxStayShare":0,"maxStayValues":[],"chargingPoints":0,"carsharing":0},"geometry":{"type":"Polygon","coordinates":[[[4.51629,51.87482],[4.51603,51.8749],[4.51699,51.87599],[4.5173,51.87589],[4.51629,51.87482]]]}},{"type":"Feature","properties":{"zone":"930","district":"IJsselmonde","rawHours":"Mo–Sa 9–23, So 12–23 Uhr","rawFee":"2,24 per uur, te betalen in stappen van 15 min, laagtarief — 2,24 €/h","note":"Zone 930 — ma-za 9-23, zo 12-23 laagtarief","windows":[{"weekdays":[2],"fromMinute":540,"toMinute":1380},{"weekdays":[4],"fromMinute":540,"toMinute":1380},{"weekdays":[1],"fromMinute":540,"toMinute":1380},{"weekdays":[5],"fromMinute":540,"toMinute":1380},{"weekdays":[3],"fromMinute":540,"toMinute":1380},{"weekdays":[6],"fromMinute":540,"toMinute":1380},{"weekdays":[0],"fromMinute":720,"toMinute":1380}],"fee":{"kind":"exact","centsPerHour":224},"unmodelledRules":["Feiertage 2026 laut Quelle: frei am 01.01., 25.12.; gebührenpflichtig wie am Wochentag am 26.12.; mit eigenen Zeiten (hier nicht gerechnet) am 06.04., 27.04., 14.05., 25.05.","Zusätzlich frei laut Quelle 2026: 05.04., 24.05."],"sourceDefect":null,"freeOnHolidays":false,"spaces":null,"maxStayMinutes":null,"maxStay":null,"maxStayShare":0,"maxStayValues":[],"chargingPoints":0,"carsharing":0},"geometry":{"type":"Polygon","coordinates":[[[4.56307,51.88494],[4.56552,51.87824],[4.56325,51.87838],[4.5608,51.87809],[4.55869,51.87736],[4.55711,51.87664],[4.55605,51.87611],[4.55426,51.87548],[4.55216,51.87485],[4.55115,51.87474],[4.54957,51.87442],[4.54799,51.87381],[4.54586,51.87289],[4.54473,51.87245],[4.54397,51.87185],[4.54307,51.87267],[4.54215,51.87364],[4.54164,51.87423],[4.54083,51.87541],[4.54051,51.87607],[4.54019,51.87676],[4.5399,51.87734],[4.53936,51.87852],[4.53916,51.8789],[4.53442,51.87744],[4.53164,51.88045],[4.5336,51.88111],[4.53484,51.8816],[4.53558,51.8822],[4.53692,51.8832],[4.54272,51.88608],[4.54532,51.8858],[4.54765,51.88563],[4.55017,51.88565],[4.55125,51.88564],[4.55381,51.88541],[4.55977,51.88457],[4.56123,51.88459],[4.56307,51.88494]],[[4.54374,51.88103],[4.54197,51.88103],[4.54198,51.88079],[4.54374,51.88082],[4.54374,51.88103]],[[4.5519,51.88261],[4.55202,51.88246],[4.55354,51.88294],[4.55378,51.88355],[4.55351,51.88359],[4.55329,51.88304],[4.5519,51.88261]]]}},{"type":"Feature","properties":{"zone":"931","district":"IJsselmonde","rawHours":"Mo–Sa 9–23, So 12–23 Uhr","rawFee":"Stop en Shop: eerste 30min 0,20, daarna laagtarief — 1. Stunde 1,32 €, 2. Stunde 2,24 €, 3. Stunde 2,24 €","note":"Zone 931 — ma-za 9-23, zo 12-23, laagtarief Stop en Shop, 1e half uur 0,20","windows":[{"weekdays":[2],"fromMinute":540,"toMinute":1380},{"weekdays":[4],"fromMinute":540,"toMinute":1380},{"weekdays":[1],"fromMinute":540,"toMinute":1380},{"weekdays":[5],"fromMinute":540,"toMinute":1380},{"weekdays":[3],"fromMinute":540,"toMinute":1380},{"weekdays":[6],"fromMinute":540,"toMinute":1380},{"weekdays":[0],"fromMinute":720,"toMinute":1380}],"fee":{"kind":"range","minCentsPerHour":132,"maxCentsPerHour":224},"unmodelledRules":["Feiertage 2026 laut Quelle: frei am 01.01., 25.12.; gebührenpflichtig wie am Wochentag am 26.12.; mit eigenen Zeiten (hier nicht gerechnet) am 06.04., 27.04., 14.05., 25.05.","Zusätzlich frei laut Quelle 2026: 05.04., 24.05."],"sourceDefect":null,"freeOnHolidays":false,"spaces":null,"maxStayMinutes":null,"maxStay":null,"maxStayShare":0,"maxStayValues":[],"chargingPoints":0,"carsharing":0},"geometry":{"type":"Polygon","coordinates":[[[4.54374,51.88103],[4.54374,51.88082],[4.54198,51.88079],[4.54197,51.88103],[4.54374,51.88103]]]}},{"type":"Feature","properties":{"zone":"931","district":"IJsselmonde","rawHours":"Mo–Sa 9–23, So 12–23 Uhr","rawFee":"Stop en Shop: eerste 30min 0,20, daarna laagtarief — 1. Stunde 1,32 €, 2. Stunde 2,24 €, 3. Stunde 2,24 €","note":"Zone 931 — ma-za 9-23, zo 12-23, laagtarief Stop en Shop, 1e half uur 0,20","windows":[{"weekdays":[2],"fromMinute":540,"toMinute":1380},{"weekdays":[4],"fromMinute":540,"toMinute":1380},{"weekdays":[1],"fromMinute":540,"toMinute":1380},{"weekdays":[5],"fromMinute":540,"toMinute":1380},{"weekdays":[3],"fromMinute":540,"toMinute":1380},{"weekdays":[6],"fromMinute":540,"toMinute":1380},{"weekdays":[0],"fromMinute":720,"toMinute":1380}],"fee":{"kind":"range","minCentsPerHour":132,"maxCentsPerHour":224},"unmodelledRules":["Feiertage 2026 laut Quelle: frei am 01.01., 25.12.; gebührenpflichtig wie am Wochentag am 26.12.; mit eigenen Zeiten (hier nicht gerechnet) am 06.04., 27.04., 14.05., 25.05.","Zusätzlich frei laut Quelle 2026: 05.04., 24.05."],"sourceDefect":null,"freeOnHolidays":false,"spaces":null,"maxStayMinutes":null,"maxStay":null,"maxStayShare":0,"maxStayValues":[],"chargingPoints":0,"carsharing":0},"geometry":{"type":"Polygon","coordinates":[[[4.5519,51.88261],[4.55329,51.88304],[4.55351,51.88359],[4.55378,51.88355],[4.55354,51.88294],[4.55202,51.88246],[4.5519,51.88261]]]}},{"type":"Feature","properties":{"zone":"950","district":"IJsselmonde","rawHours":"Mo–Sa 9–23, So 12–23 Uhr","rawFee":"2,24 per uur, te betalen in stappen van 15 min, laagtarief — 2,24 €/h","note":"Zone 950 — ma-za 9-23, zo 12-23 laagtarief","windows":[{"weekdays":[2],"fromMinute":540,"toMinute":1380},{"weekdays":[4],"fromMinute":540,"toMinute":1380},{"weekdays":[1],"fromMinute":540,"toMinute":1380},{"weekdays":[5],"fromMinute":540,"toMinute":1380},{"weekdays":[3],"fromMinute":540,"toMinute":1380},{"weekdays":[6],"fromMinute":540,"toMinute":1380},{"weekdays":[0],"fromMinute":720,"toMinute":1380}],"fee":{"kind":"exact","centsPerHour":224},"unmodelledRules":["Feiertage 2026 laut Quelle: frei am 01.01., 25.12.; gebührenpflichtig wie am Wochentag am 26.12.; mit eigenen Zeiten (hier nicht gerechnet) am 06.04., 27.04., 14.05., 25.05.","Zusätzlich frei laut Quelle 2026: 05.04., 24.05."],"sourceDefect":null,"freeOnHolidays":false,"spaces":null,"maxStayMinutes":null,"maxStay":null,"maxStayShare":0,"maxStayValues":[],"chargingPoints":0,"carsharing":0},"geometry":{"type":"Polygon","coordinates":[[[4.5612,51.88977],[4.56307,51.88494],[4.56123,51.88459],[4.55977,51.88457],[4.55381,51.88541],[4.55125,51.88564],[4.55017,51.88565],[4.54765,51.88563],[4.54532,51.8858],[4.54272,51.88608],[4.54201,51.88737],[4.54272,51.88794],[4.54401,51.88925],[4.54481,51.891],[4.5453,51.89198],[4.5456,51.89267],[4.54564,51.89317],[4.54536,51.89466],[4.54579,51.89541],[4.54817,51.89615],[4.55028,51.89626],[4.55179,51.89608],[4.55215,51.89551],[4.55586,51.89436],[4.55875,51.89277],[4.56056,51.89099],[4.5612,51.88977]],[[4.55132,51.89119],[4.55103,51.89091],[4.55225,51.8903],[4.55274,51.89048],[4.55132,51.89119]]]}},{"type":"Feature","properties":{"zone":"951","district":"IJsselmonde","rawHours":"Mo–Sa 9–23, So 12–23 Uhr","rawFee":"Stop en Shop: eerste 30min 0,20, daarna laagtarief — 1. Stunde 1,32 €, 2. Stunde 2,24 €, 3. Stunde 2,24 €","note":"Zone 951 — ma-za 9-23, zo 12-23, laagtarief Stop en Shop, 1e half uur 0,20","windows":[{"weekdays":[2],"fromMinute":540,"toMinute":1380},{"weekdays":[4],"fromMinute":540,"toMinute":1380},{"weekdays":[1],"fromMinute":540,"toMinute":1380},{"weekdays":[5],"fromMinute":540,"toMinute":1380},{"weekdays":[3],"fromMinute":540,"toMinute":1380},{"weekdays":[6],"fromMinute":540,"toMinute":1380},{"weekdays":[0],"fromMinute":720,"toMinute":1380}],"fee":{"kind":"range","minCentsPerHour":132,"maxCentsPerHour":224},"unmodelledRules":["Feiertage 2026 laut Quelle: frei am 01.01., 25.12.; gebührenpflichtig wie am Wochentag am 26.12.; mit eigenen Zeiten (hier nicht gerechnet) am 06.04., 27.04., 14.05., 25.05.","Zusätzlich frei laut Quelle 2026: 05.04., 24.05."],"sourceDefect":null,"freeOnHolidays":false,"spaces":null,"maxStayMinutes":null,"maxStay":null,"maxStayShare":0,"maxStayValues":[],"chargingPoints":0,"carsharing":0},"geometry":{"type":"Polygon","coordinates":[[[4.55132,51.89119],[4.55274,51.89048],[4.55225,51.8903],[4.55103,51.89091],[4.55132,51.89119]]]}},{"type":"Feature","properties":{"zone":"960","district":"IJsselmonde","rawHours":"Mo–Sa 9–23, So 12–23 Uhr","rawFee":"2,24 per uur, te betalen in stappen van 15 min, laagtarief — 2,24 €/h","note":"Zone 960 — ma-za 9-23, zo 12-23 laagtarief","windows":[{"weekdays":[2],"fromMinute":540,"toMinute":1380},{"weekdays":[4],"fromMinute":540,"toMinute":1380},{"weekdays":[1],"fromMinute":540,"toMinute":1380},{"weekdays":[5],"fromMinute":540,"toMinute":1380},{"weekdays":[3],"fromMinute":540,"toMinute":1380},{"weekdays":[6],"fromMinute":540,"toMinute":1380},{"weekdays":[0],"fromMinute":720,"toMinute":1380}],"fee":{"kind":"exact","centsPerHour":224},"unmodelledRules":["Feiertage 2026 laut Quelle: frei am 01.01., 25.12.; gebührenpflichtig wie am Wochentag am 26.12.; mit eigenen Zeiten (hier nicht gerechnet) am 06.04., 27.04., 14.05., 25.05.","Zusätzlich frei laut Quelle 2026: 05.04., 24.05."],"sourceDefect":null,"freeOnHolidays":false,"spaces":null,"maxStayMinutes":null,"maxStay":null,"maxStayShare":0,"maxStayValues":[],"chargingPoints":0,"carsharing":0},"geometry":{"type":"Polygon","coordinates":[[[4.52652,51.89534],[4.52657,51.89541],[4.52662,51.89551],[4.52614,51.89562],[4.52646,51.89629],[4.52803,51.89598],[4.52819,51.8971],[4.52825,51.89731],[4.53432,51.89765],[4.53898,51.89853],[4.54498,51.90042],[4.54637,51.89903],[4.54564,51.89847],[4.54474,51.8976],[4.54451,51.89647],[4.53747,51.89584],[4.52931,51.89486],[4.52836,51.89492],[4.52652,51.89534]]]}},{"type":"Feature","properties":{"zone":"960","district":"IJsselmonde","rawHours":"Mo–Sa 9–23, So 12–23 Uhr","rawFee":"2,24 per uur, te betalen in stappen van 15 min, laagtarief — 2,24 €/h","note":"Zone 960 — ma-za 9-23, zo 12-23 laagtarief","windows":[{"weekdays":[2],"fromMinute":540,"toMinute":1380},{"weekdays":[4],"fromMinute":540,"toMinute":1380},{"weekdays":[1],"fromMinute":540,"toMinute":1380},{"weekdays":[5],"fromMinute":540,"toMinute":1380},{"weekdays":[3],"fromMinute":540,"toMinute":1380},{"weekdays":[6],"fromMinute":540,"toMinute":1380},{"weekdays":[0],"fromMinute":720,"toMinute":1380}],"fee":{"kind":"exact","centsPerHour":224},"unmodelledRules":["Feiertage 2026 laut Quelle: frei am 01.01., 25.12.; gebührenpflichtig wie am Wochentag am 26.12.; mit eigenen Zeiten (hier nicht gerechnet) am 06.04., 27.04., 14.05., 25.05.","Zusätzlich frei laut Quelle 2026: 05.04., 24.05."],"sourceDefect":null,"freeOnHolidays":false,"spaces":null,"maxStayMinutes":null,"maxStay":null,"maxStayShare":0,"maxStayValues":[],"chargingPoints":0,"carsharing":0},"geometry":{"type":"Polygon","coordinates":[[[4.51948,51.89771],[4.51765,51.89819],[4.51695,51.8984],[4.51647,51.89861],[4.51533,51.89921],[4.51294,51.90175],[4.51409,51.90215],[4.51644,51.90041],[4.51812,51.89949],[4.52099,51.89871],[4.52083,51.8986],[4.51958,51.89783],[4.51948,51.89771]]]}},{"type":"Feature","properties":{"zone":"980","district":"IJsselmonde","rawHours":"Mo–Sa 9–23, So 12–23 Uhr","rawFee":"2,24 per uur, te betalen in stappen van 15 min, laagtarief — 2,24 €/h","note":"Zone 980 — ma-za 9-23, zo 12-23 laagtarief","windows":[{"weekdays":[2],"fromMinute":540,"toMinute":1380},{"weekdays":[4],"fromMinute":540,"toMinute":1380},{"weekdays":[1],"fromMinute":540,"toMinute":1380},{"weekdays":[5],"fromMinute":540,"toMinute":1380},{"weekdays":[3],"fromMinute":540,"toMinute":1380},{"weekdays":[6],"fromMinute":540,"toMinute":1380},{"weekdays":[0],"fromMinute":720,"toMinute":1380}],"fee":{"kind":"exact","centsPerHour":224},"unmodelledRules":["Feiertage 2026 laut Quelle: frei am 01.01., 25.12.; gebührenpflichtig wie am Wochentag am 26.12.; mit eigenen Zeiten (hier nicht gerechnet) am 06.04., 27.04., 14.05., 25.05.","Zusätzlich frei laut Quelle 2026: 05.04., 24.05."],"sourceDefect":null,"freeOnHolidays":false,"spaces":null,"maxStayMinutes":null,"maxStay":null,"maxStayShare":0,"maxStayValues":[],"chargingPoints":0,"carsharing":0},"geometry":{"type":"Polygon","coordinates":[[[4.54397,51.87185],[4.54346,51.87135],[4.54303,51.87117],[4.54257,51.87084],[4.54203,51.87072],[4.54001,51.87017],[4.53865,51.86993],[4.53753,51.86986],[4.53643,51.86972],[4.53549,51.86949],[4.53387,51.87006],[4.53257,51.87044],[4.52956,51.87153],[4.5295,51.8716],[4.53059,51.8721],[4.53146,51.87279],[4.53245,51.87387],[4.53294,51.87508],[4.53305,51.87609],[4.53279,51.87705],[4.53442,51.87744],[4.53916,51.8789],[4.53936,51.87852],[4.5399,51.87734],[4.54019,51.87676],[4.54051,51.87607],[4.54083,51.87541],[4.54164,51.87423],[4.54215,51.87364],[4.54307,51.87267],[4.54397,51.87185]]]}}]}