{"type":"FeatureCollection","features":[{"type":"Feature","properties":{"kind":"accessible","label":"Damenstiftstraße 4","detail":"2 Plätze · Aufgrund einer Baustelle befindet sich der Standort bei Damenstiftstraße 4."},"geometry":{"type":"Point","coordinates":[11.56882,48.13717]}},{"type":"Feature","properties":{"kind":"accessible","label":"Rathenaustraße 74","detail":"2 Plätze · von 7 bis 20 Uhr, bis 3 Stunden"},"geometry":{"type":"Point","coordinates":[11.5729,48.20121]}},{"type":"Feature","properties":{"kind":"accessible","label":"Schinkelstraße 52","detail":"2 Plätze"},"geometry":{"type":"Point","coordinates":[11.59275,48.17373]}},{"type":"Feature","properties":{"kind":"accessible","label":"Franziskanerstraße 6","detail":"1 Platz · werktags Montag bis Freitag von 8 bis 18 Uhr"},"geometry":{"type":"Point","coordinates":[11.59336,48.12785]}},{"type":"Feature","properties":{"kind":"accessible","label":"Jean-Paul-Richter-Straße","detail":"1 Platz · werktags Montag bis Freitag, 7:30 -19:00 Uhr"},"geometry":{"type":"Point","coordinates":[11.52571,48.11173]}},{"type":"Feature","properties":{"kind":"accessible","label":"Biedersteiner Straße 29","detail":"3 Plätze"},"geometry":{"type":"Point","coordinates":[11.59388,48.16403]}},{"type":"Feature","properties":{"kind":"accessible","label":"Emil-Riedel-Straße 3","detail":"1 Platz"},"geometry":{"type":"Point","coordinates":[11.59396,48.14589]}},{"type":"Feature","properties":{"kind":"accessible","label":"Reitmorstraße ggü. 39","detail":"2 Plätze"},"geometry":{"type":"Point","coordinates":[11.59396,48.14331]}},{"type":"Feature","properties":{"kind":"accessible","label":"Behindertenparkplatz","detail":"1 Platz"},"geometry":{"type":"Point","coordinates":[11.54938,48.16085]}},{"type":"Feature","properties":{"kind":"accessible","label":"Behindertenparkplatz","detail":"1 Platz · werktags Montag bis Freitag 8 bis 18 Uhr"},"geometry":{"type":"Point","coordinates":[11.57379,48.16767]}},{"type":"Feature","properties":{"kind":"accessible","label":"Rindermarkt vor Rosental 4","detail":"1 Platz"},"geometry":{"type":"Point","coordinates":[11.57393,48.13592]}},{"type":"Feature","properties":{"kind":"accessible","label":"Siebertstraße 2","detail":"1 Platz"},"geometry":{"type":"Point","coordinates":[11.59918,48.14378]}},{"type":"Feature","properties":{"kind":"accessible","label":"Schlierseestraße 75","detail":"3 Plätze"},"geometry":{"type":"Point","coordinates":[11.59492,48.11118]}},{"type":"Feature","properties":{"kind":"accessible","label":"Einsteinstraße 5","detail":"1 Platz · von 8 bis 19 Uhr"},"geometry":{"type":"Point","coordinates":[11.60114,48.13582]}},{"type":"Feature","properties":{"kind":"accessible","label":"Preysingstraße 21","detail":"2 Plätze"},"geometry":{"type":"Point","coordinates":[11.59507,48.13232]}},{"type":"Feature","properties":{"kind":"accessible","label":"Weißenburger Straße 12","detail":"1 Platz · werktags von 8 bis 19 Uhr"},"geometry":{"type":"Point","coordinates":[11.59681,48.12849]}},{"type":"Feature","properties":{"kind":"accessible","label":"Fritz-Winter-Straße 10","detail":"2 Plätze"},"geometry":{"type":"Point","coordinates":[11.5976,48.1839]}},{"type":"Feature","properties":{"kind":"accessible","label":"Frankenthaler Straße 9","detail":"1 Platz · werktags Montag bis Freitag von 8 bis 18 Uhr"},"geometry":{"type":"Point","coordinates":[11.5978,48.11017]}},{"type":"Feature","properties":{"kind":"accessible","label":"Wörthstraße 9","detail":"1 Platz · werktags Montag bis Freitag von 8 bis 18 Uhr"},"geometry":{"type":"Point","coordinates":[11.59881,48.13152]}},{"type":"Feature","properties":{"kind":"accessible","label":"Ungererstraße 130","detail":"2 Plätze"},"geometry":{"type":"Point","coordinates":[11.5989,48.17467]}},{"type":"Feature","properties":{"kind":"accessible","label":"Sonnenstraße 9, Seite Herzogspitalstraße","detail":"3 Plätze"},"geometry":{"type":"Point","coordinates":[11.56576,48.13793]}},{"type":"Feature","properties":{"kind":"accessible","label":"Karl-Theodor-Straße 95","detail":"1 Platz · Werktags Montag bis Freitag von 9 bis 18 Uhr, Samstag von 9 bis 12 Uhr · Aufgrund einer Baustelle bis 15. Oktober befindet sich der Behindertenparkplatz an der Ecke Karl-Theodor-Straße / Borschtallee."},"geometry":{"type":"Point","coordinates":[11.57007,48.16758]}},{"type":"Feature","properties":{"kind":"accessible","label":"Wörthstraße 10","detail":"1 Platz · werktags Montag bis Freitag von 6 bis 20 Uhr"},"geometry":{"type":"Point","coordinates":[11.59907,48.1312]}},{"type":"Feature","properties":{"kind":"accessible","label":"St.-Cajetan-Straße 3","detail":"1 Platz · Montag bis Freitag werktags 8 bis 16 Uhr, bis 2 Stunden"},"geometry":{"type":"Point","coordinates":[11.59927,48.12153]}},{"type":"Feature","properties":{"kind":"accessible","label":"Gravelottestraße 8","detail":"1 Platz · Montag bis Freitag werktags 8 bis 19 Uhr"},"geometry":{"type":"Point","coordinates":[11.60087,48.12753]}},{"type":"Feature","properties":{"kind":"accessible","label":"St.-Cajetan-Straße bei 7","detail":"1 Platz · 9 bis 18 Uhr, bis 2 Stunden"},"geometry":{"type":"Point","coordinates":[11.60078,48.12197]}},{"type":"Feature","properties":{"kind":"accessible","label":"Einsteinstraße 46","detail":"1 Platz · werktags Montag bis Freitag von 8 bis 18 Uhr, Samstag von 9 bis 14 Uhr"},"geometry":{"type":"Point","coordinates":[11.60115,48.1356]}},{"type":"Feature","properties":{"kind":"accessible","label":"Bonner Platz 1","detail":"1 Platz · werktags Montag bis Freitag von 9 bis 17 Uhr"},"geometry":{"type":"Point","coordinates":[11.57827,48.16717]}},{"type":"Feature","properties":{"kind":"accessible","label":"Corneliusstraße 42","detail":"1 Platz · werktags Montag bis Freitag von 9 bis 18 Uhr"},"geometry":{"type":"Point","coordinates":[11.57848,48.12988]}},{"type":"Feature","properties":{"kind":"accessible","label":"Sparkassenstraße 17","detail":"3 Plätze"},"geometry":{"type":"Point","coordinates":[11.57869,48.13801]}},{"type":"Feature","properties":{"kind":"accessible","label":"Barlachstraße 24","detail":"2 Plätze · werktags Montag bis Samstag von 6 bis 23 Uhr, bis 3 Stunden"},"geometry":{"type":"Point","coordinates":[11.57546,48.17755]}},{"type":"Feature","properties":{"kind":"accessible","label":"Goethestraße 74","detail":"1 Platz · werktags Montag bis Freitag von 8 bis 18 Uhr"},"geometry":{"type":"Point","coordinates":[11.55826,48.13041]}},{"type":"Feature","properties":{"kind":"accessible","label":"Nußbaumstraße 30","detail":"1 Platz · werktags Montag bis Freitag von 8 bis 18 Uhr"},"geometry":{"type":"Point","coordinates":[11.55913,48.13291]}},{"type":"Feature","properties":{"kind":"accessible","label":"Kaiser-Ludwig-Platz 6","detail":"1 Platz · Montag bis Freitag von 8 bis 18 Uhr"},"geometry":{"type":"Point","coordinates":[11.55544,48.13182]}},{"type":"Feature","properties":{"kind":"accessible","label":"Landwehrstraße 60","detail":"2 Plätze · werktags Montag bis Freitag von 7 bis 18 Uhr"},"geometry":{"type":"Point","coordinates":[11.55559,48.13642]}},{"type":"Feature","properties":{"kind":"accessible","label":"Stösserstraße 14","detail":"2 Plätze · bis 2 Stunden"},"geometry":{"type":"Point","coordinates":[11.55645,48.22175]}},{"type":"Feature","properties":{"kind":"accessible","label":"Haydnstraße 7","detail":"2 Plätze · werktags Montag bis Freitag von 8 bis 17 Uhr"},"geometry":{"type":"Point","coordinates":[11.55702,48.13078]}},{"type":"Feature","properties":{"kind":"accessible","label":"Arnulfstraße 22","detail":"1 Platz · werktags Montag bis Freitag von 9 bis 18 Uhr, Samstag von 9 bis 14 Uhr"},"geometry":{"type":"Point","coordinates":[11.55737,48.14199]}},{"type":"Feature","properties":{"kind":"accessible","label":"Infanteriestraße 5","detail":"2 Plätze · werktags Montag bis Freitag von 7 bis 18 Uhr"},"geometry":{"type":"Point","coordinates":[11.55694,48.15801]}},{"type":"Feature","properties":{"kind":"accessible","label":"Seidlstraße 23","detail":"2 Plätze · werktags Montag bis Freitag von 9 bis 18 Uhr"},"geometry":{"type":"Point","coordinates":[11.55813,48.14614]}},{"type":"Feature","properties":{"kind":"accessible","label":"Häberlstraße 17","detail":"2 Plätze · Montag bis Freitag von 9 bis 18 Uhr"},"geometry":{"type":"Point","coordinates":[11.55849,48.12737]}},{"type":"Feature","properties":{"kind":"accessible","label":"Maistraße 46","detail":"1 Platz · werktags Montag bis Freitag von 8 bis 18 Uhr"},"geometry":{"type":"Point","coordinates":[11.56115,48.12639]}},{"type":"Feature","properties":{"kind":"accessible","label":"Karlstraße 42","detail":"1 Platz · werktags Montag bis Freitag von 8 bis 20 Uhr"},"geometry":{"type":"Point","coordinates":[11.5615,48.14457]}},{"type":"Feature","properties":{"kind":"accessible","label":"Landwehrstraße 20","detail":"2 Plätze · von 9 bis 23 Uhr"},"geometry":{"type":"Point","coordinates":[11.56221,48.13636]}},{"type":"Feature","properties":{"kind":"accessible","label":"Waltherstraße 32a","detail":"2 Plätze · werktags Montag bis Freitag von 9 bis 18 Uhr, Samstag von 9 bis 14 Uhr"},"geometry":{"type":"Point","coordinates":[11.55932,48.12906]}},{"type":"Feature","properties":{"kind":"accessible","label":"Pettenkoferstraße westlich 8a","detail":"2 Plätze"},"geometry":{"type":"Point","coordinates":[11.5623,48.13424]}},{"type":"Feature","properties":{"kind":"accessible","label":"Pettenkoferstraße östlich 8a","detail":"1 Platz"},"geometry":{"type":"Point","coordinates":[11.56291,48.13423]}},{"type":"Feature","properties":{"kind":"accessible","label":"Dachauer Straße 34","detail":"1 Platz · werktags Montag bis Freitag von 9 bis 17 Uhr"},"geometry":{"type":"Point","coordinates":[11.55953,48.14546]}},{"type":"Feature","properties":{"kind":"accessible","label":"Hirtenstraße 4","detail":"1 Platz · werktags Montag bis Freitag von 8 bis 18 Uhr, bis 2 Stunden"},"geometry":{"type":"Point","coordinates":[11.55964,48.14193]}},{"type":"Feature","properties":{"kind":"accessible","label":"Rottmannstraße 20","detail":"2 Plätze · werktags Montag bis Freitag von 7.30 bis 18 Uhr, Samstag 7.30 bis 14 Uhr"},"geometry":{"type":"Point","coordinates":[11.55979,48.1488]}},{"type":"Feature","properties":{"kind":"accessible","label":"Arnulfstraße 2","detail":"2 Plätze"},"geometry":{"type":"Point","coordinates":[11.56003,48.14143]}},{"type":"Feature","properties":{"kind":"accessible","label":"Isartalstraße 42","detail":"1 Platz · Samstag von 7 bis 22 Uhr"},"geometry":{"type":"Point","coordinates":[11.56019,48.1198]}},{"type":"Feature","properties":{"kind":"accessible","label":"Winzererstraße 16","detail":"1 Platz · werktags Montag bis Freitag von 9 bis 18 Uhr"},"geometry":{"type":"Point","coordinates":[11.56289,48.16423]}},{"type":"Feature","properties":{"kind":"accessible","label":"Schleißheimer Straße 93","detail":"2 Plätze · werktags von 9 bis 20 Uhr"},"geometry":{"type":"Point","coordinates":[11.5629,48.15962]}},{"type":"Feature","properties":{"kind":"accessible","label":"Richard-Wagner-Straße 9","detail":"1 Platz · werktags Mittwoch, von 13 bis 18 Uhr bis 2 Stunden"},"geometry":{"type":"Point","coordinates":[11.56321,48.1475]}},{"type":"Feature","properties":{"kind":"accessible","label":"Schleißheimer Straße 142","detail":"2 Plätze · von 7 bis 22 Uhr"},"geometry":{"type":"Point","coordinates":[11.56332,48.16014]}},{"type":"Feature","properties":{"kind":"accessible","label":"Mathildenstraße 3a","detail":"2 Plätze · von 8 bis 20 Uhr"},"geometry":{"type":"Point","coordinates":[11.56339,48.13524]}},{"type":"Feature","properties":{"kind":"accessible","label":"Elisabethstraße 55","detail":"2 Plätze · werktags Montag bis Freitag von 8 bis 20 Uhr, Samstag von 9 bis 16 Uhr"},"geometry":{"type":"Point","coordinates":[11.56343,48.15971]}},{"type":"Feature","properties":{"kind":"accessible","label":"Elisenstraße Nähe Nr. 3","detail":"1 Platz · werktags Montag bis Freitag von 7 bis 20 Uhr"},"geometry":{"type":"Point","coordinates":[11.56358,48.1413]}},{"type":"Feature","properties":{"kind":"accessible","label":"Schleißheimer Straße 131","detail":"1 Platz · werktags Montag bis Freitag von 8 bis 18 Uhr"},"geometry":{"type":"Point","coordinates":[11.56356,48.16353]}},{"type":"Feature","properties":{"kind":"accessible","label":"Milbertshofener Platz 1","detail":"1 Platz · Samstag von 17 bis 19 Uhr, Sonntag und Feiertag von 9 bis 12 Uhr"},"geometry":{"type":"Point","coordinates":[11.56414,48.18483]}},{"type":"Feature","properties":{"kind":"accessible","label":"Prielmayerstraße 7","detail":"4 Plätze · werktags von 8 bis 23 Uhr"},"geometry":{"type":"Point","coordinates":[11.56411,48.14019]}},{"type":"Feature","properties":{"kind":"accessible","label":"Stockacher Straße 5","detail":"2 Plätze"},"geometry":{"type":"Point","coordinates":[11.44268,48.1497]}},{"type":"Feature","properties":{"kind":"accessible","label":"Maistraße 11","detail":"1 Platz"},"geometry":{"type":"Point","coordinates":[11.56281,48.13031]}},{"type":"Feature","properties":{"kind":"accessible","label":"Dachauer Straße 90","detail":"2 Plätze · bis 2 Stunden"},"geometry":{"type":"Point","coordinates":[11.55819,48.15079]}},{"type":"Feature","properties":{"kind":"accessible","label":"Riesenfeldstraße 18","detail":"1 Platz"},"geometry":{"type":"Point","coordinates":[11.56423,48.17882]}},{"type":"Feature","properties":{"kind":"accessible","label":"Goethestraße 69","detail":"3 Plätze · werktags Montag bis Freitag von 8 bis 18 Uhr"},"geometry":{"type":"Point","coordinates":[11.55853,48.1315]}},{"type":"Feature","properties":{"kind":"accessible","label":"Barthstraße 20","detail":"2 Plätze · werktags von 8 bis 17 Uhr"},"geometry":{"type":"Point","coordinates":[11.52812,48.13796]}},{"type":"Feature","properties":{"kind":"accessible","label":"Frundsbergstraße Höhe Dom-Pedro-Platz","detail":"1 Platz · Schultage von 7 bis 17 Uhr, bis 1 Stunde"},"geometry":{"type":"Point","coordinates":[11.53353,48.15957]}},{"type":"Feature","properties":{"kind":"accessible","label":"Nymphenburger Straße 148","detail":"1 Platz"},"geometry":{"type":"Point","coordinates":[11.536,48.15203]}},{"type":"Feature","properties":{"kind":"accessible","label":"Koppstraße","detail":"1 Platz · werktags Montag bis Freitag von 8 bis 20 Uhr, bis 2 Stunden"},"geometry":{"type":"Point","coordinates":[11.53446,48.09392]}},{"type":"Feature","properties":{"kind":"accessible","label":"Lazarettstraße 1","detail":"1 Platz · werktags Montag bis Freitag von 8 bis 18 Uhr"},"geometry":{"type":"Point","coordinates":[11.54481,48.1508]}},{"type":"Feature","properties":{"kind":"accessible","label":"Am Isarkanal 36","detail":"1 Platz · bis 3 Stunden"},"geometry":{"type":"Point","coordinates":[11.5486,48.10229]}},{"type":"Feature","properties":{"kind":"accessible","label":"Nikolaistraße 2","detail":"1 Platz · werktags Montag bis Freitag von 8 bis 19 Uhr"},"geometry":{"type":"Point","coordinates":[11.58602,48.15901]}},{"type":"Feature","properties":{"kind":"accessible","label":"St.-Bonifatius-Straße ggü. 20","detail":"1 Platz"},"geometry":{"type":"Point","coordinates":[11.58531,48.11856]}},{"type":"Feature","properties":{"kind":"accessible","label":"Herzogspitalstraße 13","detail":"2 Plätze"},"geometry":{"type":"Point","coordinates":[11.56685,48.13788]}},{"type":"Feature","properties":{"kind":"accessible","label":"Arnulfstraße 1a","detail":"2 Plätze · siehe Hinweis · Aufgrund einer Baustelle steht der Behindertenparkplatz aktuell nicht zur Verfügung!"},"geometry":{"type":"Point","coordinates":[11.55895,48.1411]}},{"type":"Feature","properties":{"kind":"accessible","label":"Hohenzollernstraße 128","detail":"1 Platz"},"geometry":{"type":"Point","coordinates":[11.56782,48.16119]}},{"type":"Feature","properties":{"kind":"accessible","label":"Belgradstraße 59","detail":"1 Platz · werktags von 7 bis 20 Uhr, bis 1 Stunde"},"geometry":{"type":"Point","coordinates":[11.57398,48.16612]}},{"type":"Feature","properties":{"kind":"accessible","label":"Herzog-Wilhelm-Straße 15","detail":"2 Plätze · Wegen einer Baustelle werden bis voraussichtlich Ende 2028 die beiden Parkplätze in die Herzog-Wilhelm-Straße 15 verlegt."},"geometry":{"type":"Point","coordinates":[11.56677,48.13643]}},{"type":"Feature","properties":{"kind":"accessible","label":"Belgradstraße 68","detail":"1 Platz · werktags von 7 bis 20 Uhr, bis 1 Stunde"},"geometry":{"type":"Point","coordinates":[11.57396,48.16823]}},{"type":"Feature","properties":{"kind":"accessible","label":"Salvatorplatz 2","detail":"2 Plätze"},"geometry":{"type":"Point","coordinates":[11.57531,48.142]}},{"type":"Feature","properties":{"kind":"accessible","label":"Deisenhofener Straße 17 Seite: Herzogstandstraße","detail":"1 Platz · werktags Montag bis Samstag von 9 bis 23 Uhr"},"geometry":{"type":"Point","coordinates":[11.58276,48.1144]}},{"type":"Feature","properties":{"kind":"accessible","label":"Leopoldstraße 80","detail":"2 Plätze · von 9 bis 23 Uhr"},"geometry":{"type":"Point","coordinates":[11.58625,48.16084]}},{"type":"Feature","properties":{"kind":"accessible","label":"Ungererstraße 44","detail":"1 Platz · werktags Montag bis Freitag von 8 bis 19 Uhr"},"geometry":{"type":"Point","coordinates":[11.5896,48.16581]}},{"type":"Feature","properties":{"kind":"accessible","label":"Welfenstraße 60","detail":"2 Plätze"},"geometry":{"type":"Point","coordinates":[11.59037,48.12237]}},{"type":"Feature","properties":{"kind":"accessible","label":"Kellerstraße 6","detail":"2 Plätze"},"geometry":{"type":"Point","coordinates":[11.59202,48.13171]}},{"type":"Feature","properties":{"kind":"accessible","label":"Balanstraße 28","detail":"2 Plätze · werktags Montag bis Freitag von 8 bis 18 Uhr"},"geometry":{"type":"Point","coordinates":[11.59567,48.12549]}},{"type":"Feature","properties":{"kind":"accessible","label":"Lothringer Straße 1","detail":"1 Platz"},"geometry":{"type":"Point","coordinates":[11.59662,48.12826]}},{"type":"Feature","properties":{"kind":"accessible","label":"Josephsburgstraße 8","detail":"2 Plätze · Montag bis Freitag von 7 bis 19 Uhr"},"geometry":{"type":"Point","coordinates":[11.62704,48.12836]}},{"type":"Feature","properties":{"kind":"accessible","label":"Maximilianstraße 11","detail":"2 Plätze"},"geometry":{"type":"Point","coordinates":[11.58043,48.1391]}},{"type":"Feature","properties":{"kind":"accessible","label":"Pfanzeltplatz ggü. 11","detail":"1 Platz"},"geometry":{"type":"Point","coordinates":[11.63054,48.09996]}},{"type":"Feature","properties":{"kind":"accessible","label":"Behindertenparkplatz","detail":"1 Platz · werktags, Montag bis Freitag von 8 - 18 Uhr, bis 2 Stunden"},"geometry":{"type":"Point","coordinates":[11.55302,48.13761]}},{"type":"Feature","properties":{"kind":"accessible","label":"Westendstr. 174","detail":"2 Plätze"},"geometry":{"type":"Point","coordinates":[11.5221,48.13501]}},{"type":"Feature","properties":{"kind":"accessible","label":"Friedrichshafener Straße 11","detail":"2 Plätze"},"geometry":{"type":"Point","coordinates":[11.442,48.14805]}},{"type":"Feature","properties":{"kind":"accessible","label":"Heinrich-Groh-Straße 10","detail":"1 Platz · von 7 bis 19 Uhr, bis 2 Stunden"},"geometry":{"type":"Point","coordinates":[11.61638,48.19301]}},{"type":"Feature","properties":{"kind":"accessible","label":"Amalienstraße 17","detail":"1 Platz · werktags von 7 bis 20 Uhr"},"geometry":{"type":"Point","coordinates":[11.57617,48.14692]}},{"type":"Feature","properties":{"kind":"accessible","label":"Heimburgstraße 2c","detail":"1 Platz"},"geometry":{"type":"Point","coordinates":[11.44426,48.14608]}},{"type":"Feature","properties":{"kind":"accessible","label":"Kreillerstr. 62 a","detail":"1 Platz · werktags Montag bis Freitag von 8 bis 19 Uhr"},"geometry":{"type":"Point","coordinates":[11.64078,48.12639]}},{"type":"Feature","properties":{"kind":"accessible","label":"Freischützstraße 65","detail":"1 Platz"},"geometry":{"type":"Point","coordinates":[11.64447,48.1655]}},{"type":"Feature","properties":{"kind":"accessible","label":"Thomas-Dehler-Straße 10","detail":"6 Plätze"},"geometry":{"type":"Point","coordinates":[11.64599,48.10118]}},{"type":"Feature","properties":{"kind":"accessible","label":"Salzmesserstraße 43","detail":"1 Platz"},"geometry":{"type":"Point","coordinates":[11.67035,48.13009]}},{"type":"Feature","properties":{"kind":"accessible","label":"Landsberger Straße 511","detail":"1 Platz"},"geometry":{"type":"Point","coordinates":[11.46169,48.14658]}},{"type":"Feature","properties":{"kind":"accessible","label":"Friedrichshafener Straße 8","detail":"2 Plätze"},"geometry":{"type":"Point","coordinates":[11.44052,48.14869]}},{"type":"Feature","properties":{"kind":"accessible","label":"Züricher Straße 37","detail":"1 Platz"},"geometry":{"type":"Point","coordinates":[11.49913,48.09475]}},{"type":"Feature","properties":{"kind":"accessible","label":"Institutstraße 12","detail":"1 Platz · werktags Montag bis Freitag von 8 bis 18 Uhr"},"geometry":{"type":"Point","coordinates":[11.45686,48.14642]}},{"type":"Feature","properties":{"kind":"accessible","label":"Am Schützeneck 8","detail":"1 Platz · werktags Montag bis Freitag von 9 bis 18 Uhr, Samstag von 9 bis 14 Uhr, bis 1 Stunde"},"geometry":{"type":"Point","coordinates":[11.46086,48.14792]}},{"type":"Feature","properties":{"kind":"accessible","label":"Ebenböckstraße 15","detail":"2 Plätze"},"geometry":{"type":"Point","coordinates":[11.46125,48.14588]}},{"type":"Feature","properties":{"kind":"accessible","label":"August-Exter-Straße 3","detail":"2 Plätze"},"geometry":{"type":"Point","coordinates":[11.46207,48.15067]}},{"type":"Feature","properties":{"kind":"accessible","label":"Rathausgasse 9","detail":"3 Plätze"},"geometry":{"type":"Point","coordinates":[11.46301,48.14686]}},{"type":"Feature","properties":{"kind":"accessible","label":"August-Exter-Straße 11","detail":"1 Platz"},"geometry":{"type":"Point","coordinates":[11.46325,48.15154]}},{"type":"Feature","properties":{"kind":"accessible","label":"Gottfried-Keller-Straße ggü. 2","detail":"1 Platz · werktags Montag bis Freitag von 8 bis 17 Uhr"},"geometry":{"type":"Point","coordinates":[11.46606,48.15062]}},{"type":"Feature","properties":{"kind":"accessible","label":"Schweizer Platz","detail":"2 Plätze"},"geometry":{"type":"Point","coordinates":[11.48173,48.08816]}},{"type":"Feature","properties":{"kind":"accessible","label":"Baaderstraße 59 - 61","detail":"3 Plätze"},"geometry":{"type":"Point","coordinates":[11.57621,48.12848]}},{"type":"Feature","properties":{"kind":"accessible","label":"Maderbräustraße bei 4","detail":"1 Platz · werktags Montag bis Freitag von 8 bis 18 Uhr"},"geometry":{"type":"Point","coordinates":[11.57871,48.13714]}},{"type":"Feature","properties":{"kind":"accessible","label":"Hohenstaufenstraße 1","detail":"1 Platz · werktags Montag bis Freitag von 9 bis 18 Uhr"},"geometry":{"type":"Point","coordinates":[11.57609,48.15657]}},{"type":"Feature","properties":{"kind":"accessible","label":"Reichenbachstraße 3a","detail":"2 Plätze"},"geometry":{"type":"Point","coordinates":[11.57642,48.13409]}},{"type":"Feature","properties":{"kind":"accessible","label":"Gärtnerplatz 3 Seite: Klenzestraße","detail":"3 Plätze · von 9 bis 23 Uhr"},"geometry":{"type":"Point","coordinates":[11.57549,48.13133]}},{"type":"Feature","properties":{"kind":"accessible","label":"Corneliusstraße 24","detail":"1 Platz · werktags Montag bis Freitag von 8 bis 18 Uhr"},"geometry":{"type":"Point","coordinates":[11.57717,48.13083]}},{"type":"Feature","properties":{"kind":"accessible","label":"Dollmannstraße ggü. 19","detail":"2 Plätze · davon 1 nur werktags Montag bis Freitag von 9 bis 17 Uhr"},"geometry":{"type":"Point","coordinates":[11.57722,48.11935]}},{"type":"Feature","properties":{"kind":"accessible","label":"Ainmillerstraße 43","detail":"1 Platz · werktags von 9 bis 20 Uhr"},"geometry":{"type":"Point","coordinates":[11.57557,48.15912]}},{"type":"Feature","properties":{"kind":"accessible","label":"Maxburgstraße 2","detail":"4 Plätze"},"geometry":{"type":"Point","coordinates":[11.57105,48.13972]}},{"type":"Feature","properties":{"kind":"accessible","label":"Gärtnerplatz 3 Seite: Reichenbachstraße","detail":"3 Plätze · von 9 bis 23 Uhr"},"geometry":{"type":"Point","coordinates":[11.57591,48.13118]}},{"type":"Feature","properties":{"kind":"accessible","label":"Sparkassenstraße 2","detail":"3 Plätze"},"geometry":{"type":"Point","coordinates":[11.57744,48.13675]}},{"type":"Feature","properties":{"kind":"accessible","label":"Kardinal-Faulhaber-Str. 6","detail":"2 Plätze · Aufgrund einer Baustelle befinden sich die Parkplätze bei Kardinal-Fauhaber-Straße 6."},"geometry":{"type":"Point","coordinates":[11.57489,48.14117]}},{"type":"Feature","properties":{"kind":"accessible","label":"Westendstraße 230","detail":"2 Plätze"},"geometry":{"type":"Point","coordinates":[11.51813,48.13095]}},{"type":"Feature","properties":{"kind":"accessible","label":"Zellstraße (Volksbad)","detail":"3 Plätze · werktags von 7 bis 23 Uhr"},"geometry":{"type":"Point","coordinates":[11.58866,48.13195]}},{"type":"Feature","properties":{"kind":"accessible","label":"Maxburgstraße 7","detail":"4 Plätze"},"geometry":{"type":"Point","coordinates":[11.56864,48.14006]}},{"type":"Feature","properties":{"kind":"accessible","label":"Schlüterstraße 1","detail":"2 Plätze"},"geometry":{"type":"Point","coordinates":[11.58972,48.17442]}},{"type":"Feature","properties":{"kind":"accessible","label":"Seeaustraße 2","detail":"2 Plätze · von 8 bis 20 Uhr"},"geometry":{"type":"Point","coordinates":[11.59153,48.14445]}},{"type":"Feature","properties":{"kind":"accessible","label":"Rumfordstraße 20","detail":"1 Platz · werktags Montag bis Freitag von 9 bis 17 Uhr, bis 2 Stunden"},"geometry":{"type":"Point","coordinates":[11.57768,48.1335]}},{"type":"Feature","properties":{"kind":"accessible","label":"Amalienstraße 87","detail":"1 Platz"},"geometry":{"type":"Point","coordinates":[11.57927,48.15146]}},{"type":"Feature","properties":{"kind":"accessible","label":"Falkenstraße 20","detail":"2 Plätze"},"geometry":{"type":"Point","coordinates":[11.57936,48.12252]}},{"type":"Feature","properties":{"kind":"accessible","label":"Werinherstraße 33","detail":"1 Platz"},"geometry":{"type":"Point","coordinates":[11.58709,48.11543]}},{"type":"Feature","properties":{"kind":"accessible","label":"Maximilianstraße 47","detail":"2 Plätze · von 18 bis 23 Uhr"},"geometry":{"type":"Point","coordinates":[11.58793,48.13794]}},{"type":"Feature","properties":{"kind":"accessible","label":"Reitmorstraße 28","detail":"1 Platz · Montag bis Freitag von 7.30 bis 17 Uhr"},"geometry":{"type":"Point","coordinates":[11.59327,48.14169]}},{"type":"Feature","properties":{"kind":"accessible","label":"Rosenheimer Straße 30","detail":"1 Platz · werktags Montag bis Freitag von 9 bis 18 Uhr"},"geometry":{"type":"Point","coordinates":[11.59178,48.12989]}},{"type":"Feature","properties":{"kind":"accessible","label":"Maxburgstraße 5","detail":"2 Plätze"},"geometry":{"type":"Point","coordinates":[11.56943,48.13994]}},{"type":"Feature","properties":{"kind":"accessible","label":"Hans-Mielich-Straße 4","detail":"1 Platz"},"geometry":{"type":"Point","coordinates":[11.57008,48.11572]}},{"type":"Feature","properties":{"kind":"accessible","label":"Fallmerayerstraße 2","detail":"2 Plätze"},"geometry":{"type":"Point","coordinates":[11.57321,48.16076]}},{"type":"Feature","properties":{"kind":"accessible","label":"Belgradstraße 115","detail":"2 Plätze"},"geometry":{"type":"Point","coordinates":[11.57322,48.17152]}},{"type":"Feature","properties":{"kind":"accessible","label":"Ickstattstraße 30","detail":"1 Platz · werktags Montag bis Freitag von 7.30 bis 18 Uhr"},"geometry":{"type":"Point","coordinates":[11.57332,48.12773]}},{"type":"Feature","properties":{"kind":"accessible","label":"Platz der Opfer des Nationalsozialismus","detail":"3 Plätze"},"geometry":{"type":"Point","coordinates":[11.57355,48.14287]}},{"type":"Feature","properties":{"kind":"accessible","label":"Westendstraße 66a","detail":"1 Platz · Aufgrund einer Baustelle steht der Behindertenparkplatz bis voraussichtlich Ende 2026 nicht zur Verfügung."},"geometry":{"type":"Point","coordinates":[11.54091,48.13828]}},{"type":"Feature","properties":{"kind":"accessible","label":"Behindertenparkplatz","detail":"1 Platz · werktags Dienstag bis Samstag von 9 bis 20 Uhr, bis 3 Stunden"},"geometry":{"type":"Point","coordinates":[11.40841,48.14927]}},{"type":"Feature","properties":{"kind":"accessible","label":"Peschelanger 3","detail":"1 Platz"},"geometry":{"type":"Point","coordinates":[11.65631,48.10791]}},{"type":"Feature","properties":{"kind":"accessible","label":"Behindertenparkplatz","detail":"1 Platz · 8 bis 20 Uhr"},"geometry":{"type":"Point","coordinates":[11.59529,48.09574]}},{"type":"Feature","properties":{"kind":"accessible","label":"Behindertenparkplatz","detail":"2 Plätze · t bis 23 Uhr, bis 5 Stunden"},"geometry":{"type":"Point","coordinates":[11.4072,48.14172]}},{"type":"Feature","properties":{"kind":"accessible","label":"Maria-Montessori-Straße 2","detail":"1 Platz"},"geometry":{"type":"Point","coordinates":[11.69456,48.13146]}},{"type":"Feature","properties":{"kind":"accessible","label":"ggü. Baldurstraße 83","detail":"2 Plätze · von 8 bis 18 Uhr, bis 4 Stunden"},"geometry":{"type":"Point","coordinates":[11.51812,48.16811]}},{"type":"Feature","properties":{"kind":"accessible","label":"Mariahilfplatz 17","detail":"1 Platz"},"geometry":{"type":"Point","coordinates":[11.58355,48.12415]}},{"type":"Feature","properties":{"kind":"accessible","label":"Adenauerring 31","detail":"1 Platz · von 7 bis 20 Uhr, bis 2 Stunden"},"geometry":{"type":"Point","coordinates":[11.64297,48.10376]}},{"type":"Feature","properties":{"kind":"accessible","label":"Englschalkinger Straße 77","detail":"2 Plätze"},"geometry":{"type":"Point","coordinates":[11.62419,48.15391]}},{"type":"Feature","properties":{"kind":"accessible","label":"Carl-Wery-Straße 34","detail":"2 Plätze"},"geometry":{"type":"Point","coordinates":[11.64498,48.08912]}},{"type":"Feature","properties":{"kind":"accessible","label":"Georg-Böhmer-Straße 3","detail":"1 Platz"},"geometry":{"type":"Point","coordinates":[11.41416,48.1561]}},{"type":"Feature","properties":{"kind":"accessible","label":"Bergsonstraße","detail":"2 Plätze"},"geometry":{"type":"Point","coordinates":[11.44796,48.16433]}},{"type":"Feature","properties":{"kind":"accessible","label":"Autobahnraststätte Obermenzing","detail":"3 Plätze"},"geometry":{"type":"Point","coordinates":[11.44705,48.17081]}},{"type":"Feature","properties":{"kind":"accessible","label":"Josef-Felder-Straße 5a","detail":"4 Plätze"},"geometry":{"type":"Point","coordinates":[11.46154,48.14931]}},{"type":"Feature","properties":{"kind":"accessible","label":"Stemplingeranger 6","detail":"1 Platz · werktags Montag bis Freitag von 8 bis 19 Uhr, Samstag von 8 bis 14 Uhr, bis 3 Stunden"},"geometry":{"type":"Point","coordinates":[11.66044,48.0989]}},{"type":"Feature","properties":{"kind":"accessible","label":"Karl-Marx-Ring 61","detail":"1 Platz"},"geometry":{"type":"Point","coordinates":[11.66109,48.10679]}},{"type":"Feature","properties":{"kind":"accessible","label":"Elritzenstraße 27","detail":"1 Platz · werktags Montag bis Freitag von 8 bis 17 Uhr, bis 1 Stunde"},"geometry":{"type":"Point","coordinates":[11.66268,48.12486]}},{"type":"Feature","properties":{"kind":"accessible","label":"Markgrafenstraße 33","detail":"1 Platz · werktags Montag bis Freitag von 6 bis 18 Uhr, bis 2 Stunden"},"geometry":{"type":"Point","coordinates":[11.67497,48.10881]}},{"type":"Feature","properties":{"kind":"accessible","label":"Ridlerstraße ggü. Heimeranplatz","detail":"4 Plätze"},"geometry":{"type":"Point","coordinates":[11.53345,48.13335]}},{"type":"Feature","properties":{"kind":"accessible","label":"Tegernseer Landstraße 210","detail":"1 Platz · werktags Montag bis Freitag von 7 bis 18 Uhr"},"geometry":{"type":"Point","coordinates":[11.58373,48.10166]}},{"type":"Feature","properties":{"kind":"accessible","label":"Ridlerstraße ggü. 52","detail":"2 Plätze"},"geometry":{"type":"Point","coordinates":[11.5329,48.13367]}},{"type":"Feature","properties":{"kind":"accessible","label":"Donnersbergerstraße 5","detail":"2 Plätze · werktags von 8 bis 20 Uhr"},"geometry":{"type":"Point","coordinates":[11.53301,48.15193]}},{"type":"Feature","properties":{"kind":"accessible","label":"Garmischer Straße 2","detail":"1 Platz"},"geometry":{"type":"Point","coordinates":[11.53267,48.13399]}},{"type":"Feature","properties":{"kind":"accessible","label":"Tumblingerstraße 21","detail":"2 Plätze · werktags Montag bis Freitag von 7 bis 18 Uhr"},"geometry":{"type":"Point","coordinates":[11.55742,48.12557]}},{"type":"Feature","properties":{"kind":"accessible","label":"Sonnenstraße 17","detail":"1 Platz"},"geometry":{"type":"Point","coordinates":[11.56527,48.13688]}},{"type":"Feature","properties":{"kind":"accessible","label":"St.-Martin-Straße 2","detail":"1 Platz · werktags Montag bis Freitag von 8 bis 18 Uhr"},"geometry":{"type":"Point","coordinates":[11.58058,48.11597]}},{"type":"Feature","properties":{"kind":"accessible","label":"Gottfried-Keller-Straße 20","detail":"3 Plätze"},"geometry":{"type":"Point","coordinates":[11.46305,48.15056]}},{"type":"Feature","properties":{"kind":"accessible","label":"Zeppelinstraße 83","detail":"2 Plätze"},"geometry":{"type":"Point","coordinates":[11.58725,48.13094]}},{"type":"Feature","properties":{"kind":"accessible","label":"Kriegerheimstraße 20 auf ggü.","detail":"2 Plätze"},"geometry":{"type":"Point","coordinates":[11.49009,48.10666]}},{"type":"Feature","properties":{"kind":"accessible","label":"Haidelweg 20","detail":"1 Platz · von 8 bis 17 Uhr"},"geometry":{"type":"Point","coordinates":[11.45696,48.13648]}},{"type":"Feature","properties":{"kind":"accessible","label":"Kaflerstraße 14 Seite: Emil-Neuburger-Straße","detail":"5 Plätze"},"geometry":{"type":"Point","coordinates":[11.45887,48.14975]}},{"type":"Feature","properties":{"kind":"accessible","label":"Bauseweinallee 8","detail":"2 Plätze"},"geometry":{"type":"Point","coordinates":[11.4767,48.16477]}},{"type":"Feature","properties":{"kind":"accessible","label":"Maxhofstraße 9a","detail":"1 Platz · werktags Montag bis Freitag von 8 bis 20 Uhr, bis 2 Stunden"},"geometry":{"type":"Point","coordinates":[11.47882,48.0878]}},{"type":"Feature","properties":{"kind":"accessible","label":"Mundesgasse 4","detail":"1 Platz · werktags Montag bis Freitag von 7 bis 20 Uhr"},"geometry":{"type":"Point","coordinates":[11.41461,48.16205]}},{"type":"Feature","properties":{"kind":"accessible","label":"Plankenfelser Straße","detail":"1 Platz · Dienstag bis Freitag von 10 bis 21 Uhr, Samstag von 17 bis 21 Uhr, Sonntag von 9 bis 13 Uhr"},"geometry":{"type":"Point","coordinates":[11.419,48.14964]}},{"type":"Feature","properties":{"kind":"accessible","label":"Agnes-Bernauer-Straße 89","detail":"1 Platz · werktags Montag bis Samstag von 8 bis 20 Uhr"},"geometry":{"type":"Point","coordinates":[11.50064,48.13961]}},{"type":"Feature","properties":{"kind":"accessible","label":"Drygalski-Allee 117","detail":"2 Plätze · werktags Montag bis Freitag von 8 bis 18 Uhr, Samstag von 8 bis 14 Uhr"},"geometry":{"type":"Point","coordinates":[11.50378,48.08261]}},{"type":"Feature","properties":{"kind":"accessible","label":"Rosenkavalierplatz 4","detail":"3 Plätze"},"geometry":{"type":"Point","coordinates":[11.61946,48.1522]}},{"type":"Feature","properties":{"kind":"accessible","label":"Freisinger Landstraße 100","detail":"2 Plätze"},"geometry":{"type":"Point","coordinates":[11.629,48.20223]}},{"type":"Feature","properties":{"kind":"accessible","label":"Nördliches Schloßrondell","detail":"1 Platz"},"geometry":{"type":"Point","coordinates":[11.50533,48.16021]}},{"type":"Feature","properties":{"kind":"accessible","label":"Dachauer Straße 278","detail":"1 Platz · von 8 bis 20 Uhr"},"geometry":{"type":"Point","coordinates":[11.51144,48.18135]}},{"type":"Feature","properties":{"kind":"accessible","label":"Pelkovenstraße 31","detail":"1 Platz · werktags Montag bis Freitag von 8 bis 19 Uhr, Samstag von 8 bis 14 Uhr"},"geometry":{"type":"Point","coordinates":[11.51231,48.18136]}},{"type":"Feature","properties":{"kind":"accessible","label":"Karlsfelder Straße ggü. 58","detail":"1 Platz"},"geometry":{"type":"Point","coordinates":[11.5155,48.21741]}},{"type":"Feature","properties":{"kind":"accessible","label":"Westendstraße 179","detail":"2 Plätze · werktags Montag bis Freitag von 8 bis 17 Uhr"},"geometry":{"type":"Point","coordinates":[11.52421,48.1352]}},{"type":"Feature","properties":{"kind":"accessible","label":"Hansastraße 2","detail":"2 Plätze · werktags Montag bis Freitag von 8 bis 17 Uhr"},"geometry":{"type":"Point","coordinates":[11.52484,48.13541]}},{"type":"Feature","properties":{"kind":"accessible","label":"Partnachplatz 7 Seite: Partnachstraße","detail":"1 Platz"},"geometry":{"type":"Point","coordinates":[11.52614,48.11734]}},{"type":"Feature","properties":{"kind":"accessible","label":"Albert-Roßhaupter-Straße 73","detail":"2 Plätze · werktags Montag bis Freitag von 8 bis 18 Uhr"},"geometry":{"type":"Point","coordinates":[11.52697,48.11649]}},{"type":"Feature","properties":{"kind":"accessible","label":"Albert-Roßhaupter-Straße 65","detail":"1 Platz"},"geometry":{"type":"Point","coordinates":[11.52771,48.11659]}},{"type":"Feature","properties":{"kind":"accessible","label":"Albert-Camus-Straße, gegenüber Eingang Aubinger Allee Nr. 16","detail":"1 Platz · 8 bis 23 Uhr, bis 3 Stunden"},"geometry":{"type":"Point","coordinates":[11.40749,48.14377]}},{"type":"Feature","properties":{"kind":"accessible","label":"Hackenstraße 12","detail":"2 Plätze"},"geometry":{"type":"Point","coordinates":[11.56949,48.13629]}},{"type":"Feature","properties":{"kind":"accessible","label":"Am Oberwiesenfeld ggü. 37","detail":"1 Platz · werktags Montag bis Freitag von 7 bis 18 Uhr"},"geometry":{"type":"Point","coordinates":[11.54585,48.18823]}},{"type":"Feature","properties":{"kind":"accessible","label":"Gollierstraße 55","detail":"1 Platz · von 9 bis 12 Uhr"},"geometry":{"type":"Point","coordinates":[11.53815,48.13578]}},{"type":"Feature","properties":{"kind":"accessible","label":"St.-Pauls-Platz 11","detail":"1 Platz"},"geometry":{"type":"Point","coordinates":[11.55218,48.13668]}},{"type":"Feature","properties":{"kind":"accessible","label":"Bayerstraße 77a","detail":"1 Platz · werktags Montag bis Freitag von 10 bis 22 Uhr"},"geometry":{"type":"Point","coordinates":[11.55296,48.13904]}},{"type":"Feature","properties":{"kind":"accessible","label":"Orleansplatz bei 13","detail":"2 Plätze"},"geometry":{"type":"Point","coordinates":[11.60341,48.12736]}},{"type":"Feature","properties":{"kind":"accessible","label":"Leonrodstraße 69","detail":"1 Platz · werktags Montag bis Freitag von 8 bis 18 Uhr"},"geometry":{"type":"Point","coordinates":[11.54442,48.15798]}},{"type":"Feature","properties":{"kind":"accessible","label":"Nymphenburger Straße 43","detail":"2 Plätze · werktags Montag bis Freitag von 9 bis 18 Uhr"},"geometry":{"type":"Point","coordinates":[11.55083,48.14895]}},{"type":"Feature","properties":{"kind":"accessible","label":"Moosacher Straße ggü. 80","detail":"1 Platz"},"geometry":{"type":"Point","coordinates":[11.54796,48.18593]}},{"type":"Feature","properties":{"kind":"accessible","label":"Ungererstraße 215","detail":"6 Plätze"},"geometry":{"type":"Point","coordinates":[11.60761,48.18315]}},{"type":"Feature","properties":{"kind":"accessible","label":"Herkomerplatz 2","detail":"1 Platz"},"geometry":{"type":"Point","coordinates":[11.60883,48.15066]}},{"type":"Feature","properties":{"kind":"accessible","label":"Landaubogen 3 a","detail":"4 Plätze · werktags Montag bis Donnerstag von 8 bis 18 Uhr, Freitag von 8 bis 21 Uhr, Samstag 8 bis 15 Uhr, bis 3 Stunden"},"geometry":{"type":"Point","coordinates":[11.53144,48.12929]}},{"type":"Feature","properties":{"kind":"accessible","label":"Claudius-Keller-Straße ggü. 26 (beidseits Einfahrt)","detail":"2 Plätze"},"geometry":{"type":"Point","coordinates":[11.60614,48.11696]}},{"type":"Feature","properties":{"kind":"accessible","label":"Hopfenstraße 4-8","detail":"3 Plätze"},"geometry":{"type":"Point","coordinates":[11.55431,48.14287]}},{"type":"Feature","properties":{"kind":"accessible","label":"Zenettistraße 21","detail":"3 Plätze · von 18 bis 23 Uhr"},"geometry":{"type":"Point","coordinates":[11.55615,48.12425]}},{"type":"Feature","properties":{"kind":"accessible","label":"St.-Martin-Straße ggü. 64","detail":"2 Plätze"},"geometry":{"type":"Point","coordinates":[11.59516,48.11844]}},{"type":"Feature","properties":{"kind":"accessible","label":"Brienner Straße 55","detail":"1 Platz · werktags Montag bis Freitag von 9 bis 19 Uhr"},"geometry":{"type":"Point","coordinates":[11.55999,48.14722]}},{"type":"Feature","properties":{"kind":"accessible","label":"Schleißheimer Straße 443","detail":"1 Platz · werktags von 7 bis 19 Uhr"},"geometry":{"type":"Point","coordinates":[11.5631,48.20822]}},{"type":"Feature","properties":{"kind":"accessible","label":"Holzstraße 9","detail":"1 Platz · Montag bis Samstag von 15 bis 23 Uhr, Sonntag von 9 bis 23 Uhr"},"geometry":{"type":"Point","coordinates":[11.56841,48.13036]}},{"type":"Feature","properties":{"kind":"accessible","label":"Charles-de-Gaulle-Straße 4","detail":"1 Platz · werktags Montag bis Freitag von 7 bis 19 Uhr, Samstag 8 bis 13 Uhr, bis 3 Stunden"},"geometry":{"type":"Point","coordinates":[11.64375,48.10225]}},{"type":"Feature","properties":{"kind":"accessible","label":"Arcisstraße 21","detail":"2 Plätze · 9 bis 24 Uhr bis 2 Stunden"},"geometry":{"type":"Point","coordinates":[11.56883,48.14897]}},{"type":"Feature","properties":{"kind":"accessible","label":"Tegernseer Landstraße 224","detail":"1 Platz"},"geometry":{"type":"Point","coordinates":[11.58459,48.10026]}},{"type":"Feature","properties":{"kind":"accessible","label":"Museumsinsel 1 (Bosch-Brücke)","detail":"2 Plätze · von 9 bis 16 Uhr"},"geometry":{"type":"Point","coordinates":[11.58326,48.13052]}},{"type":"Feature","properties":{"kind":"accessible","label":"Am Oberwiesenfeld ggü. 47","detail":"1 Platz · werktags Montag bis Freitag von 7 bis 18 Uhr"},"geometry":{"type":"Point","coordinates":[11.54392,48.18828]}},{"type":"Feature","properties":{"kind":"accessible","label":"Gollierstraße 4","detail":"1 Platz"},"geometry":{"type":"Point","coordinates":[11.54712,48.13569]}},{"type":"Feature","properties":{"kind":"accessible","label":"Belgradstraße 7","detail":"2 Plätze · von 9 bis 23 Uhr"},"geometry":{"type":"Point","coordinates":[11.57481,48.16118]}},{"type":"Feature","properties":{"kind":"accessible","label":"Nordendstraße 43","detail":"1 Platz · werktags Montag bis Freitag von 9 bis 19 Uhr, Samstag von 9 bis 14 Uhr"},"geometry":{"type":"Point","coordinates":[11.57483,48.15824]}},{"type":"Feature","properties":{"kind":"accessible","label":"Rupert-Mayer-Straße 46","detail":"2 Plätze · werktags Montag bis Freitag von 7 bis 20 Uhr, Samstag von 8 bis 14 Uhr"},"geometry":{"type":"Point","coordinates":[11.53561,48.09593]}},{"type":"Feature","properties":{"kind":"accessible","label":"Fäustlestraße 5","detail":"1 Platz · werktags Montag bis Freitag von 8 bis 18 Uhr"},"geometry":{"type":"Point","coordinates":[11.53899,48.13885]}},{"type":"Feature","properties":{"kind":"accessible","label":"Arnulfstraße 15","detail":"1 Platz · werktags Montag bis Freitag von 9 bis 18 Uhr"},"geometry":{"type":"Point","coordinates":[11.55379,48.14238]}},{"type":"Feature","properties":{"kind":"accessible","label":"Schleißheimer Straße 421","detail":"1 Platz · werktags von 7 bis 19 Uhr"},"geometry":{"type":"Point","coordinates":[11.56351,48.20528]}},{"type":"Feature","properties":{"kind":"accessible","label":"Rindermarkt 15","detail":"2 Plätze"},"geometry":{"type":"Point","coordinates":[11.57432,48.13624]}},{"type":"Feature","properties":{"kind":"accessible","label":"Christophstraße 12","detail":"2 Plätze · 8 - 18 Uhr"},"geometry":{"type":"Point","coordinates":[11.58557,48.14138]}},{"type":"Feature","properties":{"kind":"accessible","label":"Falckenbergstraße 2","detail":"3 Plätze"},"geometry":{"type":"Point","coordinates":[11.58161,48.13802]}},{"type":"Feature","properties":{"kind":"accessible","label":"Ettstraße 2","detail":"3 Plätze"},"geometry":{"type":"Point","coordinates":[11.57097,48.13919]}},{"type":"Feature","properties":{"kind":"accessible","label":"Orleansplatz 11","detail":"1 Platz"},"geometry":{"type":"Point","coordinates":[11.60429,48.12774]}},{"type":"Feature","properties":{"kind":"accessible","label":"Brienner Straße 20","detail":"1 Platz · werktags Montag bis Freitag von 8 bis 18 Uhr, bis 1 Stunde"},"geometry":{"type":"Point","coordinates":[11.57297,48.14369]}},{"type":"Feature","properties":{"kind":"accessible","label":"Belgradstraße 16/18","detail":"2 Plätze · bis 5 Stunden"},"geometry":{"type":"Point","coordinates":[11.57342,48.17217]}},{"type":"Feature","properties":{"kind":"accessible","label":"Rümannstraße 5","detail":"1 Platz · werktags Montag bis Freitag von 9 bis 18 Uhr, Samstag von 9 bis 13 Uhr"},"geometry":{"type":"Point","coordinates":[11.57432,48.17568]}},{"type":"Feature","properties":{"kind":"accessible","label":"Rosental 5","detail":"2 Plätze"},"geometry":{"type":"Point","coordinates":[11.57445,48.13538]}},{"type":"Feature","properties":{"kind":"accessible","label":"Dientzenhoferstraße 64","detail":"1 Platz · Montag bis Freitag von 8 bis 18 Uhr"},"geometry":{"type":"Point","coordinates":[11.57718,48.2053]}},{"type":"Feature","properties":{"kind":"accessible","label":"Behindertenparkplatz","detail":"1 Platz · werktags Montag bis Freitag von 7 bis 18 Uhr"},"geometry":{"type":"Point","coordinates":[11.55779,48.12915]}},{"type":"Feature","properties":{"kind":"accessible","label":"Cuvilliesstraße 14a","detail":"1 Platz · werktags Montag bis Freitag von 9 bis 18 Uhr, bis 2 Stunden"},"geometry":{"type":"Point","coordinates":[11.60451,48.14343]}},{"type":"Feature","properties":{"kind":"accessible","label":"Flurstraße","detail":"1 Platz · von 9 bis 23 Uhr, bis 2 Stunden"},"geometry":{"type":"Point","coordinates":[11.60513,48.13355]}},{"type":"Feature","properties":{"kind":"accessible","label":"Rheinbergerstraße 7","detail":"2 Plätze · werktags Montag bis Freitag von 8 bis 18 Uhr"},"geometry":{"type":"Point","coordinates":[11.57885,48.14612]}},{"type":"Feature","properties":{"kind":"accessible","label":"Akademiestraße 1","detail":"2 Plätze"},"geometry":{"type":"Point","coordinates":[11.58162,48.15227]}},{"type":"Feature","properties":{"kind":"accessible","label":"Fritz-Schäffer-Straße bei 26","detail":"2 Plätze · werktags Montag bis Freitag von 8 bis 18 Uhr"},"geometry":{"type":"Point","coordinates":[11.6477,48.10353]}},{"type":"Feature","properties":{"kind":"accessible","label":"Rosental 4 (Seite Rindermarkt)","detail":"2 Plätze · Wegen einer Baustelle befindet sich der Behindertenparkplatz bei Rosental 4 (Seite Rindermarkt)."},"geometry":{"type":"Point","coordinates":[11.57372,48.13583]}},{"type":"Feature","properties":{"kind":"accessible","label":"Martiusstraße 4","detail":"1 Platz · werktags Montag bis Freitag von 8 bis 16.30 Uhr"},"geometry":{"type":"Point","coordinates":[11.58573,48.15693]}},{"type":"Feature","properties":{"kind":"accessible","label":"Galeriestraße 2","detail":"2 Plätze"},"geometry":{"type":"Point","coordinates":[11.57864,48.14417]}},{"type":"Feature","properties":{"kind":"accessible","label":"Schackstraße 2","detail":"2 Plätze"},"geometry":{"type":"Point","coordinates":[11.58253,48.15212]}},{"type":"Feature","properties":{"kind":"accessible","label":"Entenbachstraße 25","detail":"2 Plätze · von 7 bis 23 Uhr, bis 3 Stunden"},"geometry":{"type":"Point","coordinates":[11.57838,48.12321]}},{"type":"Feature","properties":{"kind":"accessible","label":"Erhardtstraße 38","detail":"2 Plätze"},"geometry":{"type":"Point","coordinates":[11.58458,48.13221]}},{"type":"Feature","properties":{"kind":"accessible","label":"Maximilianstraße 30","detail":"3 Plätze"},"geometry":{"type":"Point","coordinates":[11.58242,48.1386]}},{"type":"Feature","properties":{"kind":"accessible","label":"Liebherrstraße 20","detail":"1 Platz · werktags Montag bis Freitag von 8 bis 16 Uhr"},"geometry":{"type":"Point","coordinates":[11.58412,48.13327]}},{"type":"Feature","properties":{"kind":"accessible","label":"Knöbelstraße 8","detail":"2 Plätze"},"geometry":{"type":"Point","coordinates":[11.58452,48.13673]}},{"type":"Feature","properties":{"kind":"accessible","label":"Weimarer Straße 4","detail":"1 Platz"},"geometry":{"type":"Point","coordinates":[11.58757,48.18517]}},{"type":"Feature","properties":{"kind":"accessible","label":"Leonrodstraße 67","detail":"1 Platz · von 8 bis 23 Uhr"},"geometry":{"type":"Point","coordinates":[11.54409,48.1578]}},{"type":"Feature","properties":{"kind":"accessible","label":"Nördliches Schloßrondell","detail":"2 Plätze"},"geometry":{"type":"Point","coordinates":[11.5059,48.15906]}},{"type":"Feature","properties":{"kind":"accessible","label":"Breslauer Straße 2","detail":"1 Platz · werktags Montag bis Freitag von 8 bis 19 Uhr, Samstag von 9 bis 13 Uhr, bis 2 Stunden"},"geometry":{"type":"Point","coordinates":[11.50861,48.18131]}},{"type":"Feature","properties":{"kind":"accessible","label":"Baubergerstraße 8","detail":"1 Platz · Montag bis Samstag von 7 bis 21 Uhr, Sonntag von 9 bis 18 Uhr"},"geometry":{"type":"Point","coordinates":[11.51026,48.18022]}},{"type":"Feature","properties":{"kind":"accessible","label":"Luganoweg 8","detail":"1 Platz · von 8 bis 20 Uhr, bis 3 Stunden"},"geometry":{"type":"Point","coordinates":[11.47409,48.09113]}},{"type":"Feature","properties":{"kind":"accessible","label":"Lorettoplatz","detail":"2 Plätze"},"geometry":{"type":"Point","coordinates":[11.48812,48.10271]}},{"type":"Feature","properties":{"kind":"accessible","label":"Südliches Schloßrondell","detail":"1 Platz"},"geometry":{"type":"Point","coordinates":[11.50613,48.1577]}},{"type":"Feature","properties":{"kind":"accessible","label":"Garmischer Straße 223","detail":"2 Plätze"},"geometry":{"type":"Point","coordinates":[11.51772,48.11769]}},{"type":"Feature","properties":{"kind":"accessible","label":"Baldurstraße 35","detail":"2 Plätze"},"geometry":{"type":"Point","coordinates":[11.52568,48.16922]}},{"type":"Feature","properties":{"kind":"accessible","label":"Dantestraße 22","detail":"1 Platz · Montag bis Samstag von 7.30 bis 20 Uhr"},"geometry":{"type":"Point","coordinates":[11.52725,48.16881]}},{"type":"Feature","properties":{"kind":"accessible","label":"Winthirstraße ggü. 2","detail":"4 Plätze"},"geometry":{"type":"Point","coordinates":[11.53191,48.15324]}},{"type":"Feature","properties":{"kind":"accessible","label":"Freihamer Weg","detail":"1 Platz · --"},"geometry":{"type":"Point","coordinates":[11.4105,48.15575]}},{"type":"Feature","properties":{"kind":"accessible","label":"Am Aubinger Wasserturm 28","detail":"1 Platz · werktags Montag bis Freitag von 08 bis 17 Uhr"},"geometry":{"type":"Point","coordinates":[11.41681,48.15269]}},{"type":"Feature","properties":{"kind":"accessible","label":"Wotanstraße 117","detail":"1 Platz · werktags Montag bis Freitag von 9 bis 18 Uhr, Samstag von 9 bis 14 Uhr, bis 1 Stunde"},"geometry":{"type":"Point","coordinates":[11.5106,48.15451]}},{"type":"Feature","properties":{"kind":"accessible","label":"Herzog-Wilhelm-Straße 31","detail":"2 Plätze · Aufgrund einer Baustelle befinden sich die Behindertenparkplätze bis 31. Juli 2026 bei Herzog-Wilhelm-Straße 31."},"geometry":{"type":"Point","coordinates":[11.56769,48.13456]}},{"type":"Feature","properties":{"kind":"accessible","label":"Milbertshofener Straße 90","detail":"2 Plätze · bis 3 Stunden"},"geometry":{"type":"Point","coordinates":[11.57889,48.18419]}},{"type":"Feature","properties":{"kind":"accessible","label":"Müllerstraße 14","detail":"1 Platz · werktags Montag bis Freitag von 9 bis 18 Uhr, bis 3 Stunden"},"geometry":{"type":"Point","coordinates":[11.5737,48.1326]}},{"type":"Feature","properties":{"kind":"accessible","label":"Theresienstraße 35 a","detail":"2 Plätze · von 9 bis 20 Uhr, bis 3 Stunden"},"geometry":{"type":"Point","coordinates":[11.57425,48.14826]}},{"type":"Feature","properties":{"kind":"accessible","label":"Rindermarkt 5","detail":"3 Plätze"},"geometry":{"type":"Point","coordinates":[11.57461,48.13613]}},{"type":"Feature","properties":{"kind":"accessible","label":"Nordendstraße 48","detail":"1 Platz"},"geometry":{"type":"Point","coordinates":[11.57514,48.15711]}},{"type":"Feature","properties":{"kind":"accessible","label":"Wettersteinplatz","detail":"4 Plätze"},"geometry":{"type":"Point","coordinates":[11.57527,48.10865]}},{"type":"Feature","properties":{"kind":"accessible","label":"Schellingstraße 31","detail":"2 Plätze · werktags Montag bis Freitag von 7 bis 18 Uhr"},"geometry":{"type":"Point","coordinates":[11.5754,48.15038]}},{"type":"Feature","properties":{"kind":"accessible","label":"Dienerstraße ggü. 12","detail":"3 Plätze"},"geometry":{"type":"Point","coordinates":[11.57717,48.1387]}},{"type":"Feature","properties":{"kind":"accessible","label":"Rümannstraße 62","detail":"1 Platz"},"geometry":{"type":"Point","coordinates":[11.57925,48.17601]}},{"type":"Feature","properties":{"kind":"accessible","label":"Hohenzollernstraße 20","detail":"1 Platz · werktags von 9 bis 19 Uhr"},"geometry":{"type":"Point","coordinates":[11.58248,48.15983]}},{"type":"Feature","properties":{"kind":"accessible","label":"Landsberger Straße 492","detail":"1 Platz"},"geometry":{"type":"Point","coordinates":[11.46039,48.14667]}},{"type":"Feature","properties":{"kind":"accessible","label":"Tegernseer Platz 7","detail":"1 Platz · werktags Montag bis Freitag von 8 bis 20 Uhr, Samstag von 8 bis 14 Uhr"},"geometry":{"type":"Point","coordinates":[11.57995,48.11535]}},{"type":"Feature","properties":{"kind":"accessible","label":"Hohenzollernstraße 44","detail":"1 Platz · werktags Montag bis Freitag von 8.30 bis 18 Uhr"},"geometry":{"type":"Point","coordinates":[11.58004,48.16]}},{"type":"Feature","properties":{"kind":"accessible","label":"Werner-Schlierf-Straße 9","detail":"2 Plätze · werktags Montag bis Freitag von 8 bis 17 Uhr"},"geometry":{"type":"Point","coordinates":[11.58004,48.11011]}},{"type":"Feature","properties":{"kind":"accessible","label":"Kölner Platz 1","detail":"4 Plätze · werktags von 9 bis 20 Uhr"},"geometry":{"type":"Point","coordinates":[11.57662,48.17016]}},{"type":"Feature","properties":{"kind":"accessible","label":"Parzivalstraße 16","detail":"4 Plätze"},"geometry":{"type":"Point","coordinates":[11.58029,48.17049]}},{"type":"Feature","properties":{"kind":"accessible","label":"Werinherstraße 2","detail":"1 Platz"},"geometry":{"type":"Point","coordinates":[11.58052,48.11549]}},{"type":"Feature","properties":{"kind":"accessible","label":"Oberbiberger Straße 8","detail":"1 Platz"},"geometry":{"type":"Point","coordinates":[11.58085,48.09709]}},{"type":"Feature","properties":{"kind":"accessible","label":"Westenriederstraße 51","detail":"2 Plätze"},"geometry":{"type":"Point","coordinates":[11.58112,48.13505]}},{"type":"Feature","properties":{"kind":"accessible","label":"Torquato-Tasso-Straße 40","detail":"2 Plätze · Samstag von 17 bis 20 Uhr, Sonntag und Feiertag von 9 bis 12 Uhr"},"geometry":{"type":"Point","coordinates":[11.58137,48.18081]}},{"type":"Feature","properties":{"kind":"accessible","label":"Maximilianstraße 18","detail":"2 Plätze"},"geometry":{"type":"Point","coordinates":[11.58144,48.13878]}},{"type":"Feature","properties":{"kind":"accessible","label":"Tegernseer Landstraße bei 10","detail":"1 Platz"},"geometry":{"type":"Point","coordinates":[11.58377,48.11934]}},{"type":"Feature","properties":{"kind":"accessible","label":"Tegernseer Landstraße 10","detail":"1 Platz · von 8 bis 18 Uhr"},"geometry":{"type":"Point","coordinates":[11.58381,48.11939]}},{"type":"Feature","properties":{"kind":"accessible","label":"Westendstraße 93","detail":"2 Plätze"},"geometry":{"type":"Point","coordinates":[11.53972,48.13806]}},{"type":"Feature","properties":{"kind":"accessible","label":"Einsteinstraße 125","detail":"1 Platz · 7 bis 23 Uhr, max. 3 Stunden"},"geometry":{"type":"Point","coordinates":[11.60841,48.13623]}},{"type":"Feature","properties":{"kind":"accessible","label":"Königinstraße 8","detail":"2 Plätze · von 9 bis 23 Uhr"},"geometry":{"type":"Point","coordinates":[11.58465,48.15027]}},{"type":"Feature","properties":{"kind":"accessible","label":"Seitzstraße 10","detail":"2 Plätze · werktags Montag bis Freitag von 8 bis 17 Uhr"},"geometry":{"type":"Point","coordinates":[11.58483,48.14109]}},{"type":"Feature","properties":{"kind":"accessible","label":"Heckscherstraße 9","detail":"2 Plätze · Montag bis Freitag von 7 bis 16 Uhr"},"geometry":{"type":"Point","coordinates":[11.58507,48.17237]}},{"type":"Feature","properties":{"kind":"accessible","label":"Hohenzollernstraße 16/18","detail":"1 Platz · werktags von 9 bis 19 Uhr"},"geometry":{"type":"Point","coordinates":[11.58353,48.1597]}},{"type":"Feature","properties":{"kind":"accessible","label":"Goethestraße 72","detail":"1 Platz · werktags Montag bis Freitag von 8 bis 18 Uhr"},"geometry":{"type":"Point","coordinates":[11.55819,48.13083]}},{"type":"Feature","properties":{"kind":"accessible","label":"Truderinger Straße 261","detail":"2 Plätze"},"geometry":{"type":"Point","coordinates":[11.66263,48.12581]}},{"type":"Feature","properties":{"kind":"accessible","label":"Museumsinsel 1 (Ludwigsbrücke)","detail":"3 Plätze"},"geometry":{"type":"Point","coordinates":[11.58552,48.13173]}},{"type":"Feature","properties":{"kind":"accessible","label":"Unsöldstraße 2","detail":"1 Platz · werktags Montag bis Freitag von 8 bis 16 Uhr"},"geometry":{"type":"Point","coordinates":[11.58536,48.14252]}},{"type":"Feature","properties":{"kind":"accessible","label":"Maximilianstraße 42","detail":"2 Plätze"},"geometry":{"type":"Point","coordinates":[11.58553,48.13777]}},{"type":"Feature","properties":{"kind":"accessible","label":"Leopoldstraße 59","detail":"1 Platz · werktags von 6 bis 23 Uhr"},"geometry":{"type":"Point","coordinates":[11.58611,48.16133]}},{"type":"Feature","properties":{"kind":"accessible","label":"St.-Anna-Straße 27","detail":"1 Platz"},"geometry":{"type":"Point","coordinates":[11.58654,48.1406]}},{"type":"Feature","properties":{"kind":"accessible","label":"Färbergraben 16","detail":"3 Plätze"},"geometry":{"type":"Point","coordinates":[11.57182,48.13686]}},{"type":"Feature","properties":{"kind":"accessible","label":"Behindertenparkplatz Angererstraße 7d","detail":"1 Platz · werktags Montag bis Freitag von 9 bis 18 Uhr, Samstag von 9 bis 12 Uhr"},"geometry":{"type":"Point","coordinates":[11.57256,48.16591]}},{"type":"Feature","properties":{"kind":"accessible","label":"Prannerstraße 7","detail":"2 Plätze"},"geometry":{"type":"Point","coordinates":[11.57283,48.14123]}},{"type":"Feature","properties":{"kind":"accessible","label":"Harlachinger Straße ggü. 1a","detail":"1 Platz"},"geometry":{"type":"Point","coordinates":[11.5729,48.11055]}},{"type":"Feature","properties":{"kind":"accessible","label":"St.-Jakobs-Platz 12","detail":"3 Plätze"},"geometry":{"type":"Point","coordinates":[11.57303,48.13389]}},{"type":"Feature","properties":{"kind":"accessible","label":"Hiltenspergerstraße 72","detail":"2 Plätze · werktags Montag bis Freitag von 8 bis 20 Uhr"},"geometry":{"type":"Point","coordinates":[11.56641,48.16518]}},{"type":"Feature","properties":{"kind":"accessible","label":"Hagedornstraße 2","detail":"1 Platz · werktags Montag bis Freitag von 9 bis 18 Uhr, Samstag von 9 bis 13 Uhr"},"geometry":{"type":"Point","coordinates":[11.57493,48.17608]}},{"type":"Feature","properties":{"kind":"accessible","label":"Josef-Retzer-Straße 47","detail":"1 Platz · werktags Montag bis Freitag von 7 bis 18 Uhr"},"geometry":{"type":"Point","coordinates":[11.46144,48.14386]}},{"type":"Feature","properties":{"kind":"accessible","label":"Romanstraße 93","detail":"1 Platz"},"geometry":{"type":"Point","coordinates":[11.5096,48.15562]}},{"type":"Feature","properties":{"kind":"accessible","label":"Isenschmidstraße 19","detail":"2 Plätze · werktags Montag bis Freitag von 8 bis 20 Uhr"},"geometry":{"type":"Point","coordinates":[11.5564,48.09055]}},{"type":"Feature","properties":{"kind":"accessible","label":"Stiftsbogen 89","detail":"1 Platz"},"geometry":{"type":"Point","coordinates":[11.48544,48.12025]}},{"type":"Feature","properties":{"kind":"accessible","label":"Schneeglöckchenstraße 89a","detail":"1 Platz"},"geometry":{"type":"Point","coordinates":[11.51158,48.19919]}},{"type":"Feature","properties":{"kind":"accessible","label":"Dachauer Straße 419","detail":"1 Platz · werktags Montag bis Freitag von 8 bis 19 Uhr, Samstag von 8 bis 14 Uhr"},"geometry":{"type":"Point","coordinates":[11.51254,48.18031]}},{"type":"Feature","properties":{"kind":"accessible","label":"Kreillerstraße 18","detail":"1 Platz · werktags Montag bis Freitag von 9 bis 18 Uhr, Samstag von 9 bis 14 Uhr, bis 1 Stunde"},"geometry":{"type":"Point","coordinates":[11.6328,48.12762]}},{"type":"Feature","properties":{"kind":"accessible","label":"Alfred-Neumann-Anger 8","detail":"1 Platz"},"geometry":{"type":"Point","coordinates":[11.65182,48.09547]}},{"type":"Feature","properties":{"kind":"accessible","label":"Thierschplatz 8","detail":"1 Platz"},"geometry":{"type":"Point","coordinates":[11.58907,48.13924]}},{"type":"Feature","properties":{"kind":"accessible","label":"Alexandrastraße 3","detail":"3 Plätze · werktags Montag bis Freitag von 8 bis 17 Uhr"},"geometry":{"type":"Point","coordinates":[11.59025,48.14219]}},{"type":"Feature","properties":{"kind":"accessible","label":"Feilitzschstraße 19","detail":"1 Platz · werktags Montag bis Freitag von 9 bis 19 Uhr"},"geometry":{"type":"Point","coordinates":[11.58988,48.16104]}},{"type":"Feature","properties":{"kind":"accessible","label":"Edmund-Rumpler-Straße 1","detail":"4 Plätze · von 6 bis 20 Uhr"},"geometry":{"type":"Point","coordinates":[11.60947,48.19486]}},{"type":"Feature","properties":{"kind":"accessible","label":"Rosenheimer Straße 172","detail":"2 Plätze"},"geometry":{"type":"Point","coordinates":[11.60944,48.11785]}},{"type":"Feature","properties":{"kind":"accessible","label":"Kölblstraße 1","detail":"1 Platz"},"geometry":{"type":"Point","coordinates":[11.61117,48.11888]}},{"type":"Feature","properties":{"kind":"accessible","label":"Grillparzerstraße 16","detail":"2 Plätze · werktags Montag bis Freitag von 7.30 bis 18 Uhr, bis 3 Stunden"},"geometry":{"type":"Point","coordinates":[11.61024,48.13469]}},{"type":"Feature","properties":{"kind":"accessible","label":"Josephsburgstraße ggü. 40","detail":"1 Platz"},"geometry":{"type":"Point","coordinates":[11.63274,48.12623]}},{"type":"Feature","properties":{"kind":"accessible","label":"Heinrich-Wieland-Straße 16","detail":"2 Plätze"},"geometry":{"type":"Point","coordinates":[11.63351,48.11807]}},{"type":"Feature","properties":{"kind":"accessible","label":"Lehrer-Götz-Weg 2","detail":"1 Platz · werktags Montag bis Freitag von 8 bis 20 Uhr Samstag von 8 bis 14 Uhr, bis 2 Stunden"},"geometry":{"type":"Point","coordinates":[11.66828,48.12306]}},{"type":"Feature","properties":{"kind":"accessible","label":"Oberföhringer Straße 2","detail":"1 Platz"},"geometry":{"type":"Point","coordinates":[11.60857,48.15122]}},{"type":"Feature","properties":{"kind":"accessible","label":"Echinger Straße 20","detail":"1 Platz"},"geometry":{"type":"Point","coordinates":[11.59835,48.17889]}},{"type":"Feature","properties":{"kind":"accessible","label":"Hirschgartenallee 38","detail":"1 Platz · werktags Montag bis Freitag von 8 bis 19 Uhr, Samstag von 8 bis 14 Uhr"},"geometry":{"type":"Point","coordinates":[11.50713,48.15385]}},{"type":"Feature","properties":{"kind":"accessible","label":"Zwillingstraße 5","detail":"1 Platz · Montag bis Freitag von 8 bis 15 Uhr"},"geometry":{"type":"Point","coordinates":[11.56846,48.18271]}},{"type":"Feature","properties":{"kind":"accessible","label":"Rümannstraße 60","detail":"1 Platz"},"geometry":{"type":"Point","coordinates":[11.57847,48.17596]}},{"type":"Feature","properties":{"kind":"accessible","label":"Gilmstraße 52","detail":"2 Plätze"},"geometry":{"type":"Point","coordinates":[11.50714,48.11953]}},{"type":"Feature","properties":{"kind":"accessible","label":"Siegenburger Straße ggü. 58","detail":"2 Plätze"},"geometry":{"type":"Point","coordinates":[11.52169,48.128]}},{"type":"Feature","properties":{"kind":"accessible","label":"Bunzlauer Straße 7","detail":"1 Platz"},"geometry":{"type":"Point","coordinates":[11.50722,48.18045]}},{"type":"Feature","properties":{"kind":"accessible","label":"Baubergerstraße 16","detail":"1 Platz · werktags Montag bis Freitag von 8 bis 19 Uhr, Samstag von 8 bis 14 Uhr"},"geometry":{"type":"Point","coordinates":[11.50941,48.17957]}},{"type":"Feature","properties":{"kind":"accessible","label":"Perchtinger Str. 5","detail":"1 Platz"},"geometry":{"type":"Point","coordinates":[11.51138,48.09584]}},{"type":"Feature","properties":{"kind":"accessible","label":"Dachauer Straße 272","detail":"1 Platz · Montag bis Freitag von 8 bis 18 Uhr, Samstag von 9 bis 14 Uhr"},"geometry":{"type":"Point","coordinates":[11.51254,48.18059]}},{"type":"Feature","properties":{"kind":"accessible","label":"Kiem-Pauli-Weg 45","detail":"3 Plätze"},"geometry":{"type":"Point","coordinates":[11.51425,48.13413]}},{"type":"Feature","properties":{"kind":"accessible","label":"Hugo-Troendle-Straße 53","detail":"2 Plätze · von 8 bis 19 Uhr"},"geometry":{"type":"Point","coordinates":[11.51433,48.17845]}},{"type":"Feature","properties":{"kind":"accessible","label":"Ungererstraße 175","detail":"1 Platz · werktags von 8 bis 20 Uhr"},"geometry":{"type":"Point","coordinates":[11.60218,48.17821]}},{"type":"Feature","properties":{"kind":"accessible","label":"Baldurstraße 49a","detail":"4 Plätze"},"geometry":{"type":"Point","coordinates":[11.52376,48.16862]}},{"type":"Feature","properties":{"kind":"accessible","label":"Murnauer Straße 267","detail":"1 Platz"},"geometry":{"type":"Point","coordinates":[11.52449,48.10257]}},{"type":"Feature","properties":{"kind":"accessible","label":"Harnierplatz 1","detail":"1 Platz"},"geometry":{"type":"Point","coordinates":[11.6149,48.19342]}},{"type":"Feature","properties":{"kind":"accessible","label":"Pelkovenstraße ggü. 61","detail":"1 Platz"},"geometry":{"type":"Point","coordinates":[11.51775,48.18182]}},{"type":"Feature","properties":{"kind":"accessible","label":"Luise-Kiesselbach-Platz 2","detail":"2 Plätze"},"geometry":{"type":"Point","coordinates":[11.51827,48.11349]}},{"type":"Feature","properties":{"kind":"accessible","label":"Weilheimer Straße 6","detail":"1 Platz"},"geometry":{"type":"Point","coordinates":[11.51942,48.11687]}},{"type":"Feature","properties":{"kind":"accessible","label":"Siegenburger Straße 105","detail":"2 Plätze"},"geometry":{"type":"Point","coordinates":[11.51956,48.12876]}},{"type":"Feature","properties":{"kind":"accessible","label":"Renatastraße 64","detail":"2 Plätze"},"geometry":{"type":"Point","coordinates":[11.52679,48.15605]}},{"type":"Feature","properties":{"kind":"accessible","label":"Hochäckerstraße","detail":"3 Plätze"},"geometry":{"type":"Point","coordinates":[11.6184,48.10093]}},{"type":"Feature","properties":{"kind":"accessible","label":"Stephensonplatz 1","detail":"2 Plätze"},"geometry":{"type":"Point","coordinates":[11.63067,48.09359]}},{"type":"Feature","properties":{"kind":"accessible","label":"Baumkirchner Straße 22","detail":"1 Platz · werktags Montag bis Freitag von 9 bis 18 Uhr, Samstag von 9 bis 14 Uhr"},"geometry":{"type":"Point","coordinates":[11.63114,48.12916]}},{"type":"Feature","properties":{"kind":"accessible","label":"Ostpreußenstraße 47","detail":"1 Platz · werktags Montag bis Freitag von 8 bis 19 Uhr, Samstag von 8 bis 14 Uhr"},"geometry":{"type":"Point","coordinates":[11.64086,48.15168]}},{"type":"Feature","properties":{"kind":"accessible","label":"Dantestraße 8","detail":"1 Platz"},"geometry":{"type":"Point","coordinates":[11.52753,48.16676]}},{"type":"Feature","properties":{"kind":"accessible","label":"Winthirstraße 24","detail":"1 Platz"},"geometry":{"type":"Point","coordinates":[11.52783,48.15628]}},{"type":"Feature","properties":{"kind":"accessible","label":"Ehrenbreitsteiner Straße ggü. 5","detail":"1 Platz · werktags von 7 bis 22 Uhr, bis 3 Stunden"},"geometry":{"type":"Point","coordinates":[11.52887,48.18265]}},{"type":"Feature","properties":{"kind":"accessible","label":"Nymphenburger Straße 178","detail":"4 Plätze"},"geometry":{"type":"Point","coordinates":[11.53294,48.15472]}},{"type":"Feature","properties":{"kind":"accessible","label":"Amortstraße","detail":"2 Plätze"},"geometry":{"type":"Point","coordinates":[11.52919,48.15617]}},{"type":"Feature","properties":{"kind":"accessible","label":"Richelstraße 11","detail":"2 Plätze · werktags Montag bis Donnerstag von 7.30 bis 16.30 Uhr, Freitag von 7.30 bis 15 Uhr"},"geometry":{"type":"Point","coordinates":[11.52955,48.14558]}},{"type":"Feature","properties":{"kind":"accessible","label":"Siegenburger Straße ggü. 15","detail":"1 Platz"},"geometry":{"type":"Point","coordinates":[11.53091,48.12785]}},{"type":"Feature","properties":{"kind":"accessible","label":"Emmy-Noether-Straße 2","detail":"1 Platz · werktags Montag bis Freitag von 7 bis 18 Uhr, bis 2 Stunden"},"geometry":{"type":"Point","coordinates":[11.53121,48.17115]}},{"type":"Feature","properties":{"kind":"accessible","label":"Volkartstraße 5","detail":"1 Platz · werktags Montag bis Freitag von 8 bis 18 Uhr, Samstag von 8 bis 14 Uhr, bis 2 Stunden"},"geometry":{"type":"Point","coordinates":[11.53133,48.15457]}},{"type":"Feature","properties":{"kind":"accessible","label":"Nymphenburger Straße 163","detail":"2 Plätze"},"geometry":{"type":"Point","coordinates":[11.53283,48.15424]}},{"type":"Feature","properties":{"kind":"accessible","label":"Luisenstraße 33","detail":"2 Plätze · von 9 bis 23 Uhr"},"geometry":{"type":"Point","coordinates":[11.56439,48.14679]}},{"type":"Feature","properties":{"kind":"accessible","label":"Schellingstraße 155","detail":"1 Platz · werktags Montag bis Freitag von 8 bis 17 Uhr"},"geometry":{"type":"Point","coordinates":[11.55817,48.15529]}},{"type":"Feature","properties":{"kind":"accessible","label":"Nymphenburger Straße 2","detail":"1 Platz"},"geometry":{"type":"Point","coordinates":[11.55847,48.1477]}},{"type":"Feature","properties":{"kind":"accessible","label":"Keferloherstraße 71","detail":"1 Platz"},"geometry":{"type":"Point","coordinates":[11.56779,48.18176]}},{"type":"Feature","properties":{"kind":"accessible","label":"Wasserburger Landstraße 182","detail":"1 Platz · werktags Montag bis Freitag von 7 bis 20 Uhr bis 3 Stunden"},"geometry":{"type":"Point","coordinates":[11.69487,48.11556]}},{"type":"Feature","properties":{"kind":"accessible","label":"Hans-Stützle-Straße 20","detail":"3 Plätze · werktags von 7 bis 19 Uhr"},"geometry":{"type":"Point","coordinates":[11.41061,48.13955]}},{"type":"Feature","properties":{"kind":"accessible","label":"Fürstenrieder Straße - Waldfriedhof","detail":"2 Plätze · von 8 bis 18 Uhr"},"geometry":{"type":"Point","coordinates":[11.50265,48.10729]}},{"type":"Feature","properties":{"kind":"accessible","label":"Elsenheimerstraße 15","detail":"2 Plätze"},"geometry":{"type":"Point","coordinates":[11.51956,48.13941]}},{"type":"Feature","properties":{"kind":"accessible","label":"Erika-Mann-Straße 68","detail":"3 Plätze"},"geometry":{"type":"Point","coordinates":[11.53558,48.14367]}},{"type":"Feature","properties":{"kind":"accessible","label":"Gotthardstraße 47","detail":"2 Plätze"},"geometry":{"type":"Point","coordinates":[11.50387,48.13529]}},{"type":"Feature","properties":{"kind":"accessible","label":"Guardinistraße 135","detail":"1 Platz · werktags Montag bis Freitag von 8 bis 18 Uhr, bis 2 Stunden"},"geometry":{"type":"Point","coordinates":[11.48631,48.11859]}},{"type":"Feature","properties":{"kind":"accessible","label":"Manzostraße 105","detail":"4 Plätze"},"geometry":{"type":"Point","coordinates":[11.48721,48.18365]}},{"type":"Feature","properties":{"kind":"accessible","label":"Guardinistraße 89","detail":"2 Plätze"},"geometry":{"type":"Point","coordinates":[11.48946,48.11842]}},{"type":"Feature","properties":{"kind":"accessible","label":"Schleißheimer Straße 413","detail":"2 Plätze · werktags von 7 bis 19 Uhr"},"geometry":{"type":"Point","coordinates":[11.56369,48.20401]}},{"type":"Feature","properties":{"kind":"accessible","label":"Burgstraße 3","detail":"5 Plätze"},"geometry":{"type":"Point","coordinates":[11.57754,48.13754]}},{"type":"Feature","properties":{"kind":"accessible","label":"Schwanthalerstraße 73","detail":"2 Plätze · werktags, Montag bis Freitag von 7 bis 18 Uhr"},"geometry":{"type":"Point","coordinates":[11.55466,48.13743]}},{"type":"Feature","properties":{"kind":"accessible","label":"Gräfelfinger Straße 59","detail":"1 Platz · werktags Montag bis Freitag von 8 bis 18 Uhr"},"geometry":{"type":"Point","coordinates":[11.4921,48.11679]}},{"type":"Feature","properties":{"kind":"accessible","label":"Forstenrieder Allee 55","detail":"5 Plätze"},"geometry":{"type":"Point","coordinates":[11.49817,48.09536]}},{"type":"Feature","properties":{"kind":"accessible","label":"Fürstenrieder Straße 51 Seite: Hogenbergstraße","detail":"1 Platz · werktags Montag bis Samstag von 9 bis 20 Uhr"},"geometry":{"type":"Point","coordinates":[11.50336,48.13687]}},{"type":"Feature","properties":{"kind":"accessible","label":"Menzinger Straße 54","detail":"4 Plätze · werktags Montag bis Freitag von 7 bis 19 Uhr"},"geometry":{"type":"Point","coordinates":[11.50236,48.16478]}},{"type":"Feature","properties":{"kind":"accessible","label":"Ehrwalder Straße 87a","detail":"2 Plätze"},"geometry":{"type":"Point","coordinates":[11.50329,48.11635]}},{"type":"Feature","properties":{"kind":"accessible","label":"Baubergerstraße 65","detail":"1 Platz · werktags Montag bis Freitag von 7 bis 17 Uhr, bis 30 Minuten"},"geometry":{"type":"Point","coordinates":[11.50356,48.17503]}},{"type":"Feature","properties":{"kind":"accessible","label":"Gulbranssonstraße ggü. 47","detail":"1 Platz · Montag bis Freitag werktags 9 bis 18 Uhr, Samstag werktags 9 bis 14 Uhr, bis 2 Stunden"},"geometry":{"type":"Point","coordinates":[11.50442,48.0821]}},{"type":"Feature","properties":{"kind":"accessible","label":"Am Mitterfeld 68","detail":"2 Plätze"},"geometry":{"type":"Point","coordinates":[11.67971,48.13313]}},{"type":"Feature","properties":{"kind":"accessible","label":"Wackersberger Straße 62","detail":"3 Plätze"},"geometry":{"type":"Point","coordinates":[11.54276,48.11598]}},{"type":"Feature","properties":{"kind":"accessible","label":"Landsberger Straße 203","detail":"1 Platz · werktags Montag bis Freitag von 8 bis 18 Uhr, Samstag von 9 bis 13 Uhr"},"geometry":{"type":"Point","coordinates":[11.51745,48.14137]}},{"type":"Feature","properties":{"kind":"accessible","label":"Werner-Eckert-Straße 7","detail":"1 Platz"},"geometry":{"type":"Point","coordinates":[11.68715,48.13435]}},{"type":"Feature","properties":{"kind":"accessible","label":"Erika-Cremer-Straße 5","detail":"1 Platz"},"geometry":{"type":"Point","coordinates":[11.69354,48.13145]}},{"type":"Feature","properties":{"kind":"accessible","label":"Freihamer Weg 73","detail":"2 Plätze"},"geometry":{"type":"Point","coordinates":[11.40986,48.15335]}},{"type":"Feature","properties":{"kind":"accessible","label":"Johann-Fichte-Straße 12","detail":"1 Platz"},"geometry":{"type":"Point","coordinates":[11.58868,48.16954]}},{"type":"Feature","properties":{"kind":"accessible","label":"Dillwächterstraße 7","detail":"1 Platz"},"geometry":{"type":"Point","coordinates":[11.52557,48.13267]}},{"type":"Feature","properties":{"kind":"accessible","label":"Partnachplatz ggü. 7","detail":"1 Platz"},"geometry":{"type":"Point","coordinates":[11.52637,48.11713]}},{"type":"Feature","properties":{"kind":"accessible","label":"Lachnerstraße 1","detail":"1 Platz · werktags Montag bis Freitag von 9 bis 17 Uhr"},"geometry":{"type":"Point","coordinates":[11.53059,48.15635]}},{"type":"Feature","properties":{"kind":"accessible","label":"Gollierstraße 75","detail":"1 Platz"},"geometry":{"type":"Point","coordinates":[11.53122,48.13639]}},{"type":"Feature","properties":{"kind":"accessible","label":"Nestroystraße 20","detail":"2 Plätze"},"geometry":{"type":"Point","coordinates":[11.53191,48.12169]}},{"type":"Feature","properties":{"kind":"accessible","label":"Nymphenburger Straße 16","detail":"2 Plätze"},"geometry":{"type":"Point","coordinates":[11.55384,48.14848]}},{"type":"Feature","properties":{"kind":"accessible","label":"Schillerstraße 36","detail":"1 Platz"},"geometry":{"type":"Point","coordinates":[11.56082,48.13581]}},{"type":"Feature","properties":{"kind":"accessible","label":"Riesenfeldstraße 75","detail":"1 Platz · werktags Montag bis Freitag von 8 bis 18 Uhr"},"geometry":{"type":"Point","coordinates":[11.56243,48.18563]}},{"type":"Feature","properties":{"kind":"accessible","label":"Frauenlobstraße 5","detail":"1 Platz"},"geometry":{"type":"Point","coordinates":[11.56453,48.13045]}},{"type":"Feature","properties":{"kind":"accessible","label":"Lindwurmstraße 9","detail":"1 Platz · werktags von 8 bis 18 Uhr"},"geometry":{"type":"Point","coordinates":[11.56457,48.13238]}},{"type":"Feature","properties":{"kind":"accessible","label":"Augustenstraße 115","detail":"1 Platz · von 7 bis 20 Uhr, bis 2 Stunden"},"geometry":{"type":"Point","coordinates":[11.56621,48.15429]}},{"type":"Feature","properties":{"kind":"accessible","label":"Kapellenstraße ggü. 2","detail":"1 Platz · bis 2 Stunden"},"geometry":{"type":"Point","coordinates":[11.56879,48.13937]}},{"type":"Feature","properties":{"kind":"accessible","label":"Kardinal-Faulhaber-Straße 14","detail":"2 Plätze"},"geometry":{"type":"Point","coordinates":[11.57408,48.14027]}},{"type":"Feature","properties":{"kind":"accessible","label":"Ruhestraße 11","detail":"1 Platz"},"geometry":{"type":"Point","coordinates":[11.5831,48.12044]}},{"type":"Feature","properties":{"kind":"accessible","label":"Klausener Straße 20","detail":"2 Plätze · Samstag bis Montag von 8 bis 18 Uhr und Dienstag bis Freitag von 8 bis 21 Uhr, bis 5 Stunden"},"geometry":{"type":"Point","coordinates":[11.57541,48.10255]}},{"type":"Feature","properties":{"kind":"accessible","label":"Hochstraße 10","detail":"2 Plätze · von 9 bis 18 Uhr"},"geometry":{"type":"Point","coordinates":[11.58905,48.13032]}},{"type":"Feature","properties":{"kind":"accessible","label":"Welfenstraße 16","detail":"1 Platz"},"geometry":{"type":"Point","coordinates":[11.59329,48.12283]}},{"type":"Feature","properties":{"kind":"accessible","label":"Möhlstraße 3","detail":"1 Platz · werktags von Montag bis Freitag von 9 bis 16 Uhr, bis 1 Stunde"},"geometry":{"type":"Point","coordinates":[11.59962,48.14239]}},{"type":"Feature","properties":{"kind":"accessible","label":"Haager Straße 4","detail":"4 Plätze · Aufgrund einer Baustelle vom 3. August bis 14. September 2026 stehen nur 2 Behindertenparkplätze zur Verfügung."},"geometry":{"type":"Point","coordinates":[11.60755,48.12713]}},{"type":"Feature","properties":{"kind":"accessible","label":"Waldfriedhofstraße / Ecke Ettalstraße","detail":"1 Platz"},"geometry":{"type":"Point","coordinates":[11.51357,48.11338]}},{"type":"Feature","properties":{"kind":"accessible","label":"Kufsteiner Straße 2","detail":"1 Platz"},"geometry":{"type":"Point","coordinates":[11.60191,48.14977]}},{"type":"Feature","properties":{"kind":"accessible","label":"Ricarda-Huch-Straße 4","detail":"1 Platz · von 8 bis 20 Uhr, bis 5 Stunden"},"geometry":{"type":"Point","coordinates":[11.57499,48.17912]}},{"type":"Feature","properties":{"kind":"accessible","label":"Streitfeldstraße 23","detail":"2 Plätze · werktags Montag bis Freitag von 8 bis 18 Uhr"},"geometry":{"type":"Point","coordinates":[11.61962,48.13151]}},{"type":"Feature","properties":{"kind":"accessible","label":"Zamdorfer Straße 90","detail":"2 Plätze"},"geometry":{"type":"Point","coordinates":[11.64215,48.13875]}},{"type":"Feature","properties":{"kind":"accessible","label":"Avenariusstraße","detail":"2 Plätze · werktags Montag bis Freitag von 7 bis 17 Uhr, Samstag von 7 bis 12 Uhr"},"geometry":{"type":"Point","coordinates":[11.45076,48.14236]}},{"type":"Feature","properties":{"kind":"accessible","label":"Steinerstr. 4","detail":"1 Platz · werktags Montag bis Freitag von 7 bis 18 Uhr bis 2 Stunden"},"geometry":{"type":"Point","coordinates":[11.53981,48.10395]}},{"type":"Feature","properties":{"kind":"accessible","label":"Zenettistraße 33","detail":"1 Platz · werktags Montag bis Freitag von 8 bis 20 Uhr, Samstag von 8 bis 15 Uhr, bis 2 Stunden"},"geometry":{"type":"Point","coordinates":[11.55428,48.12535]}},{"type":"Feature","properties":{"kind":"accessible","label":"Wolfgangstraße 18","detail":"1 Platz"},"geometry":{"type":"Point","coordinates":[11.60125,48.13308]}},{"type":"Feature","properties":{"kind":"accessible","label":"Seerieder Straße 12","detail":"1 Platz"},"geometry":{"type":"Point","coordinates":[11.60221,48.13468]}},{"type":"Feature","properties":{"kind":"accessible","label":"Weißenburger Straße ggü. 50","detail":"1 Platz · von 9 bis 23 Uhr"},"geometry":{"type":"Point","coordinates":[11.60229,48.12831]}},{"type":"Feature","properties":{"kind":"accessible","label":"Zumpestraße ggü. 10","detail":"1 Platz · von 9 bis 23 Uhr"},"geometry":{"type":"Point","coordinates":[11.60596,48.13843]}},{"type":"Feature","properties":{"kind":"accessible","label":"Sternwartstraße 2","detail":"1 Platz · werktags von 7 bis 18 Uhr"},"geometry":{"type":"Point","coordinates":[11.60346,48.14592]}},{"type":"Feature","properties":{"kind":"accessible","label":"Ridlerstraße 55","detail":"1 Platz · werktags Montag bis Freitag von 8 bis 20 Uhr, bis 2 Stunden"},"geometry":{"type":"Point","coordinates":[11.53204,48.13433]}},{"type":"Feature","properties":{"kind":"accessible","label":"Claudius-Keller-Straße 66","detail":"2 Plätze"},"geometry":{"type":"Point","coordinates":[11.6094,48.11789]}},{"type":"Feature","properties":{"kind":"accessible","label":"Garchinger Straße 37","detail":"2 Plätze · von 8 bis 18 Uhr, bis 2 Stunden"},"geometry":{"type":"Point","coordinates":[11.60369,48.18161]}},{"type":"Feature","properties":{"kind":"accessible","label":"Einsteinstraße 74","detail":"1 Platz"},"geometry":{"type":"Point","coordinates":[11.60386,48.13556]}},{"type":"Feature","properties":{"kind":"accessible","label":"Nigerstraße","detail":"2 Plätze · von 9 bis 23 Uhr"},"geometry":{"type":"Point","coordinates":[11.60506,48.13922]}},{"type":"Feature","properties":{"kind":"accessible","label":"Anzinger Straße 1","detail":"2 Plätze · werktags Montag bis Freitag von 8 bis 18 Uhr"},"geometry":{"type":"Point","coordinates":[11.60653,48.12098]}},{"type":"Feature","properties":{"kind":"accessible","label":"Am Isarkanal 30","detail":"1 Platz · bis 3 Stunden"},"geometry":{"type":"Point","coordinates":[11.54937,48.10301]}},{"type":"Feature","properties":{"kind":"accessible","label":"Linprunstraße 22","detail":"1 Platz · werktags Montag bis Freitag von 8 bis 16 Uhr, bis 2 Stunden"},"geometry":{"type":"Point","coordinates":[11.55447,48.14975]}},{"type":"Feature","properties":{"kind":"accessible","label":"Kirchenstraße 84","detail":"1 Platz · werktags Montag bis Freitag von 7 bis 18 Uhr"},"geometry":{"type":"Point","coordinates":[11.60754,48.13292]}},{"type":"Feature","properties":{"kind":"accessible","label":"Claudius-Keller-Straße ggü. 64","detail":"1 Platz"},"geometry":{"type":"Point","coordinates":[11.60891,48.11824]}},{"type":"Feature","properties":{"kind":"accessible","label":"Anzinger Straße 40","detail":"2 Plätze"},"geometry":{"type":"Point","coordinates":[11.61164,48.12083]}},{"type":"Feature","properties":{"kind":"accessible","label":"Edmund-Rumpler-Straße 13","detail":"2 Plätze"},"geometry":{"type":"Point","coordinates":[11.61262,48.19416]}},{"type":"Feature","properties":{"kind":"accessible","label":"Bad-Schachener-Straße 2b","detail":"1 Platz · werktags Montag bis Freitag von 8 bis 18 Uhr"},"geometry":{"type":"Point","coordinates":[11.61395,48.12065]}},{"type":"Feature","properties":{"kind":"accessible","label":"Führichstraße 43","detail":"1 Platz · Montag bis Freitag von 10 bis 19 Uhr"},"geometry":{"type":"Point","coordinates":[11.61444,48.11773]}},{"type":"Feature","properties":{"kind":"accessible","label":"Soxhletstraße ggü. 6","detail":"5 Plätze"},"geometry":{"type":"Point","coordinates":[11.59375,48.17116]}},{"type":"Feature","properties":{"kind":"accessible","label":"Denninger Straße 44","detail":"2 Plätze · Montag bis Freitag von 9 bis 20 Uhr, Samstag von 9 bis 12 Uhr"},"geometry":{"type":"Point","coordinates":[11.61452,48.14897]}},{"type":"Feature","properties":{"kind":"accessible","label":"Kieferngartenstraße 14","detail":"2 Plätze"},"geometry":{"type":"Point","coordinates":[11.61242,48.20275]}},{"type":"Feature","properties":{"kind":"accessible","label":"Blutenburgstraße 71","detail":"2 Plätze"},"geometry":{"type":"Point","coordinates":[11.53751,48.1504]}},{"type":"Feature","properties":{"kind":"accessible","label":"Dingolfinger Straße 4","detail":"2 Plätze"},"geometry":{"type":"Point","coordinates":[11.61445,48.13223]}},{"type":"Feature","properties":{"kind":"accessible","label":"Stuntzstraße ggü. 6","detail":"1 Platz · werktags 8 bis 20 Uhr"},"geometry":{"type":"Point","coordinates":[11.61633,48.14243]}},{"type":"Feature","properties":{"kind":"accessible","label":"Cosimastraße 5","detail":"3 Plätze · von 8 bis 18 Uhr"},"geometry":{"type":"Point","coordinates":[11.62884,48.15427]}},{"type":"Feature","properties":{"kind":"accessible","label":"Buschingstraße 13","detail":"1 Platz"},"geometry":{"type":"Point","coordinates":[11.6171,48.14353]}},{"type":"Feature","properties":{"kind":"accessible","label":"Bad-Schachener-Straße 35","detail":"2 Plätze"},"geometry":{"type":"Point","coordinates":[11.61769,48.1206]}},{"type":"Feature","properties":{"kind":"accessible","label":"Sankt-Koloman-Straße ggü. 10","detail":"1 Platz · von 7 bis 21 Uhr, bis 2 Stunden"},"geometry":{"type":"Point","coordinates":[11.63119,48.1019]}},{"type":"Feature","properties":{"kind":"accessible","label":"Muspillistraße 31","detail":"1 Platz"},"geometry":{"type":"Point","coordinates":[11.62408,48.17128]}},{"type":"Feature","properties":{"kind":"accessible","label":"Oberföhringer Straße 228","detail":"1 Platz · werktags Montag bis Freitag von 8.30-18 Uhr, bis 1 Stunde"},"geometry":{"type":"Point","coordinates":[11.62757,48.17273]}},{"type":"Feature","properties":{"kind":"accessible","label":"Bayerwaldstraße 51","detail":"1 Platz · werktags Montag bis Donnerstag von 8 bis 20 Uhr, Freitag von 8 bis 18 Uhr, bis 2 Stunden"},"geometry":{"type":"Point","coordinates":[11.62827,48.08774]}},{"type":"Feature","properties":{"kind":"accessible","label":"Klingsorstraße ggü. 3","detail":"2 Plätze"},"geometry":{"type":"Point","coordinates":[11.63036,48.15512]}},{"type":"Feature","properties":{"kind":"accessible","label":"Truderinger Straße 301","detail":"1 Platz · werktags Montag bis Freitag von 8 bis 20 Uhr, Samstag 8 bis 14 Uhr"},"geometry":{"type":"Point","coordinates":[11.67001,48.12201]}},{"type":"Feature","properties":{"kind":"accessible","label":"Salzmesserstraße 43a","detail":"1 Platz"},"geometry":{"type":"Point","coordinates":[11.67048,48.13026]}},{"type":"Feature","properties":{"kind":"accessible","label":"Baumkirchner Straße 4","detail":"1 Platz · werktags Montag bis Freitag von 9 bis 18 Uhr, Samstag von 9 bis 14 Uhr"},"geometry":{"type":"Point","coordinates":[11.63002,48.12755]}},{"type":"Feature","properties":{"kind":"accessible","label":"Thomas-Dehler-Straße 9","detail":"1 Platz · werktags Montag bis Freitag von 8 bis 18 Uhr"},"geometry":{"type":"Point","coordinates":[11.64649,48.1018]}},{"type":"Feature","properties":{"kind":"accessible","label":"Kreillerstraße 5","detail":"1 Platz · werktags Montag bis Freitag von 9 bis 18 Uhr, Samstag von 8 bis 14 Uhr"},"geometry":{"type":"Point","coordinates":[11.63146,48.12818]}},{"type":"Feature","properties":{"kind":"accessible","label":"Paul-Löbe-Straße 11","detail":"2 Plätze · Montag bis Donnerstag von 9 bis 17 Uhr, Freitag von 9 bis 15 Uhr"},"geometry":{"type":"Point","coordinates":[11.64059,48.10089]}},{"type":"Feature","properties":{"kind":"accessible","label":"Schumacherring 24","detail":"1 Platz · Montag bis Sonntag von 9 bis 18 Uhr"},"geometry":{"type":"Point","coordinates":[11.64125,48.09944]}},{"type":"Feature","properties":{"kind":"accessible","label":"Therese-Giehse-Alle 71","detail":"1 Platz"},"geometry":{"type":"Point","coordinates":[11.6413,48.08772]}},{"type":"Feature","properties":{"kind":"accessible","label":"Thomas-Dehler-Straße 16","detail":"2 Plätze"},"geometry":{"type":"Point","coordinates":[11.6454,48.09971]}},{"type":"Feature","properties":{"kind":"accessible","label":"Ute-Strittmatter-Straße 30","detail":"1 Platz · 8 bis 23 Uhr, bis 3 Stunden"},"geometry":{"type":"Point","coordinates":[11.40537,48.14856]}},{"type":"Feature","properties":{"kind":"accessible","label":"Diefenbachstraße 46","detail":"2 Plätze · Werktags, 6 bis 20 Uhr"},"geometry":{"type":"Point","coordinates":[11.51884,48.07704]}},{"type":"Feature","properties":{"kind":"accessible","label":"Hanns-Schwindt-Straße 17","detail":"3 Plätze · werktags Montag bis Freitag von 8 bis 19 Uhr"},"geometry":{"type":"Point","coordinates":[11.68748,48.13501]}},{"type":"Feature","properties":{"kind":"accessible","label":"Lindwurmstraße 71","detail":"1 Platz · bis 3 Stunden"},"geometry":{"type":"Point","coordinates":[11.5595,48.12995]}},{"type":"Feature","properties":{"kind":"accessible","label":"Sophienstraße 1","detail":"1 Platz · werktags Montag bis Freitag von 8 bis 17 Uhr, bis 2 Stunden"},"geometry":{"type":"Point","coordinates":[11.5663,48.1412]}},{"type":"Feature","properties":{"kind":"accessible","label":"Josef-Retzer-Straße 57","detail":"1 Platz · werktags Montag bis Freitag von 9 bis 18 Uhr"},"geometry":{"type":"Point","coordinates":[11.46004,48.14479]}},{"type":"Feature","properties":{"kind":"accessible","label":"Terofalstraße 66","detail":"2 Plätze"},"geometry":{"type":"Point","coordinates":[11.47502,48.12568]}},{"type":"Feature","properties":{"kind":"accessible","label":"Packenreiterstraße 48","detail":"2 Plätze"},"geometry":{"type":"Point","coordinates":[11.47571,48.16363]}},{"type":"Feature","properties":{"kind":"accessible","label":"Oslostraße 18","detail":"1 Platz"},"geometry":{"type":"Point","coordinates":[11.69017,48.13143]}},{"type":"Feature","properties":{"kind":"accessible","label":"Harthauser Straße 91 auf ggü.","detail":"1 Platz · Freitag bis Sonntag von 11 bis 20 Uhr"},"geometry":{"type":"Point","coordinates":[11.54693,48.08189]}},{"type":"Feature","properties":{"kind":"accessible","label":"Heßstraße 22","detail":"1 Platz · werktags Montag bis Freitag 8 bis 18 Uhr"},"geometry":{"type":"Point","coordinates":[11.56937,48.15101]}},{"type":"Feature","properties":{"kind":"accessible","label":"Meindlstraße 20","detail":"1 Platz · werktags Montag bis Samstag von 8 bis 18 Uhr"},"geometry":{"type":"Point","coordinates":[11.53808,48.11752]}},{"type":"Feature","properties":{"kind":"accessible","label":"Eichstätter Straße 2","detail":"2 Plätze · werktags Montag bis Freitag von 7 bis 14 Uhr, bis 2 Stunden"},"geometry":{"type":"Point","coordinates":[11.52066,48.13187]}},{"type":"Feature","properties":{"kind":"accessible","label":"Sollner Straße 85","detail":"1 Platz · werktags Montag bis Freitag von 9 bis 18 Uhr, bis 2 Stunden"},"geometry":{"type":"Point","coordinates":[11.52666,48.07383]}},{"type":"Feature","properties":{"kind":"accessible","label":"Hackenstraße 1","detail":"2 Plätze"},"geometry":{"type":"Point","coordinates":[11.5709,48.13578]}},{"type":"Feature","properties":{"kind":"accessible","label":"Waldfriedhofstraße 90","detail":"1 Platz · werktags Montag bis Samstag von 9 bis 20 Uhr"},"geometry":{"type":"Point","coordinates":[11.50386,48.11229]}},{"type":"Feature","properties":{"kind":"accessible","label":"Konradinstraße ggü. 23","detail":"1 Platz"},"geometry":{"type":"Point","coordinates":[11.5682,48.11457]}},{"type":"Feature","properties":{"kind":"accessible","label":"Tengstraße 22","detail":"1 Platz · werktags Montag bis Freitag von 9 bis 19 Uhr, Samstag 9 bis 14 Uhr"},"geometry":{"type":"Point","coordinates":[11.56899,48.15767]}},{"type":"Feature","properties":{"kind":"accessible","label":"Jahnstraße 38","detail":"1 Platz · werktags Montag bis Freitag"},"geometry":{"type":"Point","coordinates":[11.56916,48.12771]}},{"type":"Feature","properties":{"kind":"accessible","label":"Pacellistraße 5","detail":"3 Plätze"},"geometry":{"type":"Point","coordinates":[11.56981,48.14068]}},{"type":"Feature","properties":{"kind":"accessible","label":"Angertorstraße","detail":"1 Platz · werktags Montag bis Freitag von 9 bis 21 Uhr, bis 2 Stunden"},"geometry":{"type":"Point","coordinates":[11.57019,48.13148]}},{"type":"Feature","properties":{"kind":"accessible","label":"Parlerstraße ggü. 74","detail":"1 Platz"},"geometry":{"type":"Point","coordinates":[11.57038,48.20485]}},{"type":"Feature","properties":{"kind":"accessible","label":"Homerstraße 3","detail":"2 Plätze"},"geometry":{"type":"Point","coordinates":[11.53218,48.16739]}},{"type":"Feature","properties":{"kind":"accessible","label":"Gunezrainerstraße 7","detail":"2 Plätze · von 9 bis 19 Uhr"},"geometry":{"type":"Point","coordinates":[11.59168,48.16003]}},{"type":"Feature","properties":{"kind":"accessible","label":"Knöpflerstraße 9","detail":"1 Platz"},"geometry":{"type":"Point","coordinates":[11.49679,48.09475]}},{"type":"Feature","properties":{"kind":"accessible","label":"Elsenheimerstraße 39","detail":"2 Plätze · werktags Montag bis Freitag von 8 bis 17 Uhr"},"geometry":{"type":"Point","coordinates":[11.52165,48.13788]}},{"type":"Feature","properties":{"kind":"accessible","label":"Hanauer Straße ggü. 61","detail":"3 Plätze"},"geometry":{"type":"Point","coordinates":[11.52946,48.18161]}},{"type":"Feature","properties":{"kind":"accessible","label":"Nymphenburger Straße 171","detail":"1 Platz · werktags Montag bis Freitag von 8 bis 18 Uhr"},"geometry":{"type":"Point","coordinates":[11.53227,48.15543]}},{"type":"Feature","properties":{"kind":"accessible","label":"Landsberger Straße 115","detail":"1 Platz"},"geometry":{"type":"Point","coordinates":[11.53262,48.14002]}},{"type":"Feature","properties":{"kind":"accessible","label":"Bodenehrstraße 18","detail":"2 Plätze · Montag bis Freitag von 7 bis 16 Uhr"},"geometry":{"type":"Point","coordinates":[11.5357,48.1175]}},{"type":"Feature","properties":{"kind":"accessible","label":"Zechstraße 10 a Seite: Neuhofener Platz","detail":"2 Plätze"},"geometry":{"type":"Point","coordinates":[11.53713,48.10723]}},{"type":"Feature","properties":{"kind":"accessible","label":"Valleystraße 37","detail":"1 Platz · von 8 bis 21 Uhr"},"geometry":{"type":"Point","coordinates":[11.54418,48.11698]}},{"type":"Feature","properties":{"kind":"accessible","label":"Orleansplatz 6a","detail":"2 Plätze"},"geometry":{"type":"Point","coordinates":[11.60399,48.1288]}},{"type":"Feature","properties":{"kind":"accessible","label":"Ernst-Reuter-Straße 1","detail":"2 Plätze · von 8 bis 20 Uhr"},"geometry":{"type":"Point","coordinates":[11.61027,48.13554]}},{"type":"Feature","properties":{"kind":"accessible","label":"Floriansmühlstraße 5","detail":"1 Platz · Montag bis Freitag von 17 bis 22 Uhr, Samstag und Sonntag von 10 bis 22 Uhr"},"geometry":{"type":"Point","coordinates":[11.61895,48.19209]}},{"type":"Feature","properties":{"kind":"accessible","label":"Emil-Geis-Straße 35","detail":"2 Plätze · von 8 bis 21 Uhr"},"geometry":{"type":"Point","coordinates":[11.54419,48.10103]}},{"type":"Feature","properties":{"kind":"accessible","label":"Agnes-Kunze-Platz 3","detail":"2 Plätze · von 7 bis 20 Uhr, bis 3 Stunden"},"geometry":{"type":"Point","coordinates":[11.5508,48.21901]}},{"type":"Feature","properties":{"kind":"accessible","label":"Linprunstraße 33","detail":"2 Plätze · werktags Montag bis Freitag von 6 bis 18 Uhr, bis 3 Stunden"},"geometry":{"type":"Point","coordinates":[11.55338,48.14989]}},{"type":"Feature","properties":{"kind":"accessible","label":"Lindwurmstraße 127","detail":"1 Platz · werktags von 8 bis 20 Uhr"},"geometry":{"type":"Point","coordinates":[11.5543,48.12744]}},{"type":"Feature","properties":{"kind":"accessible","label":"Schwanthalerstraße 62","detail":"1 Platz · werktags Montag bis Freitag von 7 bis 18 Uhr"},"geometry":{"type":"Point","coordinates":[11.55498,48.13755]}},{"type":"Feature","properties":{"kind":"accessible","label":"Sandstraße bei 9","detail":"1 Platz"},"geometry":{"type":"Point","coordinates":[11.55539,48.14772]}},{"type":"Feature","properties":{"kind":"accessible","label":"Bayerstraße 10","detail":"2 Plätze · bis 30 Minuten"},"geometry":{"type":"Point","coordinates":[11.55901,48.13939]}},{"type":"Feature","properties":{"kind":"accessible","label":"Claude-Lorrain-Straße 24","detail":"2 Plätze"},"geometry":{"type":"Point","coordinates":[11.56954,48.11965]}},{"type":"Feature","properties":{"kind":"accessible","label":"Max-Joseph-Straße ggü. 2","detail":"2 Plätze"},"geometry":{"type":"Point","coordinates":[11.5708,48.14281]}},{"type":"Feature","properties":{"kind":"accessible","label":"Himbselstraße 2","detail":"1 Platz · von 9 bis 17 Uhr"},"geometry":{"type":"Point","coordinates":[11.59134,48.14365]}},{"type":"Feature","properties":{"kind":"accessible","label":"Ismaninger Straße ggü. 50","detail":"2 Plätze · Mittwoch bis Sonntag von 9 bis 18 Uhr"},"geometry":{"type":"Point","coordinates":[11.59991,48.14057]}},{"type":"Feature","properties":{"kind":"accessible","label":"Wörthstraße 43","detail":"1 Platz · werktags Montag bis Freitag von 8 bis 18 Uhr, Samstag von 8 bis 12 Uhr"},"geometry":{"type":"Point","coordinates":[11.602,48.12939]}},{"type":"Feature","properties":{"kind":"accessible","label":"Brienner Straße ggü. 9","detail":"3 Plätze"},"geometry":{"type":"Point","coordinates":[11.57602,48.14299]}},{"type":"Feature","properties":{"kind":"accessible","label":"Amiraplatz 1","detail":"3 Plätze · bei Veranstaltungen (07.07. bis 14.07.; Weihnachtsmarkt 10.11. bis 31.12.) am Wittelsbacherplatz befinden sich die Parkplätze bei Amiraplatz 1 => wechselseitig Status anpassen"},"geometry":{"type":"Point","coordinates":[11.57542,48.14282]}},{"type":"Feature","properties":{"kind":"accessible","label":"Kaiserstraße 24","detail":"2 Plätze · werktags 8 bis 23 Uhr, max. 4 Std."},"geometry":{"type":"Point","coordinates":[11.58261,48.16096]}},{"type":"Feature","properties":{"kind":"accessible","label":"Behindertenparkplatz","detail":"4 Plätze"},"geometry":{"type":"Point","coordinates":[11.57876,48.13942]}},{"type":"Feature","properties":{"kind":"accessible","label":"Blumenstraße 28b","detail":"2 Plätze"},"geometry":{"type":"Point","coordinates":[11.57069,48.13212]}},{"type":"Feature","properties":{"kind":"accessible","label":"Altheimer Eck 2","detail":"1 Platz"},"geometry":{"type":"Point","coordinates":[11.57109,48.13741]}},{"type":"Feature","properties":{"kind":"accessible","label":"Maximiliansplatz 18","detail":"2 Plätze"},"geometry":{"type":"Point","coordinates":[11.57149,48.14155]}},{"type":"Feature","properties":{"kind":"accessible","label":"Plinganserstraße 45","detail":"2 Plätze · werktags Montag bis Freitag von 8 bis 18 Uhr"},"geometry":{"type":"Point","coordinates":[11.54027,48.11758]}},{"type":"Feature","properties":{"kind":"accessible","label":"Trappentreustraße 20","detail":"1 Platz · werktags Montag bis Freitag von 7 bis 17 Uhr"},"geometry":{"type":"Point","coordinates":[11.5344,48.1372]}},{"type":"Feature","properties":{"kind":"accessible","label":"Heimeranstraße 70","detail":"1 Platz"},"geometry":{"type":"Point","coordinates":[11.53483,48.13366]}},{"type":"Feature","properties":{"kind":"accessible","label":"Leonrodstraße 21","detail":"2 Plätze · werktags Montag bis Freitag von 8 bis 18 Uhr"},"geometry":{"type":"Point","coordinates":[11.53574,48.15355]}},{"type":"Feature","properties":{"kind":"accessible","label":"Landshuter Allee 181","detail":"2 Plätze"},"geometry":{"type":"Point","coordinates":[11.53754,48.16435]}},{"type":"Feature","properties":{"kind":"accessible","label":"Meindlstraße 16","detail":"1 Platz · werktags Montag bis Freitag von 8 bis 22 Uhr"},"geometry":{"type":"Point","coordinates":[11.53808,48.11769]}},{"type":"Feature","properties":{"kind":"accessible","label":"Meindlstraße ggü. 22","detail":"2 Plätze"},"geometry":{"type":"Point","coordinates":[11.53819,48.11711]}},{"type":"Feature","properties":{"kind":"accessible","label":"Truderinger Str. 265 b","detail":"1 Platz · Schultage von 7 bis 16 Uhr"},"geometry":{"type":"Point","coordinates":[11.6657,48.12445]}},{"type":"Feature","properties":{"kind":"accessible","label":"Barer Straße 27","detail":"4 Plätze · von 9 bis 20 Uhr · Aufgrund einer Baustelle befindet sich der Behindertenparkplatz bei Barer Straße 27."},"geometry":{"type":"Point","coordinates":[11.5717,48.14878]}},{"type":"Feature","properties":{"kind":"accessible","label":"Meindstraße 8","detail":"1 Platz"},"geometry":{"type":"Point","coordinates":[11.53817,48.11884]}},{"type":"Feature","properties":{"kind":"accessible","label":"Herzogspitalstraße 5","detail":"2 Plätze · Aufgrund einer Baustelle befindet sich der Behindertenparkplatz bei Herzogspitalstraße 5."},"geometry":{"type":"Point","coordinates":[11.56834,48.13762]}},{"type":"Feature","properties":{"kind":"accessible","label":"Thierschstraße 2","detail":"1 Platz"},"geometry":{"type":"Point","coordinates":[11.58369,48.13408]}},{"type":"Feature","properties":{"kind":"accessible","label":"Tulbeckstraße 31","detail":"2 Plätze"},"geometry":{"type":"Point","coordinates":[11.53873,48.1369]}},{"type":"Feature","properties":{"kind":"accessible","label":"Am Harras 2","detail":"1 Platz"},"geometry":{"type":"Point","coordinates":[11.53923,48.11675]}},{"type":"Feature","properties":{"kind":"accessible","label":"Rupprechtstraße 25","detail":"1 Platz · werktags von 9 bis 20 Uhr"},"geometry":{"type":"Point","coordinates":[11.53946,48.14887]}},{"type":"Feature","properties":{"kind":"accessible","label":"Albert-Roßhaupter-Straße 2","detail":"2 Plätze · werktags Montag bis Freitag von 7.30 bis 17 Uhr"},"geometry":{"type":"Point","coordinates":[11.53875,48.11696]}},{"type":"Feature","properties":{"kind":"accessible","label":"Theresienhöhe 14","detail":"2 Plätze"},"geometry":{"type":"Point","coordinates":[11.54628,48.13281]}},{"type":"Feature","properties":{"kind":"accessible","label":"Marsstraße 42","detail":"2 Plätze · werktagsMontag bis Freitag von 9 bis 18 Uhr"},"geometry":{"type":"Point","coordinates":[11.55481,48.14449]}},{"type":"Feature","properties":{"kind":"accessible","label":"Grohmannstraße 3","detail":"2 Plätze"},"geometry":{"type":"Point","coordinates":[11.55291,48.21973]}},{"type":"Feature","properties":{"kind":"accessible","label":"Gollierstraße 7","detail":"2 Plätze"},"geometry":{"type":"Point","coordinates":[11.54634,48.13569]}},{"type":"Feature","properties":{"kind":"accessible","label":"Leonrodstraße 57","detail":"1 Platz · werktags Montag bis Freitag von 9 bis 16 Uhr, bis 4 Stunden"},"geometry":{"type":"Point","coordinates":[11.54318,48.1573]}},{"type":"Feature","properties":{"kind":"accessible","label":"Greinerberg 17","detail":"1 Platz · von 7 bis 18 Uhr"},"geometry":{"type":"Point","coordinates":[11.54346,48.10508]}},{"type":"Feature","properties":{"kind":"accessible","label":"Fraunbergplatz 1","detail":"1 Platz"},"geometry":{"type":"Point","coordinates":[11.54457,48.10006]}},{"type":"Feature","properties":{"kind":"accessible","label":"Fraunbergplatz 5","detail":"1 Platz"},"geometry":{"type":"Point","coordinates":[11.54452,48.10001]}},{"type":"Feature","properties":{"kind":"accessible","label":"Schießstättstraße 30","detail":"1 Platz · werktags Montag bis Freitag von 8 bis 18 Uhr"},"geometry":{"type":"Point","coordinates":[11.54546,48.13506]}},{"type":"Feature","properties":{"kind":"accessible","label":"Deroystraße 12","detail":"2 Plätze"},"geometry":{"type":"Point","coordinates":[11.54569,48.14503]}},{"type":"Feature","properties":{"kind":"accessible","label":"Pognerstraße 38","detail":"1 Platz"},"geometry":{"type":"Point","coordinates":[11.54606,48.1018]}},{"type":"Feature","properties":{"kind":"accessible","label":"Deroystraße 4","detail":"2 Plätze"},"geometry":{"type":"Point","coordinates":[11.54601,48.14573]}},{"type":"Feature","properties":{"kind":"accessible","label":"St.-Magnus-Straße 34","detail":"1 Platz · werktags Montag bis Freitag von 7 bis 20 Uhr, bis 3 Stunden"},"geometry":{"type":"Point","coordinates":[11.56963,48.09352]}},{"type":"Feature","properties":{"kind":"accessible","label":"Daiserstraße 37","detail":"1 Platz · werktags Montag bis Freitag von 9 bis 17 Uhr"},"geometry":{"type":"Point","coordinates":[11.54376,48.11852]}},{"type":"Feature","properties":{"kind":"accessible","label":"Planegger Straße ggü. 13","detail":"1 Platz · werktags Montag bis Freitag von 8 bis 18 Uhr"},"geometry":{"type":"Point","coordinates":[11.45861,48.1451]}},{"type":"Feature","properties":{"kind":"accessible","label":"Neuherbergstr. 100","detail":"1 Platz · werktags Montag bis Freitag von 8 bis 18 Uhr, bis 3 Stunden"},"geometry":{"type":"Point","coordinates":[11.56762,48.20945]}},{"type":"Feature","properties":{"kind":"accessible","label":"Sonnenstraße 26","detail":"1 Platz"},"geometry":{"type":"Point","coordinates":[11.56542,48.13488]}},{"type":"Feature","properties":{"kind":"accessible","label":"Sonnenstraße bei 26","detail":"1 Platz · bis 3 Stunden"},"geometry":{"type":"Point","coordinates":[11.56551,48.13473]}},{"type":"Feature","properties":{"kind":"accessible","label":"Birnauer Straße 4","detail":"3 Plätze"},"geometry":{"type":"Point","coordinates":[11.56565,48.17544]}},{"type":"Feature","properties":{"kind":"accessible","label":"Harlachinger Straße 51","detail":"3 Plätze"},"geometry":{"type":"Point","coordinates":[11.56636,48.10417]}},{"type":"Feature","properties":{"kind":"accessible","label":"Karlstraße 9","detail":"1 Platz · werktags Montag bis Freitag von 8 bis 17 Uhr"},"geometry":{"type":"Point","coordinates":[11.56675,48.14297]}},{"type":"Feature","properties":{"kind":"accessible","label":"Neustifter Straße 43","detail":"2 Plätze · werktags Montag bis Freitag von 9 bis 17 Uhr"},"geometry":{"type":"Point","coordinates":[11.5666,48.18611]}},{"type":"Feature","properties":{"kind":"accessible","label":"Baldestraße 21","detail":"1 Platz · Montag bis Freitag von 8 bis 19 Uhr, Samstag von 8 bis 13 Uhr"},"geometry":{"type":"Point","coordinates":[11.56701,48.12405]}},{"type":"Feature","properties":{"kind":"accessible","label":"Arcisstraße 16","detail":"1 Platz · Montag bis Sonntag von 9 bis 20 Uhr"},"geometry":{"type":"Point","coordinates":[11.56767,48.14696]}},{"type":"Feature","properties":{"kind":"accessible","label":"Mittererstraße","detail":"3 Plätze"},"geometry":{"type":"Point","coordinates":[11.55744,48.13899]}},{"type":"Feature","properties":{"kind":"park_and_ride","label":"Aidenbachstraße","detail":"Gmunder Str. 40, 81379 München · 12 Plätze"},"geometry":{"type":"Point","coordinates":[11.52453,48.0975]}},{"type":"Feature","properties":{"kind":"park_and_ride","label":"Allach","detail":"Oertelplatz (2), 80999 München · 14 Plätze"},"geometry":{"type":"Point","coordinates":[11.46722,48.1892]}},{"type":"Feature","properties":{"kind":"park_and_ride","label":"Aubing","detail":"Georg-Böhmer-Str., 81245 München · 7 Plätze"},"geometry":{"type":"Point","coordinates":[11.41369,48.15625]}},{"type":"Feature","properties":{"kind":"park_and_ride","label":"Daglfing","detail":"Ludwig-Brück-Str. 3a, 81929 München · 11 Plätze"},"geometry":{"type":"Point","coordinates":[11.64997,48.14795]}},{"type":"Feature","properties":{"kind":"park_and_ride","label":"Feldmoching","detail":"Dülferstr. (69), 80995 München · 2 Plätze"},"geometry":{"type":"Point","coordinates":[11.54205,48.21456]}},{"type":"Feature","properties":{"kind":"park_and_ride","label":"Fröttmaning","detail":"W.-Heisenberg-Allee 21, 80939 München · 53 Plätze"},"geometry":{"type":"Point","coordinates":[11.62025,48.21025]}},{"type":"Feature","properties":{"kind":"park_and_ride","label":"Fürstenried-West TG","detail":"Neurieder Str., 81475 München · 16 Plätze"},"geometry":{"type":"Point","coordinates":[11.47516,48.0892]}},{"type":"Feature","properties":{"kind":"park_and_ride","label":"Großhadern (Klinikum)","detail":"Max-Lebsche-Platz, 81377 München · 15 Plätze"},"geometry":{"type":"Point","coordinates":[11.47336,48.1085]}},{"type":"Feature","properties":{"kind":"park_and_ride","label":"Heimeranplatz","detail":"Garmischer Str. 19, 81373 München · 38 Plätze"},"geometry":{"type":"Point","coordinates":[11.53155,48.1315]}},{"type":"Feature","properties":{"kind":"park_and_ride","label":"Innsbrucker Ring","detail":"Bad-Schachener-Str. 41, 81671 München · 9 Plätze"},"geometry":{"type":"Point","coordinates":[11.61825,48.12067]}},{"type":"Feature","properties":{"kind":"park_and_ride","label":"Karlsfeld Ost","detail":"Zum Schwabenbächl (39), 80997 München · 2 Plätze"},"geometry":{"type":"Point","coordinates":[11.461,48.21083]}},{"type":"Feature","properties":{"kind":"park_and_ride","label":"Karlsfeld West","detail":"Eversbuschstr., 80999 München · 2 Plätze"},"geometry":{"type":"Point","coordinates":[11.4593,48.21045]}},{"type":"Feature","properties":{"kind":"park_and_ride","label":"Kieferngarten","detail":"Kieferngartenstr. 14, 80939 München · 3 Plätze"},"geometry":{"type":"Point","coordinates":[11.61216,48.20192]}},{"type":"Feature","properties":{"kind":"park_and_ride","label":"Langwied","detail":"Bergsonstraße, 81245 München · 1 Platz"},"geometry":{"type":"Point","coordinates":[11.4318,48.1627]}},{"type":"Feature","properties":{"kind":"park_and_ride","label":"Lochhausen-Nord","detail":"Lochhausener Str. 215, 81249 München · 4 Plätze"},"geometry":{"type":"Point","coordinates":[11.40917,48.17622]}},{"type":"Feature","properties":{"kind":"park_and_ride","label":"Messestadt-Ost","detail":"Willy-Brandt-Allee 11, 81829 München · 61 Plätze"},"geometry":{"type":"Point","coordinates":[11.70564,48.13431]}},{"type":"Feature","properties":{"kind":"park_and_ride","label":"Moosach","detail":"Memminger Platz 1, 80997 München · 45 Plätze"},"geometry":{"type":"Point","coordinates":[11.50533,48.1807]}},{"type":"Feature","properties":{"kind":"park_and_ride","label":"Neuperlach Süd","detail":"Carl-Wery-Str., 81739 München · 2 Plätze"},"geometry":{"type":"Point","coordinates":[11.64614,48.08697]}},{"type":"Feature","properties":{"kind":"park_and_ride","label":"Oberwiesenfeld","detail":"Moosacher Str. (95), 80809 München · 3 Plätze"},"geometry":{"type":"Point","coordinates":[11.54397,48.18597]}},{"type":"Feature","properties":{"kind":"park_and_ride","label":"Olympiazentrum","detail":"Helene-Mayer-Ring 3, 80809 München · 19 Plätze"},"geometry":{"type":"Point","coordinates":[11.55386,48.18042]}},{"type":"Feature","properties":{"kind":"park_and_ride","label":"Perlach","detail":"Stephensonplatz (1), 81737 München · 2 Plätze"},"geometry":{"type":"Point","coordinates":[11.63111,48.09361]}},{"type":"Feature","properties":{"kind":"park_and_ride","label":"Riem","detail":"Mittbacher Str., 81829 München · 5 Plätze"},"geometry":{"type":"Point","coordinates":[11.67822,48.14389]}},{"type":"Feature","properties":{"kind":"park_and_ride","label":"Solln","detail":"Friedastraße, 81479 München · 2 Plätze"},"geometry":{"type":"Point","coordinates":[11.5273,48.08025]}},{"type":"Feature","properties":{"kind":"park_and_ride","label":"Westfriedhof PP","detail":"Orpheusstr. (1), 80992 München · 3 Plätze"},"geometry":{"type":"Point","coordinates":[11.52828,48.1715]}},{"type":"Feature","properties":{"kind":"park_and_ride","label":"Westfriedhof TG","detail":"Orpheusstr. 1, 80992 München · 17 Plätze"},"geometry":{"type":"Point","coordinates":[11.52836,48.17197]}},{"type":"Feature","properties":{"kind":"charging","label":"Leonrodplatz 5","detail":"2 Ladepunkte · Normalladen"},"geometry":{"type":"Point","coordinates":[11.5467,48.15938]}},{"type":"Feature","properties":{"kind":"charging","label":"Falkenstr. 32-34","detail":"4 Ladepunkte · Normalladen"},"geometry":{"type":"Point","coordinates":[11.57866,48.12182]}},{"type":"Feature","properties":{"kind":"charging","label":"Gotthardstraße ggü. 58 + 60","detail":"4 Ladepunkte · Normalladen"},"geometry":{"type":"Point","coordinates":[11.49918,48.13555]}},{"type":"Feature","properties":{"kind":"charging","label":"Werinherstr. 2","detail":"2 Ladepunkte · Normalladen"},"geometry":{"type":"Point","coordinates":[11.58085,48.11551]}},{"type":"Feature","properties":{"kind":"charging","label":"Lindwurmstr. 11","detail":"2 Ladepunkte · Normalladen"},"geometry":{"type":"Point","coordinates":[11.56442,48.13228]}},{"type":"Feature","properties":{"kind":"charging","label":"Agnes-Bernauer-Platz 8","detail":"4 Ladepunkte · Normalladen"},"geometry":{"type":"Point","coordinates":[11.49643,48.14021]}},{"type":"Feature","properties":{"kind":"charging","label":"Burghausenerstr. 1","detail":"2 Ladepunkte · Normalladen"},"geometry":{"type":"Point","coordinates":[11.52931,48.14563]}},{"type":"Feature","properties":{"kind":"charging","label":"Lothstr. 64","detail":"4 Ladepunkte · Normalladen"},"geometry":{"type":"Point","coordinates":[11.55568,48.15516]}},{"type":"Feature","properties":{"kind":"charging","label":"Alfred-Schmid-Str. 34","detail":"2 Ladepunkte · Normalladen"},"geometry":{"type":"Point","coordinates":[11.54627,48.10295]}},{"type":"Feature","properties":{"kind":"charging","label":"Am Isarkanal 36","detail":"2 Ladepunkte · Normalladen"},"geometry":{"type":"Point","coordinates":[11.5484,48.10204]}},{"type":"Feature","properties":{"kind":"charging","label":"Urbanstr. 2","detail":"1 Ladepunkt · Normalladen"},"geometry":{"type":"Point","coordinates":[11.5484,48.11104]}},{"type":"Feature","properties":{"kind":"charging","label":"Schellingstr. 106 Ecke Augustenstr.","detail":"2 Ladepunkte · Normalladen"},"geometry":{"type":"Point","coordinates":[11.5652,48.15338]}},{"type":"Feature","properties":{"kind":"charging","label":"Knorrstr. 20","detail":"2 Ladepunkte · Normalladen"},"geometry":{"type":"Point","coordinates":[11.5733,48.18023]}},{"type":"Feature","properties":{"kind":"charging","label":"Nestroystraße 7","detail":"4 Ladepunkte · Normalladen"},"geometry":{"type":"Point","coordinates":[11.5346,48.12133]}},{"type":"Feature","properties":{"kind":"charging","label":"ggü. Bäckerstr. 14","detail":"2 Ladepunkte · Normalladen"},"geometry":{"type":"Point","coordinates":[11.46148,48.14568]}},{"type":"Feature","properties":{"kind":"charging","label":"ggü St.-Johann-Straße 2","detail":"2 Ladepunkte · Normalladen"},"geometry":{"type":"Point","coordinates":[11.46561,48.19231]}},{"type":"Feature","properties":{"kind":"charging","label":"Hiltlstraße 45","detail":"2 Ladepunkte · Normalladen"},"geometry":{"type":"Point","coordinates":[11.48121,48.18371]}},{"type":"Feature","properties":{"kind":"charging","label":"Packenreiterstraße 43","detail":"4 Ladepunkte · Normalladen"},"geometry":{"type":"Point","coordinates":[11.47543,48.16369]}},{"type":"Feature","properties":{"kind":"charging","label":"Echardinger Str. 65","detail":"4 Ladepunkte · Normalladen"},"geometry":{"type":"Point","coordinates":[11.62254,48.12057]}},{"type":"Feature","properties":{"kind":"charging","label":"Detmoldstr.","detail":"3 Ladepunkte · Schnellladen"},"geometry":{"type":"Point","coordinates":[11.5642,48.19266]}},{"type":"Feature","properties":{"kind":"charging","label":"Grasserstr. 6","detail":"3 Ladepunkte · Normalladen"},"geometry":{"type":"Point","coordinates":[11.54817,48.14017]}},{"type":"Feature","properties":{"kind":"charging","label":"Wikingerstr. 51 / Cicinnatistr. 62","detail":"4 Ladepunkte · Normalladen"},"geometry":{"type":"Point","coordinates":[11.59874,48.09185]}},{"type":"Feature","properties":{"kind":"charging","label":"Centa-Herker-Bogen 15-17","detail":"4 Ladepunkte · Normalladen"},"geometry":{"type":"Point","coordinates":[11.55627,48.16721]}},{"type":"Feature","properties":{"kind":"charging","label":"Artilleriestr. 13","detail":"4 Ladepunkte · Normalladen"},"geometry":{"type":"Point","coordinates":[11.53949,48.15695]}},{"type":"Feature","properties":{"kind":"charging","label":"Trivastr. 18","detail":"4 Ladepunkte · Normalladen"},"geometry":{"type":"Point","coordinates":[11.54122,48.16152]}},{"type":"Feature","properties":{"kind":"charging","label":"Carl-Wery-Straße 42","detail":"4 Ladepunkte · Normalladen"},"geometry":{"type":"Point","coordinates":[11.64498,48.08706]}},{"type":"Feature","properties":{"kind":"charging","label":"Herzogstandstr. 6","detail":"4 Ladepunkte · Normalladen"},"geometry":{"type":"Point","coordinates":[11.58316,48.1156]}},{"type":"Feature","properties":{"kind":"charging","label":"Holzhofstr. 4 / ggü. Holzhofstraße 1","detail":"2 Ladepunkte · Normalladen"},"geometry":{"type":"Point","coordinates":[11.59342,48.13211]}},{"type":"Feature","properties":{"kind":"charging","label":"Marklandstr. 3","detail":"5 Ladepunkte · Normalladen"},"geometry":{"type":"Point","coordinates":[11.60448,48.09261]}},{"type":"Feature","properties":{"kind":"charging","label":"Bürgerstr. ggü. 30","detail":"2 Ladepunkte · Normalladen"},"geometry":{"type":"Point","coordinates":[11.61825,48.16434]}},{"type":"Feature","properties":{"kind":"charging","label":"Ravenburger Ring 4","detail":"4 Ladepunkte · Normalladen"},"geometry":{"type":"Point","coordinates":[11.44002,48.14994]}},{"type":"Feature","properties":{"kind":"charging","label":"Paul-Gerhardt-Allee 32","detail":"4 Ladepunkte · Normalladen"},"geometry":{"type":"Point","coordinates":[11.47604,48.1522]}},{"type":"Feature","properties":{"kind":"charging","label":"Ria-Burkei-Straße 5","detail":"2 Ladepunkte · Normalladen"},"geometry":{"type":"Point","coordinates":[11.41782,48.13784]}},{"type":"Feature","properties":{"kind":"charging","label":"Ickstattstr. 6 / Klenzestr. 50","detail":"4 Ladepunkte · Normalladen"},"geometry":{"type":"Point","coordinates":[11.57151,48.12919]}},{"type":"Feature","properties":{"kind":"charging","label":"Meistersingerstr. 118","detail":"2 Ladepunkte · Normalladen"},"geometry":{"type":"Point","coordinates":[11.63741,48.15783]}},{"type":"Feature","properties":{"kind":"charging","label":"Berliner Straße 68 / Ecke Schinkelstraße 2","detail":"2 Ladepunkte · Normalladen"},"geometry":{"type":"Point","coordinates":[11.58974,48.17397]}},{"type":"Feature","properties":{"kind":"charging","label":"Nikolaistraße / Ecke Leopoldstr. 56","detail":"2 Ladepunkte · Normalladen"},"geometry":{"type":"Point","coordinates":[11.58576,48.15907]}},{"type":"Feature","properties":{"kind":"charging","label":"Schloßschmidstr. 15","detail":"6 Ladepunkte · Normalladen"},"geometry":{"type":"Point","coordinates":[11.51825,48.1466]}},{"type":"Feature","properties":{"kind":"charging","label":"Terofalstr. 4 / Ecke Rolf-Pinegger-Str.","detail":"4 Ladepunkte · Normalladen"},"geometry":{"type":"Point","coordinates":[11.47739,48.12576]}},{"type":"Feature","properties":{"kind":"charging","label":"Alpenveilchenstr. 1 / Gondrellpl. 1","detail":"4 Ladepunkte · Normalladen"},"geometry":{"type":"Point","coordinates":[11.49002,48.12481]}},{"type":"Feature","properties":{"kind":"charging","label":"Ehrengutstr. 5-7","detail":"4 Ladepunkte · Normalladen"},"geometry":{"type":"Point","coordinates":[11.5594,48.12131]}},{"type":"Feature","properties":{"kind":"charging","label":"Esswurmstr. 5-7 / Roter-Turm-Platz 11","detail":"2 Ladepunkte · Normalladen"},"geometry":{"type":"Point","coordinates":[11.54635,48.11288]}},{"type":"Feature","properties":{"kind":"charging","label":"Beetzstr. 7","detail":"2 Ladepunkte · Normalladen"},"geometry":{"type":"Point","coordinates":[11.60903,48.14158]}},{"type":"Feature","properties":{"kind":"charging","label":"Delpstr. 17","detail":"2 Ladepunkte · Normalladen"},"geometry":{"type":"Point","coordinates":[11.61183,48.14617]}},{"type":"Feature","properties":{"kind":"charging","label":"Schnorr-von-Carolsfeld-Straße 17","detail":"2 Ladepunkte · Normalladen"},"geometry":{"type":"Point","coordinates":[11.64668,48.15739]}},{"type":"Feature","properties":{"kind":"charging","label":"Osterwaldstr. 58","detail":"2 Ladepunkte · Normalladen"},"geometry":{"type":"Point","coordinates":[11.60186,48.1683]}},{"type":"Feature","properties":{"kind":"charging","label":"Oettingenstr. 33 - Rückseite - Lerchenfeldstr. 9","detail":"4 Ladepunkte · Normalladen"},"geometry":{"type":"Point","coordinates":[11.59291,48.14599]}},{"type":"Feature","properties":{"kind":"charging","label":"Gertrud-Bäumer-Str. 1","detail":"4 Ladepunkte · Normalladen"},"geometry":{"type":"Point","coordinates":[11.54566,48.16249]}},{"type":"Feature","properties":{"kind":"charging","label":"Birthälmer Str. 18 / P+R","detail":"4 Ladepunkte · Normalladen"},"geometry":{"type":"Point","coordinates":[11.6635,48.12721]}},{"type":"Feature","properties":{"kind":"charging","label":"Max-Bill-Straße 16","detail":"2 Ladepunkte · Normalladen"},"geometry":{"type":"Point","coordinates":[11.59359,48.18691]}},{"type":"Feature","properties":{"kind":"charging","label":"Bergetstr. ggü. 1a","detail":"2 Ladepunkte · Normalladen"},"geometry":{"type":"Point","coordinates":[11.46164,48.21316]}},{"type":"Feature","properties":{"kind":"charging","label":"Karl-Hromadnik-Str. 2","detail":"2 Ladepunkte · Normalladen"},"geometry":{"type":"Point","coordinates":[11.45681,48.13705]}},{"type":"Feature","properties":{"kind":"charging","label":"Romanstr. 20 / Winthirstr. 25","detail":"4 Ladepunkte · Normalladen"},"geometry":{"type":"Point","coordinates":[11.52765,48.1566]}},{"type":"Feature","properties":{"kind":"charging","label":"Balanstr. 382","detail":"2 Ladepunkte · Normalladen"},"geometry":{"type":"Point","coordinates":[11.61133,48.0892]}},{"type":"Feature","properties":{"kind":"charging","label":"Salbauerstr. 7","detail":"4 Ladepunkte · Normalladen"},"geometry":{"type":"Point","coordinates":[11.45902,48.1403]}},{"type":"Feature","properties":{"kind":"charging","label":"Stiftsbogen 99","detail":"4 Ladepunkte · Normalladen"},"geometry":{"type":"Point","coordinates":[11.48455,48.11908]}},{"type":"Feature","properties":{"kind":"charging","label":"Riesenburgstr. 37","detail":"2 Ladepunkte · Normalladen"},"geometry":{"type":"Point","coordinates":[11.41265,48.1517]}},{"type":"Feature","properties":{"kind":"charging","label":"Lasallestraße 100","detail":"4 Ladepunkte · Normalladen"},"geometry":{"type":"Point","coordinates":[11.5358,48.19862]}},{"type":"Feature","properties":{"kind":"charging","label":"Höglwörther Str. 363","detail":"1 Ladepunkt · Normalladen"},"geometry":{"type":"Point","coordinates":[11.50977,48.09968]}},{"type":"Feature","properties":{"kind":"charging","label":"Prinzenweg 18","detail":"4 Ladepunkte · Normalladen"},"geometry":{"type":"Point","coordinates":[11.52227,48.15733]}},{"type":"Feature","properties":{"kind":"charging","label":"Lochhausener Str. 215","detail":"4 Ladepunkte · Normalladen"},"geometry":{"type":"Point","coordinates":[11.40844,48.17672]}},{"type":"Feature","properties":{"kind":"charging","label":"Bunzlauer Straße 22-30","detail":"4 Ladepunkte · Normalladen"},"geometry":{"type":"Point","coordinates":[11.5086,48.18084]}},{"type":"Feature","properties":{"kind":"charging","label":"Pfarrstraße 1","detail":"2 Ladepunkte · Normalladen"},"geometry":{"type":"Point","coordinates":[11.58755,48.13931]}},{"type":"Feature","properties":{"kind":"charging","label":"Guardinistr. 46 in Stiftsbogen","detail":"2 Ladepunkte · Normalladen"},"geometry":{"type":"Point","coordinates":[11.495,48.11759]}},{"type":"Feature","properties":{"kind":"charging","label":"Waldfriedhofstr. 115 in Pählstraße","detail":"2 Ladepunkte · Normalladen"},"geometry":{"type":"Point","coordinates":[11.50368,48.11181]}},{"type":"Feature","properties":{"kind":"charging","label":"Sachsenkamstr. 2","detail":"3 Ladepunkte · Normalladen"},"geometry":{"type":"Point","coordinates":[11.52587,48.11583]}},{"type":"Feature","properties":{"kind":"charging","label":"Pelkovenstraße 70 / Leipziger Straße","detail":"2 Ladepunkte · Normalladen"},"geometry":{"type":"Point","coordinates":[11.51852,48.18171]}},{"type":"Feature","properties":{"kind":"charging","label":"Pariser Straße ggü HsNr 17","detail":"4 Ladepunkte · Normalladen"},"geometry":{"type":"Point","coordinates":[11.59858,48.12729]}},{"type":"Feature","properties":{"kind":"charging","label":"ggü. Rosenheimerstr. 172/Karl-Preis-Platz","detail":"4 Ladepunkte · Normalladen"},"geometry":{"type":"Point","coordinates":[11.60955,48.11801]}},{"type":"Feature","properties":{"kind":"charging","label":"Gronsdorfer Straße 1 / Josephsburgerstr. 133","detail":"2 Ladepunkte · Normalladen"},"geometry":{"type":"Point","coordinates":[11.64428,48.12389]}},{"type":"Feature","properties":{"kind":"charging","label":"Permoserplatz 1","detail":"4 Ladepunkte · Normalladen"},"geometry":{"type":"Point","coordinates":[11.64884,48.12582]}},{"type":"Feature","properties":{"kind":"charging","label":"Pfanzeltplatz 5","detail":"4 Ladepunkte · Normalladen"},"geometry":{"type":"Point","coordinates":[11.63087,48.10088]}},{"type":"Feature","properties":{"kind":"charging","label":"Stuntzstraße 2","detail":"4 Ladepunkte · Normalladen"},"geometry":{"type":"Point","coordinates":[11.61582,48.14239]}},{"type":"Feature","properties":{"kind":"charging","label":"Fernpaßstr. 46, Ecke Hinterbärenbadstr.","detail":"4 Ladepunkte · Normalladen"},"geometry":{"type":"Point","coordinates":[11.5227,48.12024]}},{"type":"Feature","properties":{"kind":"charging","label":"Heiglhofstr. 53","detail":"4 Ladepunkte · Normalladen"},"geometry":{"type":"Point","coordinates":[11.47741,48.10927]}},{"type":"Feature","properties":{"kind":"charging","label":"Graf-Lehndorff-Str. 18","detail":"4 Ladepunkte · Normalladen"},"geometry":{"type":"Point","coordinates":[11.67765,48.14211]}},{"type":"Feature","properties":{"kind":"charging","label":"Hopfenstr. 7","detail":"4 Ladepunkte · Normalladen"},"geometry":{"type":"Point","coordinates":[11.55456,48.14363]}},{"type":"Feature","properties":{"kind":"charging","label":"Griegstr. 9","detail":"6 Ladepunkte · Normalladen"},"geometry":{"type":"Point","coordinates":[11.58215,48.18212]}},{"type":"Feature","properties":{"kind":"charging","label":"Theresienstr. 158","detail":"4 Ladepunkte · Normalladen"},"geometry":{"type":"Point","coordinates":[11.56078,48.15216]}},{"type":"Feature","properties":{"kind":"charging","label":"Silberdistelstraße 55","detail":"2 Ladepunkte · Normalladen"},"geometry":{"type":"Point","coordinates":[11.47839,48.12965]}},{"type":"Feature","properties":{"kind":"charging","label":"Luisenstr. 22","detail":"1 Ladepunkt · Normalladen"},"geometry":{"type":"Point","coordinates":[11.56518,48.14778]}},{"type":"Feature","properties":{"kind":"charging","label":"Karolinenplatz 1","detail":"4 Ladepunkte · Normalladen"},"geometry":{"type":"Point","coordinates":[11.56962,48.14417]}},{"type":"Feature","properties":{"kind":"charging","label":"Westenriederstr. ggü. 39/41","detail":"3 Ladepunkte · Normalladen"},"geometry":{"type":"Point","coordinates":[11.57985,48.13498]}},{"type":"Feature","properties":{"kind":"charging","label":"Tal 36","detail":"2 Ladepunkte · Normalladen"},"geometry":{"type":"Point","coordinates":[11.58041,48.13563]}},{"type":"Feature","properties":{"kind":"charging","label":"Maximilianstr. 14","detail":"4 Ladepunkte · Normalladen"},"geometry":{"type":"Point","coordinates":[11.58094,48.13886]}},{"type":"Feature","properties":{"kind":"charging","label":"Cimbernstr. 15","detail":"2 Ladepunkte · Normalladen"},"geometry":{"type":"Point","coordinates":[11.51559,48.11065]}},{"type":"Feature","properties":{"kind":"charging","label":"Clemensstr. 12","detail":"4 Ladepunkte · Normalladen"},"geometry":{"type":"Point","coordinates":[11.58369,48.16357]}},{"type":"Feature","properties":{"kind":"charging","label":"Kathi-Kobus-Straße 3","detail":"2 Ladepunkte · Normalladen"},"geometry":{"type":"Point","coordinates":[11.55684,48.15945]}},{"type":"Feature","properties":{"kind":"charging","label":"Landshuter Allee 54","detail":"2 Ladepunkte · Normalladen"},"geometry":{"type":"Point","coordinates":[11.53755,48.15321]}},{"type":"Feature","properties":{"kind":"charging","label":"Mobilitätsstation Max-Bill-Straße 14","detail":"2 Ladepunkte · Normalladen"},"geometry":{"type":"Point","coordinates":[11.59311,48.18696]}},{"type":"Feature","properties":{"kind":"charging","label":"Münchner Freiheit / Leopoldstraße ggü. 81","detail":"2 Ladepunkte · Normalladen"},"geometry":{"type":"Point","coordinates":[11.58658,48.16309]}},{"type":"Feature","properties":{"kind":"charging","label":"Stäblistr. 27b","detail":"2 Ladepunkte · Normalladen"},"geometry":{"type":"Point","coordinates":[11.49951,48.08693]}},{"type":"Feature","properties":{"kind":"charging","label":"Leutstettenerstr. 2","detail":"2 Ladepunkte · Normalladen"},"geometry":{"type":"Point","coordinates":[11.52237,48.09358]}},{"type":"Feature","properties":{"kind":"charging","label":"Paosostr. 27 ggü / Kalmanstr. 1","detail":"2 Ladepunkte · Normalladen"},"geometry":{"type":"Point","coordinates":[11.4436,48.14268]}},{"type":"Feature","properties":{"kind":"charging","label":"Ganghoferstr. 94-96","detail":"3 Ladepunkte · Normalladen"},"geometry":{"type":"Point","coordinates":[11.53902,48.1263]}},{"type":"Feature","properties":{"kind":"charging","label":"Krumpterstr. 6","detail":"6 Ladepunkte · Normalladen"},"geometry":{"type":"Point","coordinates":[11.5705,48.11302]}},{"type":"Feature","properties":{"kind":"charging","label":"Reginfriedstr. 2","detail":"4 Ladepunkte · Normalladen"},"geometry":{"type":"Point","coordinates":[11.57775,48.11032]}},{"type":"Feature","properties":{"kind":"charging","label":"Oberbibergerstr. 6","detail":"4 Ladepunkte · Normalladen"},"geometry":{"type":"Point","coordinates":[11.58091,48.0972]}},{"type":"Feature","properties":{"kind":"charging","label":"Occamstr. 21","detail":"4 Ladepunkte · Normalladen"},"geometry":{"type":"Point","coordinates":[11.59037,48.1631]}},{"type":"Feature","properties":{"kind":"charging","label":"Friedrichstr. 36","detail":"4 Ladepunkte · Normalladen"},"geometry":{"type":"Point","coordinates":[11.58043,48.16081]}},{"type":"Feature","properties":{"kind":"charging","label":"Bechsteinstr. 7","detail":"2 Ladepunkte · Normalladen"},"geometry":{"type":"Point","coordinates":[11.5653,48.16858]}},{"type":"Feature","properties":{"kind":"charging","label":"Birnauer Straße 3","detail":"2 Ladepunkte · Normalladen"},"geometry":{"type":"Point","coordinates":[11.56565,48.17506]}},{"type":"Feature","properties":{"kind":"charging","label":"Agnes-Pockels-Bogen 1","detail":"2 Ladepunkte · Normalladen"},"geometry":{"type":"Point","coordinates":[11.5324,48.17324]}},{"type":"Feature","properties":{"kind":"charging","label":"Knorrstraße 70","detail":"2 Ladepunkte · Normalladen"},"geometry":{"type":"Point","coordinates":[11.57287,48.18569]}},{"type":"Feature","properties":{"kind":"charging","label":"P+R Messestadt Ost","detail":"8 Ladepunkte · Normalladen"},"geometry":{"type":"Point","coordinates":[11.70531,48.13462]}},{"type":"Feature","properties":{"kind":"charging","label":"Halskestraße 11","detail":"4 Ladepunkte · Normalladen"},"geometry":{"type":"Point","coordinates":[11.52025,48.10052]}},{"type":"Feature","properties":{"kind":"charging","label":"St.-Wendel-Str. 52","detail":"4 Ladepunkte · Normalladen"},"geometry":{"type":"Point","coordinates":[11.53494,48.09105]}},{"type":"Feature","properties":{"kind":"charging","label":"Friedastr. 25","detail":"2 Ladepunkte · Normalladen"},"geometry":{"type":"Point","coordinates":[11.52781,48.08109]}},{"type":"Feature","properties":{"kind":"charging","label":"Barthstr. 15","detail":"4 Ladepunkte · Normalladen"},"geometry":{"type":"Point","coordinates":[11.52826,48.13932]}},{"type":"Feature","properties":{"kind":"charging","label":"Englschalkinger Str. 14","detail":"3 Ladepunkte · Schnellladen"},"geometry":{"type":"Point","coordinates":[11.62014,48.15352]}},{"type":"Feature","properties":{"kind":"charging","label":"Königinstr. 103","detail":"2 Ladepunkte · Normalladen"},"geometry":{"type":"Point","coordinates":[11.58858,48.15538]}},{"type":"Feature","properties":{"kind":"charging","label":"Königinstr. 101","detail":"2 Ladepunkte · Normalladen"},"geometry":{"type":"Point","coordinates":[11.58855,48.15529]}},{"type":"Feature","properties":{"kind":"charging","label":"Gertrud-Grunow-Str. 7","detail":"2 Ladepunkte · Normalladen"},"geometry":{"type":"Point","coordinates":[11.59666,48.18395]}},{"type":"Feature","properties":{"kind":"charging","label":"Mobilitätsstation Wiesentfelsstr.","detail":"2 Ladepunkte · Normalladen"},"geometry":{"type":"Point","coordinates":[11.41364,48.14633]}},{"type":"Feature","properties":{"kind":"charging","label":"Mobilitätsstation: Ilse-Fehling-Straße","detail":"2 Ladepunkte · Normalladen"},"geometry":{"type":"Point","coordinates":[11.42757,48.1554]}},{"type":"Feature","properties":{"kind":"charging","label":"Mobilitätsstation Freiham","detail":"2 Ladepunkte · Normalladen"},"geometry":{"type":"Point","coordinates":[11.41092,48.13923]}},{"type":"Feature","properties":{"kind":"charging","label":"Marianne-Brandt-Straße, Ecke Lyonel-Feininger Straße","detail":"4 Ladepunkte · Normalladen"},"geometry":{"type":"Point","coordinates":[11.59356,48.1808]}},{"type":"Feature","properties":{"kind":"charging","label":"ggü. Oslostraße 14","detail":"3 Ladepunkte · Schnellladen"},"geometry":{"type":"Point","coordinates":[11.68953,48.13155]}},{"type":"Feature","properties":{"kind":"charging","label":"Machtlfinger Straße 7","detail":"4 Ladepunkte · Normalladen"},"geometry":{"type":"Point","coordinates":[11.51389,48.09654]}},{"type":"Feature","properties":{"kind":"charging","label":"Bauerstr. 4","detail":"2 Ladepunkte · Normalladen"},"geometry":{"type":"Point","coordinates":[11.574,48.15893]}},{"type":"Feature","properties":{"kind":"charging","label":"Gaßnerstr. 6","detail":"4 Ladepunkte · Normalladen"},"geometry":{"type":"Point","coordinates":[11.50895,48.15459]}},{"type":"Feature","properties":{"kind":"charging","label":"Lierstr. 14","detail":"4 Ladepunkte · Normalladen"},"geometry":{"type":"Point","coordinates":[11.51163,48.15293]}},{"type":"Feature","properties":{"kind":"charging","label":"Kriemhildenstr. 40","detail":"2 Ladepunkte · Normalladen"},"geometry":{"type":"Point","coordinates":[11.50962,48.15168]}},{"type":"Feature","properties":{"kind":"charging","label":"Riesstraße Ecke Werner-Friedmann-Bogen","detail":"2 Ladepunkte · Normalladen"},"geometry":{"type":"Point","coordinates":[11.5369,48.18442]}},{"type":"Feature","properties":{"kind":"charging","label":"Ligsalzstr. 44","detail":"3 Ladepunkte · Normalladen"},"geometry":{"type":"Point","coordinates":[11.5418,48.13408]}},{"type":"Feature","properties":{"kind":"charging","label":"Implerstr. 28","detail":"2 Ladepunkte · Normalladen"},"geometry":{"type":"Point","coordinates":[11.54826,48.12056]}},{"type":"Feature","properties":{"kind":"charging","label":"St.-Cajetan-Str. 18","detail":"2 Ladepunkte · Normalladen"},"geometry":{"type":"Point","coordinates":[11.60098,48.12193]}},{"type":"Feature","properties":{"kind":"charging","label":"Konrad-Celtis-Str. 67 / Ecke Friedrich-Hebbel-Straße","detail":"4 Ladepunkte · Normalladen"},"geometry":{"type":"Point","coordinates":[11.52626,48.11064]}},{"type":"Feature","properties":{"kind":"charging","label":"Eichendorffplatz 7","detail":"4 Ladepunkte · Normalladen"},"geometry":{"type":"Point","coordinates":[11.52364,48.11283]}},{"type":"Feature","properties":{"kind":"charging","label":"Inderstorferstr. 2","detail":"2 Ladepunkte · Normalladen"},"geometry":{"type":"Point","coordinates":[11.50183,48.12902]}},{"type":"Feature","properties":{"kind":"charging","label":"Landsberger Str. 261/259","detail":"4 Ladepunkte · Normalladen"},"geometry":{"type":"Point","coordinates":[11.50953,48.14228]}},{"type":"Feature","properties":{"kind":"charging","label":"Theodolindenstr. 2a","detail":"2 Ladepunkte · Normalladen"},"geometry":{"type":"Point","coordinates":[11.55796,48.08989]}},{"type":"Feature","properties":{"kind":"charging","label":"Lebscheestr. 2","detail":"4 Ladepunkte · Normalladen"},"geometry":{"type":"Point","coordinates":[11.56556,48.10727]}},{"type":"Feature","properties":{"kind":"charging","label":"Peißenbergstr. 1 / Ecke Säbener Straße","detail":"4 Ladepunkte · Normalladen"},"geometry":{"type":"Point","coordinates":[11.57495,48.10749]}},{"type":"Feature","properties":{"kind":"charging","label":"Meraner Straße 11","detail":"2 Ladepunkte · Normalladen"},"geometry":{"type":"Point","coordinates":[11.5701,48.10196]}},{"type":"Feature","properties":{"kind":"charging","label":"Tegelbergstr. 6","detail":"4 Ladepunkte · Normalladen"},"geometry":{"type":"Point","coordinates":[11.57065,48.09269]}},{"type":"Feature","properties":{"kind":"charging","label":"Guido-Schneble-Str. 76","detail":"4 Ladepunkte · Normalladen"},"geometry":{"type":"Point","coordinates":[11.49462,48.12914]}},{"type":"Feature","properties":{"kind":"charging","label":"Mobilitätsstation Aubing","detail":"2 Ladepunkte · Normalladen"},"geometry":{"type":"Point","coordinates":[11.41427,48.15558]}},{"type":"Feature","properties":{"kind":"charging","label":"Mobilitätsstation: Mainaustraße 71","detail":"2 Ladepunkte · Normalladen"},"geometry":{"type":"Point","coordinates":[11.43422,48.14896]}},{"type":"Feature","properties":{"kind":"charging","label":"Mobilitätsstation Westkreuz, Friedrichshafener Straße","detail":"2 Ladepunkte · Normalladen"},"geometry":{"type":"Point","coordinates":[11.44208,48.14804]}},{"type":"Feature","properties":{"kind":"charging","label":"Anton-Geisenhofer-Str. 91","detail":"2 Ladepunkte · Normalladen"},"geometry":{"type":"Point","coordinates":[11.66195,48.12152]}},{"type":"Feature","properties":{"kind":"charging","label":"Wensauerplatz/August-Exter-Straße","detail":"3 Ladepunkte · Schnellladen"},"geometry":{"type":"Point","coordinates":[11.46272,48.15135]}},{"type":"Feature","properties":{"kind":"charging","label":"Leopoldstraße 7 / Nordseite Georgenstraße","detail":"4 Ladepunkte · Normalladen"},"geometry":{"type":"Point","coordinates":[11.58256,48.15421]}},{"type":"Feature","properties":{"kind":"charging","label":"Leopoldstr. 30 / Nordseite Giselastr.","detail":"2 Ladepunkte · Normalladen"},"geometry":{"type":"Point","coordinates":[11.58409,48.15554]}},{"type":"Feature","properties":{"kind":"charging","label":"Mallnitzer Str. 60","detail":"2 Ladepunkte · Normalladen"},"geometry":{"type":"Point","coordinates":[11.48629,48.14165]}},{"type":"Feature","properties":{"kind":"charging","label":"Theresienstraße 48","detail":"4 Ladepunkte · Normalladen"},"geometry":{"type":"Point","coordinates":[11.57406,48.14841]}},{"type":"Feature","properties":{"kind":"charging","label":"Schönstr. 126 / Ecke Brehmstraße","detail":"4 Ladepunkte · Normalladen"},"geometry":{"type":"Point","coordinates":[11.5593,48.10115]}},{"type":"Feature","properties":{"kind":"charging","label":"Innere Wiener Str. 7","detail":"4 Ladepunkte · Normalladen"},"geometry":{"type":"Point","coordinates":[11.59299,48.13335]}},{"type":"Feature","properties":{"kind":"charging","label":"Laibacher Str. 1","detail":"4 Ladepunkte · Normalladen"},"geometry":{"type":"Point","coordinates":[11.60444,48.11603]}},{"type":"Feature","properties":{"kind":"charging","label":"Weißenseestr. 1","detail":"4 Ladepunkte · Normalladen"},"geometry":{"type":"Point","coordinates":[11.59544,48.10767]}},{"type":"Feature","properties":{"kind":"charging","label":"Schyrenstr. 4 / Claude-Lorrain-Str. 24","detail":"5 Ladepunkte · Schnellladen"},"geometry":{"type":"Point","coordinates":[11.57012,48.12027]}},{"type":"Feature","properties":{"kind":"charging","label":"ggü. Hillernstr. 8","detail":"4 Ladepunkte · Normalladen"},"geometry":{"type":"Point","coordinates":[11.45436,48.14631]}},{"type":"Feature","properties":{"kind":"charging","label":"ggü. Constanze-Hallgarten-Str. 56","detail":"4 Ladepunkte · Normalladen"},"geometry":{"type":"Point","coordinates":[11.50701,48.09627]}},{"type":"Feature","properties":{"kind":"charging","label":"Pfänderstr. 27","detail":"4 Ladepunkte · Normalladen"},"geometry":{"type":"Point","coordinates":[11.54785,48.15605]}},{"type":"Feature","properties":{"kind":"charging","label":"Caraccioalastr. 43 / Heimperthstr. 17","detail":"2 Ladepunkte · Normalladen"},"geometry":{"type":"Point","coordinates":[11.55581,48.20693]}},{"type":"Feature","properties":{"kind":"charging","label":"Volpinistraße 70","detail":"4 Ladepunkte · Normalladen"},"geometry":{"type":"Point","coordinates":[11.51862,48.16602]}},{"type":"Feature","properties":{"kind":"charging","label":"Tizianstraße 56 / Nederlingerstr. 19 ggü","detail":"4 Ladepunkte · Normalladen"},"geometry":{"type":"Point","coordinates":[11.52221,48.16115]}},{"type":"Feature","properties":{"kind":"charging","label":"Josephsburgstr. 36","detail":"4 Ladepunkte · Normalladen"},"geometry":{"type":"Point","coordinates":[11.63208,48.1263]}},{"type":"Feature","properties":{"kind":"charging","label":"Herzogspitalstr. 20","detail":"4 Ladepunkte · Normalladen"},"geometry":{"type":"Point","coordinates":[11.56693,48.13795]}},{"type":"Feature","properties":{"kind":"charging","label":"Klosterhofstr. 6","detail":"4 Ladepunkte · Normalladen"},"geometry":{"type":"Point","coordinates":[11.57096,48.13375]}},{"type":"Feature","properties":{"kind":"charging","label":"ggü. Langbürgener Str. 4","detail":"4 Ladepunkte · Normalladen"},"geometry":{"type":"Point","coordinates":[11.61254,48.11016]}},{"type":"Feature","properties":{"kind":"charging","label":"Adam-Berg-Str. 24","detail":"2 Ladepunkte · Normalladen"},"geometry":{"type":"Point","coordinates":[11.6226,48.11353]}},{"type":"Feature","properties":{"kind":"charging","label":"Mobilitätsstation Neuaubing, Bodenseestraße","detail":"2 Ladepunkte · Normalladen"},"geometry":{"type":"Point","coordinates":[11.4232,48.14292]}},{"type":"Feature","properties":{"kind":"charging","label":"ggü. Sollner Str. 67","detail":"6 Ladepunkte · Normalladen"},"geometry":{"type":"Point","coordinates":[11.52602,48.07721]}},{"type":"Feature","properties":{"kind":"charging","label":"Gulbranssonstr. 43 / Wilhelm-Busch-Str.","detail":"4 Ladepunkte · Normalladen"},"geometry":{"type":"Point","coordinates":[11.50621,48.08208]}},{"type":"Feature","properties":{"kind":"charging","label":"Parcellistr. 1","detail":"4 Ladepunkte · Normalladen"},"geometry":{"type":"Point","coordinates":[11.57144,48.14041]}},{"type":"Feature","properties":{"kind":"charging","label":"Lucile-Grahn-Str. 24","detail":"2 Ladepunkte · Normalladen"},"geometry":{"type":"Point","coordinates":[11.60763,48.13525]}},{"type":"Feature","properties":{"kind":"charging","label":"Sckellstr. 2","detail":"4 Ladepunkte · Normalladen"},"geometry":{"type":"Point","coordinates":[11.59618,48.13523]}},{"type":"Feature","properties":{"kind":"charging","label":"Arabellastraße / Rosenkavalierstraße","detail":"2 Ladepunkte · Normalladen"},"geometry":{"type":"Point","coordinates":[11.61809,48.15211]}},{"type":"Feature","properties":{"kind":"charging","label":"Karlstr. 47","detail":"2 Ladepunkte · Normalladen"},"geometry":{"type":"Point","coordinates":[11.55979,48.14499]}},{"type":"Feature","properties":{"kind":"charging","label":"Wirtstr. 11","detail":"2 Ladepunkte · Normalladen"},"geometry":{"type":"Point","coordinates":[11.57759,48.11237]}},{"type":"Feature","properties":{"kind":"charging","label":"Hohenwaldeckstr. 18","detail":"4 Ladepunkte · Normalladen"},"geometry":{"type":"Point","coordinates":[11.59414,48.11641]}},{"type":"Feature","properties":{"kind":"charging","label":"Marklandstr. 3","detail":"3 Ladepunkte · Schnellladen"},"geometry":{"type":"Point","coordinates":[11.6045,48.09249]}},{"type":"Feature","properties":{"kind":"charging","label":"Kleinstr. 2","detail":"4 Ladepunkte · Normalladen"},"geometry":{"type":"Point","coordinates":[11.53968,48.09987]}},{"type":"Feature","properties":{"kind":"charging","label":"Lilienstr. 55 / ggü. Lilienstr. 42","detail":"4 Ladepunkte · Normalladen"},"geometry":{"type":"Point","coordinates":[11.58576,48.12859]}},{"type":"Feature","properties":{"kind":"charging","label":"Finkenstraße 4","detail":"4 Ladepunkte · Normalladen"},"geometry":{"type":"Point","coordinates":[11.57477,48.14387]}},{"type":"Feature","properties":{"kind":"charging","label":"Jungfernturmstr.","detail":"4 Ladepunkte · Normalladen"},"geometry":{"type":"Point","coordinates":[11.57318,48.14208]}},{"type":"Feature","properties":{"kind":"charging","label":"Albert-Bayerle-Platz 2","detail":"4 Ladepunkte · Normalladen"},"geometry":{"type":"Point","coordinates":[11.52964,48.10013]}},{"type":"Feature","properties":{"kind":"charging","label":"Josef-Lang-Str.7","detail":"4 Ladepunkte · Normalladen"},"geometry":{"type":"Point","coordinates":[11.47152,48.14988]}},{"type":"Feature","properties":{"kind":"charging","label":"Graf-Konrad-Str. 1","detail":"4 Ladepunkte · Normalladen"},"geometry":{"type":"Point","coordinates":[11.56638,48.18243]}},{"type":"Feature","properties":{"kind":"charging","label":"Kogenhagenstr. 11","detail":"1 Ladepunkt · Normalladen"},"geometry":{"type":"Point","coordinates":[11.68523,48.1295]}},{"type":"Feature","properties":{"kind":"charging","label":"Gertrud-Grunow-Str. 6","detail":"2 Ladepunkte · Normalladen"},"geometry":{"type":"Point","coordinates":[11.59678,48.1839]}},{"type":"Feature","properties":{"kind":"charging","label":"Liebigstraße ggü. 7+9","detail":"4 Ladepunkte · Normalladen"},"geometry":{"type":"Point","coordinates":[11.5866,48.1414]}},{"type":"Feature","properties":{"kind":"charging","label":"Blodigstraße 1","detail":"4 Ladepunkte · Normalladen"},"geometry":{"type":"Point","coordinates":[11.55629,48.21354]}},{"type":"Feature","properties":{"kind":"charging","label":"Thomas-Dehler-Straße 20","detail":"4 Ladepunkte · Normalladen"},"geometry":{"type":"Point","coordinates":[11.6448,48.09849]}},{"type":"Feature","properties":{"kind":"charging","label":"Fritz-Meyer-Weg 55","detail":"4 Ladepunkte · Normalladen"},"geometry":{"type":"Point","coordinates":[11.63564,48.17243]}},{"type":"Feature","properties":{"kind":"charging","label":"Robert-Heger-Str. 20","detail":"4 Ladepunkte · Normalladen"},"geometry":{"type":"Point","coordinates":[11.64266,48.15855]}},{"type":"Feature","properties":{"kind":"charging","label":"Hollandstraße 2","detail":"4 Ladepunkte · Normalladen"},"geometry":{"type":"Point","coordinates":[11.5968,48.17232]}},{"type":"Feature","properties":{"kind":"charging","label":"Winzererstr. 90","detail":"4 Ladepunkte · Normalladen"},"geometry":{"type":"Point","coordinates":[11.56205,48.16175]}},{"type":"Feature","properties":{"kind":"charging","label":"Morassistr. 10 - 14","detail":"2 Ladepunkte · Normalladen"},"geometry":{"type":"Point","coordinates":[11.58253,48.13221]}},{"type":"Feature","properties":{"kind":"charging","label":"Schellingstraße 151","detail":"4 Ladepunkte · Normalladen"},"geometry":{"type":"Point","coordinates":[11.55989,48.15476]}},{"type":"Feature","properties":{"kind":"charging","label":"Rosenheimer Pl. 6","detail":"4 Ladepunkte · Normalladen"},"geometry":{"type":"Point","coordinates":[11.5941,48.12908]}},{"type":"Feature","properties":{"kind":"charging","label":"Hiltenspergerstr. gegenüber 51","detail":"4 Ladepunkte · Normalladen"},"geometry":{"type":"Point","coordinates":[11.56685,48.16082]}},{"type":"Feature","properties":{"kind":"charging","label":"Karl-Theodor-Str. gegenüber 47","detail":"6 Ladepunkte · Normalladen"},"geometry":{"type":"Point","coordinates":[11.57876,48.16667]}},{"type":"Feature","properties":{"kind":"charging","label":"Mariahilfplatz 13","detail":"4 Ladepunkte · Normalladen"},"geometry":{"type":"Point","coordinates":[11.5842,48.12522]}},{"type":"Feature","properties":{"kind":"charging","label":"Johann-Clanze-Str.24","detail":"3 Ladepunkte · Normalladen"},"geometry":{"type":"Point","coordinates":[11.53419,48.11272]}},{"type":"Feature","properties":{"kind":"charging","label":"Donauwörthstraße 51 ggü.","detail":"4 Ladepunkte · Normalladen"},"geometry":{"type":"Point","coordinates":[11.49631,48.18416]}},{"type":"Feature","properties":{"kind":"charging","label":"Wöhlerstr. / Faistenlohestr. 15","detail":"4 Ladepunkte · Normalladen"},"geometry":{"type":"Point","coordinates":[11.46459,48.16919]}},{"type":"Feature","properties":{"kind":"charging","label":"Menterstr. 120","detail":"4 Ladepunkte · Normalladen"},"geometry":{"type":"Point","coordinates":[11.46753,48.16108]}},{"type":"Feature","properties":{"kind":"charging","label":"Lucia-Popp-Bogen / Bergsonstraße 101c","detail":"4 Ladepunkte · Normalladen"},"geometry":{"type":"Point","coordinates":[11.43635,48.16333]}},{"type":"Feature","properties":{"kind":"charging","label":"Peter-Kreuder-Straße 5","detail":"4 Ladepunkte · Normalladen"},"geometry":{"type":"Point","coordinates":[11.44568,48.15972]}},{"type":"Feature","properties":{"kind":"charging","label":"Riedgaustraße 15 / Berg-am-Laim-Str. 61","detail":"4 Ladepunkte · Normalladen"},"geometry":{"type":"Point","coordinates":[11.61723,48.131]}},{"type":"Feature","properties":{"kind":"charging","label":"Marienburger Str. 1","detail":"1 Ladepunkt · Normalladen"},"geometry":{"type":"Point","coordinates":[11.64425,48.14753]}},{"type":"Feature","properties":{"kind":"charging","label":"Quiddestraße 44","detail":"4 Ladepunkte · Normalladen"},"geometry":{"type":"Point","coordinates":[11.64113,48.10923]}},{"type":"Feature","properties":{"kind":"charging","label":"Therese-Giese-Allee 35 / Horst-Caspar-Straße 4","detail":"4 Ladepunkte · Normalladen"},"geometry":{"type":"Point","coordinates":[11.64262,48.09321]}},{"type":"Feature","properties":{"kind":"charging","label":"ggü. Adelgundenstr. 1 / Ecke Thierschstr. 25","detail":"4 Ladepunkte · Normalladen"},"geometry":{"type":"Point","coordinates":[11.58646,48.13519]}},{"type":"Feature","properties":{"kind":"charging","label":"Widenmayerstr. 14","detail":"4 Ladepunkte · Normalladen"},"geometry":{"type":"Point","coordinates":[11.59356,48.14008]}},{"type":"Feature","properties":{"kind":"charging","label":"Oskar-Maria-Graf-Ring 10","detail":"2 Ladepunkte · Normalladen"},"geometry":{"type":"Point","coordinates":[11.65768,48.09836]}},{"type":"Feature","properties":{"kind":"charging","label":"Klenzestr. 82","detail":"4 Ladepunkte · Normalladen"},"geometry":{"type":"Point","coordinates":[11.56998,48.12615]}},{"type":"Feature","properties":{"kind":"charging","label":"Galeriestr. 4","detail":"4 Ladepunkte · Normalladen"},"geometry":{"type":"Point","coordinates":[11.58035,48.14379]}},{"type":"Feature","properties":{"kind":"charging","label":"ggü. Seeaustraße 1","detail":"4 Ladepunkte · Normalladen"},"geometry":{"type":"Point","coordinates":[11.59298,48.14411]}},{"type":"Feature","properties":{"kind":"charging","label":"Prinzregentenstr. 18 in Bruderstraße","detail":"4 Ladepunkte · Normalladen"},"geometry":{"type":"Point","coordinates":[11.58698,48.14305]}},{"type":"Feature","properties":{"kind":"charging","label":"ggü. Amalienstraße 93","detail":"4 Ladepunkte · Normalladen"},"geometry":{"type":"Point","coordinates":[11.57945,48.15171]}},{"type":"Feature","properties":{"kind":"charging","label":"Baaderstr. 50","detail":"4 Ladepunkte · Normalladen"},"geometry":{"type":"Point","coordinates":[11.57754,48.12986]}},{"type":"Feature","properties":{"kind":"charging","label":"Krüner Str. 2","detail":"4 Ladepunkte · Normalladen"},"geometry":{"type":"Point","coordinates":[11.52814,48.11845]}},{"type":"Feature","properties":{"kind":"charging","label":"Pickelstr. 1","detail":"4 Ladepunkte · Normalladen"},"geometry":{"type":"Point","coordinates":[11.53455,48.16916]}},{"type":"Feature","properties":{"kind":"charging","label":"Emmy-Noether-Straße 2","detail":"4 Ladepunkte · Normalladen"},"geometry":{"type":"Point","coordinates":[11.53109,48.17125]}},{"type":"Feature","properties":{"kind":"charging","label":"Gartenstr. 1","detail":"2 Ladepunkte · Normalladen"},"geometry":{"type":"Point","coordinates":[11.5625,48.17234]}},{"type":"Feature","properties":{"kind":"charging","label":"Reisingerstr. 10","detail":"3 Ladepunkte · Normalladen"},"geometry":{"type":"Point","coordinates":[11.56509,48.13084]}},{"type":"Feature","properties":{"kind":"charging","label":"Schmalkaldenerstr. 14","detail":"4 Ladepunkte · Normalladen"},"geometry":{"type":"Point","coordinates":[11.57823,48.18693]}},{"type":"Feature","properties":{"kind":"charging","label":"Grasmeierstr./Ecke Ungererstr.","detail":"4 Ladepunkte · Normalladen"},"geometry":{"type":"Point","coordinates":[11.60824,48.1831]}},{"type":"Feature","properties":{"kind":"charging","label":"Kunigundenstr. 30","detail":"4 Ladepunkte · Normalladen"},"geometry":{"type":"Point","coordinates":[11.59192,48.16604]}},{"type":"Feature","properties":{"kind":"charging","label":"Bonner Str. 26 ggü","detail":"2 Ladepunkte · Normalladen"},"geometry":{"type":"Point","coordinates":[11.57774,48.16946]}},{"type":"Feature","properties":{"kind":"charging","label":"Kraepelinstr. 41","detail":"4 Ladepunkte · Normalladen"},"geometry":{"type":"Point","coordinates":[11.57466,48.17312]}},{"type":"Feature","properties":{"kind":"charging","label":"Helene-Mayer-Ring 2","detail":"2 Ladepunkte · Normalladen"},"geometry":{"type":"Point","coordinates":[11.5534,48.18307]}},{"type":"Feature","properties":{"kind":"charging","label":"Hofangerstr. 84","detail":"2 Ladepunkte · Normalladen"},"geometry":{"type":"Point","coordinates":[11.62735,48.11023]}},{"type":"Feature","properties":{"kind":"charging","label":"Eisenacherstr. 17","detail":"4 Ladepunkte · Normalladen"},"geometry":{"type":"Point","coordinates":[11.58248,48.17355]}},{"type":"Feature","properties":{"kind":"charging","label":"Solalindenstr. 26","detail":"3 Ladepunkte · Normalladen"},"geometry":{"type":"Point","coordinates":[11.67437,48.11908]}},{"type":"Feature","properties":{"kind":"charging","label":"Nordendstraße 23","detail":"4 Ladepunkte · Normalladen"},"geometry":{"type":"Point","coordinates":[11.5752,48.15546]}},{"type":"Feature","properties":{"kind":"charging","label":"Ainmillerstr. 39","detail":"4 Ladepunkte · Normalladen"},"geometry":{"type":"Point","coordinates":[11.576,48.15908]}},{"type":"Feature","properties":{"kind":"charging","label":"Jakob-Klar-Str. 14 / Hohenzollernstr. 69","detail":"2 Ladepunkte · Normalladen"},"geometry":{"type":"Point","coordinates":[11.57196,48.16051]}},{"type":"Feature","properties":{"kind":"charging","label":"Herzogstr. 61","detail":"4 Ladepunkte · Normalladen"},"geometry":{"type":"Point","coordinates":[11.57619,48.16254]}},{"type":"Feature","properties":{"kind":"charging","label":"Ettalstr. 44","detail":"4 Ladepunkte · Normalladen"},"geometry":{"type":"Point","coordinates":[11.51437,48.11783]}},{"type":"Feature","properties":{"kind":"charging","label":"Görresstr. 48","detail":"2 Ladepunkte · Normalladen"},"geometry":{"type":"Point","coordinates":[11.56044,48.1563]}},{"type":"Feature","properties":{"kind":"charging","label":"Georgenstr. 104","detail":"4 Ladepunkte · Normalladen"},"geometry":{"type":"Point","coordinates":[11.5677,48.15682]}},{"type":"Feature","properties":{"kind":"charging","label":"Schöttlstr. 18","detail":"4 Ladepunkte · Normalladen"},"geometry":{"type":"Point","coordinates":[11.53673,48.1091]}},{"type":"Feature","properties":{"kind":"charging","label":"Seeriederstr. 29","detail":"6 Ladepunkte · Normalladen"},"geometry":{"type":"Point","coordinates":[11.60214,48.13399]}},{"type":"Feature","properties":{"kind":"charging","label":"ggü. Colmarer Str. 1","detail":"1 Ladepunkt · Normalladen"},"geometry":{"type":"Point","coordinates":[11.53753,48.09596]}},{"type":"Feature","properties":{"kind":"charging","label":"Hirschbergstraße 2 / Landshuter Allee 27","detail":"4 Ladepunkte · Normalladen"},"geometry":{"type":"Point","coordinates":[11.53601,48.14914]}},{"type":"Feature","properties":{"kind":"charging","label":"Ridlerstr. 55","detail":"4 Ladepunkte · Normalladen"},"geometry":{"type":"Point","coordinates":[11.5322,48.13419]}},{"type":"Feature","properties":{"kind":"charging","label":"Erika-Mann-Straße 59","detail":"4 Ladepunkte · Normalladen"},"geometry":{"type":"Point","coordinates":[11.53736,48.14336]}},{"type":"Feature","properties":{"kind":"charging","label":"Bernhard-Wicki-Str. 8","detail":"4 Ladepunkte · Normalladen"},"geometry":{"type":"Point","coordinates":[11.54779,48.14267]}},{"type":"Feature","properties":{"kind":"charging","label":"Mailingerstr. 30","detail":"4 Ladepunkte · Normalladen"},"geometry":{"type":"Point","coordinates":[11.54342,48.14726]}},{"type":"Feature","properties":{"kind":"charging","label":"Mailingerstr. 9","detail":"2 Ladepunkte · Normalladen"},"geometry":{"type":"Point","coordinates":[11.54579,48.14889]}},{"type":"Feature","properties":{"kind":"charging","label":"Albrechtstr. 14","detail":"4 Ladepunkte · Normalladen"},"geometry":{"type":"Point","coordinates":[11.54138,48.15422]}},{"type":"Feature","properties":{"kind":"charging","label":"Cosimawellenbad","detail":"Normalladen"},"geometry":{"type":"Point","coordinates":[11.62868,48.1552]}},{"type":"Feature","properties":{"kind":"charging","label":"Bavariastr. 5a","detail":"4 Ladepunkte · Normalladen"},"geometry":{"type":"Point","coordinates":[11.54623,48.12651]}},{"type":"Feature","properties":{"kind":"charging","label":"Leopoldstraße 49 / Südseite Kaiserstraße","detail":"4 Ladepunkte · Normalladen"},"geometry":{"type":"Point","coordinates":[11.58547,48.16038]}},{"type":"Feature","properties":{"kind":"charging","label":"Franz-Joseph-Str. 23 / Ostseite Friedrichstraße","detail":"2 Ladepunkte · Normalladen"},"geometry":{"type":"Point","coordinates":[11.57993,48.15761]}},{"type":"Feature","properties":{"kind":"charging","label":"Liprunstr. 57 / Lothstr.","detail":"4 Ladepunkte · Normalladen"},"geometry":{"type":"Point","coordinates":[11.54931,48.15162]}},{"type":"Feature","properties":{"kind":"charging","label":"ggü. Sandstr. 47","detail":"4 Ladepunkte · Normalladen"},"geometry":{"type":"Point","coordinates":[11.55749,48.15046]}},{"type":"Feature","properties":{"kind":"charging","label":"Raglovichstr. 3","detail":"4 Ladepunkte · Normalladen"},"geometry":{"type":"Point","coordinates":[11.54038,48.15986]}},{"type":"Feature","properties":{"kind":"charging","label":"Beethovenspl. 4","detail":"2 Ladepunkte · Normalladen"},"geometry":{"type":"Point","coordinates":[11.55814,48.13256]}},{"type":"Feature","properties":{"kind":"charging","label":"Leopoldstr. 19 Ecke Franz-Joseph-Str.","detail":"4 Ladepunkte · Normalladen"},"geometry":{"type":"Point","coordinates":[11.58381,48.15728]}},{"type":"Feature","properties":{"kind":"charging","label":"Hönigschmidplatz","detail":"4 Ladepunkte · Normalladen"},"geometry":{"type":"Point","coordinates":[11.48947,48.13012]}},{"type":"Feature","properties":{"kind":"charging","label":"Landsberger Str. 337","detail":"4 Ladepunkte · Normalladen"},"geometry":{"type":"Point","coordinates":[11.49368,48.14386]}},{"type":"Feature","properties":{"kind":"charging","label":"Albrechtstr. 2/Lazarettstr.","detail":"2 Ladepunkte · Normalladen"},"geometry":{"type":"Point","coordinates":[11.54494,48.15131]}},{"type":"Feature","properties":{"kind":"charging","label":"Urbanstr. 6","detail":"2 Ladepunkte · Normalladen"},"geometry":{"type":"Point","coordinates":[11.5493,48.11097]}},{"type":"Feature","properties":{"kind":"charging","label":"Georg-Kerschensteiner-Str. 14","detail":"2 Ladepunkte · Normalladen"},"geometry":{"type":"Point","coordinates":[11.69693,48.13115]}},{"type":"Feature","properties":{"kind":"charging","label":"Riemer Straße 347","detail":"2 Ladepunkte · Normalladen"},"geometry":{"type":"Point","coordinates":[11.68132,48.14067]}},{"type":"Feature","properties":{"kind":"charging","label":"Theresienstr. 53","detail":"2 Ladepunkte · Normalladen"},"geometry":{"type":"Point","coordinates":[11.56521,48.15079]}},{"type":"Feature","properties":{"kind":"charging","label":"Hermann-Weinhauser-Str. 43","detail":"2 Ladepunkte · Normalladen"},"geometry":{"type":"Point","coordinates":[11.62898,48.13343]}},{"type":"Feature","properties":{"kind":"charging","label":"Kölner Platz 6","detail":"2 Ladepunkte · Normalladen"},"geometry":{"type":"Point","coordinates":[11.57773,48.16988]}},{"type":"Feature","properties":{"kind":"charging","label":"Cosimastraße 137","detail":"2 Ladepunkte · Normalladen"},"geometry":{"type":"Point","coordinates":[11.62925,48.1649]}},{"type":"Feature","properties":{"kind":"charging","label":"Aindorferstr. 91a","detail":"3 Ladepunkte · Normalladen"},"geometry":{"type":"Point","coordinates":[11.49993,48.13115]}},{"type":"Feature","properties":{"kind":"charging","label":"Aindorferstr. 135","detail":"4 Ladepunkte · Normalladen"},"geometry":{"type":"Point","coordinates":[11.49447,48.13226]}},{"type":"Feature","properties":{"kind":"charging","label":"Prinzregentenplatz","detail":"4 Ladepunkte · Normalladen"},"geometry":{"type":"Point","coordinates":[11.60471,48.13935]}},{"type":"Feature","properties":{"kind":"charging","label":"Schellingstr. 10","detail":"2 Ladepunkte · Normalladen"},"geometry":{"type":"Point","coordinates":[11.57878,48.14954]}},{"type":"Feature","properties":{"kind":"charging","label":"Appenzellerstraße 19","detail":"3 Ladepunkte · Normalladen"},"geometry":{"type":"Point","coordinates":[11.47943,48.09013]}},{"type":"Feature","properties":{"kind":"charging","label":"Gmunderstr. 35-35a","detail":"4 Ladepunkte · Normalladen"},"geometry":{"type":"Point","coordinates":[11.5265,48.09734]}},{"type":"Feature","properties":{"kind":"charging","label":"Marchioninistr. 10","detail":"2 Ladepunkte · Normalladen"},"geometry":{"type":"Point","coordinates":[11.47642,48.11341]}},{"type":"Feature","properties":{"kind":"charging","label":"Friedenheimer Str. 33","detail":"2 Ladepunkte · Normalladen"},"geometry":{"type":"Point","coordinates":[11.51093,48.13877]}},{"type":"Feature","properties":{"kind":"charging","label":"Josef-Frankl-Straße 1","detail":"2 Ladepunkte · Normalladen"},"geometry":{"type":"Point","coordinates":[11.53982,48.21386]}},{"type":"Feature","properties":{"kind":"charging","label":"ggü. Floriansmühlstraße 17","detail":"4 Ladepunkte · Normalladen"},"geometry":{"type":"Point","coordinates":[11.62043,48.1917]}},{"type":"Feature","properties":{"kind":"charging","label":"Landwehrstr. 11","detail":"4 Ladepunkte · Normalladen"},"geometry":{"type":"Point","coordinates":[11.56295,48.13629]}},{"type":"Feature","properties":{"kind":"charging","label":"Ganghoferstr. 2 / Westendstr. 89","detail":"4 Ladepunkte · Normalladen"},"geometry":{"type":"Point","coordinates":[11.5406,48.13791]}},{"type":"Feature","properties":{"kind":"charging","label":"Hans-Fischer-Str. 10","detail":"4 Ladepunkte · Normalladen"},"geometry":{"type":"Point","coordinates":[11.54401,48.12799]}},{"type":"Feature","properties":{"kind":"charging","label":"Lindenschmitstr. 11","detail":"4 Ladepunkte · Normalladen"},"geometry":{"type":"Point","coordinates":[11.54494,48.11831]}},{"type":"Feature","properties":{"kind":"charging","label":"Daiserstr. 1 / Lindwurmstraße 203","detail":"4 Ladepunkte · Normalladen"},"geometry":{"type":"Point","coordinates":[11.544,48.12194]}},{"type":"Feature","properties":{"kind":"charging","label":"Meindlstr. 20","detail":"4 Ladepunkte · Normalladen"},"geometry":{"type":"Point","coordinates":[11.53805,48.11745]}},{"type":"Feature","properties":{"kind":"charging","label":"Volmstr. 31","detail":"4 Ladepunkte · Normalladen"},"geometry":{"type":"Point","coordinates":[11.45366,48.14995]}},{"type":"Feature","properties":{"kind":"charging","label":"Kremser Str. 21","detail":"2 Ladepunkte · Normalladen"},"geometry":{"type":"Point","coordinates":[11.47895,48.14495]}},{"type":"Feature","properties":{"kind":"charging","label":"Lohensteinstr.8","detail":"2 Ladepunkte · Normalladen"},"geometry":{"type":"Point","coordinates":[11.48163,48.14267]}},{"type":"Feature","properties":{"kind":"charging","label":"Steubenpl.3","detail":"4 Ladepunkte · Normalladen"},"geometry":{"type":"Point","coordinates":[11.51999,48.15117]}},{"type":"Feature","properties":{"kind":"charging","label":"Titurelstraße 3","detail":"2 Ladepunkte · Normalladen"},"geometry":{"type":"Point","coordinates":[11.61848,48.16033]}},{"type":"Feature","properties":{"kind":"charging","label":"Maria-Wimmer-Str. 8","detail":"4 Ladepunkte · Normalladen"},"geometry":{"type":"Point","coordinates":[11.66082,48.08518]}},{"type":"Feature","properties":{"kind":"charging","label":"Hugo-Weiss-Straße 2","detail":"4 Ladepunkte · Normalladen"},"geometry":{"type":"Point","coordinates":[11.67692,48.11259]}},{"type":"Feature","properties":{"kind":"charging","label":"Ludwig-Richter-Straße 21","detail":"4 Ladepunkte · Normalladen"},"geometry":{"type":"Point","coordinates":[11.5178,48.13751]}},{"type":"Feature","properties":{"kind":"charging","label":"Hans-Thonauer-Straße 34","detail":"4 Ladepunkte · Normalladen"},"geometry":{"type":"Point","coordinates":[11.51256,48.13148]}},{"type":"Feature","properties":{"kind":"charging","label":"Fachnerstraße 52","detail":"4 Ladepunkte · Normalladen"},"geometry":{"type":"Point","coordinates":[11.50952,48.13116]}},{"type":"Feature","properties":{"kind":"charging","label":"Fürstenriederstr. 154 / Saherrstraße","detail":"2 Ladepunkte · Normalladen"},"geometry":{"type":"Point","coordinates":[11.50235,48.12696]}},{"type":"Feature","properties":{"kind":"charging","label":"Romanstr. 70a","detail":"4 Ladepunkte · Normalladen"},"geometry":{"type":"Point","coordinates":[11.51272,48.15558]}},{"type":"Feature","properties":{"kind":"charging","label":"Gärtnerstraße 60","detail":"6 Ladepunkte · Normalladen"},"geometry":{"type":"Point","coordinates":[11.53059,48.17765]}},{"type":"Feature","properties":{"kind":"charging","label":"Sedlmayerstr. 10a","detail":"4 Ladepunkte · Normalladen"},"geometry":{"type":"Point","coordinates":[11.53135,48.14659]}},{"type":"Feature","properties":{"kind":"charging","label":"Waisenhausstr. 52","detail":"4 Ladepunkte · Normalladen"},"geometry":{"type":"Point","coordinates":[11.52911,48.16321]}},{"type":"Feature","properties":{"kind":"charging","label":"Rosa-Bavarese-Str. 1","detail":"4 Ladepunkte · Normalladen"},"geometry":{"type":"Point","coordinates":[11.50253,48.14695]}},{"type":"Feature","properties":{"kind":"charging","label":"Goetheplatz (City2Share)","detail":"2 Ladepunkte · Normalladen"},"geometry":{"type":"Point","coordinates":[11.55829,48.12921]}},{"type":"Feature","properties":{"kind":"charging","label":"Zenettiplatz (City2Share)","detail":"4 Ladepunkte · Normalladen"},"geometry":{"type":"Point","coordinates":[11.55574,48.12443]}},{"type":"Feature","properties":{"kind":"charging","label":"Kidlerplatz (City2Share)","detail":"3 Ladepunkte · Normalladen"},"geometry":{"type":"Point","coordinates":[11.54149,48.11687]}},{"type":"Feature","properties":{"kind":"charging","label":"P+R Fröttmaning","detail":"Normalladen"},"geometry":{"type":"Point","coordinates":[11.61923,48.21077]}},{"type":"Feature","properties":{"kind":"charging","label":"P+R Neuperlach","detail":"Normalladen"},"geometry":{"type":"Point","coordinates":[11.64609,48.08704]}},{"type":"Feature","properties":{"kind":"charging","label":"Wendel-Dietrich-Str. 21b","detail":"Normalladen"},"geometry":{"type":"Point","coordinates":[11.5268,48.15164]}},{"type":"Feature","properties":{"kind":"charging","label":"Blumenauer Straße 21 - Südseite in der Wastl-Witt-Str.","detail":"4 Ladepunkte · Normalladen"},"geometry":{"type":"Point","coordinates":[11.47374,48.12818]}},{"type":"Feature","properties":{"kind":"charging","label":"Türkenbundweg 9 / Ecke Krokusstr.","detail":"2 Ladepunkte · Normalladen"},"geometry":{"type":"Point","coordinates":[11.48176,48.12612]}},{"type":"Feature","properties":{"kind":"charging","label":"Kolbergstr. 15","detail":"4 Ladepunkte · Normalladen"},"geometry":{"type":"Point","coordinates":[11.60583,48.15103]}},{"type":"Feature","properties":{"kind":"charging","label":"Ismaninger Straße 57","detail":"4 Ladepunkte · Normalladen"},"geometry":{"type":"Point","coordinates":[11.60105,48.14217]}},{"type":"Feature","properties":{"kind":"charging","label":"Sternwartstr. 4","detail":"4 Ladepunkte · Normalladen"},"geometry":{"type":"Point","coordinates":[11.6039,48.14563]}},{"type":"Feature","properties":{"kind":"charging","label":"Pienzenauerstr. 1 / Kufsteinplatz 1","detail":"2 Ladepunkte · Normalladen"},"geometry":{"type":"Point","coordinates":[11.60167,48.15042]}},{"type":"Feature","properties":{"kind":"charging","label":"Delpstr. 34 / Denninger Straße 32","detail":"2 Ladepunkte · Normalladen"},"geometry":{"type":"Point","coordinates":[11.61307,48.14902]}},{"type":"Feature","properties":{"kind":"charging","label":"Sommerstr. 1 / Kolumbusstr. 1 / Schlotthauerstr. 4","detail":"4 Ladepunkte · Normalladen"},"geometry":{"type":"Point","coordinates":[11.57577,48.12301]}},{"type":"Feature","properties":{"kind":"charging","label":"Eduard-Schmid-Str. 2 / Schweigerstr. 2","detail":"4 Ladepunkte · Normalladen"},"geometry":{"type":"Point","coordinates":[11.58078,48.12768]}},{"type":"Feature","properties":{"kind":"charging","label":"Aurbachstr. 11 / ggü. Aurbacherstr. 8","detail":"4 Ladepunkte · Normalladen"},"geometry":{"type":"Point","coordinates":[11.59033,48.1226]}},{"type":"Feature","properties":{"kind":"charging","label":"Steinstr. 29","detail":"2 Ladepunkte · Normalladen"},"geometry":{"type":"Point","coordinates":[11.59639,48.13247]}},{"type":"Feature","properties":{"kind":"charging","label":"Richelstraße 11","detail":"2 Ladepunkte · Normalladen"},"geometry":{"type":"Point","coordinates":[11.52932,48.14559]}},{"type":"Feature","properties":{"kind":"charging","label":"Winzererstr. 156","detail":"4 Ladepunkte · Normalladen"},"geometry":{"type":"Point","coordinates":[11.56158,48.16876]}},{"type":"Feature","properties":{"kind":"charging","label":"Hiltenspergerstr. 68","detail":"4 Ladepunkte · Normalladen"},"geometry":{"type":"Point","coordinates":[11.56638,48.16415]}},{"type":"Feature","properties":{"kind":"charging","label":"Gerhardstr. 7","detail":"2 Ladepunkte · Normalladen"},"geometry":{"type":"Point","coordinates":[11.56891,48.11607]}},{"type":"Feature","properties":{"kind":"charging","label":"Pilgersheimer Str. 13 / Ecke Kupferhammerstr.","detail":"4 Ladepunkte · Normalladen"},"geometry":{"type":"Point","coordinates":[11.57482,48.11833]}},{"type":"Feature","properties":{"kind":"charging","label":"Dieter-Hildebrandt-Str. 26","detail":"2 Ladepunkte · Normalladen"},"geometry":{"type":"Point","coordinates":[11.62197,48.10181]}},{"type":"Feature","properties":{"kind":"charging","label":"Görzer Str. 115","detail":"2 Ladepunkte · Normalladen"},"geometry":{"type":"Point","coordinates":[11.61002,48.10112]}},{"type":"Feature","properties":{"kind":"charging","label":"Edinburghplatz 50","detail":"4 Ladepunkte · Normalladen"},"geometry":{"type":"Point","coordinates":[11.68842,48.13364]}},{"type":"Feature","properties":{"kind":"charging","label":"Bajuwarenstraße 71","detail":"2 Ladepunkte · Normalladen"},"geometry":{"type":"Point","coordinates":[11.65894,48.11848]}},{"type":"Feature","properties":{"kind":"charging","label":"Phantasiestraße 2 ggü","detail":"2 Ladepunkte · Normalladen"},"geometry":{"type":"Point","coordinates":[11.70208,48.11347]}},{"type":"Feature","properties":{"kind":"charging","label":"Rückertstraße 1","detail":"2 Ladepunkte · Normalladen"},"geometry":{"type":"Point","coordinates":[11.55531,48.13259]}},{"type":"Feature","properties":{"kind":"charging","label":"Alfred-Schmid-Straße 34 (Pognerstraße)","detail":"2 Ladepunkte · Normalladen"},"geometry":{"type":"Point","coordinates":[11.54611,48.10286]}},{"type":"Feature","properties":{"kind":"charging","label":"Ysenburgstr./Nymphenburgstr. 168","detail":"4 Ladepunkte · Normalladen"},"geometry":{"type":"Point","coordinates":[11.53354,48.15402]}},{"type":"Feature","properties":{"kind":"charging","label":"Gräfstraße / Am Knie 3","detail":"2 Ladepunkte · Normalladen"},"geometry":{"type":"Point","coordinates":[11.4737,48.14249]}},{"type":"Feature","properties":{"kind":"charging","label":"Wendel-Dietrich-Str. 21a","detail":"4 Ladepunkte · Normalladen"},"geometry":{"type":"Point","coordinates":[11.52733,48.15169]}},{"type":"Feature","properties":{"kind":"charging","label":"Allgäuer Straße 40","detail":"2 Ladepunkte · Normalladen"},"geometry":{"type":"Point","coordinates":[11.48551,48.08338]}},{"type":"Feature","properties":{"kind":"charging","label":"Goetheplatz (City2Share) Häberlstr.","detail":"2 Ladepunkte · Normalladen"},"geometry":{"type":"Point","coordinates":[11.55829,48.12892]}},{"type":"Feature","properties":{"kind":"charging","label":"qwello: Barer Straße","detail":"4 Ladepunkte · Normalladen"},"geometry":{"type":"Point","coordinates":[11.57241,48.14984]}},{"type":"Feature","properties":{"kind":"charging","label":"Straßbergstr. 32","detail":"2 Ladepunkte · Normalladen"},"geometry":{"type":"Point","coordinates":[11.54962,48.18507]}},{"type":"Feature","properties":{"kind":"charging","label":"Rumfordstraße 7/Reichenbachplatz","detail":"4 Ladepunkte · Normalladen"},"geometry":{"type":"Point","coordinates":[11.57637,48.1334]}},{"type":"Feature","properties":{"kind":"charging","label":"Elsässer Straße 19","detail":"4 Ladepunkte · Normalladen"},"geometry":{"type":"Point","coordinates":[11.60516,48.13066]}},{"type":"Feature","properties":{"kind":"charging","label":"Jakob-Kaiser-Str. 9","detail":"2 Ladepunkte · Normalladen"},"geometry":{"type":"Point","coordinates":[11.64035,48.10389]}},{"type":"Feature","properties":{"kind":"charging","label":"Karl-Weinmair-Str.","detail":"4 Ladepunkte · Normalladen"},"geometry":{"type":"Point","coordinates":[11.5884,48.17957]}},{"type":"Feature","properties":{"kind":"charging","label":"Rumfordstr. 49","detail":"4 Ladepunkte · Normalladen"},"geometry":{"type":"Point","coordinates":[11.58176,48.13377]}},{"type":"Feature","properties":{"kind":"charging","label":"Pfarrweg 32 / Balanstr. 154","detail":"4 Ladepunkte · Normalladen"},"geometry":{"type":"Point","coordinates":[11.60361,48.10933]}},{"type":"Feature","properties":{"kind":"charging","label":"Germaniastr. 20","detail":"4 Ladepunkte · Normalladen"},"geometry":{"type":"Point","coordinates":[11.5882,48.1671]}},{"type":"Feature","properties":{"kind":"charging","label":"Bruggspergerstr. 2","detail":"2 Ladepunkte · Normalladen"},"geometry":{"type":"Point","coordinates":[11.56113,48.08636]}},{"type":"Feature","properties":{"kind":"charging","label":"Herzogstr. 105","detail":"4 Ladepunkte · Normalladen"},"geometry":{"type":"Point","coordinates":[11.56868,48.16313]}},{"type":"Feature","properties":{"kind":"charging","label":"Schellingstr. 84","detail":"2 Ladepunkte · Normalladen"},"geometry":{"type":"Point","coordinates":[11.56844,48.15246]}},{"type":"Feature","properties":{"kind":"charging","label":"Lautenschlägerstr. 19","detail":"2 Ladepunkte · Normalladen"},"geometry":{"type":"Point","coordinates":[11.46671,48.18895]}},{"type":"Feature","properties":{"kind":"charging","label":"Limmatstraße 2","detail":"2 Ladepunkte · Normalladen"},"geometry":{"type":"Point","coordinates":[11.50094,48.09447]}},{"type":"Feature","properties":{"kind":"charging","label":"Joseph-Dollinger-Bogen","detail":"3 Ladepunkte · Schnellladen"},"geometry":{"type":"Point","coordinates":[11.60569,48.18571]}},{"type":"Feature","properties":{"kind":"charging","label":"Gustav-Mahler-Str. 3","detail":"3 Ladepunkte · Schnellladen"},"geometry":{"type":"Point","coordinates":[11.60296,48.20178]}},{"type":"Feature","properties":{"kind":"charging","label":"Hörwarthstr. 2","detail":"4 Ladepunkte · Normalladen"},"geometry":{"type":"Point","coordinates":[11.58566,48.16857]}},{"type":"Feature","properties":{"kind":"charging","label":"Lieberweg 48","detail":"4 Ladepunkte · Normalladen"},"geometry":{"type":"Point","coordinates":[11.57303,48.20521]}},{"type":"Feature","properties":{"kind":"charging","label":"Am Mitterfeld 27","detail":"2 Ladepunkte · Normalladen"},"geometry":{"type":"Point","coordinates":[11.67587,48.12851]}},{"type":"Feature","properties":{"kind":"charging","label":"Haager Straße 10","detail":"3 Ladepunkte · Schnellladen"},"geometry":{"type":"Point","coordinates":[11.6084,48.12656]}},{"type":"Feature","properties":{"kind":"charging","label":"Meglingerstraße 19 / ggü. Staffelseestraße 2","detail":"3 Ladepunkte · Schnellladen"},"geometry":{"type":"Point","coordinates":[11.50699,48.09217]}},{"type":"Feature","properties":{"kind":"charging","label":"Aschauer Straße","detail":"3 Ladepunkte · Schnellladen"},"geometry":{"type":"Point","coordinates":[11.60149,48.10391]}},{"type":"Feature","properties":{"kind":"charging","label":"Kaflerstr. 15","detail":"5 Ladepunkte · Schnellladen"},"geometry":{"type":"Point","coordinates":[11.45786,48.14969]}},{"type":"Feature","properties":{"kind":"charging","label":"Gabelsbergerstr. 35","detail":"2 Ladepunkte · Normalladen"},"geometry":{"type":"Point","coordinates":[11.56823,48.14749]}},{"type":"Feature","properties":{"kind":"charging","label":"qwello: Adalbertstraße","detail":"3 Ladepunkte · Normalladen"},"geometry":{"type":"Point","coordinates":[11.57327,48.15379]}},{"type":"Feature","properties":{"kind":"charging","label":"Kirchseeoner Straße 5","detail":"3 Ladepunkte · Schnellladen"},"geometry":{"type":"Point","coordinates":[11.61722,48.11557]}},{"type":"Feature","properties":{"kind":"charging","label":"Parzivalplatz","detail":"3 Ladepunkte · Schnellladen"},"geometry":{"type":"Point","coordinates":[11.5852,48.1712]}},{"type":"Feature","properties":{"kind":"charging","label":"Pariser Straße 30","detail":"3 Ladepunkte · Schnellladen"},"geometry":{"type":"Point","coordinates":[11.59895,48.12754]}},{"type":"Feature","properties":{"kind":"charging","label":"Ganghoferstraße/Georg-Freundorfer-Platz","detail":"3 Ladepunkte · Schnellladen"},"geometry":{"type":"Point","coordinates":[11.53982,48.13452]}},{"type":"Feature","properties":{"kind":"charging","label":"Deroystraße 4","detail":"3 Ladepunkte · Schnellladen"},"geometry":{"type":"Point","coordinates":[11.54601,48.1458]}},{"type":"Feature","properties":{"kind":"charging","label":"Trappentreustraße","detail":"3 Ladepunkte · Schnellladen"},"geometry":{"type":"Point","coordinates":[11.53437,48.13713]}},{"type":"Feature","properties":{"kind":"charging","label":"Destouchesstr. 73","detail":"2 Ladepunkte · Normalladen"},"geometry":{"type":"Point","coordinates":[11.5722,48.16474]}},{"type":"Feature","properties":{"kind":"charging","label":"ggü. Arcostr. 6 / Ecke Sophienstr.","detail":"4 Ladepunkte · Normalladen"},"geometry":{"type":"Point","coordinates":[11.56609,48.14213]}},{"type":"Feature","properties":{"kind":"charging","label":"ggü. Feilitzschstr. 17","detail":"2 Ladepunkte · Normalladen"},"geometry":{"type":"Point","coordinates":[11.58973,48.161]}},{"type":"Feature","properties":{"kind":"charging","label":"Grünecker Straße 14 / Ecke Kohlrauschstraße 19","detail":"4 Ladepunkte · Normalladen"},"geometry":{"type":"Point","coordinates":[11.59682,48.17948]}},{"type":"Feature","properties":{"kind":"charging","label":"Stengelstraße 2","detail":"4 Ladepunkte · Normalladen"},"geometry":{"type":"Point","coordinates":[11.59407,48.16977]}},{"type":"Feature","properties":{"kind":"charging","label":"Wirtstr. 14","detail":"2 Ladepunkte · Normalladen"},"geometry":{"type":"Point","coordinates":[11.57603,48.11278]}},{"type":"Feature","properties":{"kind":"charging","label":"Rotwandstr. 6","detail":"2 Ladepunkte · Normalladen"},"geometry":{"type":"Point","coordinates":[11.58717,48.1149]}},{"type":"Feature","properties":{"kind":"charging","label":"Untersbergstraße 72 / Weißenseestraße 86","detail":"4 Ladepunkte · Normalladen"},"geometry":{"type":"Point","coordinates":[11.58367,48.10804]}},{"type":"Feature","properties":{"kind":"carsharing","label":"Ellis-Kaut-Straße","detail":"allgemein/freefloating"},"geometry":{"type":"Point","coordinates":[11.40727,48.1453]}},{"type":"Feature","properties":{"kind":"carsharing","label":"Georg-Freundorfer-Platz","detail":"allgemein/freefloating"},"geometry":{"type":"Point","coordinates":[11.53855,48.13316]}},{"type":"Feature","properties":{"kind":"carsharing","label":"Gollierplatz","detail":"allgemein/freefloating"},"geometry":{"type":"Point","coordinates":[11.53462,48.13609]}},{"type":"Feature","properties":{"kind":"carsharing","label":"Hohenzollernplatz","detail":"allgemein/freefloating"},"geometry":{"type":"Point","coordinates":[11.56717,48.16089]}},{"type":"Feature","properties":{"kind":"carsharing","label":"Fürstenried West","detail":"allgemein/freefloating"},"geometry":{"type":"Point","coordinates":[11.47992,48.08945]}},{"type":"Feature","properties":{"kind":"carsharing","label":"Destoucheestraße","detail":"allgemein/freefloating"},"geometry":{"type":"Point","coordinates":[11.57374,48.16461]}},{"type":"Feature","properties":{"kind":"carsharing","label":"Forstenrieder Allee","detail":"allgemein/freefloating"},"geometry":{"type":"Point","coordinates":[11.49823,48.09587]}},{"type":"Feature","properties":{"kind":"carsharing","label":"Max-Bill-Straße","detail":"allgemein/freefloating"},"geometry":{"type":"Point","coordinates":[11.59344,48.18701]}},{"type":"Feature","properties":{"kind":"carsharing","label":"Hermine-von-Parish-Straße","detail":"allgemein/freefloating"},"geometry":{"type":"Point","coordinates":[11.476,48.15024]}},{"type":"Feature","properties":{"kind":"carsharing","label":"Paul-Hindemith-Allee","detail":"allgemein/freefloating"},"geometry":{"type":"Point","coordinates":[11.6058,48.20151]}},{"type":"Feature","properties":{"kind":"carsharing","label":"Dreimühlenstraße","detail":"allgemein/freefloating"},"geometry":{"type":"Point","coordinates":[11.5627,48.12243]}},{"type":"Feature","properties":{"kind":"carsharing","label":"Georg-Freundorfer-Platz","detail":"allgemein/freefloating"},"geometry":{"type":"Point","coordinates":[11.53848,48.13317]}},{"type":"Feature","properties":{"kind":"carsharing","label":"Kidlerplatz","detail":"allgemein/freefloating"},"geometry":{"type":"Point","coordinates":[11.54167,48.11692]}},{"type":"Feature","properties":{"kind":"carsharing","label":"Innsbrucker Ring","detail":"allgemein/freefloating"},"geometry":{"type":"Point","coordinates":[11.62266,48.1201]}},{"type":"Feature","properties":{"kind":"carsharing","label":"Hochschule München","detail":"allgemein/freefloating"},"geometry":{"type":"Point","coordinates":[11.55627,48.15526]}},{"type":"Feature","properties":{"kind":"carsharing","label":"Destoucheestraße","detail":"allgemein/freefloating"},"geometry":{"type":"Point","coordinates":[11.57366,48.16462]}},{"type":"Feature","properties":{"kind":"carsharing","label":"Kidlerplatz","detail":"allgemein/freefloating"},"geometry":{"type":"Point","coordinates":[11.54168,48.11689]}},{"type":"Feature","properties":{"kind":"carsharing","label":"Schlotthauerstraße","detail":"allgemein/freefloating"},"geometry":{"type":"Point","coordinates":[11.57556,48.12322]}},{"type":"Feature","properties":{"kind":"carsharing","label":"St.-Jakobs-Platz","detail":"allgemein/freefloating"},"geometry":{"type":"Point","coordinates":[11.57297,48.1338]}},{"type":"Feature","properties":{"kind":"carsharing","label":"Destoucheestraße","detail":"allgemein/freefloating"},"geometry":{"type":"Point","coordinates":[11.57358,48.16463]}},{"type":"Feature","properties":{"kind":"carsharing","label":"Goetheplatz","detail":"allgemein/freefloating"},"geometry":{"type":"Point","coordinates":[11.55833,48.12869]}},{"type":"Feature","properties":{"kind":"carsharing","label":"Josephspitalstraße","detail":"allgemein/freefloating"},"geometry":{"type":"Point","coordinates":[11.56648,48.13653]}},{"type":"Feature","properties":{"kind":"carsharing","label":"Destoucheestraße","detail":"allgemein/freefloating"},"geometry":{"type":"Point","coordinates":[11.57343,48.16465]}},{"type":"Feature","properties":{"kind":"carsharing","label":"Maximiliansplatz","detail":"allgemein/freefloating"},"geometry":{"type":"Point","coordinates":[11.57373,48.14264]}},{"type":"Feature","properties":{"kind":"carsharing","label":"Hinterbärenbadstraße","detail":"allgemein/freefloating"},"geometry":{"type":"Point","coordinates":[11.52858,48.12055]}},{"type":"Feature","properties":{"kind":"carsharing","label":"Forstenrieder Allee","detail":"allgemein/freefloating"},"geometry":{"type":"Point","coordinates":[11.49824,48.09598]}},{"type":"Feature","properties":{"kind":"carsharing","label":"Kolumbusplatz","detail":"allgemein/freefloating"},"geometry":{"type":"Point","coordinates":[11.57642,48.12015]}},{"type":"Feature","properties":{"kind":"carsharing","label":"Schlotthauerstraße","detail":"allgemein/freefloating"},"geometry":{"type":"Point","coordinates":[11.57539,48.12334]}},{"type":"Feature","properties":{"kind":"carsharing","label":"Josephspitalstraße","detail":"allgemein/freefloating"},"geometry":{"type":"Point","coordinates":[11.56656,48.13653]}},{"type":"Feature","properties":{"kind":"carsharing","label":"Kolumbusplatz","detail":"allgemein/freefloating"},"geometry":{"type":"Point","coordinates":[11.57643,48.1201]}},{"type":"Feature","properties":{"kind":"carsharing","label":"Giesinger Bahnhof","detail":"allgemein/freefloating"},"geometry":{"type":"Point","coordinates":[11.59505,48.11017]}},{"type":"Feature","properties":{"kind":"carsharing","label":"Pacellistraße","detail":"allgemein/freefloating"},"geometry":{"type":"Point","coordinates":[11.57057,48.14056]}},{"type":"Feature","properties":{"kind":"carsharing","label":"Forstenrieder Allee","detail":"allgemein/freefloating"},"geometry":{"type":"Point","coordinates":[11.49823,48.09592]}},{"type":"Feature","properties":{"kind":"carsharing","label":"Messe West","detail":"allgemein/freefloating"},"geometry":{"type":"Point","coordinates":[11.69034,48.13418]}},{"type":"Feature","properties":{"kind":"carsharing","label":"Schlotthauerstraße","detail":"allgemein/freefloating"},"geometry":{"type":"Point","coordinates":[11.57553,48.12324]}},{"type":"Feature","properties":{"kind":"carsharing","label":"Willibaldplatz","detail":"allgemein/freefloating"},"geometry":{"type":"Point","coordinates":[11.48891,48.14077]}},{"type":"Feature","properties":{"kind":"carsharing","label":"Willibaldplatz","detail":"allgemein/freefloating"},"geometry":{"type":"Point","coordinates":[11.48899,48.14076]}},{"type":"Feature","properties":{"kind":"carsharing","label":"Willibaldplatz","detail":"allgemein/freefloating"},"geometry":{"type":"Point","coordinates":[11.48907,48.14074]}},{"type":"Feature","properties":{"kind":"carsharing","label":"Maximiliansplatz","detail":"allgemein/freefloating"},"geometry":{"type":"Point","coordinates":[11.5737,48.14264]}},{"type":"Feature","properties":{"kind":"carsharing","label":"Schlotthauerstraße","detail":"allgemein/freefloating"},"geometry":{"type":"Point","coordinates":[11.57559,48.1232]}},{"type":"Feature","properties":{"kind":"carsharing","label":"Passauerstraße","detail":"allgemein/freefloating"},"geometry":{"type":"Point","coordinates":[11.53383,48.11346]}},{"type":"Feature","properties":{"kind":"carsharing","label":"Troppauerstraße","detail":"allgemein/freefloating"},"geometry":{"type":"Point","coordinates":[11.57243,48.19528]}},{"type":"Feature","properties":{"kind":"carsharing","label":"Max-Joseph-Straße","detail":"allgemein/freefloating"},"geometry":{"type":"Point","coordinates":[11.56943,48.14419]}},{"type":"Feature","properties":{"kind":"carsharing","label":"Untersbergstraße","detail":"allgemein/freefloating"},"geometry":{"type":"Point","coordinates":[11.58708,48.11217]}},{"type":"Feature","properties":{"kind":"carsharing","label":"Georg-Freundorfer-Platz","detail":"allgemein/freefloating"},"geometry":{"type":"Point","coordinates":[11.53863,48.13315]}},{"type":"Feature","properties":{"kind":"carsharing","label":"Georg-Freundorfer-Platz","detail":"allgemein/freefloating"},"geometry":{"type":"Point","coordinates":[11.53841,48.13317]}},{"type":"Feature","properties":{"kind":"carsharing","label":"Heimeranplatz","detail":"allgemein/freefloating"},"geometry":{"type":"Point","coordinates":[11.53392,48.13421]}},{"type":"Feature","properties":{"kind":"carsharing","label":"Giesinger Bahnhof","detail":"allgemein/freefloating"},"geometry":{"type":"Point","coordinates":[11.59476,48.11126]}},{"type":"Feature","properties":{"kind":"carsharing","label":"Milbertshofen","detail":"allgemein/freefloating"},"geometry":{"type":"Point","coordinates":[11.57191,48.1818]}},{"type":"Feature","properties":{"kind":"carsharing","label":"Münchner Freiheit","detail":"allgemein/freefloating"},"geometry":{"type":"Point","coordinates":[11.58655,48.16302]}},{"type":"Feature","properties":{"kind":"carsharing","label":"Milbertshofen","detail":"allgemein/freefloating"},"geometry":{"type":"Point","coordinates":[11.57183,48.1818]}},{"type":"Feature","properties":{"kind":"carsharing","label":"Milbertshofen","detail":"allgemein/freefloating"},"geometry":{"type":"Point","coordinates":[11.57175,48.1818]}},{"type":"Feature","properties":{"kind":"carsharing","label":"Milbertshofen","detail":"allgemein/freefloating"},"geometry":{"type":"Point","coordinates":[11.57167,48.1818]}},{"type":"Feature","properties":{"kind":"carsharing","label":"Candidplatz","detail":"allgemein/freefloating"},"geometry":{"type":"Point","coordinates":[11.57135,48.11235]}},{"type":"Feature","properties":{"kind":"carsharing","label":"Candidplatz","detail":"allgemein/freefloating"},"geometry":{"type":"Point","coordinates":[11.57137,48.11237]}},{"type":"Feature","properties":{"kind":"carsharing","label":"Candidplatz","detail":"allgemein/freefloating"},"geometry":{"type":"Point","coordinates":[11.57138,48.1124]}},{"type":"Feature","properties":{"kind":"carsharing","label":"Arabellapark","detail":"allgemein/freefloating"},"geometry":{"type":"Point","coordinates":[11.62132,48.15292]}},{"type":"Feature","properties":{"kind":"carsharing","label":"Fritz-Meyer-Weg","detail":"allgemein/freefloating"},"geometry":{"type":"Point","coordinates":[11.63599,48.17232]}},{"type":"Feature","properties":{"kind":"carsharing","label":"Fritz-Meyer-Weg","detail":"allgemein/freefloating"},"geometry":{"type":"Point","coordinates":[11.63584,48.17237]}},{"type":"Feature","properties":{"kind":"carsharing","label":"Albrechtstraße","detail":"allgemein/freefloating"},"geometry":{"type":"Point","coordinates":[11.54022,48.15514]}},{"type":"Feature","properties":{"kind":"carsharing","label":"Zenettiplatz","detail":"allgemein/freefloating"},"geometry":{"type":"Point","coordinates":[11.55566,48.12457]}},{"type":"Feature","properties":{"kind":"carsharing","label":"Curt-Mezger-Platz","detail":"allgemein/freefloating"},"geometry":{"type":"Point","coordinates":[11.56688,48.1823]}},{"type":"Feature","properties":{"kind":"carsharing","label":"Petuelring","detail":"allgemein/freefloating"},"geometry":{"type":"Point","coordinates":[11.56574,48.17527]}},{"type":"Feature","properties":{"kind":"carsharing","label":"Petuelring","detail":"allgemein/freefloating"},"geometry":{"type":"Point","coordinates":[11.56576,48.17525]}},{"type":"Feature","properties":{"kind":"carsharing","label":"Destoucheestraße","detail":"allgemein/freefloating"},"geometry":{"type":"Point","coordinates":[11.57335,48.16466]}},{"type":"Feature","properties":{"kind":"carsharing","label":"Gollierplatz","detail":"allgemein/freefloating"},"geometry":{"type":"Point","coordinates":[11.53468,48.13609]}},{"type":"Feature","properties":{"kind":"carsharing","label":"Hinterbärenbadstraße","detail":"allgemein/freefloating"},"geometry":{"type":"Point","coordinates":[11.52842,48.12057]}},{"type":"Feature","properties":{"kind":"carsharing","label":"Josephspitalstraße","detail":"allgemein/freefloating"},"geometry":{"type":"Point","coordinates":[11.56616,48.13656]}},{"type":"Feature","properties":{"kind":"carsharing","label":"Gertrud-Grunow-Straße","detail":"allgemein/freefloating"},"geometry":{"type":"Point","coordinates":[11.59666,48.18393]}},{"type":"Feature","properties":{"kind":"carsharing","label":"Oberanger","detail":"allgemein/freefloating"},"geometry":{"type":"Point","coordinates":[11.57075,48.13381]}},{"type":"Feature","properties":{"kind":"carsharing","label":"Hermine-von-Parish-Straße","detail":"allgemein/freefloating"},"geometry":{"type":"Point","coordinates":[11.47614,48.15024]}},{"type":"Feature","properties":{"kind":"carsharing","label":"Karl-Weinmair-Straße","detail":"allgemein/freefloating"},"geometry":{"type":"Point","coordinates":[11.58845,48.17958]}},{"type":"Feature","properties":{"kind":"carsharing","label":"Schulderstraße","detail":"allgemein/freefloating"},"geometry":{"type":"Point","coordinates":[11.52866,48.15006]}},{"type":"Feature","properties":{"kind":"carsharing","label":"Max-Bill-Straße","detail":"allgemein/freefloating"},"geometry":{"type":"Point","coordinates":[11.59355,48.18693]}},{"type":"Feature","properties":{"kind":"carsharing","label":"Paul-Hindemith-Allee","detail":"allgemein/freefloating"},"geometry":{"type":"Point","coordinates":[11.60578,48.20156]}},{"type":"Feature","properties":{"kind":"carsharing","label":"Josephspitalstraße","detail":"allgemein/freefloating"},"geometry":{"type":"Point","coordinates":[11.56608,48.13656]}},{"type":"Feature","properties":{"kind":"carsharing","label":"Rotkreuzplatz","detail":"allgemein/freefloating"},"geometry":{"type":"Point","coordinates":[11.53163,48.1534]}},{"type":"Feature","properties":{"kind":"carsharing","label":"Lindenschmitstraße","detail":"allgemein/freefloating"},"geometry":{"type":"Point","coordinates":[11.54551,48.11832]}},{"type":"Feature","properties":{"kind":"carsharing","label":"Lindenschmitstraße","detail":"allgemein/freefloating"},"geometry":{"type":"Point","coordinates":[11.54559,48.11832]}},{"type":"Feature","properties":{"kind":"carsharing","label":"Am Lokschuppen","detail":"allgemein/freefloating"},"geometry":{"type":"Point","coordinates":[11.5251,48.14055]}},{"type":"Feature","properties":{"kind":"carsharing","label":"Lorettoplatz","detail":"allgemein/freefloating"},"geometry":{"type":"Point","coordinates":[11.48867,48.10405]}},{"type":"Feature","properties":{"kind":"carsharing","label":"Lorettoplatz","detail":"allgemein/freefloating"},"geometry":{"type":"Point","coordinates":[11.48875,48.10424]}},{"type":"Feature","properties":{"kind":"carsharing","label":"Isareckstraße","detail":"allgemein/freefloating"},"geometry":{"type":"Point","coordinates":[11.62165,48.12805]}},{"type":"Feature","properties":{"kind":"carsharing","label":"Bajuwarenstraße","detail":"allgemein/freefloating"},"geometry":{"type":"Point","coordinates":[11.65838,48.11818]}},{"type":"Feature","properties":{"kind":"carsharing","label":"Schulderstraße","detail":"allgemein/freefloating"},"geometry":{"type":"Point","coordinates":[11.52867,48.14999]}},{"type":"Feature","properties":{"kind":"carsharing","label":"Bajuwarenstraße","detail":"allgemein/freefloating"},"geometry":{"type":"Point","coordinates":[11.65831,48.11815]}},{"type":"Feature","properties":{"kind":"carsharing","label":"Thalkirchener Straße","detail":"allgemein/freefloating"},"geometry":{"type":"Point","coordinates":[11.55087,48.11483]}},{"type":"Feature","properties":{"kind":"carsharing","label":"Obersendling","detail":"allgemein/freefloating"},"geometry":{"type":"Point","coordinates":[11.53657,48.09855]}},{"type":"Feature","properties":{"kind":"carsharing","label":"Aubing","detail":"allgemein/freefloating"},"geometry":{"type":"Point","coordinates":[11.41434,48.15559]}},{"type":"Feature","properties":{"kind":"carsharing","label":"Pinakotheken","detail":"allgemein/freefloating"},"geometry":{"type":"Point","coordinates":[11.5684,48.14801]}},{"type":"Feature","properties":{"kind":"carsharing","label":"Theresienwiese","detail":"allgemein/freefloating"},"geometry":{"type":"Point","coordinates":[11.55154,48.13558]}},{"type":"Feature","properties":{"kind":"carsharing","label":"Lothringer Straße","detail":"allgemein/freefloating"},"geometry":{"type":"Point","coordinates":[11.59803,48.12731]}},{"type":"Feature","properties":{"kind":"carsharing","label":"Würmtalstraße","detail":"allgemein/freefloating"},"geometry":{"type":"Point","coordinates":[11.46657,48.1146]}},{"type":"Feature","properties":{"kind":"carsharing","label":"Marstallstraße","detail":"allgemein/freefloating"},"geometry":{"type":"Point","coordinates":[11.58153,48.13915]}},{"type":"Feature","properties":{"kind":"carsharing","label":"Marstallstraße","detail":"allgemein/freefloating"},"geometry":{"type":"Point","coordinates":[11.58165,48.13929]}},{"type":"Feature","properties":{"kind":"carsharing","label":"Marstallstraße","detail":"allgemein/freefloating"},"geometry":{"type":"Point","coordinates":[11.58157,48.13919]}},{"type":"Feature","properties":{"kind":"carsharing","label":"Karl-Weinmair-Straße","detail":"allgemein/freefloating"},"geometry":{"type":"Point","coordinates":[11.58845,48.17967]}},{"type":"Feature","properties":{"kind":"carsharing","label":"Marstallstraße","detail":"allgemein/freefloating"},"geometry":{"type":"Point","coordinates":[11.58161,48.13924]}},{"type":"Feature","properties":{"kind":"carsharing","label":"Stephansplatz","detail":"allgemein/freefloating"},"geometry":{"type":"Point","coordinates":[11.56612,48.13054]}},{"type":"Feature","properties":{"kind":"carsharing","label":"Karl-Weinmair-Straße","detail":"allgemein/freefloating"},"geometry":{"type":"Point","coordinates":[11.58839,48.17968]}},{"type":"Feature","properties":{"kind":"carsharing","label":"Jean-Paul-Richter-Straße","detail":"allgemein/freefloating"},"geometry":{"type":"Point","coordinates":[11.52618,48.11173]}},{"type":"Feature","properties":{"kind":"carsharing","label":"Schleißheimerstraße","detail":"allgemein/freefloating"},"geometry":{"type":"Point","coordinates":[11.56125,48.15425]}},{"type":"Feature","properties":{"kind":"carsharing","label":"Alter Messeplatz","detail":"allgemein/freefloating"},"geometry":{"type":"Point","coordinates":[11.54588,48.1345]}},{"type":"Feature","properties":{"kind":"carsharing","label":"Kaiser-Ludwig-Platz","detail":"allgemein/freefloating"},"geometry":{"type":"Point","coordinates":[11.55543,48.13165]}},{"type":"Feature","properties":{"kind":"carsharing","label":"Pinakotheken","detail":"allgemein/freefloating"},"geometry":{"type":"Point","coordinates":[11.56849,48.14815]}},{"type":"Feature","properties":{"kind":"carsharing","label":"Kupferhammerstraße","detail":"allgemein/freefloating"},"geometry":{"type":"Point","coordinates":[11.5753,48.11828]}},{"type":"Feature","properties":{"kind":"carsharing","label":"Josephsburg","detail":"allgemein/freefloating"},"geometry":{"type":"Point","coordinates":[11.63209,48.12638]}},{"type":"Feature","properties":{"kind":"carsharing","label":"Josephsburg","detail":"allgemein/freefloating"},"geometry":{"type":"Point","coordinates":[11.63216,48.12636]}},{"type":"Feature","properties":{"kind":"carsharing","label":"Josephsburg","detail":"allgemein/freefloating"},"geometry":{"type":"Point","coordinates":[11.63224,48.12635]}},{"type":"Feature","properties":{"kind":"carsharing","label":"Tierpark - Alemannenstraße","detail":"allgemein/freefloating"},"geometry":{"type":"Point","coordinates":[11.55822,48.10071]}},{"type":"Feature","properties":{"kind":"carsharing","label":"Hans-Mielich-Platz","detail":"allgemein/freefloating"},"geometry":{"type":"Point","coordinates":[11.57039,48.11659]}},{"type":"Feature","properties":{"kind":"carsharing","label":"Westendstraße","detail":"allgemein/freefloating"},"geometry":{"type":"Point","coordinates":[11.5212,48.13493]}},{"type":"Feature","properties":{"kind":"carsharing","label":"Stephansplatz","detail":"allgemein/freefloating"},"geometry":{"type":"Point","coordinates":[11.56615,48.13059]}},{"type":"Feature","properties":{"kind":"carsharing","label":"Thalkirchener Straße","detail":"allgemein/freefloating"},"geometry":{"type":"Point","coordinates":[11.55094,48.11493]}},{"type":"Feature","properties":{"kind":"carsharing","label":"Steubenplatz","detail":"allgemein/freefloating"},"geometry":{"type":"Point","coordinates":[11.52074,48.15117]}},{"type":"Feature","properties":{"kind":"carsharing","label":"Alter Messeplatz","detail":"allgemein/freefloating"},"geometry":{"type":"Point","coordinates":[11.54603,48.1345]}},{"type":"Feature","properties":{"kind":"carsharing","label":"Königinstraße / Veterinärstraße","detail":"allgemein/freefloating"},"geometry":{"type":"Point","coordinates":[11.5846,48.14957]}},{"type":"Feature","properties":{"kind":"carsharing","label":"Nigerstraße","detail":"allgemein/freefloating"},"geometry":{"type":"Point","coordinates":[11.60476,48.13753]}},{"type":"Feature","properties":{"kind":"carsharing","label":"ZOB","detail":"allgemein/freefloating"},"geometry":{"type":"Point","coordinates":[11.54782,48.14276]}},{"type":"Feature","properties":{"kind":"carsharing","label":"Am Hart - Knorrstraße 170","detail":"allgemein/freefloating"},"geometry":{"type":"Point","coordinates":[11.57256,48.19823]}},{"type":"Feature","properties":{"kind":"carsharing","label":"Würmtalstraße","detail":"allgemein/freefloating"},"geometry":{"type":"Point","coordinates":[11.46696,48.11462]}},{"type":"Feature","properties":{"kind":"carsharing","label":"Georg-Freundorfer-Platz","detail":"allgemein/freefloating"},"geometry":{"type":"Point","coordinates":[11.54037,48.13378]}},{"type":"Feature","properties":{"kind":"carsharing","label":"Schießstättstraße","detail":"allgemein/freefloating"},"geometry":{"type":"Point","coordinates":[11.54564,48.13694]}},{"type":"Feature","properties":{"kind":"carsharing","label":"Westend","detail":"allgemein/freefloating"},"geometry":{"type":"Point","coordinates":[11.53138,48.13775]}},{"type":"Feature","properties":{"kind":"carsharing","label":"Westend","detail":"allgemein/freefloating"},"geometry":{"type":"Point","coordinates":[11.53142,48.13775]}},{"type":"Feature","properties":{"kind":"carsharing","label":"Schießstättstraße","detail":"allgemein/freefloating"},"geometry":{"type":"Point","coordinates":[11.54564,48.13692]}},{"type":"Feature","properties":{"kind":"carsharing","label":"Neuherbergstraße","detail":"allgemein/freefloating"},"geometry":{"type":"Point","coordinates":[11.56499,48.20908]}},{"type":"Feature","properties":{"kind":"carsharing","label":"Schleißheimerstraße","detail":"allgemein/freefloating"},"geometry":{"type":"Point","coordinates":[11.56124,48.15422]}},{"type":"Feature","properties":{"kind":"carsharing","label":"Rotkreuzplatz","detail":"allgemein/freefloating"},"geometry":{"type":"Point","coordinates":[11.53139,48.15354]}},{"type":"Feature","properties":{"kind":"carsharing","label":"Isareckstraße","detail":"allgemein/freefloating"},"geometry":{"type":"Point","coordinates":[11.62173,48.12804]}},{"type":"Feature","properties":{"kind":"carsharing","label":"Karl-Marx-Zentrum","detail":"allgemein/freefloating"},"geometry":{"type":"Point","coordinates":[11.65673,48.10824]}},{"type":"Feature","properties":{"kind":"carsharing","label":"Falkenstraße","detail":"allgemein/freefloating"},"geometry":{"type":"Point","coordinates":[11.5797,48.1234]}},{"type":"Feature","properties":{"kind":"carsharing","label":"Falkenstraße","detail":"allgemein/freefloating"},"geometry":{"type":"Point","coordinates":[11.57972,48.12342]}},{"type":"Feature","properties":{"kind":"carsharing","label":"Falkenstraße","detail":"allgemein/freefloating"},"geometry":{"type":"Point","coordinates":[11.57973,48.12344]}},{"type":"Feature","properties":{"kind":"carsharing","label":"Isareckstraße","detail":"allgemein/freefloating"},"geometry":{"type":"Point","coordinates":[11.62149,48.12807]}},{"type":"Feature","properties":{"kind":"carsharing","label":"Isareckstraße","detail":"allgemein/freefloating"},"geometry":{"type":"Point","coordinates":[11.62157,48.12806]}},{"type":"Feature","properties":{"kind":"carsharing","label":"Heimeranplatz","detail":"allgemein/freefloating"},"geometry":{"type":"Point","coordinates":[11.53393,48.13426]}},{"type":"Feature","properties":{"kind":"carsharing","label":"Theresienwiese","detail":"allgemein/freefloating"},"geometry":{"type":"Point","coordinates":[11.55145,48.13563]}},{"type":"Feature","properties":{"kind":"carsharing","label":"Nigerstraße","detail":"allgemein/freefloating"},"geometry":{"type":"Point","coordinates":[11.60473,48.13742]}},{"type":"Feature","properties":{"kind":"carsharing","label":"Theresienwiese","detail":"allgemein/freefloating"},"geometry":{"type":"Point","coordinates":[11.55151,48.1356]}},{"type":"Feature","properties":{"kind":"carsharing","label":"Lothringer Straße","detail":"allgemein/freefloating"},"geometry":{"type":"Point","coordinates":[11.5981,48.12727]}},{"type":"Feature","properties":{"kind":"carsharing","label":"Maistraße","detail":"allgemein/freefloating"},"geometry":{"type":"Point","coordinates":[11.56093,48.12569]}},{"type":"Feature","properties":{"kind":"carsharing","label":"Westendstraße","detail":"allgemein/freefloating"},"geometry":{"type":"Point","coordinates":[11.52159,48.13491]}},{"type":"Feature","properties":{"kind":"carsharing","label":"Westendstraße","detail":"allgemein/freefloating"},"geometry":{"type":"Point","coordinates":[11.52152,48.13492]}},{"type":"Feature","properties":{"kind":"carsharing","label":"Bajuwarenstraße","detail":"allgemein/freefloating"},"geometry":{"type":"Point","coordinates":[11.6585,48.11824]}},{"type":"Feature","properties":{"kind":"carsharing","label":"Hans-Fischer-Straße","detail":"allgemein/freefloating"},"geometry":{"type":"Point","coordinates":[11.5438,48.12798]}},{"type":"Feature","properties":{"kind":"carsharing","label":"Theresienwiese","detail":"allgemein/freefloating"},"geometry":{"type":"Point","coordinates":[11.55148,48.13561]}},{"type":"Feature","properties":{"kind":"carsharing","label":"Westendstraße","detail":"allgemein/freefloating"},"geometry":{"type":"Point","coordinates":[11.52136,48.13492]}},{"type":"Feature","properties":{"kind":"carsharing","label":"Radlkoferstraße","detail":"allgemein/freefloating"},"geometry":{"type":"Point","coordinates":[11.54195,48.12555]}},{"type":"Feature","properties":{"kind":"carsharing","label":"Westendstraße","detail":"allgemein/freefloating"},"geometry":{"type":"Point","coordinates":[11.52128,48.13493]}},{"type":"Feature","properties":{"kind":"carsharing","label":"Würmtalstraße","detail":"allgemein/freefloating"},"geometry":{"type":"Point","coordinates":[11.46672,48.11461]}},{"type":"Feature","properties":{"kind":"carsharing","label":"Am Hart - Knorrstraße 170","detail":"allgemein/freefloating"},"geometry":{"type":"Point","coordinates":[11.57253,48.19818]}},{"type":"Feature","properties":{"kind":"carsharing","label":"Nestroystraße","detail":"allgemein/freefloating"},"geometry":{"type":"Point","coordinates":[11.53483,48.12104]}},{"type":"Feature","properties":{"kind":"carsharing","label":"Kaiser-Ludwig-Platz","detail":"allgemein/freefloating"},"geometry":{"type":"Point","coordinates":[11.55543,48.13153]}},{"type":"Feature","properties":{"kind":"carsharing","label":"ZOB","detail":"allgemein/freefloating"},"geometry":{"type":"Point","coordinates":[11.5479,48.14275]}},{"type":"Feature","properties":{"kind":"carsharing","label":"Schmied-Kochel Straße","detail":"allgemein/freefloating"},"geometry":{"type":"Point","coordinates":[11.54544,48.12226]}},{"type":"Feature","properties":{"kind":"carsharing","label":"Maistraße","detail":"allgemein/freefloating"},"geometry":{"type":"Point","coordinates":[11.5609,48.12562]}},{"type":"Feature","properties":{"kind":"carsharing","label":"Falkenstraße","detail":"allgemein/freefloating"},"geometry":{"type":"Point","coordinates":[11.57975,48.12346]}},{"type":"Feature","properties":{"kind":"carsharing","label":"Friedenheimerstraße","detail":"allgemein/freefloating"},"geometry":{"type":"Point","coordinates":[11.51147,48.13519]}},{"type":"Feature","properties":{"kind":"carsharing","label":"Alter Messeplatz","detail":"allgemein/freefloating"},"geometry":{"type":"Point","coordinates":[11.54611,48.13449]}},{"type":"Feature","properties":{"kind":"carsharing","label":"Karl-Weinmair-Straße","detail":"allgemein/freefloating"},"geometry":{"type":"Point","coordinates":[11.58823,48.17971]}},{"type":"Feature","properties":{"kind":"carsharing","label":"Schleißheimerstraße","detail":"allgemein/freefloating"},"geometry":{"type":"Point","coordinates":[11.56125,48.15427]}},{"type":"Feature","properties":{"kind":"carsharing","label":"Oberwiesenfeld","detail":"allgemein/freefloating"},"geometry":{"type":"Point","coordinates":[11.54664,48.18566]}},{"type":"Feature","properties":{"kind":"carsharing","label":"Schmellerstraße","detail":"allgemein/freefloating"},"geometry":{"type":"Point","coordinates":[11.5513,48.12565]}},{"type":"Feature","properties":{"kind":"carsharing","label":"Aindorferstraße","detail":"allgemein/freefloating"},"geometry":{"type":"Point","coordinates":[11.49432,48.13237]}},{"type":"Feature","properties":{"kind":"carsharing","label":"Petuelring","detail":"allgemein/freefloating"},"geometry":{"type":"Point","coordinates":[11.56569,48.17537]}},{"type":"Feature","properties":{"kind":"carsharing","label":"Friedenspromenade","detail":"allgemein/freefloating"},"geometry":{"type":"Point","coordinates":[11.67749,48.1122]}},{"type":"Feature","properties":{"kind":"carsharing","label":"Petuelring","detail":"allgemein/freefloating"},"geometry":{"type":"Point","coordinates":[11.56571,48.17533]}},{"type":"Feature","properties":{"kind":"carsharing","label":"Petuelring","detail":"allgemein/freefloating"},"geometry":{"type":"Point","coordinates":[11.56573,48.17529]}},{"type":"Feature","properties":{"kind":"carsharing","label":"Petuelring","detail":"allgemein/freefloating"},"geometry":{"type":"Point","coordinates":[11.56572,48.17531]}},{"type":"Feature","properties":{"kind":"carsharing","label":"Fürstenried West","detail":"allgemein/freefloating"},"geometry":{"type":"Point","coordinates":[11.47995,48.0895]}},{"type":"Feature","properties":{"kind":"carsharing","label":"Lilienstraße","detail":"allgemein/freefloating"},"geometry":{"type":"Point","coordinates":[11.58617,48.12889]}},{"type":"Feature","properties":{"kind":"carsharing","label":"Münchner Freiheit","detail":"allgemein/freefloating"},"geometry":{"type":"Point","coordinates":[11.58656,48.16311]}},{"type":"Feature","properties":{"kind":"carsharing","label":"Goetheplatz","detail":"allgemein/freefloating"},"geometry":{"type":"Point","coordinates":[11.55833,48.12853]}},{"type":"Feature","properties":{"kind":"carsharing","label":"Kupferhammerstraße","detail":"allgemein/freefloating"},"geometry":{"type":"Point","coordinates":[11.57527,48.11829]}},{"type":"Feature","properties":{"kind":"carsharing","label":"Ingolstädterstraße 109","detail":"allgemein/freefloating"},"geometry":{"type":"Point","coordinates":[11.58401,48.19616]}},{"type":"Feature","properties":{"kind":"carsharing","label":"Hauptbahnhof Süd","detail":"allgemein/freefloating"},"geometry":{"type":"Point","coordinates":[11.55853,48.13798]}},{"type":"Feature","properties":{"kind":"carsharing","label":"Tierpark - Alemannenstraße","detail":"allgemein/freefloating"},"geometry":{"type":"Point","coordinates":[11.55801,48.10079]}},{"type":"Feature","properties":{"kind":"carsharing","label":"Tierpark - Alemannenstraße","detail":"allgemein/freefloating"},"geometry":{"type":"Point","coordinates":[11.55808,48.10076]}},{"type":"Feature","properties":{"kind":"carsharing","label":"Tierpark - Alemannenstraße","detail":"allgemein/freefloating"},"geometry":{"type":"Point","coordinates":[11.55815,48.10073]}},{"type":"Feature","properties":{"kind":"carsharing","label":"Ickstattstraße","detail":"allgemein/freefloating"},"geometry":{"type":"Point","coordinates":[11.5705,48.12994]}},{"type":"Feature","properties":{"kind":"carsharing","label":"Würmtalstraße","detail":"allgemein/freefloating"},"geometry":{"type":"Point","coordinates":[11.46665,48.1146]}},{"type":"Feature","properties":{"kind":"carsharing","label":"Grasserstraße","detail":"allgemein/freefloating"},"geometry":{"type":"Point","coordinates":[11.54809,48.14027]}},{"type":"Feature","properties":{"kind":"carsharing","label":"Ickstattstraße","detail":"allgemein/freefloating"},"geometry":{"type":"Point","coordinates":[11.57056,48.12991]}},{"type":"Feature","properties":{"kind":"carsharing","label":"Thalkirchen","detail":"allgemein/freefloating"},"geometry":{"type":"Point","coordinates":[11.54601,48.10194]}},{"type":"Feature","properties":{"kind":"carsharing","label":"Troppauerstraße","detail":"allgemein/freefloating"},"geometry":{"type":"Point","coordinates":[11.57251,48.19528]}},{"type":"Feature","properties":{"kind":"carsharing","label":"Westendstraße","detail":"allgemein/freefloating"},"geometry":{"type":"Point","coordinates":[11.52144,48.13492]}},{"type":"Feature","properties":{"kind":"carsharing","label":"Karl-Weinmair-Straße","detail":"allgemein/freefloating"},"geometry":{"type":"Point","coordinates":[11.58816,48.17973]}},{"type":"Feature","properties":{"kind":"carsharing","label":"Griegstraße","detail":"allgemein/freefloating"},"geometry":{"type":"Point","coordinates":[11.58429,48.18168]}},{"type":"Feature","properties":{"kind":"carsharing","label":"Wettersteinplatz","detail":"allgemein/freefloating"},"geometry":{"type":"Point","coordinates":[11.57534,48.10872]}},{"type":"Feature","properties":{"kind":"carsharing","label":"Wettersteinplatz","detail":"allgemein/freefloating"},"geometry":{"type":"Point","coordinates":[11.57538,48.10876]}},{"type":"Feature","properties":{"kind":"carsharing","label":"Heimeranplatz","detail":"allgemein/freefloating"},"geometry":{"type":"Point","coordinates":[11.53393,48.13423]}},{"type":"Feature","properties":{"kind":"carsharing","label":"Wettersteinplatz","detail":"allgemein/freefloating"},"geometry":{"type":"Point","coordinates":[11.57536,48.10874]}},{"type":"Feature","properties":{"kind":"carsharing","label":"Königsplatz","detail":"allgemein/freefloating"},"geometry":{"type":"Point","coordinates":[11.56305,48.14454]}},{"type":"Feature","properties":{"kind":"carsharing","label":"Hans-Mielich-Platz","detail":"allgemein/freefloating"},"geometry":{"type":"Point","coordinates":[11.57031,48.11657]}},{"type":"Feature","properties":{"kind":"carsharing","label":"Thalkirchener Straße","detail":"allgemein/freefloating"},"geometry":{"type":"Point","coordinates":[11.5509,48.11488]}},{"type":"Feature","properties":{"kind":"carsharing","label":"Münchner Freiheit","detail":"allgemein/freefloating"},"geometry":{"type":"Point","coordinates":[11.58655,48.16307]}},{"type":"Feature","properties":{"kind":"carsharing","label":"Scheidplatz","detail":"allgemein/freefloating"},"geometry":{"type":"Point","coordinates":[11.57391,48.17083]}},{"type":"Feature","properties":{"kind":"carsharing","label":"Scheidplatz","detail":"allgemein/freefloating"},"geometry":{"type":"Point","coordinates":[11.57395,48.17084]}},{"type":"Feature","properties":{"kind":"carsharing","label":"Scheidplatz","detail":"allgemein/freefloating"},"geometry":{"type":"Point","coordinates":[11.57398,48.17084]}},{"type":"Feature","properties":{"kind":"carsharing","label":"Hermann-Weinhauser Straße","detail":"allgemein/freefloating"},"geometry":{"type":"Point","coordinates":[11.62896,48.13335]}},{"type":"Feature","properties":{"kind":"carsharing","label":"Scheidplatz","detail":"allgemein/freefloating"},"geometry":{"type":"Point","coordinates":[11.57401,48.17084]}},{"type":"Feature","properties":{"kind":"carsharing","label":"Harthof","detail":"allgemein/freefloating"},"geometry":{"type":"Point","coordinates":[11.57039,48.20455]}},{"type":"Feature","properties":{"kind":"carsharing","label":"Goetheplatz","detail":"allgemein/freefloating"},"geometry":{"type":"Point","coordinates":[11.55833,48.12864]}},{"type":"Feature","properties":{"kind":"carsharing","label":"Aindorferstraße","detail":"allgemein/freefloating"},"geometry":{"type":"Point","coordinates":[11.49452,48.13234]}},{"type":"Feature","properties":{"kind":"carsharing","label":"Am Lokschuppen","detail":"allgemein/freefloating"},"geometry":{"type":"Point","coordinates":[11.52502,48.14055]}},{"type":"Feature","properties":{"kind":"carsharing","label":"Nordbad","detail":"allgemein/freefloating"},"geometry":{"type":"Point","coordinates":[11.56337,48.16031]}},{"type":"Feature","properties":{"kind":"carsharing","label":"Lorettoplatz","detail":"allgemein/freefloating"},"geometry":{"type":"Point","coordinates":[11.48869,48.1041]}},{"type":"Feature","properties":{"kind":"carsharing","label":"Nordbad","detail":"allgemein/freefloating"},"geometry":{"type":"Point","coordinates":[11.56342,48.16046]}},{"type":"Feature","properties":{"kind":"carsharing","label":"Am Lokschuppen","detail":"allgemein/freefloating"},"geometry":{"type":"Point","coordinates":[11.52518,48.14054]}},{"type":"Feature","properties":{"kind":"carsharing","label":"Lorettoplatz","detail":"allgemein/freefloating"},"geometry":{"type":"Point","coordinates":[11.48872,48.10418]}},{"type":"Feature","properties":{"kind":"carsharing","label":"Ickstattstraße","detail":"allgemein/freefloating"},"geometry":{"type":"Point","coordinates":[11.57062,48.12987]}},{"type":"Feature","properties":{"kind":"carsharing","label":"Innsbrucker Ring","detail":"allgemein/freefloating"},"geometry":{"type":"Point","coordinates":[11.62282,48.12009]}},{"type":"Feature","properties":{"kind":"carsharing","label":"Bavariaring","detail":"allgemein/freefloating"},"geometry":{"type":"Point","coordinates":[11.55224,48.12851]}},{"type":"Feature","properties":{"kind":"carsharing","label":"Jean-Paul-Richter-Straße","detail":"allgemein/freefloating"},"geometry":{"type":"Point","coordinates":[11.52618,48.11177]}},{"type":"Feature","properties":{"kind":"carsharing","label":"Maistraße","detail":"allgemein/freefloating"},"geometry":{"type":"Point","coordinates":[11.56093,48.12571]}},{"type":"Feature","properties":{"kind":"carsharing","label":"Rotkreuzplatz","detail":"allgemein/freefloating"},"geometry":{"type":"Point","coordinates":[11.53151,48.15347]}},{"type":"Feature","properties":{"kind":"carsharing","label":"Karl-Weinmair-Straße","detail":"allgemein/freefloating"},"geometry":{"type":"Point","coordinates":[11.5883,48.1797]}},{"type":"Feature","properties":{"kind":"carsharing","label":"Grünwalderstraße","detail":"allgemein/freefloating"},"geometry":{"type":"Point","coordinates":[11.56894,48.10339]}},{"type":"Feature","properties":{"kind":"carsharing","label":"Scheidplatz","detail":"allgemein/freefloating"},"geometry":{"type":"Point","coordinates":[11.57405,48.17084]}},{"type":"Feature","properties":{"kind":"carsharing","label":"Grünwalderstraße","detail":"allgemein/freefloating"},"geometry":{"type":"Point","coordinates":[11.56891,48.10335]}},{"type":"Feature","properties":{"kind":"carsharing","label":"Kaiser-Ludwig-Platz","detail":"allgemein/freefloating"},"geometry":{"type":"Point","coordinates":[11.55543,48.13171]}},{"type":"Feature","properties":{"kind":"carsharing","label":"Radlkoferstraße","detail":"allgemein/freefloating"},"geometry":{"type":"Point","coordinates":[11.54201,48.12557]}},{"type":"Feature","properties":{"kind":"carsharing","label":"Obersendling","detail":"allgemein/freefloating"},"geometry":{"type":"Point","coordinates":[11.53673,48.09857]}},{"type":"Feature","properties":{"kind":"carsharing","label":"Innsbrucker Ring","detail":"allgemein/freefloating"},"geometry":{"type":"Point","coordinates":[11.62274,48.12009]}},{"type":"Feature","properties":{"kind":"carsharing","label":"Mittersendling Ost","detail":"allgemein/freefloating"},"geometry":{"type":"Point","coordinates":[11.53709,48.10852]}},{"type":"Feature","properties":{"kind":"carsharing","label":"Hans-Fischer-Straße","detail":"allgemein/freefloating"},"geometry":{"type":"Point","coordinates":[11.54373,48.12802]}},{"type":"Feature","properties":{"kind":"carsharing","label":"Thalkirchener Straße","detail":"allgemein/freefloating"},"geometry":{"type":"Point","coordinates":[11.55097,48.11497]}},{"type":"Feature","properties":{"kind":"carsharing","label":"Schyrenbad","detail":"allgemein/freefloating"},"geometry":{"type":"Point","coordinates":[11.57057,48.1207]}},{"type":"Feature","properties":{"kind":"carsharing","label":"Ainmillerstraße","detail":"allgemein/freefloating"},"geometry":{"type":"Point","coordinates":[11.57575,48.15919]}},{"type":"Feature","properties":{"kind":"carsharing","label":"Gertrud-Grunow-Straße","detail":"allgemein/freefloating"},"geometry":{"type":"Point","coordinates":[11.59661,48.18372]}},{"type":"Feature","properties":{"kind":"carsharing","label":"Gollierplatz","detail":"allgemein/freefloating"},"geometry":{"type":"Point","coordinates":[11.53465,48.13609]}},{"type":"Feature","properties":{"kind":"carsharing","label":"ZOB","detail":"allgemein/freefloating"},"geometry":{"type":"Point","coordinates":[11.54774,48.14277]}},{"type":"Feature","properties":{"kind":"carsharing","label":"Münchner Freiheit","detail":"allgemein/freefloating"},"geometry":{"type":"Point","coordinates":[11.58656,48.16322]}},{"type":"Feature","properties":{"kind":"carsharing","label":"Stephansplatz","detail":"allgemein/freefloating"},"geometry":{"type":"Point","coordinates":[11.56624,48.13073]}},{"type":"Feature","properties":{"kind":"carsharing","label":"Oberwiesenfeld","detail":"allgemein/freefloating"},"geometry":{"type":"Point","coordinates":[11.5466,48.18577]}},{"type":"Feature","properties":{"kind":"carsharing","label":"Schyrenbad","detail":"allgemein/freefloating"},"geometry":{"type":"Point","coordinates":[11.5707,48.12076]}},{"type":"Feature","properties":{"kind":"carsharing","label":"Thalkirchener Straße","detail":"allgemein/freefloating"},"geometry":{"type":"Point","coordinates":[11.55083,48.11479]}},{"type":"Feature","properties":{"kind":"carsharing","label":"Großhadern","detail":"allgemein/freefloating"},"geometry":{"type":"Point","coordinates":[11.47556,48.11552]}},{"type":"Feature","properties":{"kind":"carsharing","label":"Schleißheimerstraße","detail":"allgemein/freefloating"},"geometry":{"type":"Point","coordinates":[11.56123,48.15419]}},{"type":"Feature","properties":{"kind":"carsharing","label":"Lilienstraße","detail":"allgemein/freefloating"},"geometry":{"type":"Point","coordinates":[11.58605,48.12881]}},{"type":"Feature","properties":{"kind":"carsharing","label":"Marianne-Brandt-Straße","detail":"allgemein/freefloating"},"geometry":{"type":"Point","coordinates":[11.59368,48.18074]}},{"type":"Feature","properties":{"kind":"carsharing","label":"Königinstraße / Veterinärstraße","detail":"allgemein/freefloating"},"geometry":{"type":"Point","coordinates":[11.58456,48.14967]}},{"type":"Feature","properties":{"kind":"carsharing","label":"Königinstraße / Veterinärstraße","detail":"allgemein/freefloating"},"geometry":{"type":"Point","coordinates":[11.58458,48.14962]}},{"type":"Feature","properties":{"kind":"carsharing","label":"Ella-Lingens-Platz","detail":"allgemein/freefloating"},"geometry":{"type":"Point","coordinates":[11.58034,48.10966]}},{"type":"Feature","properties":{"kind":"carsharing","label":"Ella-Lingens-Platz","detail":"allgemein/freefloating"},"geometry":{"type":"Point","coordinates":[11.58035,48.10963]}},{"type":"Feature","properties":{"kind":"carsharing","label":"Schießstättstraße","detail":"allgemein/freefloating"},"geometry":{"type":"Point","coordinates":[11.54564,48.13704]}},{"type":"Feature","properties":{"kind":"carsharing","label":"Nibelungenstraße","detail":"allgemein/freefloating"},"geometry":{"type":"Point","coordinates":[11.52754,48.15344]}},{"type":"Feature","properties":{"kind":"carsharing","label":"Bavariaring","detail":"allgemein/freefloating"},"geometry":{"type":"Point","coordinates":[11.55215,48.12843]}},{"type":"Feature","properties":{"kind":"carsharing","label":"Kaiser-Ludwig-Platz","detail":"allgemein/freefloating"},"geometry":{"type":"Point","coordinates":[11.55543,48.13159]}},{"type":"Feature","properties":{"kind":"carsharing","label":"Hirschbergstraße","detail":"allgemein/freefloating"},"geometry":{"type":"Point","coordinates":[11.53366,48.14873]}},{"type":"Feature","properties":{"kind":"carsharing","label":"Troppauerstraße","detail":"allgemein/freefloating"},"geometry":{"type":"Point","coordinates":[11.57258,48.19528]}},{"type":"Feature","properties":{"kind":"carsharing","label":"Agnes-Bernauer-Straße","detail":"allgemein/freefloating"},"geometry":{"type":"Point","coordinates":[11.51033,48.13955]}},{"type":"Feature","properties":{"kind":"carsharing","label":"Ella-Lingens-Platz","detail":"allgemein/freefloating"},"geometry":{"type":"Point","coordinates":[11.58036,48.10961]}},{"type":"Feature","properties":{"kind":"carsharing","label":"Innsbrucker Ring","detail":"allgemein/freefloating"},"geometry":{"type":"Point","coordinates":[11.62258,48.1201]}},{"type":"Feature","properties":{"kind":"carsharing","label":"Nigerstraße","detail":"allgemein/freefloating"},"geometry":{"type":"Point","coordinates":[11.60475,48.13749]}},{"type":"Feature","properties":{"kind":"carsharing","label":"Neuherbergstraße","detail":"allgemein/freefloating"},"geometry":{"type":"Point","coordinates":[11.56482,48.20906]}},{"type":"Feature","properties":{"kind":"carsharing","label":"Obersendling","detail":"allgemein/freefloating"},"geometry":{"type":"Point","coordinates":[11.53665,48.09856]}},{"type":"Feature","properties":{"kind":"carsharing","label":"Königinstraße / Veterinärstraße","detail":"allgemein/freefloating"},"geometry":{"type":"Point","coordinates":[11.58454,48.15028]}},{"type":"Feature","properties":{"kind":"carsharing","label":"Marianne-Brandt-Straße","detail":"allgemein/freefloating"},"geometry":{"type":"Point","coordinates":[11.59354,48.18031]}},{"type":"Feature","properties":{"kind":"carsharing","label":"Kesselbergstraße","detail":"allgemein/freefloating"},"geometry":{"type":"Point","coordinates":[11.58309,48.11309]}},{"type":"Feature","properties":{"kind":"carsharing","label":"Schulderstraße","detail":"allgemein/freefloating"},"geometry":{"type":"Point","coordinates":[11.52868,48.15004]}},{"type":"Feature","properties":{"kind":"carsharing","label":"Theresienwiese","detail":"allgemein/freefloating"},"geometry":{"type":"Point","coordinates":[11.55142,48.13564]}},{"type":"Feature","properties":{"kind":"carsharing","label":"Oberwiesenfeld","detail":"allgemein/freefloating"},"geometry":{"type":"Point","coordinates":[11.54662,48.18571]}},{"type":"Feature","properties":{"kind":"carsharing","label":"Schyrenbad","detail":"allgemein/freefloating"},"geometry":{"type":"Point","coordinates":[11.57064,48.12073]}},{"type":"Feature","properties":{"kind":"carsharing","label":"Großhadern","detail":"allgemein/freefloating"},"geometry":{"type":"Point","coordinates":[11.47553,48.11551]}},{"type":"Feature","properties":{"kind":"carsharing","label":"Steubenplatz","detail":"allgemein/freefloating"},"geometry":{"type":"Point","coordinates":[11.5207,48.15117]}},{"type":"Feature","properties":{"kind":"carsharing","label":"Hochschule München","detail":"allgemein/freefloating"},"geometry":{"type":"Point","coordinates":[11.55642,48.15513]}},{"type":"Feature","properties":{"kind":"carsharing","label":"Heimeranplatz","detail":"allgemein/freefloating"},"geometry":{"type":"Point","coordinates":[11.53394,48.13428]}},{"type":"Feature","properties":{"kind":"carsharing","label":"Goetheplatz","detail":"allgemein/freefloating"},"geometry":{"type":"Point","coordinates":[11.55833,48.12859]}},{"type":"Feature","properties":{"kind":"carsharing","label":"Harthof","detail":"allgemein/freefloating"},"geometry":{"type":"Point","coordinates":[11.57039,48.2046]}},{"type":"Feature","properties":{"kind":"carsharing","label":"Pinakotheken","detail":"allgemein/freefloating"},"geometry":{"type":"Point","coordinates":[11.56843,48.14806]}},{"type":"Feature","properties":{"kind":"carsharing","label":"Ella-Lingens-Platz","detail":"allgemein/freefloating"},"geometry":{"type":"Point","coordinates":[11.58037,48.10959]}},{"type":"Feature","properties":{"kind":"carsharing","label":"Neuherbergstraße","detail":"allgemein/freefloating"},"geometry":{"type":"Point","coordinates":[11.56486,48.20907]}},{"type":"Feature","properties":{"kind":"carsharing","label":"Bajuwarenstraße","detail":"allgemein/freefloating"},"geometry":{"type":"Point","coordinates":[11.65844,48.11821]}},{"type":"Feature","properties":{"kind":"carsharing","label":"Rotkreuzplatz","detail":"allgemein/freefloating"},"geometry":{"type":"Point","coordinates":[11.53145,48.1535]}},{"type":"Feature","properties":{"kind":"carsharing","label":"Schmied-Kochel Straße","detail":"allgemein/freefloating"},"geometry":{"type":"Point","coordinates":[11.54536,48.12226]}},{"type":"Feature","properties":{"kind":"carsharing","label":"Galeriestraße","detail":"allgemein/freefloating"},"geometry":{"type":"Point","coordinates":[11.57876,48.14423]}},{"type":"Feature","properties":{"kind":"carsharing","label":"Galeriestraße","detail":"allgemein/freefloating"},"geometry":{"type":"Point","coordinates":[11.57882,48.14422]}},{"type":"Feature","properties":{"kind":"carsharing","label":"Galeriestraße","detail":"allgemein/freefloating"},"geometry":{"type":"Point","coordinates":[11.57889,48.1442]}},{"type":"Feature","properties":{"kind":"carsharing","label":"Maistraße","detail":"allgemein/freefloating"},"geometry":{"type":"Point","coordinates":[11.56092,48.12566]}},{"type":"Feature","properties":{"kind":"carsharing","label":"Galeriestraße","detail":"allgemein/freefloating"},"geometry":{"type":"Point","coordinates":[11.57895,48.14419]}},{"type":"Feature","properties":{"kind":"carsharing","label":"Stephansplatz","detail":"allgemein/freefloating"},"geometry":{"type":"Point","coordinates":[11.56621,48.13068]}},{"type":"Feature","properties":{"kind":"carsharing","label":"Ganghoferstraße","detail":"allgemein/freefloating"},"geometry":{"type":"Point","coordinates":[11.54055,48.13752]}},{"type":"Feature","properties":{"kind":"carsharing","label":"Ganghoferstraße","detail":"allgemein/freefloating"},"geometry":{"type":"Point","coordinates":[11.54056,48.13754]}},{"type":"Feature","properties":{"kind":"carsharing","label":"Mariahilfplatz","detail":"allgemein/freefloating"},"geometry":{"type":"Point","coordinates":[11.58282,48.12599]}},{"type":"Feature","properties":{"kind":"carsharing","label":"Mittersendling Ost","detail":"allgemein/freefloating"},"geometry":{"type":"Point","coordinates":[11.53709,48.10849]}},{"type":"Feature","properties":{"kind":"carsharing","label":"Schießstättstraße","detail":"allgemein/freefloating"},"geometry":{"type":"Point","coordinates":[11.54564,48.13697]}},{"type":"Feature","properties":{"kind":"carsharing","label":"Gertrud-Grunow-Straße","detail":"allgemein/freefloating"},"geometry":{"type":"Point","coordinates":[11.59664,48.18376]}},{"type":"Feature","properties":{"kind":"carsharing","label":"Untersbergstraße","detail":"allgemein/freefloating"},"geometry":{"type":"Point","coordinates":[11.58713,48.11222]}},{"type":"Feature","properties":{"kind":"carsharing","label":"Ainmillerstraße","detail":"allgemein/freefloating"},"geometry":{"type":"Point","coordinates":[11.57571,48.1592]}},{"type":"Feature","properties":{"kind":"carsharing","label":"Georg-Birk-Straße","detail":"allgemein/freefloating"},"geometry":{"type":"Point","coordinates":[11.55703,48.16321]}},{"type":"Feature","properties":{"kind":"carsharing","label":"Kolumbusplatz","detail":"allgemein/freefloating"},"geometry":{"type":"Point","coordinates":[11.5764,48.1202]}},{"type":"Feature","properties":{"kind":"carsharing","label":"Messe West","detail":"allgemein/freefloating"},"geometry":{"type":"Point","coordinates":[11.69034,48.13413]}},{"type":"Feature","properties":{"kind":"carsharing","label":"Paul-Hindemith-Allee","detail":"allgemein/freefloating"},"geometry":{"type":"Point","coordinates":[11.60583,48.20145]}},{"type":"Feature","properties":{"kind":"carsharing","label":"Hinterbärenbadstraße","detail":"allgemein/freefloating"},"geometry":{"type":"Point","coordinates":[11.52873,48.12053]}},{"type":"Feature","properties":{"kind":"carsharing","label":"Weißenseestraße","detail":"allgemein/freefloating"},"geometry":{"type":"Point","coordinates":[11.59114,48.10688]}},{"type":"Feature","properties":{"kind":"carsharing","label":"Petuelring","detail":"allgemein/freefloating"},"geometry":{"type":"Point","coordinates":[11.5657,48.17535]}},{"type":"Feature","properties":{"kind":"carsharing","label":"Aidenbachstraße","detail":"allgemein/freefloating"},"geometry":{"type":"Point","coordinates":[11.52333,48.09593]}},{"type":"Feature","properties":{"kind":"carsharing","label":"Scheidplatz","detail":"allgemein/freefloating"},"geometry":{"type":"Point","coordinates":[11.574,48.17074]}},{"type":"Feature","properties":{"kind":"carsharing","label":"Scheidplatz","detail":"allgemein/freefloating"},"geometry":{"type":"Point","coordinates":[11.57403,48.17074]}},{"type":"Feature","properties":{"kind":"carsharing","label":"Herzogstraße","detail":"allgemein/freefloating"},"geometry":{"type":"Point","coordinates":[11.56329,48.16364]}},{"type":"Feature","properties":{"kind":"carsharing","label":"Freimann","detail":"allgemein/freefloating"},"geometry":{"type":"Point","coordinates":[11.61533,48.19058]}},{"type":"Feature","properties":{"kind":"carsharing","label":"Herzogstraße","detail":"allgemein/freefloating"},"geometry":{"type":"Point","coordinates":[11.56337,48.16363]}},{"type":"Feature","properties":{"kind":"carsharing","label":"Mariahilfplatz","detail":"allgemein/freefloating"},"geometry":{"type":"Point","coordinates":[11.58278,48.12596]}},{"type":"Feature","properties":{"kind":"carsharing","label":"Laimer Platz","detail":"allgemein/freefloating"},"geometry":{"type":"Point","coordinates":[11.501,48.13553]}},{"type":"Feature","properties":{"kind":"carsharing","label":"Würmtalstraße","detail":"allgemein/freefloating"},"geometry":{"type":"Point","coordinates":[11.46688,48.11462]}},{"type":"Feature","properties":{"kind":"carsharing","label":"Mariahilfplatz","detail":"allgemein/freefloating"},"geometry":{"type":"Point","coordinates":[11.58286,48.12603]}},{"type":"Feature","properties":{"kind":"carsharing","label":"Mariahilfplatz","detail":"allgemein/freefloating"},"geometry":{"type":"Point","coordinates":[11.5829,48.12607]}},{"type":"Feature","properties":{"kind":"carsharing","label":"Knöbelstraße","detail":"allgemein/freefloating"},"geometry":{"type":"Point","coordinates":[11.5843,48.1364]}},{"type":"Feature","properties":{"kind":"carsharing","label":"Karl-Marx-Zentrum","detail":"allgemein/freefloating"},"geometry":{"type":"Point","coordinates":[11.65659,48.10816]}},{"type":"Feature","properties":{"kind":"carsharing","label":"Bavariaring","detail":"allgemein/freefloating"},"geometry":{"type":"Point","coordinates":[11.55219,48.12847]}},{"type":"Feature","properties":{"kind":"carsharing","label":"Karl-Marx-Zentrum","detail":"allgemein/freefloating"},"geometry":{"type":"Point","coordinates":[11.65653,48.10812]}},{"type":"Feature","properties":{"kind":"carsharing","label":"Karl-Marx-Zentrum","detail":"allgemein/freefloating"},"geometry":{"type":"Point","coordinates":[11.65665,48.1082]}},{"type":"Feature","properties":{"kind":"carsharing","label":"Brudermühlstraße","detail":"allgemein/freefloating"},"geometry":{"type":"Point","coordinates":[11.54848,48.11167]}},{"type":"Feature","properties":{"kind":"carsharing","label":"Robert-Heger-Straße","detail":"allgemein/freefloating"},"geometry":{"type":"Point","coordinates":[11.64292,48.15859]}},{"type":"Feature","properties":{"kind":"carsharing","label":"Alter Messeplatz","detail":"allgemein/freefloating"},"geometry":{"type":"Point","coordinates":[11.54596,48.1345]}},{"type":"Feature","properties":{"kind":"carsharing","label":"Hermann-Weinhauser Straße","detail":"allgemein/freefloating"},"geometry":{"type":"Point","coordinates":[11.62851,48.13332]}},{"type":"Feature","properties":{"kind":"carsharing","label":"Dreimühlenstraße","detail":"allgemein/freefloating"},"geometry":{"type":"Point","coordinates":[11.5627,48.12241]}},{"type":"Feature","properties":{"kind":"carsharing","label":"Pinakotheken","detail":"allgemein/freefloating"},"geometry":{"type":"Point","coordinates":[11.56856,48.14826]}},{"type":"Feature","properties":{"kind":"carsharing","label":"Hermann-Weinhauser Straße","detail":"allgemein/freefloating"},"geometry":{"type":"Point","coordinates":[11.62883,48.13331]}},{"type":"Feature","properties":{"kind":"carsharing","label":"Hermann-Weinhauser Straße","detail":"allgemein/freefloating"},"geometry":{"type":"Point","coordinates":[11.62889,48.13333]}},{"type":"Feature","properties":{"kind":"carsharing","label":"Schießstättstraße","detail":"allgemein/freefloating"},"geometry":{"type":"Point","coordinates":[11.54564,48.13702]}},{"type":"Feature","properties":{"kind":"carsharing","label":"Rotkreuzplatz","detail":"allgemein/freefloating"},"geometry":{"type":"Point","coordinates":[11.53157,48.15343]}},{"type":"Feature","properties":{"kind":"carsharing","label":"Hermann-Weinhauser Straße","detail":"allgemein/freefloating"},"geometry":{"type":"Point","coordinates":[11.62858,48.13334]}},{"type":"Feature","properties":{"kind":"carsharing","label":"Pinakotheken","detail":"allgemein/freefloating"},"geometry":{"type":"Point","coordinates":[11.56846,48.14811]}},{"type":"Feature","properties":{"kind":"carsharing","label":"Hochschule München","detail":"allgemein/freefloating"},"geometry":{"type":"Point","coordinates":[11.55632,48.15521]}},{"type":"Feature","properties":{"kind":"carsharing","label":"Königinstraße / Veterinärstraße","detail":"allgemein/freefloating"},"geometry":{"type":"Point","coordinates":[11.58452,48.15023]}},{"type":"Feature","properties":{"kind":"carsharing","label":"Gondrellplatz","detail":"allgemein/freefloating"},"geometry":{"type":"Point","coordinates":[11.49,48.12472]}},{"type":"Feature","properties":{"kind":"carsharing","label":"Gondrellplatz","detail":"allgemein/freefloating"},"geometry":{"type":"Point","coordinates":[11.49,48.1247]}},{"type":"Feature","properties":{"kind":"carsharing","label":"Gondrellplatz","detail":"allgemein/freefloating"},"geometry":{"type":"Point","coordinates":[11.49,48.12467]}},{"type":"Feature","properties":{"kind":"carsharing","label":"Hochschule München","detail":"allgemein/freefloating"},"geometry":{"type":"Point","coordinates":[11.55637,48.15517]}},{"type":"Feature","properties":{"kind":"carsharing","label":"Stephansplatz","detail":"allgemein/freefloating"},"geometry":{"type":"Point","coordinates":[11.56618,48.13063]}},{"type":"Feature","properties":{"kind":"carsharing","label":"Lilienstraße","detail":"allgemein/freefloating"},"geometry":{"type":"Point","coordinates":[11.58611,48.12885]}},{"type":"Feature","properties":{"kind":"carsharing","label":"Gertrud-Grunow-Straße","detail":"allgemein/freefloating"},"geometry":{"type":"Point","coordinates":[11.59654,48.18379]}},{"type":"Feature","properties":{"kind":"carsharing","label":"Aindorferstraße","detail":"allgemein/freefloating"},"geometry":{"type":"Point","coordinates":[11.4946,48.13233]}},{"type":"Feature","properties":{"kind":"carsharing","label":"Ickstattstraße","detail":"allgemein/freefloating"},"geometry":{"type":"Point","coordinates":[11.57068,48.12984]}},{"type":"Feature","properties":{"kind":"carsharing","label":"Implerstraße","detail":"allgemein/freefloating"},"geometry":{"type":"Point","coordinates":[11.54828,48.1204]}},{"type":"Feature","properties":{"kind":"carsharing","label":"Hans-Fischer-Straße","detail":"allgemein/freefloating"},"geometry":{"type":"Point","coordinates":[11.54394,48.12792]}},{"type":"Feature","properties":{"kind":"carsharing","label":"Görresstraße","detail":"allgemein/freefloating"},"geometry":{"type":"Point","coordinates":[11.55991,48.15637]}},{"type":"Feature","properties":{"kind":"carsharing","label":"Gondrellplatz","detail":"allgemein/freefloating"},"geometry":{"type":"Point","coordinates":[11.48999,48.12475]}},{"type":"Feature","properties":{"kind":"carsharing","label":"Hohenzollernplatz","detail":"allgemein/freefloating"},"geometry":{"type":"Point","coordinates":[11.56749,48.16107]}},{"type":"Feature","properties":{"kind":"carsharing","label":"Georg-Freundorfer-Platz","detail":"allgemein/freefloating"},"geometry":{"type":"Point","coordinates":[11.54029,48.13379]}},{"type":"Feature","properties":{"kind":"carsharing","label":"St.-Jakobs-Platz","detail":"allgemein/freefloating"},"geometry":{"type":"Point","coordinates":[11.57287,48.13388]}},{"type":"Feature","properties":{"kind":"carsharing","label":"Hinterbärenbadstraße","detail":"allgemein/freefloating"},"geometry":{"type":"Point","coordinates":[11.5285,48.12056]}},{"type":"Feature","properties":{"kind":"carsharing","label":"Ingolstädterstraße 109","detail":"allgemein/freefloating"},"geometry":{"type":"Point","coordinates":[11.58404,48.19631]}},{"type":"Feature","properties":{"kind":"carsharing","label":"Ingolstädterstraße 109","detail":"allgemein/freefloating"},"geometry":{"type":"Point","coordinates":[11.58405,48.19636]}},{"type":"Feature","properties":{"kind":"carsharing","label":"Thalkirchen","detail":"allgemein/freefloating"},"geometry":{"type":"Point","coordinates":[11.54596,48.1021]}},{"type":"Feature","properties":{"kind":"carsharing","label":"Ingolstädterstraße 109","detail":"allgemein/freefloating"},"geometry":{"type":"Point","coordinates":[11.58402,48.19621]}},{"type":"Feature","properties":{"kind":"carsharing","label":"Thalkirchen","detail":"allgemein/freefloating"},"geometry":{"type":"Point","coordinates":[11.54599,48.10199]}},{"type":"Feature","properties":{"kind":"carsharing","label":"Hauptbahnhof Süd","detail":"allgemein/freefloating"},"geometry":{"type":"Point","coordinates":[11.55853,48.13801]}},{"type":"Feature","properties":{"kind":"carsharing","label":"Hinterbärenbadstraße","detail":"allgemein/freefloating"},"geometry":{"type":"Point","coordinates":[11.52865,48.12054]}},{"type":"Feature","properties":{"kind":"carsharing","label":"Josephspitalstraße","detail":"allgemein/freefloating"},"geometry":{"type":"Point","coordinates":[11.566,48.13657]}},{"type":"Feature","properties":{"kind":"carsharing","label":"Knöbelstraße","detail":"allgemein/freefloating"},"geometry":{"type":"Point","coordinates":[11.58432,48.13645]}},{"type":"Feature","properties":{"kind":"carsharing","label":"Knöbelstraße","detail":"allgemein/freefloating"},"geometry":{"type":"Point","coordinates":[11.58434,48.13649]}},{"type":"Feature","properties":{"kind":"carsharing","label":"Mildred-Scheel-Bogen","detail":"allgemein/freefloating"},"geometry":{"type":"Point","coordinates":[11.58166,48.17579]}},{"type":"Feature","properties":{"kind":"carsharing","label":"Mildred-Scheel-Bogen","detail":"allgemein/freefloating"},"geometry":{"type":"Point","coordinates":[11.58165,48.17582]}},{"type":"Feature","properties":{"kind":"carsharing","label":"Mildred-Scheel-Bogen","detail":"allgemein/freefloating"},"geometry":{"type":"Point","coordinates":[11.58164,48.17583]}},{"type":"Feature","properties":{"kind":"carsharing","label":"Mildred-Scheel-Bogen","detail":"allgemein/freefloating"},"geometry":{"type":"Point","coordinates":[11.58163,48.17586]}},{"type":"Feature","properties":{"kind":"carsharing","label":"Bad-Kreuther-Straße","detail":"allgemein/freefloating"},"geometry":{"type":"Point","coordinates":[11.62517,48.12142]}},{"type":"Feature","properties":{"kind":"carsharing","label":"Bad-Kreuther-Straße","detail":"allgemein/freefloating"},"geometry":{"type":"Point","coordinates":[11.62521,48.12141]}},{"type":"Feature","properties":{"kind":"carsharing","label":"Bad-Kreuther-Straße","detail":"allgemein/freefloating"},"geometry":{"type":"Point","coordinates":[11.62527,48.12139]}},{"type":"Feature","properties":{"kind":"carsharing","label":"Pacellistraße","detail":"allgemein/freefloating"},"geometry":{"type":"Point","coordinates":[11.57054,48.14057]}},{"type":"Feature","properties":{"kind":"carsharing","label":"Pacellistraße","detail":"allgemein/freefloating"},"geometry":{"type":"Point","coordinates":[11.57061,48.14056]}},{"type":"Feature","properties":{"kind":"carsharing","label":"Kidlerplatz","detail":"allgemein/freefloating"},"geometry":{"type":"Point","coordinates":[11.54154,48.11682]}},{"type":"Feature","properties":{"kind":"carsharing","label":"Kidlerplatz","detail":"allgemein/freefloating"},"geometry":{"type":"Point","coordinates":[11.54152,48.11693]}},{"type":"Feature","properties":{"kind":"carsharing","label":"Kidlerplatz","detail":"allgemein/freefloating"},"geometry":{"type":"Point","coordinates":[11.54152,48.11696]}},{"type":"Feature","properties":{"kind":"carsharing","label":"Westenriederstraße","detail":"allgemein/freefloating"},"geometry":{"type":"Point","coordinates":[11.57939,48.13511]}},{"type":"Feature","properties":{"kind":"carsharing","label":"Passauerstraße","detail":"allgemein/freefloating"},"geometry":{"type":"Point","coordinates":[11.53383,48.11351]}},{"type":"Feature","properties":{"kind":"carsharing","label":"Oberanger","detail":"allgemein/freefloating"},"geometry":{"type":"Point","coordinates":[11.57045,48.13395]}},{"type":"Feature","properties":{"kind":"carsharing","label":"Westenriederstraße","detail":"allgemein/freefloating"},"geometry":{"type":"Point","coordinates":[11.57942,48.13511]}},{"type":"Feature","properties":{"kind":"carsharing","label":"Ganghoferstraße","detail":"allgemein/freefloating"},"geometry":{"type":"Point","coordinates":[11.54061,48.13779]}},{"type":"Feature","properties":{"kind":"carsharing","label":"Mildred-Scheel-Bogen","detail":"allgemein/freefloating"},"geometry":{"type":"Point","coordinates":[11.58167,48.17574]}},{"type":"Feature","properties":{"kind":"carsharing","label":"Mildred-Scheel-Bogen","detail":"allgemein/freefloating"},"geometry":{"type":"Point","coordinates":[11.58166,48.17577]}},{"type":"Feature","properties":{"kind":"carsharing","label":"Max-Bill-Straße","detail":"allgemein/freefloating"},"geometry":{"type":"Point","coordinates":[11.59333,48.18695]}},{"type":"Feature","properties":{"kind":"carsharing","label":"Untersbergstraße","detail":"allgemein/freefloating"},"geometry":{"type":"Point","coordinates":[11.58711,48.1122]}},{"type":"Feature","properties":{"kind":"carsharing","label":"Scheidplatz","detail":"allgemein/freefloating"},"geometry":{"type":"Point","coordinates":[11.57388,48.17083]}},{"type":"Feature","properties":{"kind":"carsharing","label":"Petuelring","detail":"allgemein/freefloating"},"geometry":{"type":"Point","coordinates":[11.56568,48.1754]}},{"type":"Feature","properties":{"kind":"carsharing","label":"Agnes-Bernauer-Straße","detail":"allgemein/freefloating"},"geometry":{"type":"Point","coordinates":[11.51041,48.13954]}},{"type":"Feature","properties":{"kind":"carsharing","label":"Schlotthauerstraße","detail":"allgemein/freefloating"},"geometry":{"type":"Point","coordinates":[11.57542,48.12332]}},{"type":"Feature","properties":{"kind":"carsharing","label":"St.-Jakobs-Platz","detail":"allgemein/freefloating"},"geometry":{"type":"Point","coordinates":[11.57292,48.13384]}},{"type":"Feature","properties":{"kind":"carsharing","label":"Giesinger Bahnhof","detail":"allgemein/freefloating"},"geometry":{"type":"Point","coordinates":[11.59507,48.11012]}},{"type":"Feature","properties":{"kind":"carsharing","label":"Giesinger Bahnhof","detail":"allgemein/freefloating"},"geometry":{"type":"Point","coordinates":[11.59504,48.11022]}},{"type":"Feature","properties":{"kind":"carsharing","label":"Kolumbusplatz","detail":"allgemein/freefloating"},"geometry":{"type":"Point","coordinates":[11.57642,48.12013]}},{"type":"Feature","properties":{"kind":"carsharing","label":"Maximiliansplatz","detail":"allgemein/freefloating"},"geometry":{"type":"Point","coordinates":[11.57375,48.14266]}},{"type":"Feature","properties":{"kind":"carsharing","label":"Messe West","detail":"allgemein/freefloating"},"geometry":{"type":"Point","coordinates":[11.69033,48.13423]}},{"type":"Feature","properties":{"kind":"carsharing","label":"Pasinger Marienplatz","detail":"allgemein/freefloating"},"geometry":{"type":"Point","coordinates":[11.45875,48.14692]}},{"type":"Feature","properties":{"kind":"carsharing","label":"Oberanger","detail":"allgemein/freefloating"},"geometry":{"type":"Point","coordinates":[11.57056,48.13388]}},{"type":"Feature","properties":{"kind":"carsharing","label":"Marianne-Brandt-Straße","detail":"allgemein/freefloating"},"geometry":{"type":"Point","coordinates":[11.5935,48.18027]}},{"type":"Feature","properties":{"kind":"carsharing","label":"Passauerstraße","detail":"allgemein/freefloating"},"geometry":{"type":"Point","coordinates":[11.53383,48.11341]}},{"type":"Feature","properties":{"kind":"carsharing","label":"Freiham","detail":"allgemein/freefloating"},"geometry":{"type":"Point","coordinates":[11.41103,48.13922]}},{"type":"Feature","properties":{"kind":"carsharing","label":"Hohenzollernplatz","detail":"allgemein/freefloating"},"geometry":{"type":"Point","coordinates":[11.56741,48.16107]}},{"type":"Feature","properties":{"kind":"carsharing","label":"Hermann-Weinhauser Straße","detail":"allgemein/freefloating"},"geometry":{"type":"Point","coordinates":[11.62865,48.13335]}},{"type":"Feature","properties":{"kind":"carsharing","label":"Implerstraße","detail":"allgemein/freefloating"},"geometry":{"type":"Point","coordinates":[11.54828,48.12048]}},{"type":"Feature","properties":{"kind":"carsharing","label":"Würmtalstraße","detail":"allgemein/freefloating"},"geometry":{"type":"Point","coordinates":[11.4668,48.11461]}},{"type":"Feature","properties":{"kind":"carsharing","label":"Nordbad","detail":"allgemein/freefloating"},"geometry":{"type":"Point","coordinates":[11.56345,48.16056]}},{"type":"Feature","properties":{"kind":"carsharing","label":"Nordbad","detail":"allgemein/freefloating"},"geometry":{"type":"Point","coordinates":[11.56344,48.16051]}},{"type":"Feature","properties":{"kind":"carsharing","label":"Nordbad","detail":"allgemein/freefloating"},"geometry":{"type":"Point","coordinates":[11.56341,48.16041]}},{"type":"Feature","properties":{"kind":"carsharing","label":"Nordbad","detail":"allgemein/freefloating"},"geometry":{"type":"Point","coordinates":[11.56339,48.16036]}},{"type":"Feature","properties":{"kind":"carsharing","label":"Görresstraße","detail":"allgemein/freefloating"},"geometry":{"type":"Point","coordinates":[11.55987,48.15639]}},{"type":"Feature","properties":{"kind":"carsharing","label":"Aindorferstraße","detail":"allgemein/freefloating"},"geometry":{"type":"Point","coordinates":[11.49424,48.13238]}},{"type":"Feature","properties":{"kind":"carsharing","label":"Messe West","detail":"allgemein/freefloating"},"geometry":{"type":"Point","coordinates":[11.69032,48.13428]}},{"type":"Feature","properties":{"kind":"carsharing","label":"Bavariaring","detail":"allgemein/freefloating"},"geometry":{"type":"Point","coordinates":[11.5521,48.12839]}},{"type":"Feature","properties":{"kind":"carsharing","label":"Gertrud-Grunow-Straße","detail":"allgemein/freefloating"},"geometry":{"type":"Point","coordinates":[11.59651,48.18375]}},{"type":"Feature","properties":{"kind":"carsharing","label":"Maistraße","detail":"allgemein/freefloating"},"geometry":{"type":"Point","coordinates":[11.56091,48.12564]}},{"type":"Feature","properties":{"kind":"carsharing","label":"Schmellerstraße","detail":"allgemein/freefloating"},"geometry":{"type":"Point","coordinates":[11.55137,48.12562]}},{"type":"Feature","properties":{"kind":"carsharing","label":"Nestroystraße","detail":"allgemein/freefloating"},"geometry":{"type":"Point","coordinates":[11.53482,48.12099]}},{"type":"Feature","properties":{"kind":"carsharing","label":"ZOB","detail":"allgemein/freefloating"},"geometry":{"type":"Point","coordinates":[11.54796,48.14275]}},{"type":"Feature","properties":{"kind":"carsharing","label":"Implerstraße","detail":"allgemein/freefloating"},"geometry":{"type":"Point","coordinates":[11.54828,48.12044]}},{"type":"Feature","properties":{"kind":"carsharing","label":"Hans-Fischer-Straße","detail":"allgemein/freefloating"},"geometry":{"type":"Point","coordinates":[11.54387,48.12795]}},{"type":"Feature","properties":{"kind":"carsharing","label":"Implerstraße","detail":"allgemein/freefloating"},"geometry":{"type":"Point","coordinates":[11.54827,48.12034]}},{"type":"Feature","properties":{"kind":"carsharing","label":"Harthof","detail":"allgemein/freefloating"},"geometry":{"type":"Point","coordinates":[11.57039,48.20466]}},{"type":"Feature","properties":{"kind":"carsharing","label":"Dreimühlenstraße","detail":"allgemein/freefloating"},"geometry":{"type":"Point","coordinates":[11.56269,48.12238]}},{"type":"Feature","properties":{"kind":"carsharing","label":"Bad-Kreuther-Straße","detail":"allgemein/freefloating"},"geometry":{"type":"Point","coordinates":[11.62524,48.1214]}},{"type":"Feature","properties":{"kind":"carsharing","label":"Brudermühlstraße","detail":"allgemein/freefloating"},"geometry":{"type":"Point","coordinates":[11.54845,48.11162]}},{"type":"Feature","properties":{"kind":"carsharing","label":"Pinakotheken","detail":"allgemein/freefloating"},"geometry":{"type":"Point","coordinates":[11.56853,48.1482]}},{"type":"Feature","properties":{"kind":"carsharing","label":"Görresstraße","detail":"allgemein/freefloating"},"geometry":{"type":"Point","coordinates":[11.55995,48.15637]}},{"type":"Feature","properties":{"kind":"carsharing","label":"Georg-Freundorfer-Platz","detail":"allgemein/freefloating"},"geometry":{"type":"Point","coordinates":[11.54045,48.13378]}},{"type":"Feature","properties":{"kind":"carsharing","label":"St. Quirin Platz","detail":"allgemein/freefloating"},"geometry":{"type":"Point","coordinates":[11.5814,48.10466]}},{"type":"Feature","properties":{"kind":"carsharing","label":"St. Quirin Platz","detail":"allgemein/freefloating"},"geometry":{"type":"Point","coordinates":[11.58139,48.10468]}},{"type":"Feature","properties":{"kind":"carsharing","label":"St. Quirin Platz","detail":"allgemein/freefloating"},"geometry":{"type":"Point","coordinates":[11.58138,48.1047]}},{"type":"Feature","properties":{"kind":"carsharing","label":"Baaderstraße","detail":"allgemein/freefloating"},"geometry":{"type":"Point","coordinates":[11.58202,48.13361]}},{"type":"Feature","properties":{"kind":"carsharing","label":"Schießstättstraße","detail":"allgemein/freefloating"},"geometry":{"type":"Point","coordinates":[11.54564,48.13707]}},{"type":"Feature","properties":{"kind":"carsharing","label":"Aubing","detail":"allgemein/freefloating"},"geometry":{"type":"Point","coordinates":[11.41437,48.15559]}},{"type":"Feature","properties":{"kind":"carsharing","label":"Stephansplatz","detail":"allgemein/freefloating"},"geometry":{"type":"Point","coordinates":[11.56609,48.13049]}},{"type":"Feature","properties":{"kind":"carsharing","label":"Königsplatz","detail":"allgemein/freefloating"},"geometry":{"type":"Point","coordinates":[11.56302,48.14449]}},{"type":"Feature","properties":{"kind":"carsharing","label":"Friedenheimerstraße","detail":"allgemein/freefloating"},"geometry":{"type":"Point","coordinates":[11.51155,48.13519]}},{"type":"Feature","properties":{"kind":"carsharing","label":"Hohenzollernplatz","detail":"allgemein/freefloating"},"geometry":{"type":"Point","coordinates":[11.56725,48.16105]}},{"type":"Feature","properties":{"kind":"carsharing","label":"Karl-Weinmair-Straße","detail":"allgemein/freefloating"},"geometry":{"type":"Point","coordinates":[11.58852,48.17957]}},{"type":"Feature","properties":{"kind":"carsharing","label":"Max-Bill-Straße","detail":"allgemein/freefloating"},"geometry":{"type":"Point","coordinates":[11.59362,48.18692]}},{"type":"Feature","properties":{"kind":"carsharing","label":"Pacellistraße","detail":"allgemein/freefloating"},"geometry":{"type":"Point","coordinates":[11.57051,48.14057]}},{"type":"Feature","properties":{"kind":"carsharing","label":"Schulderstraße","detail":"allgemein/freefloating"},"geometry":{"type":"Point","coordinates":[11.52865,48.15009]}},{"type":"Feature","properties":{"kind":"carsharing","label":"Max-Bill-Straße","detail":"allgemein/freefloating"},"geometry":{"type":"Point","coordinates":[11.59327,48.18696]}},{"type":"Feature","properties":{"kind":"carsharing","label":"Westenriederstraße","detail":"allgemein/freefloating"},"geometry":{"type":"Point","coordinates":[11.57945,48.13511]}},{"type":"Feature","properties":{"kind":"carsharing","label":"Marianne-Brandt-Straße","detail":"allgemein/freefloating"},"geometry":{"type":"Point","coordinates":[11.59346,48.18023]}},{"type":"Feature","properties":{"kind":"carsharing","label":"Oberanger","detail":"allgemein/freefloating"},"geometry":{"type":"Point","coordinates":[11.57038,48.13399]}},{"type":"Feature","properties":{"kind":"carsharing","label":"Destoucheestraße","detail":"allgemein/freefloating"},"geometry":{"type":"Point","coordinates":[11.5735,48.16464]}},{"type":"Feature","properties":{"kind":"carsharing","label":"Neuaubing","detail":"allgemein/freefloating"},"geometry":{"type":"Point","coordinates":[11.42338,48.14294]}},{"type":"Feature","properties":{"kind":"carsharing","label":"Neuaubing","detail":"allgemein/freefloating"},"geometry":{"type":"Point","coordinates":[11.42331,48.14293]}},{"type":"Feature","properties":{"kind":"carsharing","label":"Knöbelstraße","detail":"allgemein/freefloating"},"geometry":{"type":"Point","coordinates":[11.58433,48.13647]}},{"type":"Feature","properties":{"kind":"carsharing","label":"Westenriederstraße","detail":"allgemein/freefloating"},"geometry":{"type":"Point","coordinates":[11.57949,48.1351]}},{"type":"Feature","properties":{"kind":"carsharing","label":"Marianne-Brandt-Straße","detail":"allgemein/freefloating"},"geometry":{"type":"Point","coordinates":[11.59339,48.18016]}},{"type":"Feature","properties":{"kind":"carsharing","label":"Pacellistraße","detail":"allgemein/freefloating"},"geometry":{"type":"Point","coordinates":[11.57063,48.14055]}},{"type":"Feature","properties":{"kind":"carsharing","label":"Westenriederstraße","detail":"allgemein/freefloating"},"geometry":{"type":"Point","coordinates":[11.57936,48.13512]}},{"type":"Feature","properties":{"kind":"carsharing","label":"Nibelungenstraße","detail":"allgemein/freefloating"},"geometry":{"type":"Point","coordinates":[11.52756,48.15338]}},{"type":"Feature","properties":{"kind":"carsharing","label":"Mittersendling Ost","detail":"allgemein/freefloating"},"geometry":{"type":"Point","coordinates":[11.53709,48.10842]}},{"type":"Feature","properties":{"kind":"carsharing","label":"Mittersendling Ost","detail":"allgemein/freefloating"},"geometry":{"type":"Point","coordinates":[11.53709,48.10844]}},{"type":"Feature","properties":{"kind":"carsharing","label":"Hirschbergstraße","detail":"allgemein/freefloating"},"geometry":{"type":"Point","coordinates":[11.5337,48.14873]}},{"type":"Feature","properties":{"kind":"carsharing","label":"Schlotthauerstraße","detail":"allgemein/freefloating"},"geometry":{"type":"Point","coordinates":[11.57548,48.12328]}},{"type":"Feature","properties":{"kind":"carsharing","label":"Paul-Hindemith-Allee","detail":"allgemein/freefloating"},"geometry":{"type":"Point","coordinates":[11.60575,48.20161]}},{"type":"Feature","properties":{"kind":"carsharing","label":"Mittersendling Ost","detail":"allgemein/freefloating"},"geometry":{"type":"Point","coordinates":[11.53709,48.10847]}},{"type":"Feature","properties":{"kind":"carsharing","label":"Gertrud-Grunow-Straße","detail":"allgemein/freefloating"},"geometry":{"type":"Point","coordinates":[11.59657,48.18383]}},{"type":"Feature","properties":{"kind":"carsharing","label":"Am Hart - Knorrstraße 170","detail":"allgemein/freefloating"},"geometry":{"type":"Point","coordinates":[11.57251,48.19813]}},{"type":"Feature","properties":{"kind":"carsharing","label":"Max-Joseph-Straße","detail":"allgemein/freefloating"},"geometry":{"type":"Point","coordinates":[11.5695,48.1441]}},{"type":"Feature","properties":{"kind":"carsharing","label":"Hermine-von-Parish-Straße","detail":"allgemein/freefloating"},"geometry":{"type":"Point","coordinates":[11.47607,48.15024]}},{"type":"Feature","properties":{"kind":"carsharing","label":"Schießstättstraße","detail":"allgemein/freefloating"},"geometry":{"type":"Point","coordinates":[11.54564,48.137]}},{"type":"Feature","properties":{"kind":"carsharing","label":"Schlotthauerstraße","detail":"allgemein/freefloating"},"geometry":{"type":"Point","coordinates":[11.5755,48.12326]}},{"type":"Feature","properties":{"kind":"carsharing","label":"Kolumbusplatz","detail":"allgemein/freefloating"},"geometry":{"type":"Point","coordinates":[11.57641,48.12018]}},{"type":"Feature","properties":{"kind":"carsharing","label":"Georg-Freundorfer-Platz","detail":"allgemein/freefloating"},"geometry":{"type":"Point","coordinates":[11.54021,48.13379]}},{"type":"Feature","properties":{"kind":"carsharing","label":"Quiddestraße","detail":"allgemein/freefloating"},"geometry":{"type":"Point","coordinates":[11.64693,48.10685]}},{"type":"Feature","properties":{"kind":"carsharing","label":"Aidenbachstraße","detail":"allgemein/freefloating"},"geometry":{"type":"Point","coordinates":[11.52334,48.09599]}},{"type":"Feature","properties":{"kind":"carsharing","label":"Schlotthauerstraße","detail":"allgemein/freefloating"},"geometry":{"type":"Point","coordinates":[11.57545,48.1233]}},{"type":"Feature","properties":{"kind":"carsharing","label":"Westenriederstraße","detail":"allgemein/freefloating"},"geometry":{"type":"Point","coordinates":[11.57932,48.13512]}},{"type":"Feature","properties":{"kind":"carsharing","label":"ZOB","detail":"allgemein/freefloating"},"geometry":{"type":"Point","coordinates":[11.54811,48.14274]}},{"type":"Feature","properties":{"kind":"carsharing","label":"Robert-Heger-Straße","detail":"allgemein/freefloating"},"geometry":{"type":"Point","coordinates":[11.64277,48.15861]}},{"type":"Feature","properties":{"kind":"carsharing","label":"Robert-Heger-Straße","detail":"allgemein/freefloating"},"geometry":{"type":"Point","coordinates":[11.64285,48.1586]}},{"type":"Feature","properties":{"kind":"carsharing","label":"Robert-Heger-Straße","detail":"allgemein/freefloating"},"geometry":{"type":"Point","coordinates":[11.64261,48.15864]}},{"type":"Feature","properties":{"kind":"carsharing","label":"Marianne-Brandt-Straße","detail":"allgemein/freefloating"},"geometry":{"type":"Point","coordinates":[11.59369,48.18047]}},{"type":"Feature","properties":{"kind":"carsharing","label":"Marianne-Brandt-Straße","detail":"allgemein/freefloating"},"geometry":{"type":"Point","coordinates":[11.59365,48.18043]}},{"type":"Feature","properties":{"kind":"carsharing","label":"Marianne-Brandt-Straße","detail":"allgemein/freefloating"},"geometry":{"type":"Point","coordinates":[11.59361,48.18039]}},{"type":"Feature","properties":{"kind":"carsharing","label":"Robert-Heger-Straße","detail":"allgemein/freefloating"},"geometry":{"type":"Point","coordinates":[11.64269,48.15863]}},{"type":"Feature","properties":{"kind":"carsharing","label":"Jean-Paul-Richter-Straße","detail":"allgemein/freefloating"},"geometry":{"type":"Point","coordinates":[11.52619,48.11182]}},{"type":"Feature","properties":{"kind":"carsharing","label":"Westfriedhof","detail":"allgemein/freefloating"},"geometry":{"type":"Point","coordinates":[11.52653,48.16877]}},{"type":"Feature","properties":{"kind":"carsharing","label":"Hirschgarten","detail":"allgemein/freefloating"},"geometry":{"type":"Point","coordinates":[11.52006,48.14559]}},{"type":"Feature","properties":{"kind":"carsharing","label":"Nibelungenstraße","detail":"allgemein/freefloating"},"geometry":{"type":"Point","coordinates":[11.52752,48.15349]}},{"type":"Feature","properties":{"kind":"carsharing","label":"Fraunhoferstraße","detail":"allgemein/freefloating"},"geometry":{"type":"Point","coordinates":[11.5763,48.12867]}},{"type":"Feature","properties":{"kind":"carsharing","label":"Quiddestraße","detail":"allgemein/freefloating"},"geometry":{"type":"Point","coordinates":[11.64701,48.10685]}},{"type":"Feature","properties":{"kind":"carsharing","label":"Herzogstraße","detail":"allgemein/freefloating"},"geometry":{"type":"Point","coordinates":[11.56314,48.16366]}},{"type":"Feature","properties":{"kind":"carsharing","label":"Knöbelstraße","detail":"allgemein/freefloating"},"geometry":{"type":"Point","coordinates":[11.5843,48.13643]}},{"type":"Feature","properties":{"kind":"carsharing","label":"Pacellistraße","detail":"allgemein/freefloating"},"geometry":{"type":"Point","coordinates":[11.57047,48.14058]}},{"type":"Feature","properties":{"kind":"carsharing","label":"Nestroystraße","detail":"allgemein/freefloating"},"geometry":{"type":"Point","coordinates":[11.53484,48.12109]}},{"type":"Feature","properties":{"kind":"carsharing","label":"Herzogstraße","detail":"allgemein/freefloating"},"geometry":{"type":"Point","coordinates":[11.56322,48.16365]}},{"type":"Feature","properties":{"kind":"carsharing","label":"Max-Joseph-Straße","detail":"allgemein/freefloating"},"geometry":{"type":"Point","coordinates":[11.56946,48.14415]}},{"type":"Feature","properties":{"kind":"carsharing","label":"Oberanger","detail":"allgemein/freefloating"},"geometry":{"type":"Point","coordinates":[11.57069,48.13383]}},{"type":"Feature","properties":{"kind":"carsharing","label":"Hohenzollernplatz","detail":"allgemein/freefloating"},"geometry":{"type":"Point","coordinates":[11.56733,48.16106]}},{"type":"Feature","properties":{"kind":"carsharing","label":"Aidenbachstraße","detail":"allgemein/freefloating"},"geometry":{"type":"Point","coordinates":[11.52334,48.09604]}},{"type":"Feature","properties":{"kind":"carsharing","label":"Neuherbergstraße","detail":"allgemein/freefloating"},"geometry":{"type":"Point","coordinates":[11.56493,48.20907]}},{"type":"Feature","properties":{"kind":"carsharing","label":"Nederlinger Straße 37","detail":"allgemein/freefloating"},"geometry":{"type":"Point","coordinates":[11.52034,48.16363]}},{"type":"Feature","properties":{"kind":"carsharing","label":"Königsplatz","detail":"allgemein/freefloating"},"geometry":{"type":"Point","coordinates":[11.56298,48.14445]}},{"type":"Feature","properties":{"kind":"carsharing","label":"Marianne-Brandt-Straße","detail":"allgemein/freefloating"},"geometry":{"type":"Point","coordinates":[11.59343,48.1802]}},{"type":"Feature","properties":{"kind":"carsharing","label":"Gertrud-Grunow-Straße","detail":"allgemein/freefloating"},"geometry":{"type":"Point","coordinates":[11.59647,48.1837]}},{"type":"Feature","properties":{"kind":"carsharing","label":"Pasinger Marienplatz","detail":"allgemein/freefloating"},"geometry":{"type":"Point","coordinates":[11.45882,48.14691]}},{"type":"Feature","properties":{"kind":"carsharing","label":"Gertrud-Grunow-Straße","detail":"allgemein/freefloating"},"geometry":{"type":"Point","coordinates":[11.5966,48.18386]}},{"type":"Feature","properties":{"kind":"carsharing","label":"Prinzregentenstadion","detail":"allgemein/freefloating"},"geometry":{"type":"Point","coordinates":[11.60484,48.13941]}},{"type":"Feature","properties":{"kind":"carsharing","label":"Max-Lebsche-Platz","detail":"allgemein/freefloating"},"geometry":{"type":"Point","coordinates":[11.47612,48.1089]}},{"type":"Feature","properties":{"kind":"carsharing","label":"Welfenstraße","detail":"allgemein/freefloating"},"geometry":{"type":"Point","coordinates":[11.58909,48.12227]}},{"type":"Feature","properties":{"kind":"carsharing","label":"Friedenspromenade","detail":"allgemein/freefloating"},"geometry":{"type":"Point","coordinates":[11.67746,48.11221]}},{"type":"Feature","properties":{"kind":"carsharing","label":"Tengstraße","detail":"allgemein/freefloating"},"geometry":{"type":"Point","coordinates":[11.56824,48.15446]}},{"type":"Feature","properties":{"kind":"carsharing","label":"August-Everding-Straße","detail":"allgemein/freefloating"},"geometry":{"type":"Point","coordinates":[11.61085,48.12506]}},{"type":"Feature","properties":{"kind":"carsharing","label":"Am Glockenbach","detail":"allgemein/freefloating"},"geometry":{"type":"Point","coordinates":[11.56727,48.12734]}},{"type":"Feature","properties":{"kind":"carsharing","label":"Westend","detail":"allgemein/freefloating"},"geometry":{"type":"Point","coordinates":[11.53146,48.13775]}},{"type":"Feature","properties":{"kind":"carsharing","label":"Westend","detail":"allgemein/freefloating"},"geometry":{"type":"Point","coordinates":[11.5315,48.13775]}},{"type":"Feature","properties":{"kind":"carsharing","label":"Rosenheimer Platz","detail":"allgemein/freefloating"},"geometry":{"type":"Point","coordinates":[11.59435,48.12926]}},{"type":"Feature","properties":{"kind":"carsharing","label":"Rosenheimer Platz","detail":"allgemein/freefloating"},"geometry":{"type":"Point","coordinates":[11.5944,48.1293]}},{"type":"Feature","properties":{"kind":"carsharing","label":"Laimer Platz","detail":"allgemein/freefloating"},"geometry":{"type":"Point","coordinates":[11.50096,48.13552]}},{"type":"Feature","properties":{"kind":"carsharing","label":"Ganghoferstraße","detail":"allgemein/freefloating"},"geometry":{"type":"Point","coordinates":[11.54057,48.13757]}},{"type":"Feature","properties":{"kind":"carsharing","label":"Ganghoferstraße","detail":"allgemein/freefloating"},"geometry":{"type":"Point","coordinates":[11.54057,48.1376]}},{"type":"Feature","properties":{"kind":"carsharing","label":"Mailingerstraße","detail":"allgemein/freefloating"},"geometry":{"type":"Point","coordinates":[11.54484,48.15051]}},{"type":"Feature","properties":{"kind":"carsharing","label":"Mailingerstraße","detail":"allgemein/freefloating"},"geometry":{"type":"Point","coordinates":[11.54489,48.15062]}},{"type":"Feature","properties":{"kind":"carsharing","label":"Marianne-Brandt-Straße","detail":"allgemein/freefloating"},"geometry":{"type":"Point","coordinates":[11.59357,48.18035]}},{"type":"Feature","properties":{"kind":"carsharing","label":"Marianne-Brandt-Straße","detail":"allgemein/freefloating"},"geometry":{"type":"Point","coordinates":[11.5936,48.18077]}},{"type":"Feature","properties":{"kind":"carsharing","label":"Galeriestraße","detail":"allgemein/freefloating"},"geometry":{"type":"Point","coordinates":[11.57875,48.14414]}},{"type":"Feature","properties":{"kind":"carsharing","label":"Galeriestraße","detail":"allgemein/freefloating"},"geometry":{"type":"Point","coordinates":[11.57884,48.14413]}},{"type":"Feature","properties":{"kind":"carsharing","label":"Galeriestraße","detail":"allgemein/freefloating"},"geometry":{"type":"Point","coordinates":[11.57892,48.14411]}},{"type":"Feature","properties":{"kind":"carsharing","label":"Stiglmaierplatz","detail":"allgemein/freefloating"},"geometry":{"type":"Point","coordinates":[11.56034,48.14711]}},{"type":"Feature","properties":{"kind":"carsharing","label":"Stiglmaierplatz","detail":"allgemein/freefloating"},"geometry":{"type":"Point","coordinates":[11.56019,48.14716]}},{"type":"Feature","properties":{"kind":"carsharing","label":"Stiglmaierplatz","detail":"allgemein/freefloating"},"geometry":{"type":"Point","coordinates":[11.56026,48.14714]}},{"type":"Feature","properties":{"kind":"carsharing","label":"Gertrud-Grunow-Straße","detail":"allgemein/freefloating"},"geometry":{"type":"Point","coordinates":[11.59674,48.18389]}},{"type":"Feature","properties":{"kind":"carsharing","label":"Plettstraße","detail":"allgemein/freefloating"},"geometry":{"type":"Point","coordinates":[11.64075,48.10686]}},{"type":"Feature","properties":{"kind":"carsharing","label":"Neuherbergstraße","detail":"allgemein/freefloating"},"geometry":{"type":"Point","coordinates":[11.56489,48.20907]}},{"type":"Feature","properties":{"kind":"carsharing","label":"Nordfriedhof","detail":"allgemein/freefloating"},"geometry":{"type":"Point","coordinates":[11.597,48.1723]}},{"type":"Feature","properties":{"kind":"carsharing","label":"Nordfriedhof","detail":"allgemein/freefloating"},"geometry":{"type":"Point","coordinates":[11.59693,48.17233]}},{"type":"Feature","properties":{"kind":"carsharing","label":"Trudering Bahnhof Süd","detail":"allgemein/freefloating"},"geometry":{"type":"Point","coordinates":[11.66419,48.1246]}},{"type":"Feature","properties":{"kind":"carsharing","label":"Plettstraße","detail":"allgemein/freefloating"},"geometry":{"type":"Point","coordinates":[11.64083,48.10684]}},{"type":"Feature","properties":{"kind":"carsharing","label":"Hohenzollernplatz","detail":"allgemein/freefloating"},"geometry":{"type":"Point","coordinates":[11.56716,48.16095]}},{"type":"Feature","properties":{"kind":"carsharing","label":"Bonner Platz","detail":"allgemein/freefloating"},"geometry":{"type":"Point","coordinates":[11.57815,48.16741]}},{"type":"Feature","properties":{"kind":"carsharing","label":"St.-Jakobs-Platz","detail":"allgemein/freefloating"},"geometry":{"type":"Point","coordinates":[11.57293,48.13397]}},{"type":"Feature","properties":{"kind":"carsharing","label":"Plettstraße","detail":"allgemein/freefloating"},"geometry":{"type":"Point","coordinates":[11.64068,48.10688]}},{"type":"Feature","properties":{"kind":"carsharing","label":"Neuherbergstraße","detail":"allgemein/freefloating"},"geometry":{"type":"Point","coordinates":[11.56496,48.20907]}},{"type":"Feature","properties":{"kind":"carsharing","label":"Plettstraße","detail":"allgemein/freefloating"},"geometry":{"type":"Point","coordinates":[11.64061,48.10691]}},{"type":"Feature","properties":{"kind":"carsharing","label":"St.-Jakobs-Platz","detail":"allgemein/freefloating"},"geometry":{"type":"Point","coordinates":[11.57294,48.13395]}},{"type":"Feature","properties":{"kind":"carsharing","label":"Königsplatz","detail":"allgemein/freefloating"},"geometry":{"type":"Point","coordinates":[11.56294,48.14439]}},{"type":"Feature","properties":{"kind":"carsharing","label":"St.-Jakobs-Platz","detail":"allgemein/freefloating"},"geometry":{"type":"Point","coordinates":[11.57296,48.13393]}},{"type":"Feature","properties":{"kind":"carsharing","label":"St.-Jakobs-Platz","detail":"allgemein/freefloating"},"geometry":{"type":"Point","coordinates":[11.57291,48.13399]}},{"type":"Feature","properties":{"kind":"carsharing","label":"Richard-Strauss-Straße","detail":"allgemein/freefloating"},"geometry":{"type":"Point","coordinates":[11.61636,48.14849]}},{"type":"Feature","properties":{"kind":"carsharing","label":"Richard-Strauss-Straße","detail":"allgemein/freefloating"},"geometry":{"type":"Point","coordinates":[11.61636,48.14843]}},{"type":"Feature","properties":{"kind":"carsharing","label":"Fritz-Meyer-Weg","detail":"allgemein/freefloating"},"geometry":{"type":"Point","coordinates":[11.63607,48.1723]}},{"type":"Feature","properties":{"kind":"carsharing","label":"Richard-Strauss-Straße","detail":"allgemein/freefloating"},"geometry":{"type":"Point","coordinates":[11.61637,48.14854]}},{"type":"Feature","properties":{"kind":"carsharing","label":"Curt-Mezger-Platz","detail":"allgemein/freefloating"},"geometry":{"type":"Point","coordinates":[11.56689,48.18225]}},{"type":"Feature","properties":{"kind":"carsharing","label":"Curt-Mezger-Platz","detail":"allgemein/freefloating"},"geometry":{"type":"Point","coordinates":[11.56691,48.18212]}},{"type":"Feature","properties":{"kind":"carsharing","label":"Curt-Mezger-Platz","detail":"allgemein/freefloating"},"geometry":{"type":"Point","coordinates":[11.5669,48.18217]}},{"type":"Feature","properties":{"kind":"carsharing","label":"Tierpark - Alemannenstraße","detail":"allgemein/freefloating"},"geometry":{"type":"Point","coordinates":[11.55794,48.10081]}},{"type":"Feature","properties":{"kind":"carsharing","label":"Arabellapark","detail":"allgemein/freefloating"},"geometry":{"type":"Point","coordinates":[11.62132,48.15271]}},{"type":"Feature","properties":{"kind":"carsharing","label":"Arabellapark","detail":"allgemein/freefloating"},"geometry":{"type":"Point","coordinates":[11.62132,48.15276]}},{"type":"Feature","properties":{"kind":"carsharing","label":"Gronsdorf Bahnhof","detail":"allgemein/freefloating"},"geometry":{"type":"Point","coordinates":[11.69803,48.11811]}},{"type":"Feature","properties":{"kind":"carsharing","label":"Gronsdorf Bahnhof","detail":"allgemein/freefloating"},"geometry":{"type":"Point","coordinates":[11.69801,48.11809]}},{"type":"Feature","properties":{"kind":"carsharing","label":"Gronsdorf Bahnhof","detail":"allgemein/freefloating"},"geometry":{"type":"Point","coordinates":[11.69799,48.11808]}},{"type":"Feature","properties":{"kind":"carsharing","label":"Arabellapark","detail":"allgemein/freefloating"},"geometry":{"type":"Point","coordinates":[11.62132,48.15282]}},{"type":"Feature","properties":{"kind":"carsharing","label":"Westkreuz","detail":"allgemein/freefloating"},"geometry":{"type":"Point","coordinates":[11.44191,48.14811]}},{"type":"Feature","properties":{"kind":"carsharing","label":"Zenettiplatz","detail":"allgemein/freefloating"},"geometry":{"type":"Point","coordinates":[11.55558,48.12461]}},{"type":"Feature","properties":{"kind":"carsharing","label":"Westkreuz","detail":"allgemein/freefloating"},"geometry":{"type":"Point","coordinates":[11.44188,48.14813]}},{"type":"Feature","properties":{"kind":"carsharing","label":"Arabellapark","detail":"allgemein/freefloating"},"geometry":{"type":"Point","coordinates":[11.62132,48.15287]}},{"type":"Feature","properties":{"kind":"carsharing","label":"Grünwalderstraße","detail":"allgemein/freefloating"},"geometry":{"type":"Point","coordinates":[11.5688,48.10322]}},{"type":"Feature","properties":{"kind":"carsharing","label":"Candidplatz","detail":"allgemein/freefloating"},"geometry":{"type":"Point","coordinates":[11.57128,48.11221]}},{"type":"Feature","properties":{"kind":"carsharing","label":"Mangfallplatz","detail":"allgemein/freefloating"},"geometry":{"type":"Point","coordinates":[11.58075,48.09695]}},{"type":"Feature","properties":{"kind":"carsharing","label":"Mangfallplatz","detail":"allgemein/freefloating"},"geometry":{"type":"Point","coordinates":[11.58078,48.097]}},{"type":"Feature","properties":{"kind":"carsharing","label":"Mangfallplatz","detail":"allgemein/freefloating"},"geometry":{"type":"Point","coordinates":[11.58071,48.0969]}},{"type":"Feature","properties":{"kind":"carsharing","label":"Böhmerwaldplatz","detail":"allgemein/freefloating"},"geometry":{"type":"Point","coordinates":[11.61552,48.14313]}},{"type":"Feature","properties":{"kind":"carsharing","label":"Mangfallplatz","detail":"allgemein/freefloating"},"geometry":{"type":"Point","coordinates":[11.58068,48.09685]}},{"type":"Feature","properties":{"kind":"carsharing","label":"Grünwalderstraße","detail":"allgemein/freefloating"},"geometry":{"type":"Point","coordinates":[11.56887,48.1033]}},{"type":"Feature","properties":{"kind":"carsharing","label":"Grünwalderstraße","detail":"allgemein/freefloating"},"geometry":{"type":"Point","coordinates":[11.56884,48.10326]}},{"type":"Feature","properties":{"kind":"carsharing","label":"Böhmerwaldplatz","detail":"allgemein/freefloating"},"geometry":{"type":"Point","coordinates":[11.6155,48.14301]}},{"type":"Feature","properties":{"kind":"carsharing","label":"Böhmerwaldplatz","detail":"allgemein/freefloating"},"geometry":{"type":"Point","coordinates":[11.61553,48.14318]}},{"type":"Feature","properties":{"kind":"carsharing","label":"Tengstraße","detail":"allgemein/freefloating"},"geometry":{"type":"Point","coordinates":[11.56822,48.15444]}},{"type":"Feature","properties":{"kind":"carsharing","label":"Grillparzerstraße","detail":"allgemein/freefloating"},"geometry":{"type":"Point","coordinates":[11.60986,48.13673]}},{"type":"Feature","properties":{"kind":"carsharing","label":"Grillparzerstraße","detail":"allgemein/freefloating"},"geometry":{"type":"Point","coordinates":[11.60986,48.13675]}},{"type":"Feature","properties":{"kind":"carsharing","label":"Grillparzerstraße","detail":"allgemein/freefloating"},"geometry":{"type":"Point","coordinates":[11.60986,48.13678]}},{"type":"Feature","properties":{"kind":"carsharing","label":"Grillparzerstraße","detail":"allgemein/freefloating"},"geometry":{"type":"Point","coordinates":[11.60987,48.13681]}},{"type":"Feature","properties":{"kind":"carsharing","label":"Tengstraße","detail":"allgemein/freefloating"},"geometry":{"type":"Point","coordinates":[11.56825,48.15449]}},{"type":"Feature","properties":{"kind":"carsharing","label":"Böhmerwaldplatz","detail":"allgemein/freefloating"},"geometry":{"type":"Point","coordinates":[11.61549,48.1429]}},{"type":"Feature","properties":{"kind":"carsharing","label":"Tengstraße","detail":"allgemein/freefloating"},"geometry":{"type":"Point","coordinates":[11.56828,48.15453]}},{"type":"Feature","properties":{"kind":"carsharing","label":"Allach S","detail":"allgemein/freefloating"},"geometry":{"type":"Point","coordinates":[11.46577,48.18959]}},{"type":"Feature","properties":{"kind":"carsharing","label":"Bonner Platz","detail":"allgemein/freefloating"},"geometry":{"type":"Point","coordinates":[11.57816,48.16739]}},{"type":"Feature","properties":{"kind":"carsharing","label":"Böhmerwaldplatz","detail":"allgemein/freefloating"},"geometry":{"type":"Point","coordinates":[11.61551,48.14307]}},{"type":"Feature","properties":{"kind":"carsharing","label":"Böhmerwaldplatz","detail":"allgemein/freefloating"},"geometry":{"type":"Point","coordinates":[11.6155,48.14296]}},{"type":"Feature","properties":{"kind":"carsharing","label":"Tengstraße","detail":"allgemein/freefloating"},"geometry":{"type":"Point","coordinates":[11.56827,48.15451]}},{"type":"Feature","properties":{"kind":"carsharing","label":"Schyrenbad","detail":"allgemein/freefloating"},"geometry":{"type":"Point","coordinates":[11.57084,48.12071]}},{"type":"Feature","properties":{"kind":"carsharing","label":"Hans-Mielich-Platz","detail":"allgemein/freefloating"},"geometry":{"type":"Point","coordinates":[11.57024,48.11655]}},{"type":"Feature","properties":{"kind":"carsharing","label":"Laimer Platz","detail":"allgemein/freefloating"},"geometry":{"type":"Point","coordinates":[11.50093,48.13553]}},{"type":"Feature","properties":{"kind":"carsharing","label":"Truderinger Straße","detail":"allgemein/freefloating"},"geometry":{"type":"Point","coordinates":[11.67269,48.12139]}},{"type":"Feature","properties":{"kind":"carsharing","label":"Truderinger Straße","detail":"allgemein/freefloating"},"geometry":{"type":"Point","coordinates":[11.67277,48.12138]}},{"type":"Feature","properties":{"kind":"carsharing","label":"Truderinger Straße","detail":"allgemein/freefloating"},"geometry":{"type":"Point","coordinates":[11.67285,48.12136]}},{"type":"Feature","properties":{"kind":"carsharing","label":"Volpinistraße 19","detail":"allgemein/freefloating"},"geometry":{"type":"Point","coordinates":[11.51184,48.16505]}},{"type":"Feature","properties":{"kind":"carsharing","label":"Schloss Nymphenburg","detail":"allgemein/freefloating"},"geometry":{"type":"Point","coordinates":[11.51068,48.15832]}},{"type":"Feature","properties":{"kind":"carsharing","label":"Stachus - Justizpalast","detail":"allgemein/freefloating"},"geometry":{"type":"Point","coordinates":[11.56513,48.13986]}},{"type":"Feature","properties":{"kind":"carsharing","label":"Reichenbachplatz","detail":"allgemein/freefloating"},"geometry":{"type":"Point","coordinates":[11.57618,48.13346]}},{"type":"Feature","properties":{"kind":"carsharing","label":"Reichenbachplatz","detail":"allgemein/freefloating"},"geometry":{"type":"Point","coordinates":[11.57617,48.13344]}},{"type":"Feature","properties":{"kind":"carsharing","label":"Stachus - Justizpalast","detail":"allgemein/freefloating"},"geometry":{"type":"Point","coordinates":[11.56491,48.13993]}},{"type":"Feature","properties":{"kind":"carsharing","label":"Stachus - Justizpalast","detail":"allgemein/freefloating"},"geometry":{"type":"Point","coordinates":[11.56506,48.13988]}},{"type":"Feature","properties":{"kind":"carsharing","label":"Stachus - Justizpalast","detail":"allgemein/freefloating"},"geometry":{"type":"Point","coordinates":[11.56484,48.13995]}},{"type":"Feature","properties":{"kind":"carsharing","label":"Stachus - Justizpalast","detail":"allgemein/freefloating"},"geometry":{"type":"Point","coordinates":[11.56499,48.1399]}},{"type":"Feature","properties":{"kind":"carsharing","label":"Rockefellerstraße","detail":"allgemein/freefloating"},"geometry":{"type":"Point","coordinates":[11.5796,48.20672]}},{"type":"Feature","properties":{"kind":"carsharing","label":"Innsbrucker Ring","detail":"allgemein/freefloating"},"geometry":{"type":"Point","coordinates":[11.6225,48.12011]}},{"type":"Feature","properties":{"kind":"carsharing","label":"Romanplatz","detail":"allgemein/freefloating"},"geometry":{"type":"Point","coordinates":[11.51137,48.15394]}},{"type":"Feature","properties":{"kind":"carsharing","label":"Romanplatz","detail":"allgemein/freefloating"},"geometry":{"type":"Point","coordinates":[11.51136,48.15383]}},{"type":"Feature","properties":{"kind":"carsharing","label":"St. Benno","detail":"allgemein/freefloating"},"geometry":{"type":"Point","coordinates":[11.55342,48.15184]}},{"type":"Feature","properties":{"kind":"carsharing","label":"St. Benno","detail":"allgemein/freefloating"},"geometry":{"type":"Point","coordinates":[11.55351,48.15181]}},{"type":"Feature","properties":{"kind":"carsharing","label":"Rosenheimer Platz","detail":"allgemein/freefloating"},"geometry":{"type":"Point","coordinates":[11.59444,48.12934]}},{"type":"Feature","properties":{"kind":"carsharing","label":"August-Everding-Straße","detail":"allgemein/freefloating"},"geometry":{"type":"Point","coordinates":[11.611,48.12496]}},{"type":"Feature","properties":{"kind":"carsharing","label":"Trudering Bahnhof Süd","detail":"allgemein/freefloating"},"geometry":{"type":"Point","coordinates":[11.66416,48.12455]}},{"type":"Feature","properties":{"kind":"carsharing","label":"Zenettiplatz","detail":"allgemein/freefloating"},"geometry":{"type":"Point","coordinates":[11.55565,48.1244]}},{"type":"Feature","properties":{"kind":"carsharing","label":"Stachus - Justizpalast","detail":"allgemein/freefloating"},"geometry":{"type":"Point","coordinates":[11.56521,48.13983]}},{"type":"Feature","properties":{"kind":"carsharing","label":"Leonrodplatz","detail":"allgemein/freefloating"},"geometry":{"type":"Point","coordinates":[11.54636,48.15961]}},{"type":"Feature","properties":{"kind":"carsharing","label":"Welfenstraße","detail":"allgemein/freefloating"},"geometry":{"type":"Point","coordinates":[11.58901,48.12226]}},{"type":"Feature","properties":{"kind":"carsharing","label":"Prinzregentenstadion","detail":"allgemein/freefloating"},"geometry":{"type":"Point","coordinates":[11.60468,48.13943]}},{"type":"Feature","properties":{"kind":"carsharing","label":"Max-Lebsche-Platz","detail":"allgemein/freefloating"},"geometry":{"type":"Point","coordinates":[11.4761,48.10884]}},{"type":"Feature","properties":{"kind":"carsharing","label":"Donnersbergerbrücke","detail":"allgemein/freefloating"},"geometry":{"type":"Point","coordinates":[11.53591,48.14365]}},{"type":"Feature","properties":{"kind":"carsharing","label":"August-Everding-Straße","detail":"allgemein/freefloating"},"geometry":{"type":"Point","coordinates":[11.61055,48.12527]}},{"type":"Feature","properties":{"kind":"carsharing","label":"Max-Lebsche-Platz","detail":"allgemein/freefloating"},"geometry":{"type":"Point","coordinates":[11.47609,48.10879]}},{"type":"Feature","properties":{"kind":"carsharing","label":"Welfenstraße","detail":"allgemein/freefloating"},"geometry":{"type":"Point","coordinates":[11.58829,48.12216]}},{"type":"Feature","properties":{"kind":"carsharing","label":"Welfenstraße","detail":"allgemein/freefloating"},"geometry":{"type":"Point","coordinates":[11.58822,48.12215]}},{"type":"Feature","properties":{"kind":"carsharing","label":"August-Everding-Straße","detail":"allgemein/freefloating"},"geometry":{"type":"Point","coordinates":[11.6107,48.12517]}},{"type":"Feature","properties":{"kind":"carsharing","label":"Max-Lebsche-Platz","detail":"allgemein/freefloating"},"geometry":{"type":"Point","coordinates":[11.47617,48.10916]}},{"type":"Feature","properties":{"kind":"carsharing","label":"Max-Lebsche-Platz","detail":"allgemein/freefloating"},"geometry":{"type":"Point","coordinates":[11.47619,48.10923]}},{"type":"Feature","properties":{"kind":"carsharing","label":"Prinzregentenstadion","detail":"allgemein/freefloating"},"geometry":{"type":"Point","coordinates":[11.60476,48.13942]}},{"type":"Feature","properties":{"kind":"carsharing","label":"Prinzregentenstadion","detail":"allgemein/freefloating"},"geometry":{"type":"Point","coordinates":[11.60452,48.13945]}},{"type":"Feature","properties":{"kind":"carsharing","label":"Prinzregentenstadion","detail":"allgemein/freefloating"},"geometry":{"type":"Point","coordinates":[11.6046,48.13944]}},{"type":"Feature","properties":{"kind":"carsharing","label":"Prinzregentenstadion","detail":"allgemein/freefloating"},"geometry":{"type":"Point","coordinates":[11.60444,48.13946]}},{"type":"Feature","properties":{"kind":"carsharing","label":"Max-Lebsche-Platz","detail":"allgemein/freefloating"},"geometry":{"type":"Point","coordinates":[11.47613,48.10895]}},{"type":"Feature","properties":{"kind":"carsharing","label":"Leonrodplatz","detail":"allgemein/freefloating"},"geometry":{"type":"Point","coordinates":[11.54627,48.15963]}},{"type":"Feature","properties":{"kind":"carsharing","label":"Hauptbahnhof Süd","detail":"allgemein/freefloating"},"geometry":{"type":"Point","coordinates":[11.55853,48.13791]}},{"type":"Feature","properties":{"kind":"carsharing","label":"Hauptbahnhof Süd","detail":"allgemein/freefloating"},"geometry":{"type":"Point","coordinates":[11.55853,48.13796]}},{"type":"Feature","properties":{"kind":"carsharing","label":"Grasserstraße","detail":"allgemein/freefloating"},"geometry":{"type":"Point","coordinates":[11.548,48.1402]}},{"type":"Feature","properties":{"kind":"carsharing","label":"St. Benno","detail":"allgemein/freefloating"},"geometry":{"type":"Point","coordinates":[11.55335,48.15187]}},{"type":"Feature","properties":{"kind":"carsharing","label":"Thalkirchen","detail":"allgemein/freefloating"},"geometry":{"type":"Point","coordinates":[11.54595,48.10216]}},{"type":"Feature","properties":{"kind":"carsharing","label":"Grasserstraße","detail":"allgemein/freefloating"},"geometry":{"type":"Point","coordinates":[11.54804,48.14023]}},{"type":"Feature","properties":{"kind":"carsharing","label":"Thalkirchen","detail":"allgemein/freefloating"},"geometry":{"type":"Point","coordinates":[11.54598,48.10204]}},{"type":"Feature","properties":{"kind":"carsharing","label":"Hauptbahnhof Süd","detail":"allgemein/freefloating"},"geometry":{"type":"Point","coordinates":[11.55853,48.13793]}},{"type":"Feature","properties":{"kind":"carsharing","label":"Grasserstraße","detail":"allgemein/freefloating"},"geometry":{"type":"Point","coordinates":[11.54795,48.14016]}},{"type":"Feature","properties":{"kind":"carsharing","label":"Albrechtstraße","detail":"allgemein/freefloating"},"geometry":{"type":"Point","coordinates":[11.53999,48.15522]}},{"type":"Feature","properties":{"kind":"carsharing","label":"Gern","detail":"allgemein/freefloating"},"geometry":{"type":"Point","coordinates":[11.52894,48.16336]}},{"type":"Feature","properties":{"kind":"carsharing","label":"Gern","detail":"allgemein/freefloating"},"geometry":{"type":"Point","coordinates":[11.52893,48.16331]}},{"type":"Feature","properties":{"kind":"carsharing","label":"Ellis-Kaut-Straße","detail":"allgemein/freefloating"},"geometry":{"type":"Point","coordinates":[11.40734,48.14533]}},{"type":"Feature","properties":{"kind":"carsharing","label":"Siemenswerke","detail":"allgemein/freefloating"},"geometry":{"type":"Point","coordinates":[11.53062,48.09361]}},{"type":"Feature","properties":{"kind":"carsharing","label":"Fritz-Meyer-Weg","detail":"allgemein/freefloating"},"geometry":{"type":"Point","coordinates":[11.63591,48.17234]}},{"type":"Feature","properties":{"kind":"carsharing","label":"Fritz-Meyer-Weg","detail":"allgemein/freefloating"},"geometry":{"type":"Point","coordinates":[11.63576,48.17239]}},{"type":"Feature","properties":{"kind":"carsharing","label":"Moosach Bahnhof","detail":"allgemein/freefloating"},"geometry":{"type":"Point","coordinates":[11.50723,48.1801]}},{"type":"Feature","properties":{"kind":"carsharing","label":"Siemenswerke","detail":"allgemein/freefloating"},"geometry":{"type":"Point","coordinates":[11.53065,48.09366]}},{"type":"Feature","properties":{"kind":"carsharing","label":"Griegstraße","detail":"allgemein/freefloating"},"geometry":{"type":"Point","coordinates":[11.58437,48.18168]}},{"type":"Feature","properties":{"kind":"carsharing","label":"Olympiazentrum","detail":"allgemein/freefloating"},"geometry":{"type":"Point","coordinates":[11.55403,48.18072]}},{"type":"Feature","properties":{"kind":"carsharing","label":"Olympiazentrum","detail":"allgemein/freefloating"},"geometry":{"type":"Point","coordinates":[11.55411,48.18072]}},{"type":"Feature","properties":{"kind":"carsharing","label":"Olympiazentrum","detail":"allgemein/freefloating"},"geometry":{"type":"Point","coordinates":[11.55427,48.18072]}},{"type":"Feature","properties":{"kind":"carsharing","label":"Olympiazentrum","detail":"allgemein/freefloating"},"geometry":{"type":"Point","coordinates":[11.55419,48.18072]}},{"type":"Feature","properties":{"kind":"carsharing","label":"Moosacher St. Martins Platz","detail":"allgemein/freefloating"},"geometry":{"type":"Point","coordinates":[11.51768,48.18181]}},{"type":"Feature","properties":{"kind":"carsharing","label":"Ganghoderstraße (III)","detail":"allgemein/freefloating"},"geometry":{"type":"Point","coordinates":[11.53928,48.13053]}},{"type":"Feature","properties":{"kind":"carsharing","label":"Moosacher St. Martins Platz","detail":"allgemein/freefloating"},"geometry":{"type":"Point","coordinates":[11.5176,48.1818]}},{"type":"Feature","properties":{"kind":"carsharing","label":"Ganghoferstraße (III)","detail":"allgemein/freefloating"},"geometry":{"type":"Point","coordinates":[11.53929,48.13059]}},{"type":"Feature","properties":{"kind":"carsharing","label":"Elisabethplatz","detail":"allgemein/freefloating"},"geometry":{"type":"Point","coordinates":[11.57352,48.15649]}},{"type":"Feature","properties":{"kind":"carsharing","label":"August-Everding-Straße","detail":"allgemein/freefloating"},"geometry":{"type":"Point","coordinates":[11.61063,48.12521]}},{"type":"Feature","properties":{"kind":"carsharing","label":"Georg-Birk-Straße","detail":"allgemein/freefloating"},"geometry":{"type":"Point","coordinates":[11.55702,48.16316]}},{"type":"Feature","properties":{"kind":"carsharing","label":"Elisabethplatz","detail":"allgemein/freefloating"},"geometry":{"type":"Point","coordinates":[11.57351,48.15643]}},{"type":"Feature","properties":{"kind":"carsharing","label":"Georg-Birk-Straße","detail":"allgemein/freefloating"},"geometry":{"type":"Point","coordinates":[11.55702,48.1631]}},{"type":"Feature","properties":{"kind":"carsharing","label":"Georg-Birk-Straße","detail":"allgemein/freefloating"},"geometry":{"type":"Point","coordinates":[11.55702,48.16299]}},{"type":"Feature","properties":{"kind":"carsharing","label":"Max-Weber-Platz","detail":"allgemein/freefloating"},"geometry":{"type":"Point","coordinates":[11.59805,48.13493]}},{"type":"Feature","properties":{"kind":"carsharing","label":"Stiglmaierplatz","detail":"allgemein/freefloating"},"geometry":{"type":"Point","coordinates":[11.5598,48.14727]}},{"type":"Feature","properties":{"kind":"carsharing","label":"August-Everding-Straße","detail":"allgemein/freefloating"},"geometry":{"type":"Point","coordinates":[11.61094,48.12501]}},{"type":"Feature","properties":{"kind":"carsharing","label":"Ostbahnhof/Belfortstraße","detail":"allgemein/freefloating"},"geometry":{"type":"Point","coordinates":[11.6035,48.12923]}},{"type":"Feature","properties":{"kind":"carsharing","label":"Andernacher Straße","detail":"allgemein/freefloating"},"geometry":{"type":"Point","coordinates":[11.52464,48.18559]}},{"type":"Feature","properties":{"kind":"carsharing","label":"Ostbahnhof/Belfortstraße","detail":"allgemein/freefloating"},"geometry":{"type":"Point","coordinates":[11.6035,48.12928]}},{"type":"Feature","properties":{"kind":"carsharing","label":"Amalienstraße","detail":"allgemein/freefloating"},"geometry":{"type":"Point","coordinates":[11.57683,48.14753]}},{"type":"Feature","properties":{"kind":"carsharing","label":"Amalienstraße","detail":"allgemein/freefloating"},"geometry":{"type":"Point","coordinates":[11.57691,48.1475]}},{"type":"Feature","properties":{"kind":"carsharing","label":"Amalienstraße","detail":"allgemein/freefloating"},"geometry":{"type":"Point","coordinates":[11.57699,48.14748]}},{"type":"Feature","properties":{"kind":"carsharing","label":"Harthof","detail":"allgemein/freefloating"},"geometry":{"type":"Point","coordinates":[11.57038,48.20471]}},{"type":"Feature","properties":{"kind":"carsharing","label":"Ostbahnhof/Belfortstraße","detail":"allgemein/freefloating"},"geometry":{"type":"Point","coordinates":[11.6035,48.12925]}},{"type":"Feature","properties":{"kind":"carsharing","label":"Georg-Birk-Straße","detail":"allgemein/freefloating"},"geometry":{"type":"Point","coordinates":[11.55702,48.16304]}},{"type":"Feature","properties":{"kind":"carsharing","label":"August-Everding-Straße","detail":"allgemein/freefloating"},"geometry":{"type":"Point","coordinates":[11.61079,48.12511]}},{"type":"Feature","properties":{"kind":"carsharing","label":"Ostbahnhof/Belfortstraße","detail":"allgemein/freefloating"},"geometry":{"type":"Point","coordinates":[11.6035,48.1293]}},{"type":"Feature","properties":{"kind":"carsharing","label":"August-Everding-Straße","detail":"allgemein/freefloating"},"geometry":{"type":"Point","coordinates":[11.61048,48.12532]}},{"type":"Feature","properties":{"kind":"carsharing","label":"Hirschgarten","detail":"allgemein/freefloating"},"geometry":{"type":"Point","coordinates":[11.52008,48.1457]}},{"type":"Feature","properties":{"kind":"carsharing","label":"Marianne-Brandt-Straße","detail":"allgemein/freefloating"},"geometry":{"type":"Point","coordinates":[11.59311,48.18098]}},{"type":"Feature","properties":{"kind":"carsharing","label":"Marianne-Brandt-Straße","detail":"allgemein/freefloating"},"geometry":{"type":"Point","coordinates":[11.5929,48.18107]}},{"type":"Feature","properties":{"kind":"carsharing","label":"Marianne-Brandt-Straße","detail":"allgemein/freefloating"},"geometry":{"type":"Point","coordinates":[11.59304,48.18101]}},{"type":"Feature","properties":{"kind":"carsharing","label":"Hirschgarten","detail":"allgemein/freefloating"},"geometry":{"type":"Point","coordinates":[11.52007,48.14564]}},{"type":"Feature","properties":{"kind":"carsharing","label":"Westfriedhof","detail":"allgemein/freefloating"},"geometry":{"type":"Point","coordinates":[11.52644,48.16877]}},{"type":"Feature","properties":{"kind":"carsharing","label":"Elisabethplatz","detail":"allgemein/freefloating"},"geometry":{"type":"Point","coordinates":[11.57353,48.15654]}},{"type":"Feature","properties":{"kind":"carsharing","label":"Elisabethplatz","detail":"allgemein/freefloating"},"geometry":{"type":"Point","coordinates":[11.57353,48.1566]}},{"type":"Feature","properties":{"kind":"carsharing","label":"Albrechtstraße","detail":"allgemein/freefloating"},"geometry":{"type":"Point","coordinates":[11.54004,48.15517]}},{"type":"Feature","properties":{"kind":"carsharing","label":"Maillingerstraße","detail":"allgemein/freefloating"},"geometry":{"type":"Point","coordinates":[11.54486,48.15056]}},{"type":"Feature","properties":{"kind":"carsharing","label":"Nordfriedhof","detail":"allgemein/freefloating"},"geometry":{"type":"Point","coordinates":[11.59705,48.17227]}},{"type":"Feature","properties":{"kind":"carsharing","label":"Marianne-Brandt-Straße","detail":"allgemein/freefloating"},"geometry":{"type":"Point","coordinates":[11.59297,48.18104]}},{"type":"Feature","properties":{"kind":"carsharing","label":"Am Glockenbach","detail":"allgemein/freefloating"},"geometry":{"type":"Point","coordinates":[11.56733,48.12742]}},{"type":"Feature","properties":{"kind":"carsharing","label":"Am Glockenbach","detail":"allgemein/freefloating"},"geometry":{"type":"Point","coordinates":[11.5673,48.12738]}},{"type":"Feature","properties":{"kind":"carsharing","label":"Allach S","detail":"allgemein/freefloating"},"geometry":{"type":"Point","coordinates":[11.46585,48.1896]}},{"type":"Feature","properties":{"kind":"carsharing","label":"Laimer Platz","detail":"allgemein/freefloating"},"geometry":{"type":"Point","coordinates":[11.50089,48.13553]}},{"type":"Feature","properties":{"kind":"carsharing","label":"Volpinistraße 19","detail":"allgemein/freefloating"},"geometry":{"type":"Point","coordinates":[11.51176,48.16505]}},{"type":"Feature","properties":{"kind":"carsharing","label":"Schloss Nymphenburg","detail":"allgemein/freefloating"},"geometry":{"type":"Point","coordinates":[11.5106,48.15832]}},{"type":"Feature","properties":{"kind":"carsharing","label":"Schloss Nymphenburg","detail":"allgemein/freefloating"},"geometry":{"type":"Point","coordinates":[11.51052,48.15832]}},{"type":"Feature","properties":{"kind":"carsharing","label":"Romanplatz","detail":"allgemein/freefloating"},"geometry":{"type":"Point","coordinates":[11.51136,48.15388]}},{"type":"Feature","properties":{"kind":"carsharing","label":"Schloss Nymphenburg","detail":"allgemein/freefloating"},"geometry":{"type":"Point","coordinates":[11.51044,48.15831]}},{"type":"Feature","properties":{"kind":"carsharing","label":"Romanplatz","detail":"allgemein/freefloating"},"geometry":{"type":"Point","coordinates":[11.51135,48.15378]}},{"type":"Feature","properties":{"kind":"carsharing","label":"Max-Weber-Platz","detail":"allgemein/freefloating"},"geometry":{"type":"Point","coordinates":[11.59803,48.13495]}},{"type":"Feature","properties":{"kind":"carsharing","label":"Welfenstraße","detail":"allgemein/freefloating"},"geometry":{"type":"Point","coordinates":[11.58893,48.12225]}},{"type":"Feature","properties":{"kind":"carsharing","label":"Max-Weber-Platz","detail":"allgemein/freefloating"},"geometry":{"type":"Point","coordinates":[11.5981,48.1349]}},{"type":"Feature","properties":{"kind":"carsharing","label":"Max-Weber-Platz","detail":"allgemein/freefloating"},"geometry":{"type":"Point","coordinates":[11.59812,48.13488]}},{"type":"Feature","properties":{"kind":"carsharing","label":"Donnersbergerbrücke","detail":"allgemein/freefloating"},"geometry":{"type":"Point","coordinates":[11.53583,48.14365]}},{"type":"Feature","properties":{"kind":"carsharing","label":"Innsbrucker Ring","detail":"allgemein/freefloating"},"geometry":{"type":"Point","coordinates":[11.62242,48.12011]}},{"type":"Feature","properties":{"kind":"carsharing","label":"Leonrodplatz","detail":"allgemein/freefloating"},"geometry":{"type":"Point","coordinates":[11.54624,48.15962]}},{"type":"Feature","properties":{"kind":"carsharing","label":"Max-Weber-Platz","detail":"allgemein/freefloating"},"geometry":{"type":"Point","coordinates":[11.59807,48.13491]}},{"type":"Feature","properties":{"kind":"carsharing","label":"Leonrodplatz","detail":"allgemein/freefloating"},"geometry":{"type":"Point","coordinates":[11.54631,48.15962]}},{"type":"Feature","properties":{"kind":"carsharing","label":"Amalienstraße","detail":"allgemein/freefloating"},"geometry":{"type":"Point","coordinates":[11.57707,48.14746]}},{"type":"Feature","properties":{"kind":"carsharing","label":"Gern","detail":"allgemein/freefloating"},"geometry":{"type":"Point","coordinates":[11.52894,48.16333]}},{"type":"Feature","properties":{"kind":"carsharing","label":"Zielstattstraße","detail":"allgemein/freefloating"},"geometry":{"type":"Point","coordinates":[11.53075,48.1026]}},{"type":"Feature","properties":{"kind":"carsharing","label":"Zielstattstraße","detail":"allgemein/freefloating"},"geometry":{"type":"Point","coordinates":[11.53059,48.10258]}},{"type":"Feature","properties":{"kind":"carsharing","label":"Gern","detail":"allgemein/freefloating"},"geometry":{"type":"Point","coordinates":[11.52894,48.16329]}},{"type":"Feature","properties":{"kind":"carsharing","label":"Luisenstraße","detail":"allgemein/freefloating"},"geometry":{"type":"Point","coordinates":[11.56794,48.15228]}},{"type":"Feature","properties":{"kind":"carsharing","label":"Zielstattstraße","detail":"allgemein/freefloating"},"geometry":{"type":"Point","coordinates":[11.53051,48.10257]}},{"type":"Feature","properties":{"kind":"carsharing","label":"Luisenstraße","detail":"allgemein/freefloating"},"geometry":{"type":"Point","coordinates":[11.56797,48.15233]}},{"type":"Feature","properties":{"kind":"carsharing","label":"Albrechtstraße","detail":"allgemein/freefloating"},"geometry":{"type":"Point","coordinates":[11.54027,48.1551]}},{"type":"Feature","properties":{"kind":"carsharing","label":"Luisenstraße","detail":"allgemein/freefloating"},"geometry":{"type":"Point","coordinates":[11.568,48.15238]}},{"type":"Feature","properties":{"kind":"carsharing","label":"Zielstattstraße","detail":"allgemein/freefloating"},"geometry":{"type":"Point","coordinates":[11.53067,48.10259]}}]}