{"type":"FeatureCollection","features":[{"type":"Feature","properties":{"zone":"TU-Viertel","district":"Maxvorstadt","rawHours":"Mischparken 9-23 Uhr (104×); Bewohnerparken 9-23 Uhr (65×); Mischparken 9-18 Uhr, Bewohnerparken 18-23 Uhr (6×); Kurzzeitparken 2h 9-18 Uhr, Mischparken 18-23 Uhr (3×); Absolutes Halteverbot 9-23 Uhr, Parken Dual, tagsüber Fahrradparken 9-23 Uhr, sonst freies Parken (1×); + 6 weitere","rawFee":"","note":"Lizenzgebiet in Betrieb · Überwachung: Polizei · Einzelübersicht als PDF bei muenchenunterwegs.de","windows":[{"weekdays":[1,2,3,4,5,6],"fromMinute":540,"toMinute":1380},{"weekdays":[1,2,3,4,5,6],"fromMinute":540,"toMinute":1080},{"weekdays":[1,2,3,4,5,6],"fromMinute":1080,"toMinute":1380},{"weekdays":[1,2,3,4,5,6],"fromMinute":1200,"toMinute":1380},{"weekdays":[1,2,3,4,5],"fromMinute":1080,"toMinute":1380},{"weekdays":[6],"fromMinute":540,"toMinute":1380},{"weekdays":[1,2,3,4,5,6],"fromMinute":1140,"toMinute":1380}],"fee":{"kind":"unknown"},"unmodelledRules":[],"sourceDefect":null,"spaces":2231,"maxStayMinutes":null,"maxStay":"2h","maxStayShare":0.016,"maxStayValues":["2h"],"chargingPoints":11,"carsharing":18},"geometry":{"type":"Polygon","coordinates":[[[11.5732,48.15577],[11.5706,48.15652],[11.57041,48.15656],[11.56995,48.15661],[11.56814,48.15677],[11.5674,48.15677],[11.56752,48.15669],[11.56771,48.15646],[11.56753,48.1557],[11.56711,48.15575],[11.56687,48.15521],[11.56663,48.15479],[11.56491,48.15216],[11.5647,48.15187],[11.56441,48.15142],[11.56324,48.14961],[11.56311,48.14936],[11.56291,48.14904],[11.57059,48.14688],[11.57535,48.15426],[11.57545,48.15445],[11.57546,48.15456],[11.57536,48.15516],[11.5732,48.15577]]]}},{"type":"Feature","properties":{"zone":"Volkartstraße","district":"Neuhausen-Nymphenburg","rawHours":"Mischparken 9-23 Uhr (50×); Bewohnerparken 9-23 Uhr (22×)","rawFee":"","note":"Lizenzgebiet in Betrieb · Überwachung: Kommunale Verkehrsüberwachung · Einzelübersicht als PDF bei muenchenunterwegs.de","windows":[{"weekdays":[1,2,3,4,5,6],"fromMinute":540,"toMinute":1380}],"fee":{"kind":"unknown"},"unmodelledRules":[],"sourceDefect":null,"spaces":844,"maxStayMinutes":null,"maxStay":null,"maxStayShare":0,"maxStayValues":[],"chargingPoints":4,"carsharing":0},"geometry":{"type":"Polygon","coordinates":[[[11.53749,48.15971],[11.53719,48.15534],[11.53708,48.1539],[11.53956,48.15526],[11.54033,48.1556],[11.54685,48.15917],[11.54645,48.15951],[11.54635,48.15956],[11.54598,48.15961],[11.54555,48.15964],[11.54411,48.15967],[11.54241,48.15967],[11.54084,48.15965],[11.53867,48.15967],[11.53749,48.15971]]]}},{"type":"Feature","properties":{"zone":"Ridlerstraße","district":"Schwanthalerhöhe","rawHours":"Mischparken 9-23 Uhr (31×); Bewohnerparken 9-23 Uhr (23×)","rawFee":"","note":"Lizenzgebiet in Betrieb · Überwachung: Kommunale Verkehrsüberwachung · Einzelübersicht als PDF bei muenchenunterwegs.de","windows":[{"weekdays":[1,2,3,4,5,6],"fromMinute":540,"toMinute":1380}],"fee":{"kind":"unknown"},"unmodelledRules":[],"sourceDefect":null,"spaces":768,"maxStayMinutes":null,"maxStay":null,"maxStayShare":0,"maxStayValues":[],"chargingPoints":2,"carsharing":10},"geometry":{"type":"Polygon","coordinates":[[[11.53267,48.13252],[11.53316,48.13216],[11.53359,48.13192],[11.53613,48.1307],[11.53607,48.13064],[11.53646,48.13042],[11.53718,48.12996],[11.53755,48.12975],[11.53794,48.12956],[11.53831,48.1294],[11.53861,48.12928],[11.53869,48.12927],[11.5389,48.1292],[11.53922,48.1307],[11.54098,48.13057],[11.5412,48.1322],[11.53957,48.1323],[11.53967,48.1329],[11.53981,48.13405],[11.53993,48.13465],[11.53992,48.13471],[11.53989,48.13474],[11.53977,48.13478],[11.53903,48.13485],[11.53727,48.13493],[11.53695,48.13493],[11.53603,48.13501],[11.53576,48.13501],[11.53542,48.13492],[11.53524,48.1349],[11.53399,48.13499],[11.53381,48.1342],[11.53368,48.13393],[11.53347,48.1336],[11.53348,48.13348],[11.53368,48.13327],[11.53267,48.13252]]]}},{"type":"Feature","properties":{"zone":"Schönstraße Nord","district":"Untergiesing-Harlaching","rawHours":"Mischparken 9-23 Uhr (29×); Bewohnerparken 9-23 Uhr (13×); Parkscheibe 4h 9-23 Uhr, Bewohner frei (8×); Eingeschränktes Halteverbot 7:30-9 Uhr werktags Montag bis Freitag, Eingeschränktes Halteverbot 14-17 Uhr werktags Montag bis Freitag, sonst Mischparken (1×)","rawFee":"","note":"Lizenzgebiet in Betrieb · Überwachung: Kommunale Verkehrsüberwachung · Einzelübersicht als PDF bei muenchenunterwegs.de","windows":[{"weekdays":[1,2,3,4,5,6],"fromMinute":540,"toMinute":1380}],"fee":{"kind":"unknown"},"unmodelledRules":[],"sourceDefect":null,"spaces":690,"maxStayMinutes":null,"maxStay":"4h","maxStayShare":0.157,"maxStayValues":["4h"],"chargingPoints":4,"carsharing":0},"geometry":{"type":"Polygon","coordinates":[[[11.57141,48.11075],[11.57115,48.11078],[11.57095,48.11083],[11.57072,48.1109],[11.57047,48.11102],[11.57021,48.11118],[11.56993,48.1114],[11.56918,48.11216],[11.56853,48.11244],[11.56824,48.11254],[11.56783,48.11266],[11.56697,48.11282],[11.56659,48.11288],[11.56569,48.11298],[11.56514,48.11301],[11.56502,48.11214],[11.56501,48.11189],[11.565,48.11168],[11.56508,48.11142],[11.56448,48.11137],[11.56453,48.11074],[11.56515,48.11079],[11.56528,48.11082],[11.56529,48.11051],[11.56517,48.10983],[11.56515,48.10976],[11.56507,48.10957],[11.56485,48.1091],[11.56456,48.1086],[11.56421,48.10811],[11.56388,48.10775],[11.56318,48.1071],[11.56283,48.10684],[11.56244,48.10662],[11.562,48.10644],[11.56142,48.10625],[11.56072,48.10605],[11.5611,48.10572],[11.56164,48.10531],[11.56262,48.10484],[11.56489,48.10391],[11.56628,48.10531],[11.5665,48.10521],[11.56784,48.10657],[11.56857,48.10717],[11.56888,48.10746],[11.56935,48.10787],[11.56957,48.10807],[11.56994,48.10853],[11.57115,48.10989],[11.57199,48.11079],[11.57168,48.11075],[11.57141,48.11075]]]}},{"type":"Feature","properties":{"zone":"Rotkreuzplatz Nord","district":"Neuhausen-Nymphenburg","rawHours":"Mischparken 9-23 Uhr (124×); Bewohnerparken 9-23 Uhr (30×); Parkscheibe 4h 9-23 Uhr, Bewohner frei (12×); Eingeschränktes Halteverbot 7-18 Uhr Montag bis Freitag, Mischparken 18-23 Montag bis Freitag und 9-23 Uhr Samstag (9×); Kurzzeitparken 2h 9-18 Uhr, Mischparken 18-23 Uhr (8×); + 8 weitere","rawFee":"","note":"Lizenzgebiet in Betrieb · Überwachung: Kommunale Verkehrsüberwachung · Einzelübersicht als PDF bei muenchenunterwegs.de","windows":[{"weekdays":[1,2,3,4,5,6],"fromMinute":540,"toMinute":1380},{"weekdays":[1,2,3,4,5,6],"fromMinute":540,"toMinute":1080},{"weekdays":[1,2,3,4,5,6],"fromMinute":1080,"toMinute":1380},{"weekdays":[2,3,5],"fromMinute":840,"toMinute":1380},{"weekdays":[1,4,6],"fromMinute":540,"toMinute":1380},{"weekdays":[1,2,3,4,5,6],"fromMinute":1020,"toMinute":1380},{"weekdays":[1,2,3,4,5],"fromMinute":1080,"toMinute":1380},{"weekdays":[6],"fromMinute":540,"toMinute":1380}],"fee":{"kind":"unknown"},"unmodelledRules":["Zeit laut Quelle unbekannt"],"sourceDefect":null,"spaces":1865,"maxStayMinutes":null,"maxStay":"4h","maxStayShare":0.131,"maxStayValues":["4h","2h","1h"],"chargingPoints":8,"carsharing":7},"geometry":{"type":"Polygon","coordinates":[[[11.53749,48.15972],[11.5361,48.15976],[11.53478,48.15975],[11.53331,48.15987],[11.53204,48.15984],[11.53043,48.15978],[11.53016,48.15975],[11.52995,48.15968],[11.52999,48.15949],[11.53004,48.15888],[11.52992,48.15882],[11.52842,48.15877],[11.52818,48.1589],[11.52817,48.15899],[11.52584,48.15891],[11.52772,48.15304],[11.52782,48.15303],[11.52792,48.153],[11.528,48.15295],[11.52805,48.1529],[11.5283,48.15202],[11.52848,48.15207],[11.53116,48.15252],[11.53179,48.15268],[11.53201,48.15277],[11.53213,48.15285],[11.53341,48.15303],[11.53352,48.15292],[11.53375,48.15279],[11.53564,48.15208],[11.53601,48.15196],[11.53696,48.15175],[11.53697,48.15192],[11.53698,48.15271],[11.53715,48.15474],[11.53749,48.15972]]]}},{"type":"Feature","properties":{"zone":"Franziskanerstraße","district":"Au-Haidhausen","rawHours":"Mischparken 9-23 Uhr (48×); Bewohnerparken 9-23 Uhr (38×); Mischparken 9-18 Uhr, Bewohnerparken 18-23 Uhr (10×); Kurzzeitparken 2h 9-23 Uhr, Bewohnerparken 18-23 Uhr (5×); Absolutes Halteverbot 7-20 Uhr, Bewohnerparken 20-23 Uhr (5×); + 5 weitere","rawFee":"","note":"Lizenzgebiet in Betrieb · Überwachung: Kommunale Verkehrsüberwachung · Einzelübersicht als PDF bei muenchenunterwegs.de","windows":[{"weekdays":[1,2,3,4,5,6],"fromMinute":540,"toMinute":1140},{"weekdays":[1,2,3,4,5,6],"fromMinute":1140,"toMinute":1380},{"weekdays":[1,2,3,4,5,6],"fromMinute":540,"toMinute":1380},{"weekdays":[1,2,3,4,5,6],"fromMinute":1080,"toMinute":1380},{"weekdays":[1,2,3,4,5,6],"fromMinute":540,"toMinute":1080},{"weekdays":[1,2,3,4,5],"fromMinute":1080,"toMinute":1380},{"weekdays":[6],"fromMinute":840,"toMinute":1380},{"weekdays":[1,2,3,4,5,6],"fromMinute":1200,"toMinute":1380},{"weekdays":[6],"fromMinute":540,"toMinute":1380},{"weekdays":[1,2,3,4,5],"fromMinute":1020,"toMinute":1380}],"fee":{"kind":"unknown"},"unmodelledRules":[],"sourceDefect":null,"spaces":1362,"maxStayMinutes":null,"maxStay":"2h","maxStayShare":0.079,"maxStayValues":["2h"],"chargingPoints":0,"carsharing":0},"geometry":{"type":"Polygon","coordinates":[[[11.60045,48.12472],[11.59868,48.12573],[11.59522,48.1278],[11.5943,48.12831],[11.59402,48.12849],[11.59382,48.12866],[11.59312,48.12916],[11.59208,48.12983],[11.59152,48.1302],[11.59059,48.13086],[11.59018,48.13119],[11.58958,48.13113],[11.58911,48.13101],[11.58872,48.13039],[11.58859,48.13012],[11.58833,48.12951],[11.58797,48.12849],[11.58706,48.12721],[11.58626,48.12606],[11.58618,48.12574],[11.58725,48.12556],[11.58771,48.12545],[11.5883,48.12525],[11.58857,48.12513],[11.58885,48.12497],[11.58895,48.12489],[11.58995,48.12394],[11.59027,48.1238],[11.59077,48.1237],[11.59154,48.1236],[11.59303,48.12346],[11.59338,48.12344],[11.59511,48.12344],[11.59629,48.12368],[11.59669,48.12377],[11.59698,48.12386],[11.59775,48.12309],[11.59795,48.12314],[11.59828,48.12328],[11.59895,48.12365],[11.59953,48.12404],[11.60045,48.12472]]]}},{"type":"Feature","properties":{"zone":"West Schwabing","district":"Schwabing-West","rawHours":"Mischparken 9-23 Uhr (81×); Bewohnerparken 9-23 Uhr (50×); Mischparken 9-18 Uhr, Bewohnerparken 18-23 Uhr (27×); Kurzzeitparken 2h 9-18 Uhr, Mischparken 18-23 Uhr (9×); Absolutes Halteverbot 7-18 Uhr, Mischparken 18-23 Uhr (1×); + 4 weitere","rawFee":"","note":"Lizenzgebiet in Betrieb · Überwachung: Kommunale Verkehrsüberwachung · Einzelübersicht als PDF bei muenchenunterwegs.de","windows":[{"weekdays":[1,2,3,4,5,6],"fromMinute":540,"toMinute":1380},{"weekdays":[1,2,3,4,5,6],"fromMinute":540,"toMinute":1080},{"weekdays":[1,2,3,4,5,6],"fromMinute":1080,"toMinute":1380},{"weekdays":[1,2,3,4,5],"fromMinute":1080,"toMinute":1380},{"weekdays":[6],"fromMinute":540,"toMinute":1380},{"weekdays":[1,2,3,4,5,6],"fromMinute":660,"toMinute":1080}],"fee":{"kind":"unknown"},"unmodelledRules":[],"sourceDefect":null,"spaces":2298,"maxStayMinutes":null,"maxStay":"2h","maxStayShare":0.064,"maxStayValues":["2h"],"chargingPoints":18,"carsharing":20},"geometry":{"type":"Polygon","coordinates":[[[11.575,48.16001],[11.57504,48.16018],[11.57504,48.16033],[11.57361,48.16051],[11.57242,48.16053],[11.57205,48.16056],[11.57177,48.16061],[11.56933,48.16118],[11.56907,48.16121],[11.56885,48.16122],[11.56838,48.16119],[11.56536,48.16093],[11.56407,48.1609],[11.56362,48.1609],[11.56343,48.16091],[11.56339,48.16072],[11.56313,48.15988],[11.56302,48.15964],[11.56243,48.15775],[11.56224,48.15719],[11.56387,48.15694],[11.56468,48.15687],[11.56575,48.15679],[11.56603,48.1568],[11.56814,48.15677],[11.56995,48.15661],[11.57041,48.15656],[11.5706,48.15652],[11.57536,48.15516],[11.5753,48.15547],[11.57499,48.15764],[11.5753,48.15791],[11.57517,48.15867],[11.57525,48.15867],[11.57512,48.1595],[11.57493,48.15948],[11.5749,48.15961],[11.575,48.16001]]]}},{"type":"Feature","properties":{"zone":"Grillparzerstraße","district":"Au-Haidhausen","rawHours":"Mischparken 9-23 Uhr (49×); Bewohnerparken 9-23 Uhr (36×); Absolutes Halteverbot 8-18 Uhr Montag bis Freitag, Mischparken 18-23 Uhr Montag bis Freitag und 9-23 Uhr Samstag (1×); Absolutes Halteverbot 7-18 Uhr Montag bis Freitag, Mischparken 18-23 Uhr Montag bis Freitag und 9-23 Uhr Samstag (1×); Absolutes Halteverbot 6:30-18 Uhr Montag bis Freitag, Mischparken 18-23 Uhr Montag bis Freitag und 9-23 Uhr Samstag (1×); + 6 weitere","rawFee":"","note":"Lizenzgebiet in Betrieb · Überwachung: Kommunale Verkehrsüberwachung · Einzelübersicht als PDF bei muenchenunterwegs.de","windows":[{"weekdays":[1,2,3,4,5,6],"fromMinute":540,"toMinute":1380},{"weekdays":[1,2,3,4,5,6],"fromMinute":1200,"toMinute":1380},{"weekdays":[1,2,3,4,5],"fromMinute":1080,"toMinute":1380},{"weekdays":[6],"fromMinute":540,"toMinute":1380},{"weekdays":[6],"fromMinute":780,"toMinute":1380},{"weekdays":[1,2,3,4,5,6],"fromMinute":1080,"toMinute":1380}],"fee":{"kind":"unknown"},"unmodelledRules":[],"sourceDefect":null,"spaces":1339,"maxStayMinutes":null,"maxStay":null,"maxStayShare":0,"maxStayValues":[],"chargingPoints":2,"carsharing":15},"geometry":{"type":"Polygon","coordinates":[[[11.60449,48.13563],[11.60501,48.13561],[11.60534,48.13561],[11.60534,48.13542],[11.60505,48.13333],[11.60503,48.13314],[11.60551,48.13312],[11.60717,48.133],[11.60757,48.13296],[11.6089,48.13274],[11.60977,48.13257],[11.61006,48.13248],[11.61097,48.13207],[11.6117,48.13261],[11.61262,48.13322],[11.61303,48.13347],[11.61345,48.13369],[11.61399,48.13393],[11.61467,48.13419],[11.61524,48.13436],[11.61589,48.13451],[11.61542,48.13541],[11.61515,48.136],[11.61508,48.13622],[11.61501,48.13642],[11.61485,48.13724],[11.61475,48.13757],[11.61465,48.13817],[11.61276,48.13828],[11.61112,48.13845],[11.61028,48.13856],[11.60777,48.13896],[11.6075,48.13901],[11.60734,48.13907],[11.60677,48.13949],[11.60665,48.13955],[11.60646,48.13961],[11.60607,48.13968],[11.6052,48.13975],[11.60429,48.13986],[11.60414,48.13947],[11.60514,48.13935],[11.60475,48.13767],[11.60405,48.13776],[11.60392,48.13735],[11.60284,48.13743],[11.60278,48.13689],[11.60371,48.13666],[11.6037,48.13651],[11.60426,48.13651],[11.60414,48.13618],[11.60411,48.13599],[11.6043,48.13599],[11.60431,48.13586],[11.60449,48.13574],[11.60449,48.13563]]]}},{"type":"Feature","properties":{"zone":"Karolinenplatz","district":"Maxvorstadt","rawHours":"Mischparken 9-23 Uhr (51×); Bewohnerparken 9-23 Uhr (8×); Kurzzeitparken 2h 9-18 Uhr, Mischparken 18-23 Uhr (5×); Absolutes Halteverbot 6-23 Uhr Krankenhaus (2×); Absolutes Halteverbot 9-19 Uhr, Mischparken 19-23 Uhr (2×); + 5 weitere","rawFee":"","note":"Lizenzgebiet in Betrieb · Überwachung: Polizei · Einzelübersicht als PDF bei muenchenunterwegs.de","windows":[{"weekdays":[1,2,3,4,5,6],"fromMinute":540,"toMinute":1380},{"weekdays":[1,2,3,4,5,6],"fromMinute":1020,"toMinute":1380},{"weekdays":[1,2,3,4,5],"fromMinute":1020,"toMinute":1380},{"weekdays":[6],"fromMinute":540,"toMinute":1380},{"weekdays":[1,2,3,4,5,6],"fromMinute":540,"toMinute":1080},{"weekdays":[1,2,3,4,5,6],"fromMinute":1080,"toMinute":1380},{"weekdays":[1,2,3,4,5,6],"fromMinute":1140,"toMinute":1380},{"weekdays":[1,2,3,4,5],"fromMinute":1080,"toMinute":1380},{"weekdays":[1,2,3,4,5,6],"fromMinute":540,"toMinute":1320},{"weekdays":[1,2,3,4,5,6],"fromMinute":540,"toMinute":1020}],"fee":{"kind":"unknown"},"unmodelledRules":[],"sourceDefect":null,"spaces":811,"maxStayMinutes":null,"maxStay":"2h","maxStayShare":0.08,"maxStayValues":["2h"],"chargingPoints":10,"carsharing":3},"geometry":{"type":"Polygon","coordinates":[[[11.57311,48.14269],[11.57369,48.1435],[11.57391,48.14398],[11.57474,48.14563],[11.57428,48.1457],[11.57397,48.14577],[11.57368,48.14587],[11.57347,48.14596],[11.57324,48.14609],[11.57286,48.14624],[11.56802,48.14761],[11.5665,48.14526],[11.5661,48.14467],[11.56526,48.14334],[11.56512,48.14314],[11.56475,48.14258],[11.56453,48.1425],[11.56542,48.14222],[11.56559,48.14213],[11.56577,48.14201],[11.56587,48.14191],[11.56602,48.14169],[11.5661,48.14147],[11.56621,48.14091],[11.56621,48.14081],[11.56614,48.14069],[11.56675,48.14051],[11.56741,48.14048],[11.56761,48.14051],[11.56784,48.14058],[11.56934,48.14135],[11.56983,48.14151],[11.57078,48.14207],[11.57311,48.14269]]]}},{"type":"Feature","properties":{"zone":"Franzosenviertel","district":"Au-Haidhausen","rawHours":"Mischparken 9-23 Uhr (81×); Bewohnerparken 9-23 Uhr (37×); Kurzzeitparken 2h 9-23 Uhr, Bewohnerparken 18-23 Uhr (22×); Kurzzeitparken 2h 9-18 Uhr, Mischparken 18-23 Uhr (3×); Absolutes Halteverbot 7-14 Uhr, Bewohnerparken 14-23 Uhr (2×); + 7 weitere","rawFee":"","note":"Lizenzgebiet in Betrieb · Überwachung: Kommunale Verkehrsüberwachung · Einzelübersicht als PDF bei muenchenunterwegs.de","windows":[{"weekdays":[1,2,3,4,5,6],"fromMinute":1080,"toMinute":1380},{"weekdays":[1,2,3,4,5,6],"fromMinute":540,"toMinute":1380},{"weekdays":[1,2,3,4,5,6],"fromMinute":540,"toMinute":1080},{"weekdays":[1,2,3,4,5,6],"fromMinute":720,"toMinute":1380},{"weekdays":[1,2,3,4,5],"fromMinute":1200,"toMinute":1380},{"weekdays":[6],"fromMinute":540,"toMinute":1380},{"weekdays":[1,2,3,4,5,6],"fromMinute":840,"toMinute":1380},{"weekdays":[1,2,3,4,5,6],"fromMinute":1140,"toMinute":1380},{"weekdays":[1,2,3,4,5,6],"fromMinute":1200,"toMinute":1380},{"weekdays":[1,2,3,4,5],"fromMinute":1080,"toMinute":1380},{"weekdays":[6],"fromMinute":840,"toMinute":1380},{"weekdays":[1,2,3,4,5],"fromMinute":900,"toMinute":1380},{"weekdays":[1,2,3,4,5],"fromMinute":1140,"toMinute":1380}],"fee":{"kind":"unknown"},"unmodelledRules":[],"sourceDefect":null,"spaces":1380,"maxStayMinutes":null,"maxStay":"2h","maxStayShare":0.162,"maxStayValues":["2h"],"chargingPoints":16,"carsharing":6},"geometry":{"type":"Polygon","coordinates":[[[11.5932,48.13437],[11.59183,48.13379],[11.59057,48.13322],[11.58998,48.13265],[11.58846,48.13305],[11.5878,48.13212],[11.58937,48.1317],[11.58957,48.13168],[11.59059,48.13086],[11.59208,48.12983],[11.59312,48.12916],[11.59382,48.12866],[11.59402,48.12849],[11.5943,48.12831],[11.59522,48.1278],[11.59868,48.12573],[11.60045,48.12472],[11.60133,48.12539],[11.60464,48.12756],[11.60211,48.12923],[11.59776,48.13216],[11.59765,48.13223],[11.59759,48.13231],[11.59636,48.1323],[11.59607,48.13342],[11.59608,48.13347],[11.5961,48.13351],[11.59633,48.13377],[11.59635,48.13387],[11.59619,48.13434],[11.59597,48.13452],[11.59587,48.13456],[11.59561,48.13437],[11.59505,48.13474],[11.59495,48.13478],[11.59359,48.13428],[11.59342,48.13449],[11.5932,48.13437]]]}},{"type":"Feature","properties":{"zone":"Kirchenstraße","district":"Au-Haidhausen","rawHours":"Mischparken 9-23 Uhr (67×); Bewohnerparken 9-23 Uhr (43×); Kurzzeitparken 2h 9-23 Uhr, Bewohnerparken 18-23 Uhr (6×); Absolutes Halteverbot 7-18 Uhr, Mischparken 18-23 Uhr (2×); Absolutes Halteverbot 7-14 Uhr an Schultagen, Mischparken 14-23 Uhr und 9-23 Uhr an nicht Schultag (2×); + 10 weitere","rawFee":"","note":"Lizenzgebiet in Betrieb · Überwachung: Kommunale Verkehrsüberwachung · Einzelübersicht als PDF bei muenchenunterwegs.de","windows":[{"weekdays":[1,2,3,4,5,6],"fromMinute":540,"toMinute":1380},{"weekdays":[1,2,3,4,5,6],"fromMinute":1080,"toMinute":1380},{"weekdays":[1,2,3,4,5],"fromMinute":1080,"toMinute":1380},{"weekdays":[6],"fromMinute":540,"toMinute":1380},{"weekdays":[1,2,3,4,5,6],"fromMinute":840,"toMinute":1380},{"weekdays":[6],"fromMinute":840,"toMinute":1380},{"weekdays":[1,2,3,4,5,6],"fromMinute":540,"toMinute":1080},{"weekdays":[1,2,3,4,5],"fromMinute":1200,"toMinute":1380}],"fee":{"kind":"unknown"},"unmodelledRules":["Regelung nur an Schultagen"],"sourceDefect":null,"spaces":1224,"maxStayMinutes":null,"maxStay":"2h","maxStayShare":0.061,"maxStayValues":["2h","30min","1h"],"chargingPoints":14,"carsharing":12},"geometry":{"type":"Polygon","coordinates":[[[11.59433,48.13541],[11.59412,48.13522],[11.59466,48.13492],[11.59505,48.13474],[11.59561,48.13437],[11.59587,48.13456],[11.59606,48.13446],[11.59619,48.13434],[11.59633,48.13394],[11.59634,48.13382],[11.5963,48.13373],[11.5961,48.13351],[11.59608,48.13347],[11.59607,48.13342],[11.59636,48.1323],[11.59759,48.13231],[11.59765,48.13223],[11.59776,48.13216],[11.60211,48.12923],[11.60464,48.12756],[11.61097,48.13207],[11.61006,48.13248],[11.60977,48.13257],[11.6089,48.13274],[11.60757,48.13296],[11.60717,48.133],[11.60551,48.13312],[11.60503,48.13314],[11.60505,48.13333],[11.60534,48.13542],[11.60534,48.13561],[11.60483,48.13561],[11.6032,48.13571],[11.60235,48.13573],[11.59964,48.13563],[11.59794,48.13566],[11.59759,48.13571],[11.59631,48.13597],[11.59599,48.13539],[11.59433,48.13541]]]}},{"type":"Feature","properties":{"zone":"Klinikviertel","district":"Au-Haidhausen","rawHours":"Mischparken 9-23 Uhr (24×); Mischparken 9-18 Uhr, Bewohnerparken 18-23 Uhr (10×); Kurzzeitparken 2h 9-23 Uhr, Bewohnerparken 18-23 Uhr (6×); Absolutes Halteverbot 16-19 Uhr, Eingeschränktes Halteverbot 19-16 Uhr (3×); Eingeschränktes Halteverbot 7-20 Uhr, sonst Mischparken (2×); + 5 weitere","rawFee":"","note":"Lizenzgebiet in Betrieb · Überwachung: Kommunale Verkehrsüberwachung · Einzelübersicht als PDF bei muenchenunterwegs.de","windows":[{"weekdays":[1,2,3,4,5,6],"fromMinute":1080,"toMinute":1380},{"weekdays":[1,2,3,4,5,6],"fromMinute":540,"toMinute":1380},{"weekdays":[1,2,3,4,5,6],"fromMinute":1140,"toMinute":1380},{"weekdays":[1,2,3,4,5,6],"fromMinute":540,"toMinute":1080}],"fee":{"kind":"unknown"},"unmodelledRules":[],"sourceDefect":null,"spaces":612,"maxStayMinutes":null,"maxStay":"2h","maxStayShare":0.118,"maxStayValues":["2h"],"chargingPoints":4,"carsharing":0},"geometry":{"type":"Polygon","coordinates":[[[11.59678,48.13756],[11.5967,48.13731],[11.59649,48.1364],[11.5963,48.13597],[11.59759,48.13571],[11.59794,48.13566],[11.59964,48.13563],[11.60235,48.13573],[11.60283,48.13573],[11.60449,48.13563],[11.60449,48.13574],[11.60431,48.13586],[11.6043,48.13599],[11.60411,48.13599],[11.60414,48.13618],[11.60426,48.13651],[11.6037,48.13651],[11.60371,48.13666],[11.60278,48.13689],[11.60284,48.13743],[11.60392,48.13735],[11.60405,48.13776],[11.60475,48.13767],[11.60514,48.13935],[11.60414,48.13947],[11.60429,48.13986],[11.60165,48.14038],[11.59839,48.14106],[11.59836,48.14043],[11.59833,48.14022],[11.59826,48.1398],[11.5982,48.13958],[11.59812,48.13936],[11.59802,48.13917],[11.59785,48.13892],[11.59761,48.13863],[11.59722,48.13827],[11.59705,48.13805],[11.59687,48.13776],[11.59678,48.13756]]]}},{"type":"Feature","properties":{"zone":"Regerplatz","district":"Au-Haidhausen","rawHours":"Mischparken 9-23 Uhr (36×); Bewohnerparken 9-23 Uhr (26×); Mischparken 9-18 Uhr, Bewohnerparken 18-23 Uhr (4×)","rawFee":"","note":"Lizenzgebiet in Betrieb · Überwachung: Kommunale Verkehrsüberwachung · Einzelübersicht als PDF bei muenchenunterwegs.de","windows":[{"weekdays":[1,2,3,4,5,6],"fromMinute":540,"toMinute":1380},{"weekdays":[1,2,3,4,5,6],"fromMinute":540,"toMinute":1080},{"weekdays":[1,2,3,4,5,6],"fromMinute":1080,"toMinute":1380}],"fee":{"kind":"unknown"},"unmodelledRules":[],"sourceDefect":null,"spaces":789,"maxStayMinutes":null,"maxStay":null,"maxStayShare":0,"maxStayValues":[],"chargingPoints":4,"carsharing":7},"geometry":{"type":"Polygon","coordinates":[[[11.58489,48.12033],[11.58505,48.1205],[11.58605,48.12066],[11.58697,48.12083],[11.58705,48.12088],[11.58966,48.12127],[11.59256,48.12174],[11.59344,48.12188],[11.59497,48.12216],[11.59504,48.12224],[11.59592,48.12244],[11.59668,48.12267],[11.5967,48.12264],[11.59747,48.12289],[11.59744,48.12296],[11.59762,48.12305],[11.59775,48.12309],[11.59698,48.12386],[11.59669,48.12377],[11.59629,48.12368],[11.59511,48.12344],[11.59338,48.12344],[11.59303,48.12346],[11.59154,48.1236],[11.59077,48.1237],[11.59027,48.1238],[11.59002,48.12391],[11.58986,48.12402],[11.58905,48.1248],[11.58885,48.12497],[11.58857,48.12513],[11.5883,48.12525],[11.58771,48.12545],[11.58725,48.12556],[11.58606,48.12576],[11.58579,48.12582],[11.58479,48.12612],[11.5852,48.12565],[11.58565,48.12491],[11.58563,48.12475],[11.58549,48.12444],[11.58525,48.12416],[11.58473,48.12362],[11.58438,48.12334],[11.58361,48.12297],[11.58277,48.12254],[11.58248,48.12235],[11.58225,48.12206],[11.58182,48.12137],[11.58175,48.12108],[11.58177,48.12082],[11.58185,48.12055],[11.58181,48.12045],[11.58194,48.12033],[11.58202,48.12022],[11.58209,48.1201],[11.58217,48.11987],[11.58489,48.12033]]]}},{"type":"Feature","properties":{"zone":"Albrechtstraße","district":"Neuhausen-Nymphenburg","rawHours":"Mischparken 9-23 Uhr (42×); Bewohnerparken 9-23 Uhr (16×); Absolutes Halteverbot 7-18 Uhr, Mischparken 18-23 Uhr (1×); Absolutes Halteverbot 6:30-8:30 Uhr und 16-19 Uhr, Eingeschränktes Halteverbot 8:30-16 Uhr, Mischparken 19-23 Uhr (1×); Eingeschränktes Halteverbot 7-17 Uhr, Mischparken 17-23 Uhr Montag bis Freitag und 9-23 Uhr Samstag (1×)","rawFee":"","note":"Lizenzgebiet in Betrieb · Überwachung: Kommunale Verkehrsüberwachung · Einzelübersicht als PDF bei muenchenunterwegs.de","windows":[{"weekdays":[1,2,3,4,5,6],"fromMinute":540,"toMinute":1380},{"weekdays":[1,2,3,4,5,6],"fromMinute":1080,"toMinute":1380},{"weekdays":[1,2,3,4,5,6],"fromMinute":1140,"toMinute":1380},{"weekdays":[1,2,3,4,5],"fromMinute":1020,"toMinute":1380},{"weekdays":[6],"fromMinute":540,"toMinute":1380},{"weekdays":[1,2,3,4,5],"fromMinute":1080,"toMinute":1380}],"fee":{"kind":"unknown"},"unmodelledRules":[],"sourceDefect":null,"spaces":838,"maxStayMinutes":null,"maxStay":null,"maxStayShare":0,"maxStayValues":[],"chargingPoints":8,"carsharing":4},"geometry":{"type":"Polygon","coordinates":[[[11.54269,48.1537],[11.54033,48.1556],[11.53956,48.15526],[11.53708,48.1539],[11.53698,48.15271],[11.53697,48.15192],[11.53696,48.15175],[11.53725,48.15168],[11.53764,48.15162],[11.53991,48.15118],[11.54464,48.15024],[11.54506,48.15116],[11.54518,48.15125],[11.54546,48.15142],[11.54299,48.15344],[11.54441,48.15422],[11.54443,48.15432],[11.54436,48.15435],[11.54251,48.15331],[11.54245,48.15335],[11.54269,48.1537]]]}},{"type":"Feature","properties":{"zone":"Schwabing Mitte","district":"Schwabing-West","rawHours":"Mischparken 9-23 Uhr (53×); Bewohnerparken 9-23 Uhr (50×); Kurzzeitparken 2h 9-23 Uhr, Bewohnerparken 18-23 Uhr (27×); Absolutes Halteverbot 7-14 Uhr, Bewohnerparken 14-23 Uhr (2×); Eingeschränktes Halteverbot 7:30-14 Uhr, Kurzzeitparken 14-18 Uhr, Mischkurzzeitparken 18-23 Uhr (2×); + 4 weitere","rawFee":"","note":"Lizenzgebiet in Betrieb · Überwachung: Polizei · Einzelübersicht als PDF bei muenchenunterwegs.de","windows":[{"weekdays":[1,2,3,4,5,6],"fromMinute":540,"toMinute":1380},{"weekdays":[1,2,3,4,5,6],"fromMinute":1080,"toMinute":1380},{"weekdays":[1,2,3,4,5,6],"fromMinute":540,"toMinute":1080},{"weekdays":[1,2,3,4,5,6],"fromMinute":840,"toMinute":1380},{"weekdays":[1,2,3,4,5,6],"fromMinute":840,"toMinute":1080},{"weekdays":[1,2,3,4,5,6],"fromMinute":1140,"toMinute":1380},{"weekdays":[1,2,3,4,5,6],"fromMinute":600,"toMinute":1080}],"fee":{"kind":"unknown"},"unmodelledRules":[],"sourceDefect":null,"spaces":1802,"maxStayMinutes":null,"maxStay":"2h","maxStayShare":0.203,"maxStayValues":["2h"],"chargingPoints":16,"carsharing":4},"geometry":{"type":"Polygon","coordinates":[[[11.58615,48.16084],[11.58625,48.16125],[11.58633,48.16184],[11.58373,48.16226],[11.58016,48.16275],[11.57964,48.16278],[11.57763,48.16271],[11.57509,48.1625],[11.57472,48.16249],[11.5743,48.16224],[11.57428,48.16217],[11.57429,48.16197],[11.57426,48.16106],[11.57378,48.16115],[11.57366,48.16082],[11.57454,48.16069],[11.57504,48.16033],[11.57504,48.16018],[11.5749,48.15961],[11.57493,48.15948],[11.57512,48.1595],[11.57525,48.15867],[11.57517,48.15867],[11.5753,48.15791],[11.57499,48.15764],[11.57838,48.15782],[11.5788,48.15783],[11.57987,48.15781],[11.58262,48.15763],[11.5829,48.15759],[11.5834,48.1575],[11.58446,48.15725],[11.58615,48.16084]]]}},{"type":"Feature","properties":{"zone":"Schleißheimer Straße","district":"Maxvorstadt","rawHours":"Mischparken 9-23 Uhr (69×); Bewohnerparken 9-23 Uhr (35×); Mischparken 9-18 Uhr, Bewohnerparken 18-23 Uhr (28×); Kurzzeitparken 2h 9-18 Uhr, Mischparken 18-23 Uhr (9×); Eingeschränktes Halteverbot 7-18 Uhr Montag bis Freitag, Mischparken 18-23 Montag bis Freitag und 9-23 Uhr Samstag (3×); + 5 weitere","rawFee":"","note":"Lizenzgebiet in Betrieb · Überwachung: Kommunale Verkehrsüberwachung · Einzelübersicht als PDF bei muenchenunterwegs.de","windows":[{"weekdays":[1,2,3,4,5,6],"fromMinute":540,"toMinute":1380},{"weekdays":[1,2,3,4,5,6],"fromMinute":540,"toMinute":1080},{"weekdays":[1,2,3,4,5,6],"fromMinute":1080,"toMinute":1380},{"weekdays":[1,2,3,4,5],"fromMinute":1020,"toMinute":1380},{"weekdays":[6],"fromMinute":540,"toMinute":1380},{"weekdays":[1,2,3,4,5,6],"fromMinute":1200,"toMinute":1380},{"weekdays":[1,2,3,4,5],"fromMinute":1080,"toMinute":1380},{"weekdays":[1,2,3,4,5,6],"fromMinute":1140,"toMinute":1380}],"fee":{"kind":"unknown"},"unmodelledRules":[],"sourceDefect":null,"spaces":1748,"maxStayMinutes":null,"maxStay":"2h","maxStayShare":0.06,"maxStayValues":["2h"],"chargingPoints":16,"carsharing":14},"geometry":{"type":"Polygon","coordinates":[[[11.56483,48.15206],[11.56663,48.15479],[11.56687,48.15521],[11.56711,48.15575],[11.56753,48.1557],[11.56771,48.15646],[11.56752,48.15669],[11.5674,48.15677],[11.56603,48.1568],[11.56575,48.15679],[11.56387,48.15694],[11.56206,48.15722],[11.56078,48.15748],[11.56007,48.15766],[11.55483,48.15479],[11.55383,48.15428],[11.55566,48.15279],[11.5578,48.151],[11.55793,48.15086],[11.55808,48.15066],[11.55816,48.15049],[11.55824,48.15025],[11.55854,48.15025],[11.55883,48.15019],[11.56291,48.14904],[11.56311,48.14936],[11.56324,48.14961],[11.56441,48.15142],[11.56483,48.15206]]]}},{"type":"Feature","properties":{"zone":"Giselastraße","district":"Schwabing-Freimann","rawHours":"Mischparken 9-23 Uhr (36×); Bewohnerparken 9-23 Uhr (10×); Kurzzeitparken 2h 9-18 Uhr, Mischparken 18-23 Uhr (6×); Eingeschränktes Halteverbot 7-19 Uhr werktags Montag bis Freitag, sonst Mischparken (1×)","rawFee":"","note":"Lizenzgebiet in Betrieb · Überwachung: Kommunale Verkehrsüberwachung · Einzelübersicht als PDF bei muenchenunterwegs.de","windows":[{"weekdays":[1,2,3,4,5,6],"fromMinute":540,"toMinute":1380},{"weekdays":[1,2,3,4,5,6],"fromMinute":540,"toMinute":1080},{"weekdays":[1,2,3,4,5,6],"fromMinute":1080,"toMinute":1380}],"fee":{"kind":"unknown"},"unmodelledRules":[],"sourceDefect":null,"spaces":767,"maxStayMinutes":null,"maxStay":"2h","maxStayShare":0.113,"maxStayValues":["2h"],"chargingPoints":8,"carsharing":2},"geometry":{"type":"Polygon","coordinates":[[[11.5819,48.15048],[11.58263,48.15033],[11.58457,48.15006],[11.58579,48.14987],[11.58607,48.15008],[11.58622,48.15023],[11.58695,48.15137],[11.58697,48.1515],[11.58702,48.15158],[11.5877,48.15217],[11.58794,48.15241],[11.58807,48.1526],[11.58819,48.15285],[11.58833,48.15301],[11.58846,48.15312],[11.58885,48.15338],[11.58909,48.15345],[11.58924,48.15351],[11.58936,48.15358],[11.58961,48.15384],[11.59001,48.15445],[11.59006,48.15461],[11.59006,48.15477],[11.59004,48.15507],[11.58999,48.15544],[11.58958,48.15629],[11.58942,48.15657],[11.58895,48.1566],[11.5883,48.15671],[11.58693,48.15689],[11.58666,48.15689],[11.58646,48.15685],[11.58631,48.15686],[11.58446,48.15725],[11.58152,48.15102],[11.58176,48.15087],[11.58189,48.15071],[11.58192,48.15056],[11.5819,48.15048]]]}},{"type":"Feature","properties":{"zone":"Schönfeldviertel","district":"Maxvorstadt","rawHours":"Mischparken 9-23 Uhr (12×); Mischparken 9-18 Uhr, Bewohnerparken 18-23 Uhr (9×); Bewohnerparken 9-23 Uhr (2×); Eingeschränktes Halteverbot 9-18 Uhr Montag bis Freitag, Eingeschränktes Halteverbot 9-14 Uhr Samstag (1×); Parkscheibe 4h 9-18 Uhr, Bewohnerparken 18-23 Uhr Parken (1×)","rawFee":"","note":"Lizenzgebiet in Betrieb · Überwachung: Kommunale Verkehrsüberwachung · Einzelübersicht als PDF bei muenchenunterwegs.de","windows":[{"weekdays":[1,2,3,4,5,6],"fromMinute":540,"toMinute":1380},{"weekdays":[1,2,3,4,5,6],"fromMinute":540,"toMinute":1080},{"weekdays":[1,2,3,4,5,6],"fromMinute":1080,"toMinute":1380}],"fee":{"kind":"unknown"},"unmodelledRules":[],"sourceDefect":null,"spaces":298,"maxStayMinutes":null,"maxStay":"4h","maxStayShare":0.04,"maxStayValues":["4h"],"chargingPoints":0,"carsharing":3},"geometry":{"type":"Polygon","coordinates":[[[11.58492,48.14675],[11.58527,48.14834],[11.58579,48.14987],[11.58457,48.15006],[11.58263,48.15033],[11.5819,48.15048],[11.58192,48.15056],[11.58189,48.15071],[11.58176,48.15087],[11.58152,48.15102],[11.58056,48.14898],[11.5796,48.14697],[11.57884,48.14531],[11.58233,48.1446],[11.58264,48.14455],[11.58322,48.14447],[11.58376,48.14437],[11.58492,48.14675]]]}},{"type":"Feature","properties":{"zone":"Westend","district":"Schwanthalerhöhe","rawHours":"Mischparken 9-23 Uhr (43×); Bewohnerparken 9-23 Uhr (19×); Mischparken 9-18 Uhr, Bewohnerparken 18-23 Uhr (16×); Kurzzeitparken 2h 9-18 Uhr, Mischparken 18-23 Uhr (4×); Absolutes Halteverbot 7-18 Uhr Montag bis Freitag, Mischparken 18-23 Uhr Montag bis Freitag und 9-23 Uhr Samstag (1×)","rawFee":"","note":"Lizenzgebiet in Betrieb · Überwachung: Kommunale Verkehrsüberwachung · Einzelübersicht als PDF bei muenchenunterwegs.de","windows":[{"weekdays":[1,2,3,4,5,6],"fromMinute":1020,"toMinute":1380},{"weekdays":[1,2,3,4,5,6],"fromMinute":540,"toMinute":1080},{"weekdays":[1,2,3,4,5,6],"fromMinute":1080,"toMinute":1380},{"weekdays":[1,2,3,4,5,6],"fromMinute":540,"toMinute":1380},{"weekdays":[1,2,3,4,5],"fromMinute":1080,"toMinute":1380},{"weekdays":[6],"fromMinute":540,"toMinute":1380}],"fee":{"kind":"unknown"},"unmodelledRules":[],"sourceDefect":null,"spaces":830,"maxStayMinutes":null,"maxStay":"2h","maxStayShare":0.048,"maxStayValues":["2h"],"chargingPoints":10,"carsharing":4},"geometry":{"type":"Polygon","coordinates":[[[11.53439,48.14061],[11.53443,48.14128],[11.53363,48.14158],[11.53314,48.14169],[11.53266,48.14174],[11.53183,48.14171],[11.53088,48.14161],[11.52864,48.14098],[11.52821,48.14081],[11.52798,48.14069],[11.52788,48.14062],[11.52786,48.14062],[11.52745,48.14029],[11.52743,48.14029],[11.5272,48.14001],[11.52686,48.13948],[11.52662,48.13885],[11.52654,48.13822],[11.52662,48.13755],[11.52685,48.13696],[11.52683,48.13695],[11.52696,48.13674],[11.52698,48.13674],[11.52727,48.13632],[11.52769,48.13591],[11.52907,48.13492],[11.53135,48.13344],[11.53267,48.13252],[11.53368,48.13327],[11.53348,48.13348],[11.53347,48.1336],[11.53368,48.13393],[11.53381,48.1342],[11.53399,48.13498],[11.53431,48.1362],[11.53444,48.13697],[11.53448,48.13735],[11.53448,48.13786],[11.53439,48.13957],[11.53439,48.14061]]]}},{"type":"Feature","properties":{"zone":"Glockenbachviertel","district":"Ludwigsvorstadt-Isarvorstadt","rawHours":"Mischparken 9-23 Uhr (78×); Bewohnerparken 9-23 Uhr (54×); Mischparken 9-18 Uhr, Bewohnerparken 18-23 Uhr (24×); Eingeschränktes Halteverbot 7-20 Uhr, sonst Mischparken (3×); Eingeschränktes Halteverbot 7-18 Uhr Montag bis Freitag, Mischparken 18-23 Montag bis Freitag und 9-23 Uhr Samstag (3×); + 9 weitere","rawFee":"","note":"Lizenzgebiet in Betrieb · Überwachung: Kommunale Verkehrsüberwachung · Einzelübersicht als PDF bei muenchenunterwegs.de","windows":[{"weekdays":[1,2,3,4,5,6],"fromMinute":540,"toMinute":1380},{"weekdays":[1,2,3,4,5,6],"fromMinute":540,"toMinute":1080},{"weekdays":[1,2,3,4,5,6],"fromMinute":1080,"toMinute":1380},{"weekdays":[1,2,3,4,5],"fromMinute":1080,"toMinute":1380},{"weekdays":[6],"fromMinute":840,"toMinute":1380},{"weekdays":[6],"fromMinute":540,"toMinute":1380}],"fee":{"kind":"unknown"},"unmodelledRules":[],"sourceDefect":null,"spaces":1838,"maxStayMinutes":null,"maxStay":"4h","maxStayShare":0.006,"maxStayValues":["4h"],"chargingPoints":8,"carsharing":9},"geometry":{"type":"Polygon","coordinates":[[[11.57026,48.13183],[11.57004,48.13187],[11.56911,48.13221],[11.56883,48.13233],[11.56851,48.13253],[11.56819,48.13246],[11.5681,48.13241],[11.56788,48.13222],[11.56764,48.13197],[11.5675,48.13187],[11.56744,48.13175],[11.56735,48.13082],[11.56656,48.13087],[11.56504,48.1271],[11.5643,48.12634],[11.56311,48.12472],[11.56386,48.12446],[11.56428,48.12425],[11.56474,48.12408],[11.56531,48.12389],[11.56558,48.12382],[11.56637,48.12356],[11.56701,48.12338],[11.56719,48.1233],[11.56735,48.12321],[11.56753,48.12303],[11.57162,48.12517],[11.57593,48.12746],[11.57606,48.12753],[11.57613,48.12751],[11.57645,48.1277],[11.57177,48.13117],[11.57087,48.13192],[11.57063,48.13186],[11.57047,48.13183],[11.57026,48.13183]]]}},{"type":"Feature","properties":{"zone":"Thalkirchen","district":"Thalkirchen-Obersendling-Forstenried-Fürstenried-Solln","rawHours":"Mischparken 9-23 Uhr (56×); Bewohnerparken 9-23 Uhr (33×); Parkscheibe 4h 9-23 Uhr, Bewohner frei (20×); Mischparken 9-18 Uhr, sonst freies Parken (7×); Parkscheibe 4h 9-23 Uhr (werktags) (2×); + 6 weitere","rawFee":"","note":"Lizenzgebiet in Betrieb · Überwachung: Kommunale Verkehrsüberwachung · Einzelübersicht als PDF bei muenchenunterwegs.de","windows":[{"weekdays":[1,2,3,4,5,6],"fromMinute":540,"toMinute":1380},{"weekdays":[1,2,3,4,5],"fromMinute":1080,"toMinute":1380},{"weekdays":[6],"fromMinute":540,"toMinute":1380},{"weekdays":[1,2,3,4,5],"fromMinute":1020,"toMinute":1380},{"weekdays":[1,2,3,4,5,6],"fromMinute":540,"toMinute":1080},{"weekdays":[1,2,3,4,5,6],"fromMinute":1080,"toMinute":1380}],"fee":{"kind":"unknown"},"unmodelledRules":[],"sourceDefect":null,"spaces":1487,"maxStayMinutes":null,"maxStay":"4h","maxStayShare":0.185,"maxStayValues":["4h","2h"],"chargingPoints":6,"carsharing":7},"geometry":{"type":"Polygon","coordinates":[[[11.54583,48.10866],[11.54562,48.10851],[11.54528,48.10818],[11.54507,48.10794],[11.54491,48.1077],[11.5442,48.10777],[11.54381,48.10778],[11.5424,48.1078],[11.53992,48.10785],[11.54007,48.10618],[11.54043,48.10382],[11.54091,48.10251],[11.54106,48.10187],[11.54114,48.10123],[11.54153,48.0997],[11.54157,48.09927],[11.54273,48.09943],[11.54398,48.09967],[11.54388,48.0992],[11.54375,48.09897],[11.54309,48.098],[11.54328,48.09783],[11.54288,48.09687],[11.54255,48.09588],[11.54295,48.09571],[11.54318,48.09583],[11.54348,48.09617],[11.5439,48.09657],[11.54461,48.09745],[11.54539,48.09835],[11.54563,48.09857],[11.54616,48.09842],[11.5471,48.09832],[11.54814,48.0983],[11.54815,48.09887],[11.54818,48.09922],[11.54851,48.10099],[11.54858,48.10133],[11.54893,48.10231],[11.55004,48.10346],[11.55118,48.10487],[11.55131,48.10506],[11.55147,48.10538],[11.55159,48.10571],[11.55171,48.10622],[11.55171,48.1065],[11.55162,48.10691],[11.55159,48.10723],[11.55158,48.10755],[11.55159,48.10762],[11.55163,48.1077],[11.55132,48.10776],[11.55055,48.10736],[11.5504,48.10722],[11.55001,48.10675],[11.5495,48.10689],[11.54988,48.10749],[11.54583,48.10866]]]}},{"type":"Feature","properties":{"zone":"Barbarastraße","district":"Schwabing-West","rawHours":"Mischparken 9-23 Uhr (34×); Mischparken 9-18 Uhr, Bewohnerparken 18-23 Uhr (14×); Bewohnerparken 9-23 Uhr (12×); Mischparken 9-18 Uhr, sonst freies Parken (4×); Eingeschränktes Halteverbot 6-18 Uhr werktags, sonst Bewohnerparken (1×)","rawFee":"","note":"Lizenzgebiet in Betrieb · Überwachung: Kommunale Verkehrsüberwachung · Einzelübersicht als PDF bei muenchenunterwegs.de","windows":[{"weekdays":[1,2,3,4,5,6],"fromMinute":540,"toMinute":1380},{"weekdays":[1,2,3,4,5,6],"fromMinute":540,"toMinute":1080},{"weekdays":[1,2,3,4,5,6],"fromMinute":1080,"toMinute":1380}],"fee":{"kind":"unknown"},"unmodelledRules":[],"sourceDefect":null,"spaces":763,"maxStayMinutes":null,"maxStay":null,"maxStayShare":0,"maxStayValues":[],"chargingPoints":2,"carsharing":0},"geometry":{"type":"Polygon","coordinates":[[[11.56343,48.16091],[11.56216,48.16104],[11.56131,48.16119],[11.55801,48.16141],[11.55692,48.16144],[11.55304,48.16145],[11.5531,48.16131],[11.5534,48.161],[11.55849,48.15679],[11.56007,48.15766],[11.56078,48.15748],[11.56224,48.15719],[11.56243,48.15775],[11.56302,48.15964],[11.56313,48.15988],[11.56339,48.16072],[11.56343,48.16091]]]}},{"type":"Feature","properties":{"zone":"Wettersteinplatz","district":"Untergiesing-Harlaching","rawHours":"Mischparken 9-23 Uhr (71×); Bewohnerparken 9-23 Uhr (31×); Parkscheibe 4h 9-23 Uhr, Bewohner frei (28×); Kurzzeitparken 2h 9-18 Uhr, Mischparken 18-23 Uhr (7×); Absolutes Halteverbot 7-16 Uhr Montag bis Freitag, Parkscheibe 4h 16-23 Uhr Montag bis Freitag und 9-23 Uhr Samstag (2×); + 4 weitere","rawFee":"","note":"Lizenzgebiet in Betrieb · Überwachung: Kommunale Verkehrsüberwachung · Einzelübersicht als PDF bei muenchenunterwegs.de","windows":[{"weekdays":[1,2,3,4,5,6],"fromMinute":540,"toMinute":1380},{"weekdays":[1,2,3,4,5,6],"fromMinute":540,"toMinute":1080},{"weekdays":[1,2,3,4,5,6],"fromMinute":1080,"toMinute":1380},{"weekdays":[1,2,3,4,5],"fromMinute":840,"toMinute":1380},{"weekdays":[6],"fromMinute":540,"toMinute":1380},{"weekdays":[1,2,3,4,5],"fromMinute":960,"toMinute":1380},{"weekdays":[1,2,3,4,5],"fromMinute":1080,"toMinute":1380}],"fee":{"kind":"unknown"},"unmodelledRules":[],"sourceDefect":null,"spaces":1988,"maxStayMinutes":null,"maxStay":"4h","maxStayShare":0.259,"maxStayValues":["4h","2h"],"chargingPoints":8,"carsharing":10},"geometry":{"type":"Polygon","coordinates":[[[11.57008,48.1045],[11.57025,48.10443],[11.57026,48.1042],[11.57193,48.1036],[11.57223,48.10372],[11.57281,48.10354],[11.5732,48.10338],[11.57516,48.10274],[11.5771,48.10192],[11.57766,48.10165],[11.57786,48.1019],[11.57859,48.10256],[11.57936,48.10319],[11.57967,48.1034],[11.58002,48.1036],[11.58035,48.10374],[11.58148,48.10415],[11.58139,48.10431],[11.58223,48.10454],[11.58183,48.10515],[11.58154,48.1055],[11.58124,48.10583],[11.58069,48.10639],[11.58049,48.10662],[11.58015,48.10709],[11.57997,48.10735],[11.57983,48.10762],[11.57906,48.10917],[11.57891,48.10943],[11.57859,48.10988],[11.57827,48.1103],[11.57811,48.11049],[11.57788,48.11071],[11.57758,48.11095],[11.57719,48.11119],[11.57675,48.11139],[11.57593,48.1117],[11.57528,48.11185],[11.57455,48.11197],[11.57427,48.11201],[11.57406,48.11202],[11.5739,48.11201],[11.57364,48.11196],[11.57348,48.1119],[11.57328,48.11179],[11.57308,48.11161],[11.57286,48.11128],[11.57266,48.1111],[11.57234,48.11091],[11.57199,48.11079],[11.57115,48.10989],[11.56994,48.10853],[11.56957,48.10807],[11.56935,48.10787],[11.56888,48.10746],[11.56857,48.10717],[11.56784,48.10657],[11.56707,48.1058],[11.56797,48.10541],[11.56959,48.10467],[11.57008,48.1045]]]}},{"type":"Feature","properties":{"zone":"Messestadt","district":"Trudering-Riem","rawHours":"Parkscheibe 2h 9-18 Uhr Montag bis Sonntag, sonst freies Parken, Blaue Zone Messestadt Riem (136×); Eingeschränktes Halteverbot 7-19 Uhr, sonst frei (2×); Absolutes Halteverbot Freitag 11-16:30 Uhr, sonst 2h Parkscheibe ohne Bewohnerbevorrechtigung (1×); Parkscheibe 0,5h 7-18 Uhr (1×); Absolutes Halteverbot Dienstag 15-19 Uhr, sonst 2h Parkscheibe ohne Bewohnerbevorrechtigung (1×); + 6 weitere","rawFee":"","note":"Parkraumbewirtschaftung · Überwachung: Kommunale Verkehrsüberwachung","windows":[{"weekdays":[0,1,2,3,4,5,6],"fromMinute":540,"toMinute":1080},{"weekdays":[1,2,3,4,5,6],"fromMinute":420,"toMinute":1080},{"weekdays":[1,2,3,4,5,6],"fromMinute":1020,"toMinute":1080},{"weekdays":[1,2,3,4,5],"fromMinute":810,"toMinute":1080},{"weekdays":[0,6],"fromMinute":540,"toMinute":1080}],"fee":{"kind":"unknown"},"unmodelledRules":["Regelung nur an Schultagen"],"sourceDefect":null,"spaces":893,"maxStayMinutes":null,"maxStay":"2h","maxStayShare":0.932,"maxStayValues":["2h","30min"],"chargingPoints":10,"carsharing":0},"geometry":{"type":"Polygon","coordinates":[[[11.6889,48.13333],[11.68889,48.13394],[11.68442,48.13391],[11.6845,48.12837],[11.68767,48.12839],[11.68767,48.12801],[11.68901,48.12802],[11.68904,48.12698],[11.69213,48.12703],[11.69536,48.12705],[11.69534,48.12844],[11.69617,48.12845],[11.69617,48.12806],[11.70092,48.1281],[11.70092,48.12848],[11.70522,48.12851],[11.70523,48.12813],[11.7069,48.12814],[11.70778,48.12983],[11.70791,48.12983],[11.70827,48.13056],[11.70824,48.13343],[11.70585,48.13342],[11.70263,48.13343],[11.69232,48.13334],[11.6889,48.13333]]]}},{"type":"Feature","properties":{"zone":"Heßstraße","district":"Schwabing-West","rawHours":"Mischparken 9-23 Uhr (5×); Mischparken 9-18 Uhr, sonst freies Parken (4×); Parkscheibe 4h 9-23 Uhr, Bewohner frei (2×); Eingeschränktes Halteverbot 7-18 Uhr Montag bis Freitag und 7-14 Samstag, Mischparken 18-23 Uhr Montag bis Freitag und 14-23 Samstag (1×)","rawFee":"","note":"Lizenzgebiet in Betrieb · Überwachung: Kommunale Verkehrsüberwachung · Einzelübersicht als PDF bei muenchenunterwegs.de","windows":[{"weekdays":[1,2,3,4,5,6],"fromMinute":540,"toMinute":1380},{"weekdays":[1,2,3,4,5,6],"fromMinute":540,"toMinute":1080},{"weekdays":[1,2,3,4,5],"fromMinute":1080,"toMinute":1380},{"weekdays":[6],"fromMinute":540,"toMinute":1380},{"weekdays":[6],"fromMinute":840,"toMinute":1380}],"fee":{"kind":"unknown"},"unmodelledRules":[],"sourceDefect":null,"spaces":323,"maxStayMinutes":null,"maxStay":"4h","maxStayShare":0.167,"maxStayValues":["4h"],"chargingPoints":0,"carsharing":0},"geometry":{"type":"Polygon","coordinates":[[[11.5474,48.15946],[11.54797,48.15897],[11.55242,48.15535],[11.55383,48.15428],[11.55483,48.15479],[11.55849,48.15679],[11.5534,48.161],[11.5531,48.16131],[11.55304,48.16145],[11.55198,48.16146],[11.5516,48.16145],[11.55114,48.16138],[11.55086,48.16131],[11.55065,48.16122],[11.5474,48.15946]]]}},{"type":"Feature","properties":{"zone":"Bayernplatz","district":"Schwabing-West","rawHours":"Mischparken 9-23 Uhr (81×); Bewohnerparken 9-23 Uhr (23×); Mischparken 9-18 Uhr, Bewohnerparken 18-23 Uhr (9×); Kurzzeitparken 2h 9-18 Uhr, Mischparken 18-23 Uhr (7×); Absolutes Halteverbot 15-19 Uhr Montag bis Freitag, Eingeschränktes Halteverbot 8:30-15 Uhr Montag bis Freitag, sonst Bewohnerparken (1×); + 2 weitere","rawFee":"","note":"Lizenzgebiet in Betrieb · Überwachung: Kommunale Verkehrsüberwachung · Einzelübersicht als PDF bei muenchenunterwegs.de","windows":[{"weekdays":[1,2,3,4,5,6],"fromMinute":540,"toMinute":1380},{"weekdays":[1,2,3,4,5,6],"fromMinute":540,"toMinute":1080},{"weekdays":[1,2,3,4,5,6],"fromMinute":1080,"toMinute":1380},{"weekdays":[6],"fromMinute":540,"toMinute":1080}],"fee":{"kind":"unknown"},"unmodelledRules":[],"sourceDefect":null,"spaces":1851,"maxStayMinutes":null,"maxStay":"2h","maxStayShare":0.057,"maxStayValues":["2h"],"chargingPoints":10,"carsharing":8},"geometry":{"type":"Polygon","coordinates":[[[11.57399,48.16715],[11.56739,48.16772],[11.5652,48.16787],[11.56492,48.16791],[11.56472,48.16579],[11.56451,48.16464],[11.56441,48.16425],[11.56348,48.16118],[11.56343,48.16091],[11.56362,48.1609],[11.56407,48.1609],[11.56536,48.16093],[11.5678,48.16114],[11.56896,48.16122],[11.56933,48.16118],[11.57177,48.16061],[11.57205,48.16056],[11.57242,48.16053],[11.57361,48.16051],[11.57504,48.16033],[11.57454,48.16069],[11.57366,48.16082],[11.57378,48.16115],[11.57426,48.16106],[11.57429,48.16197],[11.57428,48.16217],[11.5743,48.16224],[11.57472,48.16249],[11.57457,48.16261],[11.5743,48.16277],[11.57425,48.16314],[11.57445,48.16335],[11.57456,48.16345],[11.57442,48.16427],[11.57428,48.16488],[11.57412,48.16592],[11.57399,48.16715]]]}},{"type":"Feature","properties":{"zone":"Tristanstraße","district":"Schwabing-Freimann","rawHours":"Mischparken 9-23 Uhr (30×); Bewohnerparken 9-23 Uhr (16×); Parkscheibe 4h 9-23 Uhr, Bewohner frei (6×); Mischparken 9-18 Uhr, Bewohnerparken 18-23 Uhr (2×); Eingeschränktes Halteverbot 7-18 Uhr Montag bis Freitag, Mischparken 18-23 Montag bis Freitag und 9-23 Uhr Samstag (1×); + 2 weitere","rawFee":"","note":"Lizenzgebiet in Betrieb · Überwachung: Kommunale Verkehrsüberwachung · Einzelübersicht als PDF bei muenchenunterwegs.de","windows":[{"weekdays":[1,2,3,4,5,6],"fromMinute":540,"toMinute":1080},{"weekdays":[1,2,3,4,5,6],"fromMinute":1080,"toMinute":1380},{"weekdays":[1,2,3,4,5,6],"fromMinute":540,"toMinute":1380},{"weekdays":[1,2,3,4,5],"fromMinute":1080,"toMinute":1380},{"weekdays":[6],"fromMinute":540,"toMinute":1380}],"fee":{"kind":"unknown"},"unmodelledRules":[],"sourceDefect":null,"spaces":737,"maxStayMinutes":null,"maxStay":"4h","maxStayShare":0.123,"maxStayValues":["4h"],"chargingPoints":6,"carsharing":6},"geometry":{"type":"Polygon","coordinates":[[[11.58783,48.17741],[11.58706,48.17752],[11.58658,48.17757],[11.58599,48.17758],[11.58241,48.17751],[11.5815,48.17751],[11.58087,48.17753],[11.5793,48.17766],[11.57921,48.17715],[11.57854,48.17723],[11.57875,48.1761],[11.57889,48.17594],[11.57927,48.17436],[11.57951,48.17294],[11.58048,48.17293],[11.58113,48.17076],[11.5825,48.17106],[11.58285,48.17094],[11.58421,48.17105],[11.58597,48.17115],[11.58722,48.17104],[11.58703,48.17268],[11.58703,48.1729],[11.58713,48.17333],[11.5872,48.17355],[11.58782,48.17496],[11.58817,48.17622],[11.58836,48.17662],[11.58856,48.17724],[11.58783,48.17741]]]}},{"type":"Feature","properties":{"zone":"Alter Südfriedhof","district":"Ludwigsvorstadt-Isarvorstadt","rawHours":"Mischparken 9-23 Uhr (52×); Bewohnerparken 9-23 Uhr (49×); Mischparken 9-18 Uhr, Bewohnerparken 18-23 Uhr (9×); Kurzzeitparken 2h 9-18 Uhr, Mischparken 18-23 Uhr (6×); Eingeschränktes Halteverbot 7-18 Uhr, Bewohnerparken 18-23 Uhr (2×); + 6 weitere","rawFee":"","note":"Lizenzgebiet in Betrieb · Überwachung: Kommunale Verkehrsüberwachung · Einzelübersicht als PDF bei muenchenunterwegs.de","windows":[{"weekdays":[1,2,3,4,5,6],"fromMinute":540,"toMinute":1380},{"weekdays":[1,2,3,4,5,6],"fromMinute":540,"toMinute":1080},{"weekdays":[1,2,3,4,5,6],"fromMinute":1080,"toMinute":1380},{"weekdays":[1,2,3,4,5],"fromMinute":1080,"toMinute":1380},{"weekdays":[6],"fromMinute":540,"toMinute":1380},{"weekdays":[1,2,3,4,5,6],"fromMinute":1200,"toMinute":1380},{"weekdays":[1,2,3,4,5],"fromMinute":900,"toMinute":1380}],"fee":{"kind":"unknown"},"unmodelledRules":[],"sourceDefect":null,"spaces":1147,"maxStayMinutes":null,"maxStay":"2h","maxStayShare":0.048,"maxStayValues":["2h"],"chargingPoints":8,"carsharing":19},"geometry":{"type":"Polygon","coordinates":[[[11.56735,48.13082],[11.56744,48.13175],[11.5675,48.13187],[11.56763,48.13197],[11.56788,48.13222],[11.5681,48.13241],[11.56819,48.13246],[11.56851,48.13253],[11.5682,48.13265],[11.56807,48.13266],[11.56748,48.13266],[11.56734,48.13267],[11.56717,48.13273],[11.56709,48.13279],[11.567,48.13291],[11.56668,48.13341],[11.56572,48.13304],[11.56528,48.13284],[11.56488,48.13264],[11.5639,48.13213],[11.56262,48.13151],[11.55596,48.12838],[11.5566,48.12781],[11.55803,48.12646],[11.55814,48.12638],[11.55848,48.12616],[11.55869,48.12605],[11.55884,48.12599],[11.55933,48.12584],[11.56082,48.12544],[11.56209,48.12505],[11.56311,48.12472],[11.5643,48.12634],[11.56504,48.1271],[11.56656,48.13087],[11.56735,48.13082]]]}},{"type":"Feature","properties":{"zone":"Dreimühlenviertel","district":"Ludwigsvorstadt-Isarvorstadt","rawHours":"Bewohnerparken 9-23 Uhr (31×); Mischparken 9-23 Uhr (26×); Mischparken 9-18 Uhr, Bewohnerparken 18-23 Uhr (12×); Parkscheibe 4h 9-23 Uhr, Bewohner frei (7×); Parkscheibe 2h 9-23 Uhr, Bewohner frei (4×); + 7 weitere","rawFee":"","note":"Lizenzgebiet in Betrieb · Überwachung: Kommunale Verkehrsüberwachung · Einzelübersicht als PDF bei muenchenunterwegs.de","windows":[{"weekdays":[1,2,3,4,5,6],"fromMinute":540,"toMinute":1380},{"weekdays":[1,2,3,4,5,6],"fromMinute":540,"toMinute":1080},{"weekdays":[1,2,3,4,5,6],"fromMinute":1080,"toMinute":1380},{"weekdays":[1,2,3,4,5],"fromMinute":540,"toMinute":1080},{"weekdays":[1,2,3,4,5],"fromMinute":780,"toMinute":1380},{"weekdays":[6],"fromMinute":540,"toMinute":1380},{"weekdays":[1,2,3,4,5],"fromMinute":1080,"toMinute":1380},{"weekdays":[1,2,3,4,5,6],"fromMinute":1200,"toMinute":1380}],"fee":{"kind":"unknown"},"unmodelledRules":["Zeitangabe ohne Anfang oder Ende"],"sourceDefect":null,"spaces":1069,"maxStayMinutes":null,"maxStay":"4h","maxStayShare":0.154,"maxStayValues":["4h","2h","3h"],"chargingPoints":4,"carsharing":5},"geometry":{"type":"Polygon","coordinates":[[[11.55875,48.11798],[11.55888,48.11799],[11.55995,48.11789],[11.56003,48.11798],[11.56024,48.11814],[11.56195,48.11976],[11.56272,48.12018],[11.56301,48.12037],[11.5637,48.12088],[11.56418,48.12117],[11.56573,48.122],[11.56616,48.12228],[11.56674,48.1226],[11.56683,48.12253],[11.56729,48.12278],[11.56719,48.12285],[11.56753,48.12303],[11.56735,48.12321],[11.56719,48.1233],[11.56701,48.12338],[11.56637,48.12356],[11.56558,48.12382],[11.56531,48.12389],[11.56474,48.12408],[11.56428,48.12425],[11.56386,48.12446],[11.56209,48.12505],[11.56082,48.12544],[11.55933,48.12584],[11.55873,48.12604],[11.55801,48.12553],[11.55672,48.12446],[11.55764,48.12395],[11.55763,48.12393],[11.55709,48.12351],[11.55619,48.12397],[11.55497,48.12294],[11.55456,48.12205],[11.55447,48.12193],[11.55375,48.12118],[11.55567,48.12028],[11.55572,48.12025],[11.55582,48.12007],[11.55586,48.12005],[11.55769,48.11918],[11.55891,48.11863],[11.55891,48.11854],[11.55876,48.11807],[11.55875,48.11798]]]}},{"type":"Feature","properties":{"zone":"Lindwurmstraße","district":"Ludwigsvorstadt-Isarvorstadt","rawHours":"Bewohnerparken 9-23 Uhr (40×); Mischparken 9-23 Uhr (25×); Kurzzeitparken 2h 9-18 Uhr, Mischparken 18-23 Uhr (20×); Mischparken 9-18 Uhr, Bewohnerparken 18-23 Uhr (8×); Eingeschränktes Halteverbot 7-9 Uhr und 12-14:30, Bewohnerparken 9-12 Uhr und 14:30-23 Uhr (1×); + 11 weitere","rawFee":"","note":"Lizenzgebiet in Betrieb · Überwachung: Kommunale Verkehrsüberwachung · Einzelübersicht als PDF bei muenchenunterwegs.de","windows":[{"weekdays":[1,2,3,4,5,6],"fromMinute":540,"toMinute":1380},{"weekdays":[1,2,3,4,5,6],"fromMinute":540,"toMinute":720},{"weekdays":[1,2,3,4,5,6],"fromMinute":870,"toMinute":1380},{"weekdays":[1,2,3,4,5,6],"fromMinute":540,"toMinute":1080},{"weekdays":[1,2,3,4,5,6],"fromMinute":1080,"toMinute":1380},{"weekdays":[1,2,3,4,5],"fromMinute":1080,"toMinute":1380},{"weekdays":[6],"fromMinute":540,"toMinute":1380},{"weekdays":[1,2,3,4,5,6],"fromMinute":960,"toMinute":1380},{"weekdays":[1,2,3,4,5],"fromMinute":960,"toMinute":1380},{"weekdays":[1,2,3,4,5],"fromMinute":1260,"toMinute":1380},{"weekdays":[1,2,3,4,5,6],"fromMinute":540,"toMinute":840},{"weekdays":[1,2,3,4,5,6],"fromMinute":990,"toMinute":1380}],"fee":{"kind":"unknown"},"unmodelledRules":["Regelung nur an Schultagen"],"sourceDefect":null,"spaces":1128,"maxStayMinutes":null,"maxStay":"2h","maxStayShare":0.219,"maxStayValues":["2h","4h"],"chargingPoints":8,"carsharing":13},"geometry":{"type":"Polygon","coordinates":[[[11.54834,48.12692],[11.5479,48.12686],[11.54669,48.12684],[11.5463,48.12678],[11.54601,48.12668],[11.54587,48.12659],[11.54565,48.12642],[11.54547,48.12618],[11.54583,48.12607],[11.54909,48.12451],[11.55,48.12414],[11.55152,48.12339],[11.55321,48.12259],[11.55317,48.12255],[11.55447,48.12193],[11.55456,48.12205],[11.55497,48.12294],[11.55619,48.12397],[11.55709,48.12351],[11.55763,48.12393],[11.55764,48.12395],[11.55672,48.12446],[11.55801,48.12553],[11.55873,48.12604],[11.55848,48.12616],[11.55814,48.12638],[11.55803,48.12646],[11.5566,48.12781],[11.55596,48.12838],[11.55578,48.12859],[11.55573,48.1287],[11.55579,48.13],[11.55301,48.13021],[11.55291,48.12994],[11.55273,48.12961],[11.55239,48.12912],[11.55198,48.12867],[11.55167,48.12839],[11.55132,48.12812],[11.55081,48.1278],[11.5506,48.12768],[11.55017,48.12747],[11.54972,48.12728],[11.54925,48.12712],[11.54901,48.12705],[11.54834,48.12692]]]}},{"type":"Feature","properties":{"zone":"Tegernseer Landstr.","district":"Obergiesing-Fasangarten","rawHours":"Mischparken 9-23 Uhr (92×); Bewohnerparken 9-23 Uhr (20×); Parkscheibe 4h 9-23 Uhr, Bewohner frei (15×); Kurzzeitparken 2h 9-18 Uhr, Mischparken 18-23 Uhr (7×); Mischparken 9-18 Uhr, Bewohnerparken 18-23 Uhr (2×); + 6 weitere","rawFee":"","note":"Lizenzgebiet in Betrieb · Überwachung: Kommunale Verkehrsüberwachung · Einzelübersicht als PDF bei muenchenunterwegs.de","windows":[{"weekdays":[1,2,3,4,5,6],"fromMinute":540,"toMinute":1380},{"weekdays":[1,2,3,4,5,6],"fromMinute":540,"toMinute":1080},{"weekdays":[1,2,3,4,5,6],"fromMinute":1080,"toMinute":1380},{"weekdays":[1,2,3,4,5],"fromMinute":1080,"toMinute":1380},{"weekdays":[6],"fromMinute":540,"toMinute":1380},{"weekdays":[1,2,3,4,5],"fromMinute":540,"toMinute":1380},{"weekdays":[1,2,3,4,5,6],"fromMinute":1140,"toMinute":1380},{"weekdays":[1,2,3,4,5,6],"fromMinute":810,"toMinute":1380}],"fee":{"kind":"unknown"},"unmodelledRules":["Regelung nur an Schultagen","Zeitangabe ohne Anfang oder Ende"],"sourceDefect":null,"spaces":1608,"maxStayMinutes":null,"maxStay":"4h","maxStayShare":0.175,"maxStayValues":["4h","2h"],"chargingPoints":6,"carsharing":0},"geometry":{"type":"Polygon","coordinates":[[[11.58845,48.11554],[11.58844,48.11563],[11.58846,48.11582],[11.58882,48.11731],[11.58796,48.11741],[11.58738,48.11775],[11.58662,48.11815],[11.58532,48.11869],[11.58396,48.11911],[11.58394,48.11916],[11.58473,48.12016],[11.58489,48.12033],[11.58094,48.11967],[11.57999,48.11948],[11.57704,48.11867],[11.57715,48.1185],[11.57719,48.11828],[11.57688,48.11626],[11.57691,48.11612],[11.57702,48.11594],[11.57714,48.11583],[11.57726,48.11577],[11.57927,48.1152],[11.5798,48.11508],[11.58403,48.11392],[11.58497,48.11499],[11.58508,48.11508],[11.58522,48.11516],[11.58534,48.1152],[11.58555,48.11523],[11.58637,48.1153],[11.58723,48.11535],[11.58798,48.11535],[11.58847,48.11534],[11.58845,48.11554]]]}},{"type":"Feature","properties":{"zone":"St.-Benno-Viertel","district":"Maxvorstadt","rawHours":"Mischparken 9-23 Uhr (69×); Bewohnerparken 9-23 Uhr (42×); Absolutes Halteverbot 8-18 Uhr Montag bis Freitag, Mischparken 18-23 Uhr Montag bis Freitag und 9-23 Uhr Samstag (1×); Eingeschränktes Halteverbot 0-20 Uhr (1×); Eingeschränktes Halteverbot 7-18 Uhr Montag bis Freitag, Mischparken 18-23 Montag bis Freitag und 9-23 Uhr Samstag (1×); + 4 weitere","rawFee":"","note":"Lizenzgebiet in Betrieb · Überwachung: Polizei · Einzelübersicht als PDF bei muenchenunterwegs.de","windows":[{"weekdays":[1,2,3,4,5,6],"fromMinute":540,"toMinute":1380},{"weekdays":[1,2,3,4,5],"fromMinute":1080,"toMinute":1380},{"weekdays":[6],"fromMinute":540,"toMinute":1380},{"weekdays":[1,2,3,4,5],"fromMinute":840,"toMinute":1380},{"weekdays":[1,2,3,4,5,6],"fromMinute":900,"toMinute":1380},{"weekdays":[1,2,3,4,5,6],"fromMinute":1080,"toMinute":1380}],"fee":{"kind":"unknown"},"unmodelledRules":[],"sourceDefect":null,"spaces":1181,"maxStayMinutes":null,"maxStay":null,"maxStayShare":0,"maxStayValues":[],"chargingPoints":8,"carsharing":8},"geometry":{"type":"Polygon","coordinates":[[[11.54464,48.15024],[11.55455,48.14826],[11.55589,48.14804],[11.55757,48.14781],[11.55888,48.14756],[11.55889,48.14762],[11.5589,48.14774],[11.55888,48.14788],[11.55822,48.15031],[11.55812,48.15057],[11.55802,48.15075],[11.55793,48.15086],[11.5578,48.151],[11.55766,48.15112],[11.55495,48.15338],[11.55383,48.15428],[11.55251,48.15528],[11.54909,48.15339],[11.54518,48.15125],[11.54506,48.15116],[11.54464,48.15024]]]}},{"type":"Feature","properties":{"zone":"Schwanthalerhöhe","district":"Schwanthalerhöhe","rawHours":"Bewohnerparken 9-23 Uhr (40×); Mischparken 9-23 Uhr (36×); Mischparken 9-18 Uhr, Bewohnerparken 18-23 Uhr (29×); Eingeschränktes Halteverbot 7-18 Uhr Montag bis Freitag, Mischparken 18-23 Montag bis Freitag und 9-23 Uhr Samstag (1×); Absolutes Halteverbot 6:30-8:30 Uhr und 16-19 Uhr, Eingeschränktes Halteverbot 8:30-16 Uhr, Mischparken 19-23 Uhr (1×); + 1 weitere","rawFee":"","note":"Lizenzgebiet in Betrieb · Überwachung: Kommunale Verkehrsüberwachung · Einzelübersicht als PDF bei muenchenunterwegs.de","windows":[{"weekdays":[1,2,3,4,5],"fromMinute":1080,"toMinute":1380},{"weekdays":[6],"fromMinute":540,"toMinute":1380},{"weekdays":[1,2,3,4,5,6],"fromMinute":1140,"toMinute":1380},{"weekdays":[1,2,3,4,5,6],"fromMinute":540,"toMinute":1380},{"weekdays":[1,2,3,4,5,6],"fromMinute":540,"toMinute":1080},{"weekdays":[1,2,3,4,5,6],"fromMinute":1080,"toMinute":1380}],"fee":{"kind":"unknown"},"unmodelledRules":["Zeit laut Quelle unbekannt"],"sourceDefect":null,"spaces":1006,"maxStayMinutes":null,"maxStay":null,"maxStayShare":0,"maxStayValues":[],"chargingPoints":4,"carsharing":12},"geometry":{"type":"Polygon","coordinates":[[[11.5396,48.14074],[11.53604,48.14098],[11.53605,48.14116],[11.53443,48.14128],[11.53439,48.14071],[11.53438,48.13985],[11.53448,48.13786],[11.53448,48.13735],[11.53444,48.13697],[11.53431,48.1362],[11.53399,48.13499],[11.53524,48.1349],[11.53542,48.13492],[11.53576,48.13501],[11.53603,48.13501],[11.53695,48.13493],[11.53727,48.13493],[11.53942,48.13482],[11.53977,48.13478],[11.53989,48.13474],[11.53992,48.13471],[11.54007,48.13477],[11.54022,48.13553],[11.54022,48.13572],[11.54027,48.13596],[11.54045,48.13669],[11.54076,48.13823],[11.54149,48.13827],[11.54163,48.13933],[11.54169,48.13971],[11.5418,48.1397],[11.5419,48.14057],[11.54006,48.14068],[11.5396,48.14074]]]}},{"type":"Feature","properties":{"zone":"Theresienhöhe","district":"Schwanthalerhöhe","rawHours":"Mischparken 9-23 Uhr (96×); Bewohnerparken 9-23 Uhr (61×); Mischparken 9-18 Uhr, Bewohnerparken 18-23 Uhr (9×); Absolutes Halteverbot 6:30-8:30 Uhr und 16-19 Uhr, Eingeschränktes Halteverbot 8:30-16 Uhr, Mischparken 19-23 Uhr (1×); Eingeschränktes Halteverbot 7-20 Uhr, Bewohnerparken 20 -23 Uhr (1×); + 5 weitere","rawFee":"","note":"Lizenzgebiet in Betrieb · Überwachung: Kommunale Verkehrsüberwachung · Einzelübersicht als PDF bei muenchenunterwegs.de","windows":[{"weekdays":[1,2,3,4,5,6],"fromMinute":540,"toMinute":1380},{"weekdays":[1,2,3,4,5,6],"fromMinute":1140,"toMinute":1380},{"weekdays":[1,2,3,4,5,6],"fromMinute":1200,"toMinute":1380},{"weekdays":[1,2,3,4,5,6],"fromMinute":540,"toMinute":1080},{"weekdays":[1,2,3,4,5,6],"fromMinute":1080,"toMinute":1380},{"weekdays":[1,2,3,4,5,6],"fromMinute":1020,"toMinute":1380},{"weekdays":[1,2,3,4,5],"fromMinute":1080,"toMinute":1380},{"weekdays":[6],"fromMinute":540,"toMinute":1380},{"weekdays":[6],"fromMinute":840,"toMinute":1380},{"weekdays":[1,2,3,4,5,6],"fromMinute":720,"toMinute":1380}],"fee":{"kind":"unknown"},"unmodelledRules":["Zeit laut Quelle unbekannt"],"sourceDefect":null,"spaces":1319,"maxStayMinutes":null,"maxStay":"2h","maxStayShare":0.006,"maxStayValues":["2h"],"chargingPoints":8,"carsharing":19},"geometry":{"type":"Polygon","coordinates":[[[11.54509,48.13148],[11.54545,48.13144],[11.5466,48.13225],[11.54678,48.1324],[11.54698,48.13264],[11.5471,48.1329],[11.54714,48.13303],[11.54716,48.13312],[11.54719,48.13378],[11.54727,48.13423],[11.54737,48.13458],[11.54751,48.13493],[11.54757,48.13506],[11.54765,48.13518],[11.54784,48.13539],[11.54816,48.13563],[11.54828,48.1357],[11.54856,48.13581],[11.54886,48.13589],[11.54903,48.13592],[11.54923,48.13594],[11.54961,48.13595],[11.54972,48.13725],[11.54976,48.1388],[11.54984,48.14072],[11.54953,48.14077],[11.54846,48.14083],[11.54844,48.14076],[11.54823,48.14078],[11.5468,48.14082],[11.54535,48.14081],[11.54494,48.14079],[11.54491,48.14053],[11.54191,48.14071],[11.5418,48.1397],[11.54169,48.13971],[11.54163,48.13933],[11.54149,48.13827],[11.54076,48.13823],[11.54045,48.13669],[11.54027,48.13596],[11.54022,48.13572],[11.54022,48.13553],[11.54007,48.13477],[11.53992,48.13471],[11.53993,48.13465],[11.53981,48.13405],[11.53967,48.1329],[11.53957,48.1323],[11.54356,48.13206],[11.54351,48.13161],[11.54509,48.13148]]]}},{"type":"Feature","properties":{"zone":"Innenstadtklinikum","district":"Ludwigsvorstadt-Isarvorstadt","rawHours":"Mischparken 9-23 Uhr (55×); Kurzzeitparken 2h 9-18 Uhr, Mischparken 18-23 Uhr (24×); Bewohnerparken 9-23 Uhr (10×); Mischparken 9-18 Uhr, Bewohnerparken 18-23 Uhr (4×); Eingeschränktes Halteverbot 7-18 Uhr Montag bis Freitag, Mischparken 18-23 Montag bis Freitag und 9-23 Uhr Samstag (2×); + 7 weitere","rawFee":"","note":"Lizenzgebiet in Betrieb · Überwachung: Polizei · Einzelübersicht als PDF bei muenchenunterwegs.de","windows":[{"weekdays":[1,2,3,4,5,6],"fromMinute":540,"toMinute":1380},{"weekdays":[1,2,3,4,5,6],"fromMinute":540,"toMinute":1080},{"weekdays":[1,2,3,4,5,6],"fromMinute":1080,"toMinute":1380},{"weekdays":[1,2,3,4,5],"fromMinute":1080,"toMinute":1380},{"weekdays":[6],"fromMinute":540,"toMinute":1380},{"weekdays":[1,2,3,4,5,6],"fromMinute":1140,"toMinute":1380},{"weekdays":[1,2,3,4,5],"fromMinute":1020,"toMinute":1380}],"fee":{"kind":"unknown"},"unmodelledRules":[],"sourceDefect":null,"spaces":1019,"maxStayMinutes":null,"maxStay":"2h","maxStayShare":0.233,"maxStayValues":["2h"],"chargingPoints":4,"carsharing":4},"geometry":{"type":"Polygon","coordinates":[[[11.56483,48.13631],[11.56479,48.13648],[11.56427,48.13611],[11.56346,48.13613],[11.56327,48.13626],[11.56312,48.13625],[11.563,48.13616],[11.5628,48.13613],[11.56117,48.13615],[11.56103,48.13628],[11.56082,48.13628],[11.5608,48.13614],[11.55897,48.13617],[11.55897,48.1363],[11.55824,48.1363],[11.55823,48.13612],[11.55638,48.13614],[11.55638,48.13631],[11.55585,48.13632],[11.55581,48.13465],[11.55311,48.13357],[11.55322,48.13303],[11.55328,48.13267],[11.5533,48.13214],[11.5533,48.13177],[11.55322,48.13106],[11.55311,48.13053],[11.55301,48.13021],[11.55579,48.13],[11.55573,48.1287],[11.55578,48.12859],[11.55596,48.12838],[11.56262,48.13151],[11.5639,48.13213],[11.56488,48.13264],[11.56528,48.13284],[11.56572,48.13304],[11.56668,48.13341],[11.56578,48.13473],[11.56495,48.13602],[11.56483,48.13631]]]}},{"type":"Feature","properties":{"zone":"Hauptbahnhof","district":"Ludwigsvorstadt-Isarvorstadt","rawHours":"Hauptbahnhoftarif Kurzzeitparken 2h, mit Ausnahme frei (41×); Eingeschränktes Halteverbot 8-18 Uhr Montag bis Freitag und 8-14 Uhr Samstag, Hauptbahnhoftarif Kurzzeitparken 2h 18-23 Uhr Montag bis Freitag und 14-23 Uhr Samstag (21×); Absolutes Halteverbot 7-19 Uhr, Hauptbahnhoftarif Kurzzeitparken 2h 19-23 Uhr (4×); Absolutes Halteverbot 8-14 Uhr Montag, Dienstag, Donnerstag, Hauptbahnhoftarif Kurzzeitparken 2h 14-23 Uhr Montag, Dienstag, Donnerstag und 9-23 Uhr Mittwoch, Freitag, Samstag (3×); Hauptbahnhoftarif Kurzzeitparken 1h 6-23 Uhr, Siónderparken Hauptbahnhof (2×); + 5 weitere","rawFee":"","note":"in Betrieb mit Altstadttarif · Überwachung: Polizei · Einzelübersicht als PDF bei muenchenunterwegs.de","windows":[{"weekdays":[1,2,3,4,5,6],"fromMinute":1080,"toMinute":1380},{"weekdays":[1,2,3,4,5,6],"fromMinute":1140,"toMinute":1380},{"weekdays":[1,2,3,4,5],"fromMinute":1080,"toMinute":1380},{"weekdays":[6],"fromMinute":540,"toMinute":1380},{"weekdays":[1,2,4],"fromMinute":840,"toMinute":1380},{"weekdays":[3,5,6],"fromMinute":540,"toMinute":1380},{"weekdays":[6],"fromMinute":840,"toMinute":1380},{"weekdays":[1,2,3,4,5,6],"fromMinute":1260,"toMinute":1380},{"weekdays":[1,2,3,4,5,6],"fromMinute":360,"toMinute":1380}],"fee":{"kind":"unknown"},"unmodelledRules":[],"sourceDefect":null,"spaces":505,"maxStayMinutes":null,"maxStay":"2h","maxStayShare":0.934,"maxStayValues":["2h","1h"],"chargingPoints":4,"carsharing":16},"geometry":{"type":"Polygon","coordinates":[[[11.56117,48.13615],[11.5628,48.13613],[11.563,48.13616],[11.56312,48.13625],[11.56327,48.13626],[11.56346,48.13613],[11.56427,48.13611],[11.56479,48.13648],[11.5648,48.1366],[11.565,48.13744],[11.56532,48.13918],[11.5654,48.13933],[11.56556,48.13954],[11.56582,48.13976],[11.56675,48.14051],[11.56209,48.14193],[11.56205,48.14195],[11.56199,48.14186],[11.5617,48.14195],[11.56132,48.14213],[11.56034,48.14252],[11.56015,48.14261],[11.55698,48.14366],[11.55653,48.1428],[11.55615,48.14205],[11.5561,48.14192],[11.55594,48.14004],[11.55593,48.13928],[11.55594,48.13904],[11.55585,48.13632],[11.55638,48.13631],[11.55638,48.13614],[11.55823,48.13612],[11.55824,48.1363],[11.55897,48.1363],[11.55897,48.13617],[11.5608,48.13614],[11.56082,48.13628],[11.56103,48.13628],[11.56117,48.13615]]]}},{"type":"Feature","properties":{"zone":"Schönstraße Süd","district":"Untergiesing-Harlaching","rawHours":"Bewohnerparken 9-23 Uhr (8×); Mischparken 9-23 Uhr (7×); Parkscheibe 4h 9-23 Uhr, Bewohner frei (5×)","rawFee":"","note":"Lizenzgebiet in Betrieb · Überwachung: Kommunale Verkehrsüberwachung · Einzelübersicht als PDF bei muenchenunterwegs.de","windows":[{"weekdays":[1,2,3,4,5,6],"fromMinute":540,"toMinute":1380}],"fee":{"kind":"unknown"},"unmodelledRules":[],"sourceDefect":null,"spaces":326,"maxStayMinutes":null,"maxStay":"4h","maxStayShare":0.25,"maxStayValues":["4h"],"chargingPoints":4,"carsharing":5},"geometry":{"type":"Polygon","coordinates":[[[11.55671,48.10121],[11.55664,48.10103],[11.55688,48.10094],[11.55773,48.1007],[11.55819,48.10053],[11.55869,48.10032],[11.5587,48.1002],[11.559,48.10004],[11.55917,48.09998],[11.55954,48.09983],[11.55983,48.09939],[11.56006,48.09935],[11.56489,48.10391],[11.56262,48.10484],[11.56164,48.10531],[11.5611,48.10572],[11.56072,48.10605],[11.56039,48.10597],[11.55997,48.10583],[11.55963,48.10567],[11.55931,48.10546],[11.55908,48.10525],[11.55887,48.105],[11.55878,48.10485],[11.55872,48.1047],[11.55859,48.10425],[11.5586,48.10424],[11.55855,48.10401],[11.55845,48.10373],[11.55829,48.10346],[11.55772,48.10285],[11.55754,48.1026],[11.55712,48.10194],[11.55671,48.10121]]]}},{"type":"Feature","properties":{"zone":"St.-Martins-Platz","district":"Obergiesing-Fasangarten","rawHours":"Mischparken 9-23 Uhr (52×); Bewohnerparken 9-23 Uhr (14×); Mischparken 9-18 Uhr, Bewohnerparken 18-23 Uhr (5×); Eingeschränktes Halteverbot 7-18 Uhr werktags, sonst Mischparken (2×); Parkscheibe 4h 9-23 Uhr, Bewohner frei (2×); + 3 weitere","rawFee":"","note":"Lizenzgebiet in Betrieb · Überwachung: Kommunale Verkehrsüberwachung · Einzelübersicht als PDF bei muenchenunterwegs.de","windows":[{"weekdays":[1,2,3,4,5,6],"fromMinute":540,"toMinute":1080},{"weekdays":[1,2,3,4,5,6],"fromMinute":1080,"toMinute":1380},{"weekdays":[1,2,3,4,5,6],"fromMinute":540,"toMinute":1380},{"weekdays":[1,2,3,4,5,6],"fromMinute":540,"toMinute":900},{"weekdays":[1,2,3,4,5,6],"fromMinute":1020,"toMinute":1380},{"weekdays":[1,2,3,4,5],"fromMinute":1080,"toMinute":1380},{"weekdays":[6],"fromMinute":540,"toMinute":1380}],"fee":{"kind":"unknown"},"unmodelledRules":[],"sourceDefect":null,"spaces":1238,"maxStayMinutes":null,"maxStay":"4h","maxStayShare":0.051,"maxStayValues":["4h","2h"],"chargingPoints":6,"carsharing":3},"geometry":{"type":"Polygon","coordinates":[[[11.59549,48.11865],[11.59034,48.11745],[11.58966,48.11722],[11.58882,48.11731],[11.58846,48.11582],[11.58844,48.11563],[11.58847,48.11534],[11.58798,48.11535],[11.58723,48.11535],[11.58637,48.1153],[11.58534,48.1152],[11.58522,48.11516],[11.58508,48.11508],[11.58497,48.11499],[11.58403,48.11392],[11.58482,48.11363],[11.58993,48.11164],[11.5915,48.111],[11.59178,48.1109],[11.59227,48.11078],[11.5928,48.11068],[11.59303,48.11066],[11.59345,48.11066],[11.59369,48.11068],[11.59464,48.11085],[11.59619,48.11115],[11.59582,48.11202],[11.59552,48.11288],[11.59532,48.11365],[11.59516,48.11462],[11.59513,48.115],[11.59513,48.11552],[11.59515,48.11584],[11.5952,48.11625],[11.59527,48.11658],[11.59563,48.118],[11.59576,48.11868],[11.59549,48.11865]]]}},{"type":"Feature","properties":{"zone":"St.-Pauls-Viertel","district":"Ludwigsvorstadt-Isarvorstadt","rawHours":"Mischparken 9-23 Uhr (31×); Bewohnerparken 9-23 Uhr (21×); Kurzzeitparken 2h 9-18 Uhr, Mischparken 18-23 Uhr (21×); Mischparken 9-18 Uhr, Bewohnerparken 18-23 Uhr (4×); Eingeschränktes Halteverbot 7-18 Uhr Montag bis Freitag, Mischparken 18-23 Montag bis Freitag und 9-23 Uhr Samstag (3×); + 3 weitere","rawFee":"","note":"Lizenzgebiet in Betrieb · Überwachung: Polizei · Einzelübersicht als PDF bei muenchenunterwegs.de","windows":[{"weekdays":[1,2,3,4,5,6],"fromMinute":540,"toMinute":1380},{"weekdays":[1,2,3,4,5,6],"fromMinute":540,"toMinute":1080},{"weekdays":[1,2,3,4,5,6],"fromMinute":1080,"toMinute":1380},{"weekdays":[1,2,3,4,5,6],"fromMinute":960,"toMinute":1380},{"weekdays":[1,2,3,4,5],"fromMinute":1080,"toMinute":1380},{"weekdays":[6],"fromMinute":540,"toMinute":1380}],"fee":{"kind":"unknown"},"unmodelledRules":["Regelung nur an Schultagen"],"sourceDefect":null,"spaces":642,"maxStayMinutes":null,"maxStay":"2h","maxStayShare":0.25,"maxStayValues":["2h"],"chargingPoints":0,"carsharing":5},"geometry":{"type":"Polygon","coordinates":[[[11.55385,48.13976],[11.5526,48.14007],[11.5514,48.14043],[11.55056,48.14061],[11.54984,48.14072],[11.54976,48.1388],[11.54972,48.13725],[11.5496,48.13589],[11.55002,48.13586],[11.55024,48.13582],[11.5506,48.13572],[11.551,48.13556],[11.55131,48.13541],[11.55152,48.1353],[11.55191,48.13506],[11.55233,48.13473],[11.55264,48.13441],[11.55276,48.13425],[11.55297,48.13392],[11.55311,48.13357],[11.55581,48.13465],[11.55583,48.13563],[11.55594,48.13904],[11.55593,48.13929],[11.55594,48.13997],[11.55547,48.14001],[11.55546,48.13993],[11.55482,48.13999],[11.5548,48.13967],[11.55468,48.13956],[11.55385,48.13976]]]}},{"type":"Feature","properties":{"zone":"Winzererstraße","district":"Schwabing-West","rawHours":"Mischparken 9-23 Uhr (69×); Parkscheibe 4h 9-23 Uhr, Bewohner frei (32×); Mischparken mit Parkscheibe 2h 9-23 Uhr (17×); Bewohnerparken 9-23 Uhr (11×); Kurzzeitparken 2h 9-18 Uhr, Mischparken 18-23 Uhr (8×); + 6 weitere","rawFee":"","note":"Lizenzgebiet in Betrieb · Überwachung: Kommunale Verkehrsüberwachung · Einzelübersicht als PDF bei muenchenunterwegs.de","windows":[{"weekdays":[1,2,3,4,5,6],"fromMinute":540,"toMinute":1080},{"weekdays":[1,2,3,4,5,6],"fromMinute":1080,"toMinute":1380},{"weekdays":[1,2,3,4,5,6],"fromMinute":540,"toMinute":1380},{"weekdays":[1,2,3,4,5,6],"fromMinute":540,"toMinute":900},{"weekdays":[1,2,3,4,5,6],"fromMinute":1020,"toMinute":1380},{"weekdays":[1,2,3,4,5],"fromMinute":1080,"toMinute":1380},{"weekdays":[6],"fromMinute":540,"toMinute":1380},{"weekdays":[1,2,3,4,5],"fromMinute":840,"toMinute":1380}],"fee":{"kind":"unknown"},"unmodelledRules":["Zeit laut Quelle unbekannt"],"sourceDefect":null,"spaces":1302,"maxStayMinutes":null,"maxStay":"4h","maxStayShare":0.422,"maxStayValues":["4h","2h"],"chargingPoints":8,"carsharing":11},"geometry":{"type":"Polygon","coordinates":[[[11.56001,48.16866],[11.55893,48.16871],[11.55785,48.16869],[11.55704,48.16863],[11.55669,48.16859],[11.55614,48.16851],[11.5556,48.16841],[11.55542,48.16836],[11.55509,48.16824],[11.55457,48.16798],[11.55412,48.16768],[11.55373,48.16736],[11.55353,48.16714],[11.55335,48.16692],[11.55313,48.16657],[11.55297,48.1662],[11.55285,48.16571],[11.55279,48.16534],[11.55276,48.16497],[11.55273,48.16255],[11.55269,48.16224],[11.55267,48.16145],[11.55692,48.16144],[11.55801,48.16141],[11.56131,48.16119],[11.56216,48.16104],[11.56343,48.16091],[11.56348,48.16118],[11.56441,48.16425],[11.56451,48.16464],[11.56472,48.16579],[11.56492,48.16791],[11.56329,48.16815],[11.56319,48.16814],[11.56171,48.16835],[11.56138,48.16855],[11.56001,48.16866]]]}},{"type":"Feature","properties":{"zone":"Domagpark","district":"Schwabing-Freimann","rawHours":"Parkscheibe 4h 9-18 Uhr Montag bis Freitag, sonst freies Parken (24×); Parkscheibe 2h 9-18 Uhr Montag bis Freitag, sonst freies Parken (23×)","rawFee":"","note":"Parkraumbewirtschaftung · Überwachung: Kommunale Verkehrsüberwachung","windows":[{"weekdays":[1,2,3,4,5],"fromMinute":540,"toMinute":1080}],"fee":{"kind":"unknown"},"unmodelledRules":[],"sourceDefect":null,"spaces":145,"maxStayMinutes":null,"maxStay":"4h","maxStayShare":1,"maxStayValues":["4h","2h"],"chargingPoints":6,"carsharing":18},"geometry":{"type":"Polygon","coordinates":[[[11.599,48.18227],[11.59971,48.18262],[11.60078,48.18325],[11.60172,48.18365],[11.60228,48.18383],[11.6028,48.18398],[11.60348,48.18414],[11.60479,48.18439],[11.6054,48.18453],[11.606,48.18469],[11.60659,48.18487],[11.60732,48.18515],[11.60805,48.18546],[11.60939,48.18613],[11.59482,48.18773],[11.59265,48.1879],[11.59165,48.18793],[11.59145,48.18759],[11.59133,48.1873],[11.59096,48.18597],[11.59051,48.18422],[11.59213,48.18401],[11.59277,48.1839],[11.59424,48.18361],[11.59489,48.18346],[11.59577,48.18322],[11.59726,48.18278],[11.59821,48.18242],[11.59882,48.18214],[11.599,48.18227]]]}},{"type":"Feature","properties":{"zone":"Königsplatz","district":"Maxvorstadt","rawHours":"Mischparken 9-23 Uhr (81×); Bewohnerparken 9-23 Uhr (8×); Kurzzeitparken 2h 9-18 Uhr, Mischparken 18-23 Uhr (5×); Mischparken 9-18 Uhr, Bewohnerparken 18-23 Uhr (4×); Eingeschränktes Halteverbot 7-18 Uhr Montag bis Freitag, Mischparken 18-23 Montag bis Freitag und 9-23 Uhr Samstag (3×); + 7 weitere","rawFee":"","note":"Lizenzgebiet in Betrieb · Überwachung: Polizei · Einzelübersicht als PDF bei muenchenunterwegs.de","windows":[{"weekdays":[1,2,3,4,5,6],"fromMinute":540,"toMinute":1380},{"weekdays":[1,2,3,4,5,6],"fromMinute":1140,"toMinute":1380},{"weekdays":[1,2,3,4,5,6],"fromMinute":540,"toMinute":1080},{"weekdays":[1,2,3,4,5,6],"fromMinute":1080,"toMinute":1380},{"weekdays":[1,2,3,4,5,6],"fromMinute":1020,"toMinute":1380},{"weekdays":[1,2,3,4,5],"fromMinute":1080,"toMinute":1380},{"weekdays":[6],"fromMinute":540,"toMinute":1380}],"fee":{"kind":"unknown"},"unmodelledRules":[],"sourceDefect":null,"spaces":883,"maxStayMinutes":null,"maxStay":"2h","maxStayShare":0.045,"maxStayValues":["2h"],"chargingPoints":5,"carsharing":5},"geometry":{"type":"Polygon","coordinates":[[[11.56475,48.14258],[11.56512,48.14314],[11.56526,48.14334],[11.5661,48.14467],[11.5665,48.14526],[11.56802,48.14761],[11.55883,48.15019],[11.55854,48.15025],[11.55824,48.15025],[11.55888,48.14788],[11.5589,48.14774],[11.55889,48.14762],[11.55873,48.14703],[11.55859,48.14666],[11.55808,48.1457],[11.55751,48.14471],[11.55707,48.1438],[11.55698,48.14366],[11.56015,48.14261],[11.56034,48.14252],[11.56132,48.14213],[11.56158,48.142],[11.56199,48.14186],[11.56236,48.14241],[11.56242,48.14245],[11.56262,48.14253],[11.56299,48.14266],[11.5633,48.14272],[11.56365,48.14274],[11.56386,48.14271],[11.56453,48.1425],[11.56475,48.14258]]]}},{"type":"Feature","properties":{"zone":"Kasernenviertel","district":"Neuhausen-Nymphenburg","rawHours":"Mischparken 9-23 Uhr (34×); Bewohnerparken 9-23 Uhr (7×); Absolutes Halteverbot 7-18 Uhr, Mischparken 18-23 Uhr (5×); Mischparken 9-18 Uhr, Bewohnerparken 18-23 Uhr (3×); Kurzzeitparken 2h 9-18 Uhr, Mischparken 18-23 Uhr (2×); + 3 weitere","rawFee":"","note":"Lizenzgebiet in Betrieb · Überwachung: Kommunale Verkehrsüberwachung · Einzelübersicht als PDF bei muenchenunterwegs.de","windows":[{"weekdays":[1,2,3,4,5,6],"fromMinute":540,"toMinute":1380},{"weekdays":[1,2,3,4,5,6],"fromMinute":540,"toMinute":1080},{"weekdays":[1,2,3,4,5,6],"fromMinute":1080,"toMinute":1380},{"weekdays":[1,2,3,4,5],"fromMinute":1080,"toMinute":1380},{"weekdays":[6],"fromMinute":540,"toMinute":1380}],"fee":{"kind":"unknown"},"unmodelledRules":[],"sourceDefect":null,"spaces":867,"maxStayMinutes":null,"maxStay":"2h","maxStayShare":0.073,"maxStayValues":["2h","4h"],"chargingPoints":4,"carsharing":0},"geometry":{"type":"Polygon","coordinates":[[[11.5514,48.15466],[11.55251,48.15528],[11.54797,48.15897],[11.5474,48.15946],[11.54033,48.1556],[11.54269,48.1537],[11.54245,48.15335],[11.54251,48.15331],[11.54436,48.15435],[11.54443,48.15432],[11.54441,48.15422],[11.54299,48.15344],[11.54546,48.15142],[11.5514,48.15466]]]}},{"type":"Feature","properties":{"zone":"Ebenau","district":"Neuhausen-Nymphenburg","rawHours":"Mischparken 9-23 Uhr (62×); Bewohnerparken 9-23 Uhr (19×); Mischparken 9-18 Uhr, Bewohnerparken 18-23 Uhr (7×); Parkscheibe 4h 9-23 Uhr, Bewohner frei (6×); Parkscheibe 1h 9-23 Uhr, Bewohner frei 18-23 Uhr (4×); + 2 weitere","rawFee":"","note":"Lizenzgebiet in Betrieb · Überwachung: Kommunale Verkehrsüberwachung · Einzelübersicht als PDF bei muenchenunterwegs.de","windows":[{"weekdays":[1,2,3,4,5,6],"fromMinute":540,"toMinute":1380},{"weekdays":[1,2,3,4,5,6],"fromMinute":540,"toMinute":1080},{"weekdays":[1,2,3,4,5,6],"fromMinute":1080,"toMinute":1380},{"weekdays":[6],"fromMinute":840,"toMinute":1380},{"weekdays":[1,2,3,4,5],"fromMinute":1080,"toMinute":1380},{"weekdays":[6],"fromMinute":540,"toMinute":1380}],"fee":{"kind":"unknown"},"unmodelledRules":[],"sourceDefect":null,"spaces":1202,"maxStayMinutes":null,"maxStay":"4h","maxStayShare":0.11,"maxStayValues":["4h","1h"],"chargingPoints":14,"carsharing":4},"geometry":{"type":"Polygon","coordinates":[[[11.55079,48.16337],[11.55079,48.16359],[11.54947,48.16361],[11.54867,48.16453],[11.54542,48.16765],[11.54385,48.16696],[11.54458,48.16524],[11.54246,48.16369],[11.54177,48.16315],[11.53935,48.16463],[11.53886,48.16499],[11.53844,48.16535],[11.53817,48.16562],[11.53823,48.16666],[11.53778,48.16667],[11.53766,48.16479],[11.53782,48.16454],[11.53749,48.15971],[11.53867,48.15967],[11.54084,48.15965],[11.54241,48.15967],[11.54411,48.15967],[11.54555,48.15964],[11.54598,48.15961],[11.54635,48.15956],[11.54645,48.15951],[11.54685,48.15917],[11.5508,48.16129],[11.55078,48.1615],[11.55078,48.16228],[11.55079,48.16337]]]}},{"type":"Feature","properties":{"zone":"Pinakotheken","district":"Maxvorstadt","rawHours":"Mischparken 9-23 Uhr (27×); Bewohnerparken 9-23 Uhr (9×); Kurzzeitparken 2h 9-18 Uhr, Mischparken 18-23 Uhr (6×); Mischparken 9-18 Uhr, Bewohnerparken 18-23 Uhr (5×); Eingeschränktes Halteverbot 7-18 Uhr Montag bis Freitag, Mischparken 18-23 Montag bis Freitag und 9-23 Uhr Samstag (2×); + 4 weitere","rawFee":"","note":"Lizenzgebiet in Betrieb · Überwachung: Polizei · Einzelübersicht als PDF bei muenchenunterwegs.de","windows":[{"weekdays":[1,2,3,4,5,6],"fromMinute":540,"toMinute":1380},{"weekdays":[1,2,3,4,5,6],"fromMinute":540,"toMinute":1080},{"weekdays":[1,2,3,4,5,6],"fromMinute":1080,"toMinute":1380},{"weekdays":[1,2,3,4,5],"fromMinute":1080,"toMinute":1380},{"weekdays":[6],"fromMinute":540,"toMinute":1380}],"fee":{"kind":"unknown"},"unmodelledRules":[],"sourceDefect":null,"spaces":599,"maxStayMinutes":null,"maxStay":"2h","maxStayShare":0.109,"maxStayValues":["2h"],"chargingPoints":4,"carsharing":6},"geometry":{"type":"Polygon","coordinates":[[[11.57925,48.14619],[11.5796,48.14697],[11.58056,48.14898],[11.57327,48.15103],[11.57059,48.14688],[11.57286,48.14624],[11.57324,48.14609],[11.57347,48.14596],[11.57368,48.14587],[11.57397,48.14577],[11.57445,48.14566],[11.57491,48.1456],[11.5753,48.14558],[11.57669,48.14563],[11.57721,48.14562],[11.57766,48.14556],[11.57884,48.14531],[11.57925,48.14619]]]}},{"type":"Feature","properties":{"zone":"Herzog-Ernst-Platz","district":"Sendling","rawHours":"Parkscheibe 4h 9-23 Uhr, Bewohner frei (52×); Mischparken 9-23 Uhr (51×); Parkscheibe 4h 9-18 Uhr, Bewohnerparken 18-23 Uhr Parken (7×); Bewohnerparken 9-23 Uhr (5×); Absolutes Halteverbot 6:30-8:30 Uhr und 16-19 Uhr, Eingeschränktes Halteverbot 8:30-16 Uhr und 19-6:30 Uhr (2×); + 6 weitere","rawFee":"","note":"Lizenzgebiet in Betrieb · Überwachung: Kommunale Verkehrsüberwachung · Einzelübersicht als PDF bei muenchenunterwegs.de","windows":[{"weekdays":[1,2,3,4,5,6],"fromMinute":540,"toMinute":1080},{"weekdays":[1,2,3,4,5,6],"fromMinute":1080,"toMinute":1380},{"weekdays":[1,2,3,4,5,6],"fromMinute":540,"toMinute":1380},{"weekdays":[1,2,3,4,5,6],"fromMinute":1140,"toMinute":1380},{"weekdays":[1,2,3,4,5,6],"fromMinute":660,"toMinute":1380},{"weekdays":[1,2,3,4,5],"fromMinute":1080,"toMinute":1380},{"weekdays":[6],"fromMinute":540,"toMinute":1380}],"fee":{"kind":"unknown"},"unmodelledRules":[],"sourceDefect":null,"spaces":1046,"maxStayMinutes":null,"maxStay":"4h","maxStayShare":0.476,"maxStayValues":["4h"],"chargingPoints":8,"carsharing":10},"geometry":{"type":"Polygon","coordinates":[[[11.54434,48.12997],[11.54426,48.12977],[11.543,48.13],[11.54096,48.13039],[11.54098,48.13057],[11.53922,48.1307],[11.53876,48.12853],[11.53784,48.12861],[11.53817,48.12608],[11.53799,48.12509],[11.53734,48.12207],[11.53763,48.12197],[11.5389,48.12158],[11.53899,48.12158],[11.53927,48.12166],[11.53936,48.12166],[11.54043,48.1215],[11.54085,48.12146],[11.54104,48.12146],[11.54107,48.12172],[11.54159,48.12192],[11.54254,48.12241],[11.54329,48.12247],[11.54344,48.12258],[11.54348,48.12266],[11.54369,48.12264],[11.54371,48.12288],[11.54354,48.12289],[11.54356,48.12308],[11.54364,48.12347],[11.54447,48.12343],[11.54446,48.12324],[11.54463,48.12324],[11.54466,48.1228],[11.54502,48.1227],[11.54543,48.12303],[11.54549,48.12325],[11.54554,48.12366],[11.54623,48.12362],[11.54625,48.12382],[11.54705,48.1243],[11.54662,48.12463],[11.54722,48.12505],[11.54549,48.12589],[11.54428,48.12644],[11.54443,48.12657],[11.5446,48.12676],[11.54473,48.12694],[11.5448,48.12711],[11.54505,48.12784],[11.54532,48.12914],[11.54493,48.12986],[11.54434,48.12997]]]}},{"type":"Feature","properties":{"zone":"Nördliches Lehel","district":"Altstadt-Lehel","rawHours":"Mischparken 9-23 Uhr (34×); Bewohnerparken 9-23 Uhr (30×); Mischparken 9-18 Uhr, Bewohnerparken 18-23 Uhr (12×); Eingeschränktes Halteverbot 7-18 Uhr Montag bis Freitag, Mischparken 18-23 Montag bis Freitag und 9-23 Uhr Samstag (1×); Eingeschränktes Halteverbot 9-15 Uhr werktags, sonst Mischparken (1×); + 3 weitere","rawFee":"","note":"Lizenzgebiet in Betrieb · Überwachung: Kommunale Verkehrsüberwachung · Einzelübersicht als PDF bei muenchenunterwegs.de","windows":[{"weekdays":[1,2,3,4,5,6],"fromMinute":540,"toMinute":1380},{"weekdays":[1,2,3,4,5,6],"fromMinute":540,"toMinute":1080},{"weekdays":[1,2,3,4,5,6],"fromMinute":1080,"toMinute":1380},{"weekdays":[1,2,3,4,5],"fromMinute":1080,"toMinute":1380},{"weekdays":[6],"fromMinute":540,"toMinute":1380},{"weekdays":[2,3,4,5,6],"fromMinute":960,"toMinute":1380},{"weekdays":[1],"fromMinute":540,"toMinute":1380},{"weekdays":[1,2,3,4,5],"fromMinute":540,"toMinute":1080},{"weekdays":[6],"fromMinute":540,"toMinute":1080}],"fee":{"kind":"unknown"},"unmodelledRules":["Regelung nur an Schultagen"],"sourceDefect":null,"spaces":1080,"maxStayMinutes":null,"maxStay":null,"maxStayShare":0,"maxStayValues":[],"chargingPoints":8,"carsharing":0},"geometry":{"type":"Polygon","coordinates":[[[11.58833,48.14311],[11.59483,48.14178],[11.59488,48.14189],[11.59486,48.14189],[11.59491,48.14199],[11.59489,48.14199],[11.59527,48.14281],[11.59545,48.14333],[11.59559,48.14381],[11.59614,48.14636],[11.5963,48.1469],[11.59634,48.14701],[11.59648,48.14729],[11.59682,48.14779],[11.59727,48.14833],[11.59817,48.14935],[11.59693,48.14992],[11.59623,48.15021],[11.59549,48.15054],[11.59528,48.15067],[11.59521,48.1506],[11.59477,48.14956],[11.59435,48.14863],[11.59341,48.14831],[11.59173,48.14715],[11.59286,48.14639],[11.59291,48.14632],[11.59291,48.14628],[11.59261,48.1458],[11.59244,48.14557],[11.59218,48.14527],[11.59186,48.14497],[11.5916,48.14476],[11.59081,48.14426],[11.59045,48.14406],[11.59001,48.14388],[11.58902,48.14374],[11.58883,48.14367],[11.58847,48.14337],[11.58839,48.14327],[11.58833,48.14311]]]}},{"type":"Feature","properties":{"zone":"Südliche Au","district":"Au-Haidhausen","rawHours":"Mischparken 9-23 Uhr (50×); Bewohnerparken 9-23 Uhr (46×); Kurzzeitparken 2h 9-23 Uhr, Bewohnerparken 18-23 Uhr (9×); Mischparken 9-18 Uhr, Bewohnerparken 18-23 Uhr (2×); Absolutes Halteverbot 16-19 Uhr, Kurzzeitparken 9-16 Uhr, Mischparken 19-23 Uhr (1×); + 1 weitere","rawFee":"","note":"Lizenzgebiet in Betrieb · Überwachung: Kommunale Verkehrsüberwachung · Einzelübersicht als PDF bei muenchenunterwegs.de","windows":[{"weekdays":[1,2,3,4,5,6],"fromMinute":540,"toMinute":1380},{"weekdays":[1,2,3,4,5,6],"fromMinute":1080,"toMinute":1380},{"weekdays":[1,2,3,4,5,6],"fromMinute":540,"toMinute":960},{"weekdays":[1,2,3,4,5,6],"fromMinute":1140,"toMinute":1380},{"weekdays":[1,2,3,4,5,6],"fromMinute":540,"toMinute":1080},{"weekdays":[1,2,3,4,5,6],"fromMinute":1200,"toMinute":1380}],"fee":{"kind":"unknown"},"unmodelledRules":[],"sourceDefect":null,"spaces":1510,"maxStayMinutes":null,"maxStay":"2h","maxStayShare":0.083,"maxStayValues":["2h"],"chargingPoints":8,"carsharing":21},"geometry":{"type":"Polygon","coordinates":[[[11.57405,48.12271],[11.57333,48.12223],[11.5724,48.12175],[11.57128,48.12113],[11.57666,48.11895],[11.57691,48.1188],[11.57704,48.11867],[11.57999,48.11948],[11.58094,48.11967],[11.58217,48.11987],[11.58209,48.1201],[11.58202,48.12022],[11.58194,48.12033],[11.58169,48.12057],[11.58158,48.12071],[11.58151,48.12087],[11.58149,48.12105],[11.5815,48.12115],[11.58154,48.12129],[11.58209,48.12208],[11.58219,48.12225],[11.58222,48.12233],[11.58224,48.12246],[11.58224,48.12263],[11.5822,48.12277],[11.58212,48.12294],[11.5817,48.12357],[11.58114,48.12426],[11.58097,48.12443],[11.58043,48.12483],[11.57983,48.12521],[11.57814,48.12646],[11.57638,48.12528],[11.57488,48.1235],[11.57405,48.12271]]]}},{"type":"Feature","properties":{"zone":"Walchenseeplatz","district":"Obergiesing-Fasangarten","rawHours":"Mischparken 9-23 Uhr (70×); Bewohnerparken 9-23 Uhr (13×); Mischparken mit Parkscheibe 2h 9-23 Uhr (2×); Eingeschränktes Halteverbot 7-18 Uhr Montag bis Freitag, Mischparken 18-23 Montag bis Freitag und 9-23 Uhr Samstag (1×)","rawFee":"","note":"Lizenzgebiet in Betrieb · Überwachung: Kommunale Verkehrsüberwachung · Einzelübersicht als PDF bei muenchenunterwegs.de","windows":[{"weekdays":[1,2,3,4,5,6],"fromMinute":540,"toMinute":1380},{"weekdays":[1,2,3,4,5],"fromMinute":1080,"toMinute":1380},{"weekdays":[6],"fromMinute":540,"toMinute":1380}],"fee":{"kind":"unknown"},"unmodelledRules":[],"sourceDefect":null,"spaces":1196,"maxStayMinutes":null,"maxStay":"2h","maxStayShare":0.023,"maxStayValues":["2h"],"chargingPoints":4,"carsharing":13},"geometry":{"type":"Polygon","coordinates":[[[11.57969,48.11115],[11.57933,48.11087],[11.57908,48.11071],[11.5785,48.11039],[11.57827,48.11029],[11.57859,48.10988],[11.57891,48.10943],[11.57906,48.10917],[11.57983,48.10762],[11.57997,48.10735],[11.58015,48.10709],[11.58049,48.10662],[11.58069,48.10639],[11.58134,48.10574],[11.58161,48.10543],[11.58176,48.10554],[11.58217,48.10578],[11.58258,48.10615],[11.58386,48.10752],[11.58545,48.10703],[11.5867,48.10897],[11.5873,48.10882],[11.58815,48.10875],[11.58837,48.10876],[11.58845,48.10891],[11.58876,48.1098],[11.58906,48.11045],[11.58967,48.11133],[11.58992,48.11164],[11.58482,48.11363],[11.58403,48.11392],[11.58266,48.11429],[11.58209,48.11336],[11.58202,48.11322],[11.5818,48.11295],[11.58129,48.11243],[11.58081,48.11201],[11.57969,48.11115]]]}},{"type":"Feature","properties":{"zone":"Schyrenbad","district":"Untergiesing-Harlaching","rawHours":"Mischparken 9-23 Uhr (37×); Bewohnerparken 9-23 Uhr (27×); Parkscheibe 4h 9-18 Uhr, Bewohnerparken 18-23 Uhr Parken (14×); Kurzzeitparken 2h 9-18 Uhr, Mischparken 18-23 Uhr (3×); Absolutes Halteverbot 6:30-8:30 Uhr und 16-19 Uhr, Eingeschränktes Halteverbot 8:30-16 Uhr, Mischparken 19-23 Uhr (2×); + 1 weitere","rawFee":"","note":"Lizenzgebiet in Betrieb · Überwachung: Kommunale Verkehrsüberwachung · Einzelübersicht als PDF bei muenchenunterwegs.de","windows":[{"weekdays":[1,2,3,4,5],"fromMinute":1080,"toMinute":1380},{"weekdays":[6],"fromMinute":540,"toMinute":1380},{"weekdays":[1,2,3,4,5,6],"fromMinute":540,"toMinute":1380},{"weekdays":[1,2,3,4,5,6],"fromMinute":540,"toMinute":1080},{"weekdays":[1,2,3,4,5,6],"fromMinute":1080,"toMinute":1380},{"weekdays":[1,2,3,4,5,6],"fromMinute":1140,"toMinute":1380}],"fee":{"kind":"unknown"},"unmodelledRules":[],"sourceDefect":null,"spaces":932,"maxStayMinutes":null,"maxStay":"4h","maxStayShare":0.202,"maxStayValues":["4h","2h"],"chargingPoints":8,"carsharing":8},"geometry":{"type":"Polygon","coordinates":[[[11.57547,48.11807],[11.57588,48.11807],[11.57611,48.11814],[11.57692,48.11864],[11.57704,48.11867],[11.57691,48.1188],[11.57666,48.11895],[11.57145,48.12107],[11.57118,48.12117],[11.56922,48.12176],[11.56892,48.1219],[11.56848,48.12169],[11.5686,48.1211],[11.56941,48.11968],[11.56918,48.1196],[11.56703,48.11848],[11.56564,48.1179],[11.56543,48.1178],[11.56435,48.11729],[11.56434,48.11712],[11.56508,48.11691],[11.56548,48.11681],[11.56615,48.11669],[11.56656,48.11664],[11.56706,48.1166],[11.5676,48.11657],[11.56805,48.11657],[11.56876,48.1166],[11.56966,48.11671],[11.57021,48.11682],[11.57126,48.11708],[11.5731,48.11759],[11.57416,48.11774],[11.57431,48.1178],[11.57454,48.11813],[11.57495,48.11825],[11.57547,48.11807]]]}},{"type":"Feature","properties":{"zone":"Alte Heide","district":"Schwabing-Freimann","rawHours":"Mischparken 9-23 Uhr (41×); Parkscheibe 2h 9-18 Uhr Montag bis Freitag, sonst freies Parken (30×); Mischparken 9-18 Uhr, sonst freies Parken (19×); Parkscheibe 4h 9-23 Uhr, Bewohner frei (15×); Bewohnerparken 9-23 Uhr (11×); + 6 weitere","rawFee":"","note":"Lizenzgebiet in Betrieb · Überwachung: Kommunale Verkehrsüberwachung · Einzelübersicht als PDF bei muenchenunterwegs.de","windows":[{"weekdays":[1,2,3,4,5],"fromMinute":540,"toMinute":1080},{"weekdays":[1,2,3,4,5,6],"fromMinute":540,"toMinute":1080},{"weekdays":[1,2,3,4,5,6],"fromMinute":540,"toMinute":1380},{"weekdays":[1,2,3,4,5,6],"fromMinute":1080,"toMinute":1380},{"weekdays":[1,2,3,4,5],"fromMinute":840,"toMinute":1380},{"weekdays":[6],"fromMinute":540,"toMinute":1380},{"weekdays":[1,2,3,4,5],"fromMinute":1080,"toMinute":1380}],"fee":{"kind":"unknown"},"unmodelledRules":[],"sourceDefect":null,"spaces":1568,"maxStayMinutes":null,"maxStay":"2h","maxStayShare":0.445,"maxStayValues":["2h","4h"],"chargingPoints":10,"carsharing":17},"geometry":{"type":"Polygon","coordinates":[[[11.59909,48.18202],[11.59821,48.18242],[11.59726,48.18278],[11.59624,48.18308],[11.59489,48.18346],[11.59424,48.18361],[11.59277,48.1839],[11.59184,48.18405],[11.59051,48.18422],[11.58924,48.17957],[11.58866,48.17721],[11.58947,48.17693],[11.59079,48.17643],[11.59401,48.17506],[11.59494,48.17463],[11.59764,48.17326],[11.59771,48.17332],[11.59776,48.17341],[11.59823,48.17386],[11.5982,48.17387],[11.59913,48.17476],[11.59939,48.17465],[11.59963,48.17488],[11.5994,48.17501],[11.60093,48.17645],[11.60119,48.17632],[11.60196,48.17707],[11.6019,48.17712],[11.60181,48.17725],[11.6022,48.1776],[11.60233,48.17764],[11.60412,48.17935],[11.60387,48.17962],[11.60205,48.18047],[11.60104,48.18103],[11.6006,48.18132],[11.59909,48.18202]]]}},{"type":"Feature","properties":{"zone":"Giesinger Bahnhof","district":"Obergiesing-Fasangarten","rawHours":"Mischparken 9-23 Uhr (24×); Bewohnerparken 9-23 Uhr (15×); Parkscheibe 2h 9-23 Uhr, Bewohner frei (6×); Parkscheibe 4h 9-23 Uhr, Bewohner frei (6×); Kurzzeitparken 2h 9-18 Uhr, Mischparken 18-23 Uhr (3×); + 2 weitere","rawFee":"","note":"Lizenzgebiet in Betrieb · Überwachung: Kommunale Verkehrsüberwachung · Einzelübersicht als PDF bei muenchenunterwegs.de","windows":[{"weekdays":[1,2,3,4,5,6],"fromMinute":540,"toMinute":1380},{"weekdays":[1,2,3,4,5,6],"fromMinute":540,"toMinute":1080},{"weekdays":[1,2,3,4,5,6],"fromMinute":1080,"toMinute":1380},{"weekdays":[1,2,3,4,5],"fromMinute":840,"toMinute":1380},{"weekdays":[6],"fromMinute":540,"toMinute":1380},{"weekdays":[1,2,3,4,5],"fromMinute":1080,"toMinute":1380}],"fee":{"kind":"unknown"},"unmodelledRules":[],"sourceDefect":null,"spaces":997,"maxStayMinutes":null,"maxStay":"2h","maxStayShare":0.268,"maxStayValues":["2h","4h"],"chargingPoints":4,"carsharing":5},"geometry":{"type":"Polygon","coordinates":[[[11.59409,48.11075],[11.59369,48.11068],[11.59323,48.11065],[11.5928,48.11068],[11.59253,48.11072],[11.59204,48.11083],[11.5915,48.111],[11.58992,48.11164],[11.58967,48.11133],[11.58906,48.11045],[11.58876,48.1098],[11.58845,48.10891],[11.58837,48.10876],[11.58815,48.10875],[11.5873,48.10882],[11.5867,48.10897],[11.58545,48.10703],[11.58386,48.10752],[11.58258,48.10615],[11.58217,48.10578],[11.58176,48.10554],[11.58161,48.10543],[11.58198,48.10494],[11.58223,48.10454],[11.58296,48.10469],[11.58353,48.10475],[11.58387,48.10476],[11.58542,48.10467],[11.58636,48.10466],[11.58702,48.10469],[11.58841,48.10479],[11.58983,48.105],[11.59051,48.10516],[11.5915,48.10542],[11.59303,48.10591],[11.59361,48.1061],[11.59423,48.10625],[11.59545,48.10649],[11.59605,48.10662],[11.59711,48.10708],[11.5973,48.10714],[11.59789,48.10726],[11.59763,48.10773],[11.59711,48.10889],[11.59619,48.11115],[11.59409,48.11075]]]}},{"type":"Feature","properties":{"zone":"Apostelblöcke","district":"Neuhausen-Nymphenburg","rawHours":"Mischparken 9-23 Uhr (57×); Bewohnerparken 9-23 Uhr (45×); Parkscheibe 4h 9-23 Uhr, Bewohner frei (14×); Absolutes Halteverbot 7-14 Uhr Montag, Mittwoch, Freitag, Bewohnerparken 14-23 Montag, Mittwoch, Freitag und 9-23 Dienstag, Donnerstag, Samstag (1×); Eingeschränktes Halteverbot 9-18:30 Uhr Montag bis Freitag und 8:30-13 Uhr Samstag, Mischparken 18:30-23:00 Uhr Montag bis Freitag, Mischparken13-23 Uhr Samstag (1×); + 5 weitere","rawFee":"","note":"Lizenzgebiet in Betrieb · Überwachung: Kommunale Verkehrsüberwachung · Einzelübersicht als PDF bei muenchenunterwegs.de","windows":[{"weekdays":[1,2,3,4,5,6],"fromMinute":540,"toMinute":1380},{"weekdays":[1,3,5],"fromMinute":840,"toMinute":1380},{"weekdays":[2,4,6],"fromMinute":540,"toMinute":1380},{"weekdays":[1,2,3,4,5],"fromMinute":1110,"toMinute":1380},{"weekdays":[6],"fromMinute":780,"toMinute":1380},{"weekdays":[1,2,3,4,5],"fromMinute":1080,"toMinute":1380},{"weekdays":[6],"fromMinute":540,"toMinute":1380},{"weekdays":[1,2,3,4,5,6],"fromMinute":1020,"toMinute":1380}],"fee":{"kind":"unknown"},"unmodelledRules":[],"sourceDefect":null,"spaces":1501,"maxStayMinutes":null,"maxStay":"4h","maxStayShare":0.114,"maxStayValues":["4h"],"chargingPoints":8,"carsharing":13},"geometry":{"type":"Polygon","coordinates":[[[11.52748,48.15377],[11.52682,48.15584],[11.52619,48.15574],[11.52542,48.15555],[11.52474,48.1553],[11.52444,48.15515],[11.52356,48.1546],[11.52313,48.15418],[11.52293,48.15396],[11.52272,48.15368],[11.52206,48.15375],[11.52021,48.15385],[11.51946,48.15362],[11.51946,48.15307],[11.51953,48.15219],[11.51953,48.15186],[11.51949,48.1515],[11.51939,48.1512],[11.51955,48.15104],[11.51956,48.15101],[11.51923,48.15032],[11.51994,48.15018],[11.52165,48.14987],[11.522,48.1498],[11.52281,48.14959],[11.52338,48.14941],[11.52486,48.14889],[11.52586,48.14851],[11.52764,48.14779],[11.52825,48.1476],[11.52923,48.14734],[11.52937,48.14761],[11.52941,48.14771],[11.5294,48.14782],[11.52935,48.14803],[11.52874,48.14996],[11.52868,48.15026],[11.52855,48.15073],[11.5285,48.15099],[11.5283,48.15202],[11.52805,48.1529],[11.528,48.15295],[11.52792,48.153],[11.52782,48.15303],[11.52772,48.15304],[11.52748,48.15377]]]}},{"type":"Feature","properties":{"zone":"Seydlitzplatz","district":"Moosach","rawHours":"Mischparken 9-23 Uhr (39×); Bewohnerparken 9-23 Uhr (26×); Parkscheibe 4h 9-23 Uhr, Bewohner frei (17×); Parkscheibe 2h 9-23 Uhr, Bewohner frei (16×); Kurzzeitparken 2h 9-18 Uhr, Mischparken 18-23 Uhr (3×); + 3 weitere","rawFee":"","note":"Lizenzgebiet in Betrieb · Überwachung: Kommunale Verkehrsüberwachung · Einzelübersicht als PDF bei muenchenunterwegs.de","windows":[{"weekdays":[1,2,3,4,5,6],"fromMinute":540,"toMinute":1380},{"weekdays":[1,2,3,4,5,6],"fromMinute":540,"toMinute":1080},{"weekdays":[1,2,3,4,5,6],"fromMinute":1080,"toMinute":1380},{"weekdays":[1,2,3,4,5],"fromMinute":1080,"toMinute":1380},{"weekdays":[6],"fromMinute":540,"toMinute":1380}],"fee":{"kind":"unknown"},"unmodelledRules":[],"sourceDefect":null,"spaces":1218,"maxStayMinutes":null,"maxStay":"2h","maxStayShare":0.352,"maxStayValues":["2h","4h","30min"],"chargingPoints":0,"carsharing":0},"geometry":{"type":"Polygon","coordinates":[[[11.52036,48.17781],[11.52017,48.17669],[11.52143,48.17608],[11.52231,48.1756],[11.52405,48.17471],[11.52827,48.17257],[11.5285,48.17278],[11.52855,48.17285],[11.52851,48.17381],[11.52851,48.17405],[11.52895,48.17564],[11.52917,48.17661],[11.52917,48.17726],[11.5291,48.17801],[11.52908,48.1784],[11.52911,48.17863],[11.52903,48.18],[11.52904,48.18077],[11.52911,48.18122],[11.5292,48.18146],[11.52941,48.18177],[11.52996,48.18239],[11.52789,48.18242],[11.52534,48.18242],[11.52305,48.18246],[11.52105,48.18242],[11.52089,48.18241],[11.52098,48.18207],[11.52067,48.18153],[11.5207,48.18127],[11.52076,48.18098],[11.52111,48.17977],[11.52117,48.1795],[11.52118,48.17939],[11.52116,48.17925],[11.52019,48.17907],[11.52036,48.17781]]]}},{"type":"Feature","properties":{"zone":"Nördliche Passauerstraße","district":"Sendling-Westpark","rawHours":"Bewohnerparken 9-23 Uhr (24×); Mischparken 9-23 Uhr (20×); Parkscheibe 4h 9-23 Uhr, Bewohner frei (10×); Eingeschränktes Halteverbot 7-18 Uhr Montag bis Freitag, Mischparken 18-23 Montag bis Freitag und 9-23 Uhr Samstag (2×); Kurzzeitparken 2h 9-18 Uhr, Mischparken 18-23 Uhr (1×); + 2 weitere","rawFee":"","note":"Lizenzgebiet in Betrieb · Überwachung: Kommunale Verkehrsüberwachung · Einzelübersicht als PDF bei muenchenunterwegs.de","windows":[{"weekdays":[1,2,3,4,5],"fromMinute":1080,"toMinute":1380},{"weekdays":[6],"fromMinute":540,"toMinute":1380},{"weekdays":[1,2,3,4,5,6],"fromMinute":540,"toMinute":1380},{"weekdays":[1,2,3,4,5,6],"fromMinute":540,"toMinute":1080},{"weekdays":[1,2,3,4,5,6],"fromMinute":1080,"toMinute":1380},{"weekdays":[1,2,3,4,5],"fromMinute":1020,"toMinute":1380}],"fee":{"kind":"unknown"},"unmodelledRules":[],"sourceDefect":null,"spaces":902,"maxStayMinutes":null,"maxStay":"4h","maxStayShare":0.203,"maxStayValues":["4h","2h"],"chargingPoints":8,"carsharing":5},"geometry":{"type":"Polygon","coordinates":[[[11.5362,48.11059],[11.53628,48.11059],[11.53619,48.11331],[11.53615,48.11575],[11.53616,48.11623],[11.53624,48.11688],[11.53332,48.11688],[11.53082,48.11682],[11.52873,48.11672],[11.52865,48.11322],[11.52649,48.11312],[11.52628,48.11294],[11.52608,48.11284],[11.52617,48.11073],[11.52622,48.11004],[11.5362,48.11059]]]}},{"type":"Feature","properties":{"zone":"Eichendorffplatz","district":"Sendling-Westpark","rawHours":"Mischparken 9-23 Uhr (24×); Parkscheibe 4h 9-23 Uhr, Bewohner frei (23×); Bewohnerparken 9-23 Uhr (12×); Kurzzeitparken 2h 9-18 Uhr, Mischparken 18-23 Uhr (2×); Parkscheibe 1h 9-23 Uhr, Bewohner frei 18-23 Uhr (1×); + 2 weitere","rawFee":"","note":"Lizenzgebiet in Betrieb · Überwachung: Kommunale Verkehrsüberwachung · Einzelübersicht als PDF bei muenchenunterwegs.de","windows":[{"weekdays":[1,2,3,4,5,6],"fromMinute":540,"toMinute":1380},{"weekdays":[1,2,3,4,5,6],"fromMinute":540,"toMinute":1080},{"weekdays":[1,2,3,4,5,6],"fromMinute":1080,"toMinute":1380},{"weekdays":[1,2,3,4,5],"fromMinute":1080,"toMinute":1380},{"weekdays":[6],"fromMinute":840,"toMinute":1380}],"fee":{"kind":"unknown"},"unmodelledRules":[],"sourceDefect":null,"spaces":1018,"maxStayMinutes":null,"maxStay":"4h","maxStayShare":0.422,"maxStayValues":["4h","2h","1h"],"chargingPoints":8,"carsharing":0},"geometry":{"type":"Polygon","coordinates":[[[11.52814,48.1132],[11.52865,48.11322],[11.52873,48.11672],[11.52803,48.11667],[11.5273,48.1166],[11.52685,48.11654],[11.52639,48.11645],[11.52616,48.1164],[11.52562,48.11626],[11.52491,48.11596],[11.52176,48.11452],[11.51829,48.11289],[11.51777,48.11198],[11.51791,48.11166],[11.51805,48.11147],[11.5194,48.1103],[11.51976,48.11008],[11.52622,48.11004],[11.52617,48.11073],[11.52608,48.11284],[11.52628,48.11294],[11.52649,48.11312],[11.52814,48.1132]]]}},{"type":"Feature","properties":{"zone":"Südliche Hansastraße","district":"Sendling-Westpark","rawHours":"Mischparken 9-23 Uhr (42×); Bewohnerparken 9-23 Uhr (25×); Parkscheibe 4h 9-23 Uhr, Bewohner frei (12×); Kurzzeitparken 2h 9-18 Uhr, Mischparken 18-23 Uhr (5×); Eingeschränktes Halteverbot 7-18 Uhr Montag bis Freitag, Mischparken 18-23 Montag bis Freitag und 9-23 Uhr Samstag (3×); + 8 weitere","rawFee":"","note":"Lizenzgebiet in Betrieb · Überwachung: Kommunale Verkehrsüberwachung · Einzelübersicht als PDF bei muenchenunterwegs.de","windows":[{"weekdays":[1,2,3,4,5],"fromMinute":840,"toMinute":1380},{"weekdays":[6],"fromMinute":540,"toMinute":1380},{"weekdays":[1,2,3,4,5,6],"fromMinute":540,"toMinute":1380},{"weekdays":[1,2,3,4,5],"fromMinute":1080,"toMinute":1380},{"weekdays":[1,2,3,4,5,6],"fromMinute":540,"toMinute":1080},{"weekdays":[1,2,3,4,5,6],"fromMinute":1080,"toMinute":1380},{"weekdays":[1,2,3,4,5],"fromMinute":960,"toMinute":1380},{"weekdays":[1,2,3,4,5],"fromMinute":1020,"toMinute":1380},{"weekdays":[1,2,3,4,5,6],"fromMinute":1140,"toMinute":1380},{"weekdays":[1,2,3,4,5],"fromMinute":450,"toMinute":540},{"weekdays":[1,2,3,4,5],"fromMinute":900,"toMinute":1050}],"fee":{"kind":"unknown"},"unmodelledRules":[],"sourceDefect":null,"spaces":1086,"maxStayMinutes":null,"maxStay":"4h","maxStayShare":0.211,"maxStayValues":["4h","2h","1h","30min"],"chargingPoints":4,"carsharing":5},"geometry":{"type":"Polygon","coordinates":[[[11.53013,48.11996],[11.53015,48.11982],[11.52847,48.11836],[11.5284,48.11826],[11.5284,48.11818],[11.52738,48.1173],[11.52725,48.11724],[11.52696,48.11717],[11.52602,48.11716],[11.52604,48.11658],[11.52601,48.11636],[11.52685,48.11654],[11.5273,48.1166],[11.52803,48.11667],[11.52934,48.11676],[11.53082,48.11682],[11.53332,48.11688],[11.53624,48.11688],[11.53634,48.11748],[11.53655,48.11851],[11.53738,48.12225],[11.53796,48.12494],[11.53804,48.1254],[11.53517,48.12577],[11.53502,48.12572],[11.53412,48.12551],[11.53364,48.12535],[11.53308,48.1251],[11.53252,48.12476],[11.53207,48.12443],[11.53204,48.12398],[11.53182,48.12263],[11.53078,48.1221],[11.53083,48.12159],[11.53033,48.12157],[11.53035,48.12142],[11.53083,48.12121],[11.53026,48.12063],[11.53013,48.11996]]]}},{"type":"Feature","properties":{"zone":"Pasing Süd","district":"Pasing-Obermenzing","rawHours":"Mischparken 9-23 Uhr (46×); Parkscheibe 4h 9-23 Uhr, Bewohner frei (27×); Bewohnerparken 9-23 Uhr (24×); Kurzzeitparken 2h 9-18 Uhr, Mischparken 18-23 Uhr (12×); Eingeschränktes Halteverbot 7-18 Uhr Montag bis Freitag, Mischparken 18-23 Montag bis Freitag und 9-23 Uhr Samstag (3×); + 19 weitere","rawFee":"","note":"Lizenzgebiet in Betrieb · Überwachung: Kommunale Verkehrsüberwachung · Einzelübersicht als PDF bei muenchenunterwegs.de","windows":[{"weekdays":[1,2,3,4,5,6],"fromMinute":540,"toMinute":1380},{"weekdays":[1,2,3,4,5,6],"fromMinute":540,"toMinute":1080},{"weekdays":[1,2,3,4,5,6],"fromMinute":1080,"toMinute":1380},{"weekdays":[1,2,3,4,5],"fromMinute":1080,"toMinute":1380},{"weekdays":[6],"fromMinute":540,"toMinute":1380},{"weekdays":[1,2,3,4,5],"fromMinute":480,"toMinute":1080},{"weekdays":[1,2,3,4,5],"fromMinute":420,"toMinute":1380},{"weekdays":[6],"fromMinute":420,"toMinute":840},{"weekdays":[1,2,3,4,5],"fromMinute":540,"toMinute":1080},{"weekdays":[6],"fromMinute":480,"toMinute":840},{"weekdays":[6],"fromMinute":840,"toMinute":1380}],"fee":{"kind":"unknown"},"unmodelledRules":["Regelung nur an Schultagen"],"sourceDefect":null,"spaces":1126,"maxStayMinutes":null,"maxStay":"4h","maxStayShare":0.378,"maxStayValues":["4h","2h"],"chargingPoints":10,"carsharing":4},"geometry":{"type":"Polygon","coordinates":[[[11.45256,48.14549],[11.45254,48.14418],[11.45257,48.14374],[11.4529,48.14326],[11.45364,48.14285],[11.45418,48.14251],[11.45658,48.1423],[11.45683,48.14225],[11.45804,48.14224],[11.46063,48.14226],[11.46094,48.14229],[11.46088,48.14245],[11.46109,48.14248],[11.46115,48.14231],[11.46233,48.14241],[11.46312,48.14239],[11.46311,48.14261],[11.46335,48.14257],[11.46334,48.14225],[11.46469,48.14223],[11.46474,48.14228],[11.46475,48.14256],[11.46494,48.14342],[11.46506,48.1442],[11.46531,48.14523],[11.46546,48.14554],[11.46557,48.14601],[11.46602,48.14661],[11.46616,48.14714],[11.46624,48.14811],[11.46583,48.14826],[11.45785,48.15083],[11.45752,48.15091],[11.45721,48.15094],[11.45688,48.15094],[11.45655,48.1509],[11.45627,48.1508],[11.45612,48.15072],[11.45577,48.15047],[11.45571,48.15041],[11.45544,48.1501],[11.45463,48.14892],[11.45321,48.14701],[11.45286,48.14678],[11.45274,48.14644],[11.45263,48.1463],[11.45262,48.14621],[11.45276,48.1457],[11.45256,48.14549]]]}},{"type":"Feature","properties":{"zone":"Freiham","district":"Aubing-Lochhausen-Langwied","rawHours":"Parkscheibe 3h 9-23 Uhr (6×)","rawFee":"","note":"Parkraumbewirtschaftung · Überwachung: Kommunale Verkehrsüberwachung","windows":[{"weekdays":[1,2,3,4,5,6],"fromMinute":540,"toMinute":1380}],"fee":{"kind":"unknown"},"unmodelledRules":[],"sourceDefect":null,"spaces":58,"maxStayMinutes":null,"maxStay":"3h","maxStayShare":1,"maxStayValues":["3h"],"chargingPoints":0,"carsharing":0},"geometry":{"type":"Polygon","coordinates":[[[11.40573,48.14583],[11.40236,48.1446],[11.40191,48.14448],[11.40176,48.14442],[11.40163,48.14403],[11.40187,48.14327],[11.40256,48.14135],[11.40324,48.14145],[11.40581,48.14174],[11.40708,48.14192],[11.40692,48.14242],[11.40793,48.14255],[11.40814,48.14272],[11.4078,48.14331],[11.40767,48.14388],[11.40692,48.14517],[11.40638,48.14503],[11.40573,48.14583]]]}},{"type":"Feature","properties":{"zone":"Partnachplatz","district":"Sendling-Westpark","rawHours":"Parkscheibe 4h 9-23 Uhr, Bewohner frei (45×); Mischparken 9-23 Uhr (41×); Bewohnerparken 9-23 Uhr (22×); Kurzzeitparken 2h 9-18 Uhr, Mischparken 18-23 Uhr (11×); Parkscheibe 2h 9-23 Uhr, Bewohner frei (8×); + 7 weitere","rawFee":"","note":"Lizenzgebiet in Betrieb · Überwachung: Kommunale Verkehrsüberwachung · Einzelübersicht als PDF bei muenchenunterwegs.de","windows":[{"weekdays":[1,2,3,4,5,6],"fromMinute":540,"toMinute":1380},{"weekdays":[1,2,3,4,5,6],"fromMinute":540,"toMinute":1080},{"weekdays":[1,2,3,4,5,6],"fromMinute":1080,"toMinute":1380},{"weekdays":[1,2,3,4,5],"fromMinute":960,"toMinute":1380},{"weekdays":[6],"fromMinute":540,"toMinute":1380},{"weekdays":[1,2,3,4,5,6],"fromMinute":1140,"toMinute":1380}],"fee":{"kind":"unknown"},"unmodelledRules":["Regelung nur an Schultagen"],"sourceDefect":null,"spaces":1747,"maxStayMinutes":null,"maxStay":"4h","maxStayShare":0.524,"maxStayValues":["4h","2h","1h"],"chargingPoints":8,"carsharing":6},"geometry":{"type":"Polygon","coordinates":[[[11.51705,48.11644],[11.51716,48.11636],[11.51718,48.11573],[11.51813,48.11364],[11.51891,48.11366],[11.5193,48.11371],[11.5193,48.11366],[11.51943,48.11343],[11.52176,48.11452],[11.52491,48.11596],[11.52562,48.11626],[11.52601,48.11636],[11.52604,48.11658],[11.52602,48.11716],[11.52696,48.11717],[11.52725,48.11724],[11.52738,48.1173],[11.5284,48.11818],[11.5284,48.11826],[11.52847,48.11836],[11.53015,48.11982],[11.53013,48.11996],[11.53026,48.12063],[11.53083,48.12121],[11.53035,48.12142],[11.53033,48.12157],[11.53083,48.12159],[11.53078,48.1221],[11.52986,48.12217],[11.52886,48.12219],[11.52819,48.12217],[11.52672,48.12205],[11.526,48.12201],[11.5259,48.12208],[11.52355,48.122],[11.52244,48.12192],[11.5218,48.12208],[11.52079,48.12216],[11.51972,48.12234],[11.51946,48.12243],[11.5191,48.12195],[11.51878,48.12139],[11.5184,48.1208],[11.51809,48.12021],[11.51764,48.11915],[11.51712,48.1179],[11.51698,48.11738],[11.51693,48.11709],[11.5169,48.11681],[11.51705,48.11644]]]}},{"type":"Feature","properties":{"zone":"Südliches Lehel","district":"Altstadt-Lehel","rawHours":"Bewohnerparken 9-23 Uhr (25×); Mischparken 9-23 Uhr (22×); Mischparken 9-18 Uhr, Bewohnerparken 18-23 Uhr (19×); Absolutes Halteverbot 6:30-19 Uhr, Mischparken 19-23 Uhr (3×); Absolutes Halteverbot 6:30-20 Uhr werktags, sonst Mischparken (2×); + 2 weitere","rawFee":"","note":"Lizenzgebiet in Betrieb · Überwachung: Kommunale Verkehrsüberwachung · Einzelübersicht als PDF bei muenchenunterwegs.de","windows":[{"weekdays":[1,2,3,4,5,6],"fromMinute":540,"toMinute":1080},{"weekdays":[1,2,3,4,5,6],"fromMinute":1080,"toMinute":1380},{"weekdays":[1,2,3,4,5,6],"fromMinute":540,"toMinute":1380},{"weekdays":[1,2,3,4,5,6],"fromMinute":1140,"toMinute":1380},{"weekdays":[1,2,3,4,5],"fromMinute":1080,"toMinute":1380},{"weekdays":[6],"fromMinute":540,"toMinute":1380}],"fee":{"kind":"unknown"},"unmodelledRules":[],"sourceDefect":null,"spaces":733,"maxStayMinutes":null,"maxStay":null,"maxStayShare":0,"maxStayValues":[],"chargingPoints":4,"carsharing":7},"geometry":{"type":"Polygon","coordinates":[[[11.59025,48.13715],[11.58455,48.13824],[11.58441,48.13767],[11.58408,48.13653],[11.58384,48.13602],[11.583,48.13527],[11.58277,48.13514],[11.58215,48.13488],[11.58305,48.13361],[11.58339,48.13316],[11.58351,48.13304],[11.58369,48.13291],[11.58392,48.13279],[11.58466,48.13244],[11.58525,48.13218],[11.58584,48.13282],[11.58729,48.13416],[11.58793,48.13483],[11.5887,48.13459],[11.58931,48.13485],[11.58982,48.13511],[11.59026,48.1354],[11.59055,48.13562],[11.59083,48.13588],[11.59151,48.13657],[11.59166,48.13687],[11.59025,48.13715]]]}},{"type":"Feature","properties":{"zone":"Lerchenauer Straße","district":"Schwabing-West","rawHours":"Mischparken 9-23 Uhr (51×); Bewohnerparken 9-23 Uhr (31×); Parkscheibe 4h 9-23 Uhr, Bewohner frei (6×); Mischparken 9-18 Uhr, Bewohnerparken 18-23 Uhr (1×); Eingeschränktes Halteverbot 7-17 Uhr, Mischparken 17-23 Uhr Montag bis Freitag und 9-23 Uhr Samstag (1×); + 1 weitere","rawFee":"","note":"Lizenzgebiet in Betrieb · Überwachung: Kommunale Verkehrsüberwachung · Einzelübersicht als PDF bei muenchenunterwegs.de","windows":[{"weekdays":[1,2,3,4,5,6],"fromMinute":540,"toMinute":1080},{"weekdays":[1,2,3,4,5,6],"fromMinute":1080,"toMinute":1380},{"weekdays":[1,2,3,4,5,6],"fromMinute":540,"toMinute":1380},{"weekdays":[1,2,3,4,5],"fromMinute":1020,"toMinute":1380},{"weekdays":[6],"fromMinute":540,"toMinute":1380}],"fee":{"kind":"unknown"},"unmodelledRules":[],"sourceDefect":null,"spaces":1415,"maxStayMinutes":null,"maxStay":"4h","maxStayShare":0.066,"maxStayValues":["4h"],"chargingPoints":10,"carsharing":8},"geometry":{"type":"Polygon","coordinates":[[[11.56677,48.16777],[11.57044,48.16746],[11.57039,48.16765],[11.56678,48.16793],[11.56682,48.16858],[11.567,48.16872],[11.56703,48.16877],[11.56706,48.16884],[11.56714,48.16959],[11.5673,48.17043],[11.56835,48.17035],[11.56843,48.17081],[11.56773,48.17086],[11.56785,48.17123],[11.56786,48.17135],[11.56778,48.17152],[11.5677,48.17227],[11.56772,48.17279],[11.56774,48.17279],[11.56774,48.17302],[11.56757,48.17303],[11.56757,48.17336],[11.56761,48.17376],[11.5677,48.17413],[11.56776,48.17412],[11.56787,48.17432],[11.5679,48.17441],[11.56791,48.17448],[11.56829,48.17514],[11.56833,48.17551],[11.56832,48.17569],[11.57008,48.1756],[11.56994,48.17689],[11.56972,48.17686],[11.56828,48.17646],[11.56762,48.17664],[11.56635,48.17629],[11.56556,48.17609],[11.5652,48.17604],[11.56484,48.17601],[11.56435,48.176],[11.56287,48.17603],[11.55795,48.17613],[11.55802,48.17603],[11.55806,48.17591],[11.55828,48.17578],[11.55971,48.17461],[11.56008,48.17427],[11.56008,48.17424],[11.5604,48.17391],[11.5604,48.17362],[11.56043,48.17326],[11.56052,48.17273],[11.56064,48.17219],[11.56084,48.17167],[11.56053,48.17164],[11.56045,48.1715],[11.55843,48.17132],[11.55862,48.17041],[11.56026,48.17056],[11.56043,48.17049],[11.56069,48.17051],[11.56076,48.1705],[11.56087,48.16988],[11.56094,48.16963],[11.56104,48.16938],[11.5612,48.16905],[11.56138,48.16855],[11.56171,48.16835],[11.56319,48.16814],[11.56329,48.16815],[11.5652,48.16787],[11.56677,48.16777]]]}},{"type":"Feature","properties":{"zone":"Gärtnerplatz","district":"Ludwigsvorstadt-Isarvorstadt","rawHours":"Mischparken 9-23 Uhr (33×); Bewohnerparken 9-23 Uhr (29×); Mischparken 9-18 Uhr, Bewohnerparken 18-23 Uhr (19×); Kurzzeitparken 2h 9-18 Uhr, Mischparken 18-23 Uhr (11×); Kurzzeitparken 2h 9-23 Uhr, Bewohnerparken 18-23 Uhr (9×); + 11 weitere","rawFee":"","note":"Lizenzgebiet in Betrieb · Überwachung: Kommunale Verkehrsüberwachung · Einzelübersicht als PDF bei muenchenunterwegs.de","windows":[{"weekdays":[1,2,3,4,5,6],"fromMinute":540,"toMinute":1380},{"weekdays":[1,2,3,4,5,6],"fromMinute":540,"toMinute":1080},{"weekdays":[1,2,3,4,5,6],"fromMinute":1080,"toMinute":1380},{"weekdays":[1,2,3,4,5,6],"fromMinute":540,"toMinute":900},{"weekdays":[1,2,3,4,5,6],"fromMinute":960,"toMinute":1380},{"weekdays":[1,2,3,4,5,6],"fromMinute":1020,"toMinute":1380},{"weekdays":[1,2,3,4,5,6],"fromMinute":1140,"toMinute":1380},{"weekdays":[1,2,3,4,5],"fromMinute":1080,"toMinute":1380},{"weekdays":[6],"fromMinute":540,"toMinute":1380},{"weekdays":[1,2,3,4,5,6],"fromMinute":720,"toMinute":1080},{"weekdays":[1,2,3,4,5,6],"fromMinute":1200,"toMinute":1380},{"weekdays":[1,2,3,4,5,6],"fromMinute":720,"toMinute":1380}],"fee":{"kind":"unknown"},"unmodelledRules":["Regelung nur an Schultagen"],"sourceDefect":null,"spaces":1134,"maxStayMinutes":null,"maxStay":"2h","maxStayShare":0.175,"maxStayValues":["2h"],"chargingPoints":14,"carsharing":10},"geometry":{"type":"Polygon","coordinates":[[[11.58233,48.13462],[11.58215,48.13488],[11.58157,48.13475],[11.581,48.13466],[11.58002,48.13463],[11.57978,48.13461],[11.57952,48.13456],[11.57769,48.13443],[11.57691,48.13443],[11.57631,48.13445],[11.57603,48.1345],[11.57568,48.13467],[11.57562,48.13469],[11.57551,48.13468],[11.57539,48.13463],[11.57515,48.13449],[11.57335,48.13335],[11.57108,48.13203],[11.57087,48.13192],[11.57177,48.13117],[11.57645,48.1277],[11.57691,48.12795],[11.57734,48.12816],[11.57861,48.12869],[11.57935,48.12904],[11.58082,48.12982],[11.58111,48.12999],[11.58112,48.12998],[11.58224,48.13058],[11.58404,48.13147],[11.58505,48.13201],[11.58514,48.13207],[11.58525,48.13218],[11.58466,48.13244],[11.58392,48.13279],[11.58369,48.13291],[11.58351,48.13304],[11.58339,48.13316],[11.58324,48.13335],[11.58233,48.13462]]]}},{"type":"Feature","properties":{"zone":"Borstei","district":"Moosach","rawHours":"Mischparken 9-23 Uhr (15×); Bewohnerparken 9-23 Uhr (14×); Parkscheibe 2h 9-18 Uhr werktags, Bewohnerparken 18-23 Uhr (10×); Parkscheibe 4h 9-23 Uhr, Bewohner frei (7×); Mischparken mit Parkscheibe 2h 9-23 Uhr (4×); + 4 weitere","rawFee":"","note":"Lizenzgebiet in Betrieb · Überwachung: Kommunale Verkehrsüberwachung · Einzelübersicht als PDF bei muenchenunterwegs.de","windows":[{"weekdays":[1,2,3,4,5,6],"fromMinute":540,"toMinute":1380},{"weekdays":[1,2,3,4,5],"fromMinute":540,"toMinute":1380},{"weekdays":[1,2,3,4,5],"fromMinute":1080,"toMinute":1380},{"weekdays":[6],"fromMinute":840,"toMinute":1380},{"weekdays":[1,2,3,4,5,6],"fromMinute":1140,"toMinute":1380},{"weekdays":[1,2,3,4,5,6],"fromMinute":540,"toMinute":1080},{"weekdays":[1,2,3,4,5,6],"fromMinute":1080,"toMinute":1380},{"weekdays":[1,2,3,4,5],"fromMinute":1020,"toMinute":1380},{"weekdays":[6],"fromMinute":540,"toMinute":1380}],"fee":{"kind":"unknown"},"unmodelledRules":["Zeitangabe ohne Anfang oder Ende"],"sourceDefect":null,"spaces":790,"maxStayMinutes":null,"maxStay":"2h","maxStayShare":0.426,"maxStayValues":["2h","4h"],"chargingPoints":4,"carsharing":0},"geometry":{"type":"Polygon","coordinates":[[[11.53134,48.17075],[11.53253,48.17],[11.53287,48.16981],[11.53243,48.16962],[11.53221,48.16955],[11.53138,48.16942],[11.53075,48.16934],[11.53085,48.16892],[11.53091,48.16876],[11.53099,48.16859],[11.53135,48.16796],[11.53115,48.16791],[11.53213,48.16631],[11.53368,48.16674],[11.53509,48.16716],[11.53806,48.168],[11.53812,48.16865],[11.53828,48.16981],[11.53848,48.17097],[11.53747,48.17095],[11.53446,48.17084],[11.53443,48.17116],[11.53324,48.17111],[11.53163,48.17096],[11.53134,48.17075]]]}},{"type":"Feature","properties":{"zone":"Mittleres Lehel","district":"Altstadt-Lehel","rawHours":"Mischparken 9-23 Uhr (71×); Bewohnerparken 9-23 Uhr (44×); Mischparken 9-18 Uhr, Bewohnerparken 18-23 Uhr (4×); Kurzzeitparken 2h 9-18 Uhr, Mischparken 18-23 Uhr (2×); Eingeschränktes Halteverbot 6:30-14 Uhr, sonst Bewohner (1×); + 2 weitere","rawFee":"","note":"Lizenzgebiet in Betrieb · Überwachung: Kommunale Verkehrsüberwachung · Einzelübersicht als PDF bei muenchenunterwegs.de","windows":[{"weekdays":[1,2,3,4,5,6],"fromMinute":540,"toMinute":1380},{"weekdays":[1,2,3,4,5,6],"fromMinute":540,"toMinute":1080},{"weekdays":[1,2,3,4,5,6],"fromMinute":1080,"toMinute":1380},{"weekdays":[1,2,3,4,5,6],"fromMinute":1320,"toMinute":1380},{"weekdays":[1,2,3,4,5],"fromMinute":1020,"toMinute":1380},{"weekdays":[6],"fromMinute":540,"toMinute":1380}],"fee":{"kind":"unknown"},"unmodelledRules":[],"sourceDefect":null,"spaces":1491,"maxStayMinutes":null,"maxStay":"2h","maxStayShare":0.016,"maxStayValues":["2h"],"chargingPoints":14,"carsharing":0},"geometry":{"type":"Polygon","coordinates":[[[11.58822,48.1433],[11.58799,48.1441],[11.58483,48.14469],[11.58424,48.14414],[11.58429,48.14403],[11.58425,48.1438],[11.58304,48.1413],[11.58301,48.14109],[11.58306,48.14095],[11.58315,48.14083],[11.58417,48.13988],[11.58465,48.13942],[11.58476,48.13929],[11.5848,48.13921],[11.58481,48.13901],[11.58465,48.13861],[11.58455,48.13824],[11.5901,48.13718],[11.59024,48.13731],[11.59279,48.13888],[11.59301,48.13904],[11.59325,48.13926],[11.59392,48.14],[11.59422,48.1404],[11.59421,48.14041],[11.59424,48.14048],[11.59422,48.14049],[11.59471,48.14159],[11.59472,48.14158],[11.59477,48.14168],[11.59478,48.14167],[11.59483,48.14178],[11.58833,48.14311],[11.58839,48.14327],[11.58822,48.1433]]]}},{"type":"Feature","properties":{"zone":"Marsfeld","district":"Maxvorstadt","rawHours":"Mischparken 9-23 Uhr (73×); Parkscheibe 4h 9-23 Uhr, Bewohner frei (20×); Mischparken 9-18 Uhr, Bewohnerparken 18-23 Uhr (4×); Eingeschränktes Halteverbot 7-18 Uhr Montag bis Freitag, Mischparken 18-23 Montag bis Freitag und 9-23 Uhr Samstag (3×); Eingeschränktes Halteverbot 7-12 Uhr Montag bis Freitag, sonst Mischparken (1×); + 5 weitere","rawFee":"","note":"Lizenzgebiet in Betrieb · Überwachung: Kommunale Verkehrsüberwachung · Einzelübersicht als PDF bei muenchenunterwegs.de","windows":[{"weekdays":[1,2,3,4,5,6],"fromMinute":540,"toMinute":1380},{"weekdays":[1,2,3,4,5,6],"fromMinute":540,"toMinute":1080},{"weekdays":[1,2,3,4,5,6],"fromMinute":1080,"toMinute":1380},{"weekdays":[1,2,3,4,5,6],"fromMinute":1020,"toMinute":1380},{"weekdays":[1,2,3,4,5],"fromMinute":1080,"toMinute":1380},{"weekdays":[6],"fromMinute":540,"toMinute":1380},{"weekdays":[1,2,3,4,5],"fromMinute":540,"toMinute":1020},{"weekdays":[6],"fromMinute":540,"toMinute":900}],"fee":{"kind":"unknown"},"unmodelledRules":["Regelung nur an Schultagen"],"sourceDefect":null,"spaces":1243,"maxStayMinutes":null,"maxStay":"4h","maxStayShare":0.198,"maxStayValues":["4h","2h"],"chargingPoints":8,"carsharing":6},"geometry":{"type":"Polygon","coordinates":[[[11.55455,48.14826],[11.54892,48.14939],[11.54871,48.14892],[11.54835,48.14859],[11.54831,48.14854],[11.54817,48.14823],[11.5473,48.14841],[11.54478,48.14283],[11.5447,48.14236],[11.54628,48.14224],[11.54674,48.14224],[11.54759,48.14218],[11.54845,48.14212],[11.54865,48.14208],[11.55,48.14199],[11.55052,48.14198],[11.55095,48.14199],[11.55165,48.14205],[11.55215,48.14212],[11.55236,48.14212],[11.55234,48.14194],[11.55361,48.14204],[11.55362,48.14198],[11.55415,48.14199],[11.55414,48.14194],[11.55578,48.14184],[11.55609,48.14183],[11.5561,48.14192],[11.55615,48.14205],[11.55653,48.1428],[11.55707,48.1438],[11.55751,48.14471],[11.55808,48.1457],[11.55859,48.14666],[11.55873,48.14703],[11.55888,48.14756],[11.55757,48.14781],[11.55589,48.14804],[11.55455,48.14826]]]}},{"type":"Feature","properties":{"zone":"Biederstein","district":"Schwabing-Freimann","rawHours":"Mischparken 9-23 Uhr (36×); Parkscheibe 4h 9-18 Uhr, Bewohnerparken 18-23 Uhr Parken (17×); Bewohnerparken 9-23 Uhr (10×); Kurzzeitparken 2h 9-18 Uhr, Mischparken 18-23 Uhr (1×)","rawFee":"","note":"Lizenzgebiet in Betrieb · Überwachung: Kommunale Verkehrsüberwachung · Einzelübersicht als PDF bei muenchenunterwegs.de","windows":[{"weekdays":[1,2,3,4,5,6],"fromMinute":540,"toMinute":1380},{"weekdays":[1,2,3,4,5,6],"fromMinute":540,"toMinute":1080},{"weekdays":[1,2,3,4,5,6],"fromMinute":1080,"toMinute":1380}],"fee":{"kind":"unknown"},"unmodelledRules":[],"sourceDefect":null,"spaces":1014,"maxStayMinutes":null,"maxStay":"4h","maxStayShare":0.281,"maxStayValues":["4h","2h"],"chargingPoints":12,"carsharing":3},"geometry":{"type":"Polygon","coordinates":[[[11.59617,48.16533],[11.59641,48.16574],[11.59979,48.17066],[11.59996,48.17096],[11.60002,48.17114],[11.60005,48.1713],[11.60004,48.17148],[11.6,48.17166],[11.59987,48.17193],[11.59965,48.17217],[11.5993,48.17241],[11.59736,48.17341],[11.59593,48.17195],[11.5903,48.1666],[11.5905,48.16649],[11.59418,48.16475],[11.59441,48.16463],[11.59531,48.16398],[11.59617,48.16533]]]}},{"type":"Feature","properties":{"zone":"Potsdamer Straße","district":"Schwabing-Freimann","rawHours":"Mischparken 9-23 Uhr (26×); Bewohnerparken 9-23 Uhr (8×); Kurzzeitparken 2h 9-18 Uhr, Mischparken 18-23 Uhr (3×); Absolutes Halteverbot 6:30-8:30 Uhr und 16-19 Uhr, Eingeschränktes Halteverbot 8:30-16 Uhr und 19-6:30 Uhr (1×)","rawFee":"","note":"Lizenzgebiet in Betrieb · Überwachung: Polizei · Einzelübersicht als PDF bei muenchenunterwegs.de","windows":[{"weekdays":[1,2,3,4,5,6],"fromMinute":540,"toMinute":1380},{"weekdays":[1,2,3,4,5,6],"fromMinute":540,"toMinute":1080},{"weekdays":[1,2,3,4,5,6],"fromMinute":1080,"toMinute":1380}],"fee":{"kind":"unknown"},"unmodelledRules":[],"sourceDefect":null,"spaces":475,"maxStayMinutes":null,"maxStay":"2h","maxStayShare":0.079,"maxStayValues":["2h"],"chargingPoints":4,"carsharing":0},"geometry":{"type":"Polygon","coordinates":[[[11.59356,48.16971],[11.59378,48.16991],[11.59348,48.16999],[11.59207,48.17023],[11.59161,48.17028],[11.59088,48.17031],[11.58968,48.1704],[11.58944,48.17063],[11.58938,48.17113],[11.58884,48.17111],[11.58887,48.17083],[11.5886,48.17082],[11.58861,48.17016],[11.5879,48.17013],[11.58793,48.16974],[11.58737,48.16972],[11.58722,48.17104],[11.58597,48.17115],[11.58621,48.16862],[11.58622,48.16794],[11.5862,48.16725],[11.58621,48.16703],[11.58632,48.16581],[11.58648,48.16446],[11.58648,48.16425],[11.58753,48.16423],[11.58764,48.16425],[11.58784,48.16432],[11.58807,48.16447],[11.59356,48.16971]]]}},{"type":"Feature","properties":{"zone":"Kölner Platz","district":"Schwabing-West","rawHours":"Mischparken 9-23 Uhr (57×); Bewohnerparken 9-23 Uhr (31×); Kurzzeitparken 3h 9-23 Uhr, Bewohner frei 18-23 Uhr (6×); Kurzzeitparken 3h 9-23 Uhr, Bewohner frei (3×); Kurzzeitparken 2h 9-18 Uhr, Mischparken 18-23 Uhr (3×); + 3 weitere","rawFee":"","note":"Lizenzgebiet in Betrieb · Überwachung: Polizei · Einzelübersicht als PDF bei muenchenunterwegs.de","windows":[{"weekdays":[1,2,3,4,5,6],"fromMinute":540,"toMinute":1380},{"weekdays":[1,2,3,4,5,6],"fromMinute":540,"toMinute":1080},{"weekdays":[1,2,3,4,5,6],"fromMinute":1080,"toMinute":1380},{"weekdays":[1,2,3,4,5],"fromMinute":1080,"toMinute":1380},{"weekdays":[6],"fromMinute":540,"toMinute":1380}],"fee":{"kind":"unknown"},"unmodelledRules":[],"sourceDefect":null,"spaces":1605,"maxStayMinutes":null,"maxStay":"3h","maxStayShare":0.115,"maxStayValues":["3h","2h"],"chargingPoints":8,"carsharing":4},"geometry":{"type":"Polygon","coordinates":[[[11.58048,48.17293],[11.57951,48.17294],[11.57661,48.17279],[11.57547,48.17271],[11.57584,48.17049],[11.57444,48.17052],[11.57356,48.17045],[11.57294,48.17012],[11.57349,48.16719],[11.57531,48.16705],[11.57736,48.16679],[11.57779,48.16675],[11.5781,48.16679],[11.57908,48.16705],[11.57936,48.1671],[11.58111,48.16709],[11.58224,48.16712],[11.58282,48.16711],[11.58342,48.16713],[11.5862,48.16731],[11.58622,48.16794],[11.58621,48.16862],[11.58597,48.17115],[11.58421,48.17105],[11.58285,48.17094],[11.5825,48.17106],[11.58113,48.17076],[11.58048,48.17293]]]}},{"type":"Feature","properties":{"zone":"Clemensstraße","district":"Schwabing-Freimann","rawHours":"Mischparken 9-23 Uhr (65×); Bewohnerparken 9-23 Uhr (64×); Mischparken 9-18 Uhr, Bewohnerparken 18-23 Uhr (13×); Kurzzeitparken 2h 9-18 Uhr, Mischparken 18-23 Uhr (9×); Kurzzeitparken 2h 9-23 Uhr, Bewohnerparken 18-23 Uhr (3×); + 8 weitere","rawFee":"","note":"Lizenzgebiet in Betrieb · Überwachung: Polizei · Einzelübersicht als PDF bei muenchenunterwegs.de","windows":[{"weekdays":[1,2,3,4,5,6],"fromMinute":540,"toMinute":1380},{"weekdays":[1,2,3,4,5,6],"fromMinute":540,"toMinute":1080},{"weekdays":[1,2,3,4,5,6],"fromMinute":1080,"toMinute":1380},{"weekdays":[1,2,3,4,5,6],"fromMinute":420,"toMinute":1080},{"weekdays":[1,2,3,4,5,6],"fromMinute":840,"toMinute":1380},{"weekdays":[1,2,3,4,5],"fromMinute":1080,"toMinute":1380},{"weekdays":[6],"fromMinute":840,"toMinute":1380},{"weekdays":[1,2,3,4,5,6],"fromMinute":660,"toMinute":1380}],"fee":{"kind":"unknown"},"unmodelledRules":[],"sourceDefect":null,"spaces":2191,"maxStayMinutes":null,"maxStay":"2h","maxStayShare":0.092,"maxStayValues":["2h"],"chargingPoints":10,"carsharing":0},"geometry":{"type":"Polygon","coordinates":[[[11.57765,48.16676],[11.57531,48.16705],[11.57399,48.16715],[11.57412,48.16592],[11.57428,48.16488],[11.57442,48.16427],[11.57456,48.16345],[11.57445,48.16335],[11.57425,48.16314],[11.5743,48.16277],[11.57457,48.16261],[11.57472,48.16249],[11.57509,48.1625],[11.57763,48.16271],[11.57955,48.16278],[11.57998,48.16277],[11.58373,48.16226],[11.58633,48.16184],[11.58648,48.16393],[11.58649,48.16415],[11.58648,48.16446],[11.58632,48.16581],[11.58625,48.16657],[11.5862,48.16716],[11.5862,48.16731],[11.58342,48.16713],[11.58282,48.16711],[11.58224,48.16712],[11.58111,48.16709],[11.57936,48.1671],[11.57908,48.16705],[11.5781,48.16679],[11.57779,48.16675],[11.57765,48.16676]]]}},{"type":"Feature","properties":{"zone":"Altschwabing","district":"Schwabing-Freimann","rawHours":"Mischparken 9-23 Uhr (70×); Bewohnerparken 9-23 Uhr (55×); Kurzzeitparken 2h 9-23 Uhr, Bewohnerparken 18-23 Uhr (7×); Mischparken 9-18 Uhr, Bewohnerparken 18-23 Uhr (2×); Eingeschränktes Halteverbot 8-19 Uhr werktags, sonst Mischparken (2×); + 6 weitere","rawFee":"","note":"Lizenzgebiet in Betrieb · Überwachung: Kommunale Verkehrsüberwachung · Einzelübersicht als PDF bei muenchenunterwegs.de","windows":[{"weekdays":[1,2,3,4,5,6],"fromMinute":540,"toMinute":1380},{"weekdays":[1,2,3,4,5,6],"fromMinute":540,"toMinute":1080},{"weekdays":[1,2,3,4,5,6],"fromMinute":1080,"toMinute":1380},{"weekdays":[1,2,3,4,5,6],"fromMinute":1140,"toMinute":1380},{"weekdays":[1,2,3,4,5,6],"fromMinute":1020,"toMinute":1380}],"fee":{"kind":"unknown"},"unmodelledRules":[],"sourceDefect":null,"spaces":1479,"maxStayMinutes":null,"maxStay":"2h","maxStayShare":0.049,"maxStayValues":["2h"],"chargingPoints":8,"carsharing":6},"geometry":{"type":"Polygon","coordinates":[[[11.58476,48.1579],[11.58446,48.15725],[11.58631,48.15686],[11.58646,48.15685],[11.58666,48.15689],[11.58693,48.15689],[11.5883,48.15671],[11.58895,48.1566],[11.58942,48.15657],[11.58935,48.15667],[11.58932,48.15685],[11.58948,48.15723],[11.5896,48.15743],[11.58986,48.15759],[11.59031,48.1577],[11.59074,48.15788],[11.59088,48.15798],[11.59116,48.15824],[11.59129,48.15836],[11.59158,48.15873],[11.59201,48.15948],[11.59211,48.15964],[11.59235,48.15995],[11.59261,48.16024],[11.59322,48.16056],[11.59339,48.16068],[11.59347,48.16076],[11.59357,48.16088],[11.59389,48.16117],[11.59435,48.16149],[11.59475,48.16179],[11.59501,48.16196],[11.59579,48.16255],[11.59592,48.16264],[11.59618,48.16276],[11.59632,48.16282],[11.59665,48.16287],[11.59633,48.16318],[11.59574,48.16366],[11.59471,48.16442],[11.59441,48.16463],[11.59398,48.16485],[11.5905,48.16649],[11.5903,48.1666],[11.58807,48.16447],[11.58794,48.16438],[11.58775,48.16428],[11.58753,48.16423],[11.58648,48.16425],[11.58648,48.16393],[11.58633,48.16184],[11.58625,48.16125],[11.5862,48.16101],[11.58615,48.16084],[11.58604,48.1606],[11.5856,48.15969],[11.58476,48.1579]]]}},{"type":"Feature","properties":{"zone":"Silberhornstr.","district":"Obergiesing-Fasangarten","rawHours":"Mischparken 9-23 Uhr (39×); Bewohnerparken 9-23 Uhr (14×); Mischparken 9-18 Uhr, Bewohnerparken 18-23 Uhr (5×); Parkscheibe 4h 9-23 Uhr, Bewohner frei (2×); Absolutes Halteverbot 6:30-8:30 Uhr und 16-19 Uhr, Eingeschränktes Halteverbot 8:30-16 Uhr, freies Parken 19-6:30 Uhr (2×); + 4 weitere","rawFee":"","note":"Lizenzgebiet in Betrieb · Überwachung: Kommunale Verkehrsüberwachung · Einzelübersicht als PDF bei muenchenunterwegs.de","windows":[{"weekdays":[1,2,3,4,5,6],"fromMinute":540,"toMinute":1380},{"weekdays":[1,2,3,4,5,6],"fromMinute":540,"toMinute":1080},{"weekdays":[1,2,3,4,5,6],"fromMinute":1080,"toMinute":1380},{"weekdays":[1,2,3,4,5,6],"fromMinute":1140,"toMinute":1380},{"weekdays":[1,2,3,4,5],"fromMinute":1080,"toMinute":1380},{"weekdays":[6],"fromMinute":840,"toMinute":1380}],"fee":{"kind":"unknown"},"unmodelledRules":[],"sourceDefect":null,"spaces":699,"maxStayMinutes":null,"maxStay":"4h","maxStayShare":0.03,"maxStayValues":["4h"],"chargingPoints":4,"carsharing":0},"geometry":{"type":"Polygon","coordinates":[[[11.58081,48.11201],[11.58129,48.11243],[11.5818,48.11295],[11.58202,48.11322],[11.58209,48.11336],[11.58266,48.11429],[11.5798,48.11508],[11.57927,48.1152],[11.57726,48.11577],[11.57714,48.11583],[11.57702,48.11594],[11.57698,48.116],[11.57664,48.116],[11.57643,48.11591],[11.57606,48.11564],[11.57562,48.11527],[11.57541,48.11501],[11.57413,48.11307],[11.57406,48.11202],[11.57427,48.11201],[11.57455,48.11197],[11.57528,48.11185],[11.57593,48.1117],[11.57675,48.11139],[11.57719,48.11119],[11.57758,48.11095],[11.57776,48.11082],[11.578,48.1106],[11.57827,48.1103],[11.5785,48.11039],[11.57891,48.11061],[11.57933,48.11087],[11.58081,48.11201]]]}},{"type":"Feature","properties":{"zone":"St.-Vinzenz-Viertel","district":"Neuhausen-Nymphenburg","rawHours":"Mischparken 9-23 Uhr (86×); Bewohnerparken 9-23 Uhr (18×); Mischparken 9-18 Uhr, Bewohnerparken 18-23 Uhr (6×); Mischparken mit Parkscheibe 2h 9-23 Uhr (6×); Eingeschränktes Halteverbot 7-17 Uhr, Mischparken 17-23 Uhr Montag bis Freitag und 9-23 Uhr Samstag (5×); + 9 weitere","rawFee":"","note":"Lizenzgebiet in Betrieb · Überwachung: Polizei · Einzelübersicht als PDF bei muenchenunterwegs.de","windows":[{"weekdays":[1,2,3,4,5,6],"fromMinute":540,"toMinute":1380},{"weekdays":[1,2,3,4,5,6],"fromMinute":540,"toMinute":1080},{"weekdays":[1,2,3,4,5,6],"fromMinute":1080,"toMinute":1380},{"weekdays":[1,2,3,4,5,6],"fromMinute":720,"toMinute":1380},{"weekdays":[1,2,3,4,5],"fromMinute":1020,"toMinute":1380},{"weekdays":[6],"fromMinute":540,"toMinute":1380},{"weekdays":[1,2,3,4,5,6],"fromMinute":1020,"toMinute":1380}],"fee":{"kind":"unknown"},"unmodelledRules":["Zeit laut Quelle unbekannt"],"sourceDefect":null,"spaces":1555,"maxStayMinutes":null,"maxStay":"2h","maxStayShare":0.074,"maxStayValues":["2h","4h"],"chargingPoints":12,"carsharing":3},"geometry":{"type":"Polygon","coordinates":[[[11.53627,48.1464],[11.53571,48.14576],[11.53554,48.14554],[11.53535,48.14518],[11.53521,48.14483],[11.535,48.14484],[11.53494,48.14451],[11.53473,48.14316],[11.53893,48.14279],[11.5447,48.14236],[11.54478,48.14283],[11.5473,48.14841],[11.54817,48.14823],[11.54831,48.14854],[11.54835,48.14859],[11.54871,48.14892],[11.54892,48.14939],[11.53991,48.15118],[11.53764,48.15162],[11.53725,48.15168],[11.53696,48.15175],[11.53686,48.1502],[11.53666,48.14795],[11.53662,48.14758],[11.53656,48.14733],[11.53661,48.14695],[11.53646,48.14667],[11.53627,48.1464]]]}},{"type":"Feature","properties":{"zone":"Rotkreuzplatz Süd","district":"Neuhausen-Nymphenburg","rawHours":"Mischparken 9-23 Uhr (123×); Bewohnerparken 9-23 Uhr (38×); Kurzzeitparken 2h 9-18 Uhr, Mischparken 18-23 Uhr (14×); Eingeschränktes Halteverbot 7-18 Uhr Montag bis Freitag, Mischparken 18-23 Montag bis Freitag und 9-23 Uhr Samstag (6×); Eingeschränktes Halteverbot 7-20 Uhr werktags Montag bis Freitag, Eingeschränktes Halteverbot 7-14 Uhr werktags Samstag, sonst Mischparken (2×); + 8 weitere","rawFee":"","note":"Lizenzgebiet in Betrieb · Überwachung: Kommunale Verkehrsüberwachung · Einzelübersicht als PDF bei muenchenunterwegs.de","windows":[{"weekdays":[1,2,3,4,5,6],"fromMinute":540,"toMinute":1380},{"weekdays":[1,2,3,4,5,6],"fromMinute":540,"toMinute":1080},{"weekdays":[1,2,3,4,5,6],"fromMinute":1080,"toMinute":1380},{"weekdays":[1,2,3,4,5],"fromMinute":1080,"toMinute":1380},{"weekdays":[6],"fromMinute":540,"toMinute":1380},{"weekdays":[1,2,3,4,5,6],"fromMinute":540,"toMinute":900},{"weekdays":[1,2,3,4,5,6],"fromMinute":1020,"toMinute":1380},{"weekdays":[6],"fromMinute":840,"toMinute":1380}],"fee":{"kind":"unknown"},"unmodelledRules":[],"sourceDefect":null,"spaces":2251,"maxStayMinutes":null,"maxStay":"2h","maxStayShare":0.082,"maxStayValues":["2h","1h"],"chargingPoints":12,"carsharing":4},"geometry":{"type":"Polygon","coordinates":[[[11.53656,48.14733],[11.53662,48.14758],[11.53666,48.14795],[11.53686,48.1502],[11.53696,48.15175],[11.53601,48.15196],[11.53564,48.15208],[11.53375,48.15279],[11.53352,48.15292],[11.53341,48.15303],[11.53213,48.15285],[11.53201,48.15277],[11.53179,48.15268],[11.53116,48.15252],[11.52848,48.15207],[11.5283,48.15202],[11.5285,48.15099],[11.52855,48.15073],[11.52868,48.15026],[11.52874,48.14996],[11.52935,48.14803],[11.5294,48.14782],[11.52941,48.14771],[11.52937,48.14761],[11.52923,48.14734],[11.52825,48.1476],[11.52764,48.14779],[11.52586,48.14851],[11.52505,48.14882],[11.52404,48.14759],[11.52524,48.14716],[11.52499,48.14572],[11.52673,48.14559],[11.52728,48.14549],[11.52775,48.14535],[11.52804,48.14527],[11.52832,48.14523],[11.52978,48.14511],[11.53521,48.14483],[11.53535,48.14518],[11.53554,48.14554],[11.53571,48.14576],[11.53627,48.1464],[11.53653,48.14679],[11.53661,48.14695],[11.53656,48.14733]]]}},{"type":"Feature","properties":{"zone":"Altstadt","district":"Altstadt-Lehel","rawHours":"Altstadttarif 8-23 Uhr (231×); Absolutes Halteverbot 7-20 Uhr, Altstadttarif 20-23 Uhr (5×); Absolutes Halteverbot 7-18 Uhr Montag bis Freitag, Altstadttarif 18-23 Uhr (2×); Absolutes Halteverbot 7-17 Uhr, Altstadttarif 17-23 Uhr (2×); Absolutes Halteverbot 8-18 Uhr werktags Bus frei max. 20 min (gebührenfrei), Altstadttarif 18-23 Uhr werktags (1×); + 7 weitere","rawFee":"","note":"in Betrieb mit Altstadttarif · Überwachung: Kommunale Verkehrsüberwachung · Einzelübersicht als PDF bei muenchenunterwegs.de","windows":[{"weekdays":[1,2,3,4,5,6],"fromMinute":480,"toMinute":1380},{"weekdays":[1,2,3,4,5,6],"fromMinute":1080,"toMinute":1380},{"weekdays":[1,2,3,4,5],"fromMinute":1080,"toMinute":1380},{"weekdays":[6],"fromMinute":540,"toMinute":1380},{"weekdays":[1,2,3,4,5,6],"fromMinute":1200,"toMinute":1380},{"weekdays":[6],"fromMinute":840,"toMinute":1380},{"weekdays":[1,2,3,4,5,6],"fromMinute":1020,"toMinute":1380}],"fee":{"kind":"unknown"},"unmodelledRules":[],"sourceDefect":null,"spaces":1485,"maxStayMinutes":null,"maxStay":null,"maxStayShare":0,"maxStayValues":[],"chargingPoints":34,"carsharing":39},"geometry":{"type":"Polygon","coordinates":[[[11.57766,48.14556],[11.57734,48.14561],[11.57703,48.14563],[11.5753,48.14558],[11.57474,48.14563],[11.57391,48.14398],[11.57369,48.1435],[11.57311,48.14269],[11.57078,48.14207],[11.56983,48.14151],[11.56934,48.14135],[11.568,48.14066],[11.56773,48.14054],[11.56761,48.14051],[11.56741,48.14048],[11.56675,48.14051],[11.56582,48.13976],[11.56556,48.13954],[11.5654,48.13933],[11.56532,48.13918],[11.565,48.13744],[11.5648,48.1366],[11.56479,48.13648],[11.56483,48.13631],[11.56495,48.13602],[11.56578,48.13473],[11.56709,48.13279],[11.56717,48.13273],[11.56734,48.13267],[11.56748,48.13266],[11.56807,48.13266],[11.56827,48.13263],[11.56857,48.1325],[11.5689,48.13229],[11.56911,48.13221],[11.57004,48.13187],[11.57031,48.13183],[11.57063,48.13186],[11.57087,48.13192],[11.57108,48.13203],[11.57335,48.13335],[11.57515,48.13449],[11.57539,48.13463],[11.57551,48.13468],[11.57562,48.13469],[11.57568,48.13467],[11.57603,48.1345],[11.57614,48.13447],[11.57631,48.13445],[11.57715,48.13442],[11.5779,48.13444],[11.57916,48.13454],[11.57952,48.13456],[11.57978,48.13461],[11.58002,48.13463],[11.581,48.13466],[11.58128,48.13469],[11.58215,48.13488],[11.58277,48.13514],[11.583,48.13527],[11.58383,48.13601],[11.58408,48.13653],[11.58448,48.13794],[11.58458,48.1384],[11.58481,48.13901],[11.5848,48.13921],[11.58476,48.13929],[11.58465,48.13942],[11.58315,48.14083],[11.58306,48.14095],[11.58301,48.14109],[11.58304,48.1413],[11.58425,48.1438],[11.58429,48.14403],[11.58424,48.14414],[11.58419,48.1442],[11.58403,48.1443],[11.58363,48.14439],[11.58322,48.14447],[11.58264,48.14455],[11.58233,48.1446],[11.57902,48.14527],[11.57766,48.14556]]]}},{"type":"Feature","properties":{"zone":"Akademieviertel","district":"Maxvorstadt","rawHours":"Mischparken 9-23 Uhr (75×); Bewohnerparken 9-23 Uhr (30×); Mischparken 9-18 Uhr, Bewohnerparken 18-23 Uhr (6×); Kurzzeitparken 2h 9-18 Uhr, Mischparken 18-23 Uhr (4×); Eingeschränktes Halteverbot 7-18 Uhr Montag bis Freitag, Mischparken 18-23 Montag bis Freitag und 9-23 Uhr Samstag (3×); + 5 weitere","rawFee":"","note":"Lizenzgebiet in Betrieb · Überwachung: Polizei · Einzelübersicht als PDF bei muenchenunterwegs.de","windows":[{"weekdays":[1,2,3,4,5,6],"fromMinute":540,"toMinute":1380},{"weekdays":[1,2,3,4,5,6],"fromMinute":540,"toMinute":1080},{"weekdays":[1,2,3,4,5,6],"fromMinute":1080,"toMinute":1380},{"weekdays":[1,2,3,4,5],"fromMinute":840,"toMinute":1380},{"weekdays":[6],"fromMinute":540,"toMinute":1380},{"weekdays":[1,2,3,4,5],"fromMinute":1080,"toMinute":1380}],"fee":{"kind":"unknown"},"unmodelledRules":[],"sourceDefect":null,"spaces":1867,"maxStayMinutes":null,"maxStay":"2h","maxStayShare":0.032,"maxStayValues":["2h"],"chargingPoints":16,"carsharing":0},"geometry":{"type":"Polygon","coordinates":[[[11.58446,48.15725],[11.5834,48.1575],[11.5829,48.15759],[11.58261,48.15763],[11.58066,48.15777],[11.57987,48.15781],[11.5788,48.15783],[11.57838,48.15782],[11.57499,48.15764],[11.5753,48.15547],[11.57546,48.15456],[11.57545,48.15445],[11.57535,48.15426],[11.57327,48.15103],[11.58056,48.14898],[11.58204,48.15214],[11.58446,48.15725]]]}},{"type":"Feature","properties":{"zone":"Nördliche Au","district":"Au-Haidhausen","rawHours":"Bewohnerparken 9-23 Uhr (42×); Mischparken 9-23 Uhr (34×); Mischparken 9-18 Uhr, Bewohnerparken 18-23 Uhr (15×); Eingeschränktes Halteverbot 7-20 Uhr, sonst Mischparken (2×); Absolutes Halteverbot 6:30-9 Uhr, Eingeschränktes Halteverbot 9-18 Uhr, Mischparken 18-23 Uhr (1×); + 3 weitere","rawFee":"","note":"Lizenzgebiet in Betrieb · Überwachung: Kommunale Verkehrsüberwachung · Einzelübersicht als PDF bei muenchenunterwegs.de","windows":[{"weekdays":[1,2,3,4,5,6],"fromMinute":540,"toMinute":1080},{"weekdays":[1,2,3,4,5,6],"fromMinute":1080,"toMinute":1380},{"weekdays":[1,2,3,4,5,6],"fromMinute":540,"toMinute":1380},{"weekdays":[1,2,3,4,5],"fromMinute":1080,"toMinute":1380},{"weekdays":[6],"fromMinute":540,"toMinute":1380}],"fee":{"kind":"unknown"},"unmodelledRules":[],"sourceDefect":null,"spaces":1070,"maxStayMinutes":null,"maxStay":null,"maxStayShare":0,"maxStayValues":[],"chargingPoints":12,"carsharing":8},"geometry":{"type":"Polygon","coordinates":[[[11.57834,48.12657],[11.57814,48.12646],[11.57983,48.12521],[11.58043,48.12483],[11.58097,48.12443],[11.58114,48.12426],[11.5817,48.12357],[11.58212,48.12294],[11.5822,48.12277],[11.58224,48.12263],[11.58224,48.12246],[11.58222,48.12233],[11.58219,48.12225],[11.58209,48.12208],[11.58158,48.12135],[11.58154,48.12129],[11.5815,48.12115],[11.58149,48.12095],[11.58154,48.12079],[11.58163,48.12063],[11.58181,48.12045],[11.58185,48.12055],[11.58177,48.12082],[11.58175,48.12108],[11.58182,48.12137],[11.58225,48.12206],[11.58248,48.12235],[11.58277,48.12254],[11.58361,48.12297],[11.58438,48.12334],[11.58473,48.12362],[11.58525,48.12416],[11.58549,48.12444],[11.58563,48.12475],[11.58565,48.12491],[11.58558,48.1251],[11.5852,48.12565],[11.58479,48.12612],[11.58579,48.12582],[11.58618,48.12574],[11.58626,48.12606],[11.58706,48.12721],[11.58797,48.12849],[11.58833,48.12951],[11.58859,48.13012],[11.58872,48.13039],[11.58911,48.13101],[11.58958,48.13113],[11.59018,48.13119],[11.58957,48.13168],[11.58938,48.1317],[11.58919,48.13167],[11.58798,48.13155],[11.58764,48.13155],[11.58743,48.13157],[11.58737,48.13142],[11.58732,48.13133],[11.58716,48.13116],[11.58603,48.13029],[11.5854,48.12976],[11.58423,48.1287],[11.58409,48.1286],[11.58387,48.12846],[11.58363,48.12835],[11.58337,48.12825],[11.58289,48.12814],[11.58239,48.12809],[11.58158,48.12812],[11.58074,48.12782],[11.58037,48.12764],[11.57937,48.12717],[11.57908,48.12701],[11.57872,48.12681],[11.57834,48.12657]]]}},{"type":"Feature","properties":{"zone":"Margaretenplatz","district":"Sendling","rawHours":"Mischparken 9-23 Uhr (16×); Bewohnerparken 9-23 Uhr (7×); Parkscheibe 4h 9-23 Uhr, Bewohner frei (6×); Mischparken 9-18 Uhr, Bewohnerparken 18-23 Uhr (4×); Kurzzeitparken 2h 9-23 Uhr, Bewohnerparken 18-23 Uhr (2×); + 2 weitere","rawFee":"","note":"Lizenzgebiet in Betrieb · Überwachung: Kommunale Verkehrsüberwachung · Einzelübersicht als PDF bei muenchenunterwegs.de","windows":[{"weekdays":[1,2,3,4,5,6],"fromMinute":540,"toMinute":1380},{"weekdays":[1,2,3,4,5,6],"fromMinute":1080,"toMinute":1380},{"weekdays":[1,2,3,4,5,6],"fromMinute":540,"toMinute":1080},{"weekdays":[1,2,3,4,5,6],"fromMinute":780,"toMinute":1380},{"weekdays":[1,2,3,4,5],"fromMinute":960,"toMinute":1380},{"weekdays":[6],"fromMinute":840,"toMinute":1380}],"fee":{"kind":"unknown"},"unmodelledRules":[],"sourceDefect":null,"spaces":409,"maxStayMinutes":null,"maxStay":"4h","maxStayShare":0.211,"maxStayValues":["4h","2h"],"chargingPoints":4,"carsharing":0},"geometry":{"type":"Polygon","coordinates":[[[11.53832,48.12176],[11.53763,48.12197],[11.53734,48.12207],[11.53655,48.11851],[11.53634,48.11748],[11.53624,48.11688],[11.53899,48.11689],[11.53926,48.11684],[11.53991,48.11663],[11.54001,48.11664],[11.54009,48.1167],[11.54004,48.11736],[11.54007,48.11743],[11.54039,48.11796],[11.54046,48.11821],[11.54048,48.11853],[11.54063,48.11979],[11.54068,48.11993],[11.54076,48.12012],[11.54105,48.12067],[11.54114,48.12094],[11.54115,48.12105],[11.54114,48.12111],[11.54104,48.1214],[11.54104,48.12146],[11.54085,48.12146],[11.54043,48.1215],[11.53936,48.12166],[11.53927,48.12166],[11.53899,48.12158],[11.5389,48.12158],[11.53832,48.12176]]]}},{"type":"Feature","properties":{"zone":"Untergiesing","district":"Untergiesing-Harlaching","rawHours":"Mischparken 9-23 Uhr (83×); Parkscheibe 4h 9-23 Uhr, Bewohner frei (27×); Bewohnerparken 9-23 Uhr (20×); Mischparken 9-18 Uhr, Bewohnerparken 18-23 Uhr (5×); Kurzzeitparken 2h 9-18 Uhr, Mischparken 18-23 Uhr (3×); + 3 weitere","rawFee":"","note":"Lizenzgebiet in Betrieb · Überwachung: Kommunale Verkehrsüberwachung · Einzelübersicht als PDF bei muenchenunterwegs.de","windows":[{"weekdays":[1,2,3,4,5],"fromMinute":1080,"toMinute":1380},{"weekdays":[6],"fromMinute":540,"toMinute":1380},{"weekdays":[1,2,3,4,5,6],"fromMinute":540,"toMinute":1380},{"weekdays":[1,2,3,4,5,6],"fromMinute":540,"toMinute":1080},{"weekdays":[1,2,3,4,5,6],"fromMinute":1080,"toMinute":1380}],"fee":{"kind":"unknown"},"unmodelledRules":[],"sourceDefect":null,"spaces":1674,"maxStayMinutes":null,"maxStay":"4h","maxStayShare":0.218,"maxStayValues":["4h","2h"],"chargingPoints":8,"carsharing":11},"geometry":{"type":"Polygon","coordinates":[[[11.57716,48.11808],[11.57719,48.11828],[11.57717,48.11843],[11.57715,48.1185],[11.57704,48.11867],[11.57692,48.11864],[11.57611,48.11814],[11.57588,48.11807],[11.57547,48.11807],[11.57495,48.11825],[11.57454,48.11813],[11.57431,48.1178],[11.57416,48.11774],[11.5731,48.11759],[11.57126,48.11708],[11.57021,48.11682],[11.56966,48.11671],[11.56876,48.1166],[11.56805,48.11657],[11.5676,48.11657],[11.56706,48.1166],[11.56656,48.11664],[11.56615,48.11669],[11.56548,48.11681],[11.56508,48.11691],[11.56434,48.11712],[11.56426,48.11686],[11.5647,48.11665],[11.56496,48.11645],[11.56515,48.11616],[11.56501,48.11613],[11.56508,48.11555],[11.56472,48.11553],[11.56475,48.11531],[11.56476,48.11459],[11.56412,48.1137],[11.56484,48.11367],[11.56536,48.11354],[11.56529,48.1134],[11.56514,48.11301],[11.56569,48.11298],[11.56659,48.11288],[11.56757,48.11272],[11.56824,48.11254],[11.56853,48.11244],[11.56918,48.11216],[11.56993,48.1114],[11.57008,48.11128],[11.57034,48.1111],[11.57047,48.11102],[11.57085,48.11086],[11.57115,48.11078],[11.57155,48.11075],[11.57184,48.11077],[11.57208,48.11081],[11.57223,48.11086],[11.57246,48.11097],[11.57266,48.1111],[11.57277,48.11119],[11.57286,48.11128],[11.57308,48.11161],[11.57328,48.11179],[11.57348,48.1119],[11.57364,48.11196],[11.5739,48.11201],[11.57406,48.11202],[11.57413,48.11307],[11.57541,48.11501],[11.57562,48.11527],[11.57606,48.11564],[11.57643,48.11591],[11.57664,48.116],[11.57698,48.116],[11.57691,48.11612],[11.57688,48.11626],[11.57716,48.11808]]]}},{"type":"Feature","properties":{"zone":"Brudermühlviertel","district":"Sendling","rawHours":"Parkscheibe 4h 9-23 Uhr, Bewohner frei (44×); Mischparken 9-23 Uhr (32×); Bewohnerparken 9-23 Uhr (15×); Mischparken 9-18 Uhr, Bewohnerparken 18-23 Uhr (8×); Mischparken 9-18 Uhr (werktags), Kurzzeitparken 2h 18-23 Uhr (werktags), Bewohner frei (4×); + 5 weitere","rawFee":"","note":"Lizenzgebiet in Betrieb · Überwachung: Kommunale Verkehrsüberwachung · Einzelübersicht als PDF bei muenchenunterwegs.de","windows":[{"weekdays":[1,2,3,4,5,6],"fromMinute":540,"toMinute":1080},{"weekdays":[1,2,3,4,5,6],"fromMinute":1080,"toMinute":1380},{"weekdays":[1,2,3,4,5,6],"fromMinute":540,"toMinute":1380},{"weekdays":[1,2,3,4,5],"fromMinute":1080,"toMinute":1380},{"weekdays":[6],"fromMinute":540,"toMinute":1380},{"weekdays":[1,2,3,4,5,6],"fromMinute":1140,"toMinute":1380}],"fee":{"kind":"unknown"},"unmodelledRules":[],"sourceDefect":null,"spaces":1687,"maxStayMinutes":null,"maxStay":"4h","maxStayShare":0.477,"maxStayValues":["4h","2h"],"chargingPoints":6,"carsharing":9},"geometry":{"type":"Polygon","coordinates":[[[11.54899,48.11573],[11.54862,48.11576],[11.54695,48.11576],[11.54671,48.11578],[11.54654,48.11471],[11.54468,48.11469],[11.54467,48.11457],[11.54323,48.11462],[11.54277,48.11465],[11.5427,48.1142],[11.54275,48.11279],[11.54278,48.11277],[11.54287,48.11276],[11.5435,48.11277],[11.54385,48.11275],[11.54393,48.11193],[11.54415,48.11152],[11.54419,48.11114],[11.54438,48.11027],[11.54446,48.11003],[11.54497,48.10916],[11.54583,48.10866],[11.54988,48.10749],[11.5495,48.10689],[11.55001,48.10675],[11.5504,48.10722],[11.55055,48.10736],[11.55132,48.10776],[11.55163,48.1077],[11.55247,48.10896],[11.55264,48.10917],[11.55378,48.11043],[11.55431,48.11089],[11.55484,48.1114],[11.55498,48.11157],[11.55517,48.11188],[11.55532,48.1123],[11.55367,48.11232],[11.55365,48.11269],[11.55334,48.11276],[11.55292,48.11276],[11.55202,48.11294],[11.55242,48.1134],[11.55181,48.1136],[11.55193,48.11387],[11.55156,48.11396],[11.55215,48.1148],[11.55157,48.11502],[11.55116,48.11515],[11.55111,48.11508],[11.54954,48.11558],[11.54899,48.11573]]]}},{"type":"Feature","properties":{"zone":"Untersendling","district":"Sendling","rawHours":"Mischparken 9-23 Uhr (117×); Bewohnerparken 9-23 Uhr (61×); Parkscheibe 4h 9-23 Uhr, Bewohner frei (6×); Eingeschränktes Halteverbot 7-18 Uhr Montag bis Freitag, Mischparken 18-23 Montag bis Freitag und 9-23 Uhr Samstag (4×); Mischparken 9-18 Uhr, Bewohnerparken 18-23 Uhr (4×); + 7 weitere","rawFee":"","note":"Lizenzgebiet in Betrieb · Überwachung: Kommunale Verkehrsüberwachung · Einzelübersicht als PDF bei muenchenunterwegs.de","windows":[{"weekdays":[1,2,3,4,5,6],"fromMinute":540,"toMinute":1380},{"weekdays":[1,2,3,4,5,6],"fromMinute":540,"toMinute":1080},{"weekdays":[1,2,3,4,5,6],"fromMinute":1080,"toMinute":1380},{"weekdays":[1,2,3,4,5,6],"fromMinute":840,"toMinute":1380},{"weekdays":[1,2,3,4,5],"fromMinute":1080,"toMinute":1380},{"weekdays":[6],"fromMinute":540,"toMinute":1380},{"weekdays":[1,2,3,4,5],"fromMinute":900,"toMinute":1380}],"fee":{"kind":"unknown"},"unmodelledRules":[],"sourceDefect":null,"spaces":2530,"maxStayMinutes":null,"maxStay":"4h","maxStayShare":0.04,"maxStayValues":["4h","2h","30min"],"chargingPoints":14,"carsharing":17},"geometry":{"type":"Polygon","coordinates":[[[11.55151,48.11559],[11.5518,48.11592],[11.5537,48.11792],[11.55507,48.11932],[11.55582,48.12007],[11.55572,48.12025],[11.55453,48.12083],[11.55363,48.12123],[11.55344,48.12101],[11.55203,48.11966],[11.55176,48.12022],[11.55153,48.12032],[11.55091,48.12075],[11.55076,48.12159],[11.55068,48.12187],[11.55063,48.12241],[11.55059,48.12259],[11.55048,48.12286],[11.55034,48.12286],[11.55016,48.12314],[11.54966,48.12374],[11.54945,48.12392],[11.54903,48.1242],[11.54722,48.12505],[11.54662,48.12463],[11.54705,48.1243],[11.54625,48.12382],[11.54623,48.12362],[11.54554,48.12366],[11.54549,48.12325],[11.54543,48.12303],[11.54502,48.1227],[11.54466,48.1228],[11.54463,48.12324],[11.54446,48.12324],[11.54447,48.12343],[11.54364,48.12347],[11.54356,48.12308],[11.54354,48.12289],[11.54371,48.12288],[11.54369,48.12264],[11.54348,48.12266],[11.54344,48.12258],[11.54329,48.12247],[11.54254,48.12241],[11.54159,48.12192],[11.54107,48.12172],[11.54104,48.1214],[11.54114,48.12111],[11.54115,48.12105],[11.54114,48.12094],[11.54105,48.12067],[11.54076,48.12012],[11.54068,48.11993],[11.54063,48.11979],[11.54048,48.11853],[11.54046,48.11821],[11.54039,48.11796],[11.54022,48.11767],[11.54077,48.11771],[11.54131,48.1177],[11.54126,48.11735],[11.54084,48.11736],[11.54083,48.11719],[11.54088,48.11699],[11.54094,48.1168],[11.54115,48.1163],[11.54119,48.11564],[11.54118,48.11546],[11.54212,48.11537],[11.54291,48.11532],[11.54277,48.11465],[11.54323,48.11462],[11.54467,48.11457],[11.54468,48.11469],[11.54654,48.11471],[11.54671,48.11578],[11.54695,48.11576],[11.54862,48.11576],[11.54888,48.11574],[11.54954,48.11558],[11.55111,48.11508],[11.55151,48.11559]]]}},{"type":"Feature","properties":{"zone":"Karwendelstraße","district":"Sendling","rawHours":"Mischparken 9-23 Uhr (10×); Parkscheibe 4h 9-23 Uhr, Bewohner frei (5×); Mischparken 9-18 Uhr, Bewohnerparken 18-23 Uhr (5×); Bewohnerparken 9-23 Uhr (2×); Parkscheibe 4h 9-18 Uhr, Bewohnerparken 18-23 Uhr Parken (2×); + 4 weitere","rawFee":"","note":"Lizenzgebiet in Betrieb · Überwachung: Kommunale Verkehrsüberwachung · Einzelübersicht als PDF bei muenchenunterwegs.de","windows":[{"weekdays":[1,2,3,4,5,6],"fromMinute":540,"toMinute":1380},{"weekdays":[1,2,3,4,5,6],"fromMinute":540,"toMinute":1080},{"weekdays":[1,2,3,4,5,6],"fromMinute":1080,"toMinute":1380},{"weekdays":[1,2,3,4,5],"fromMinute":1080,"toMinute":1380},{"weekdays":[6],"fromMinute":540,"toMinute":1380},{"weekdays":[1,2,3,4,5,6],"fromMinute":570,"toMinute":1080},{"weekdays":[1,2,3,4,5],"fromMinute":540,"toMinute":1380}],"fee":{"kind":"unknown"},"unmodelledRules":["Zeitangabe ohne Anfang oder Ende"],"sourceDefect":null,"spaces":559,"maxStayMinutes":null,"maxStay":"4h","maxStayShare":0.357,"maxStayValues":["4h","2h","30min"],"chargingPoints":0,"carsharing":0},"geometry":{"type":"Polygon","coordinates":[[[11.54127,48.1174],[11.54131,48.1177],[11.54077,48.11771],[11.54022,48.11767],[11.54007,48.11743],[11.54004,48.11736],[11.54009,48.1167],[11.54006,48.11666],[11.53997,48.11663],[11.53985,48.11665],[11.53926,48.11684],[11.53899,48.11689],[11.53624,48.11688],[11.53616,48.11623],[11.53615,48.11526],[11.53626,48.11089],[11.53688,48.11091],[11.53779,48.11074],[11.53901,48.11076],[11.53882,48.11177],[11.5387,48.11179],[11.53899,48.11265],[11.53943,48.1128],[11.53981,48.1128],[11.53979,48.11309],[11.53968,48.11359],[11.53965,48.11387],[11.53965,48.11406],[11.53966,48.11428],[11.5397,48.11453],[11.53978,48.11479],[11.53992,48.11518],[11.54105,48.11501],[11.54118,48.11546],[11.54119,48.11564],[11.54115,48.1163],[11.54094,48.1168],[11.54088,48.11699],[11.54083,48.11719],[11.54084,48.11736],[11.54126,48.11735],[11.54127,48.1174]]]}}]}