{"type":"FeatureCollection","features":[{"type":"Feature","properties":{"zone":"02","district":"Lend","rawHours":"Werktags, Montag bis Freitag, von 9.00 Uhr bis 20.00 Uhr und Samstag von 9.00 Uhr bis 13.00 Uhr","rawFee":"Mindestgebühr (halbe Stunde): € 1,30 bis € 7,80 je nach maximaler Parkdauer","note":"Blaue Zone Lend, flächendeckend","windows":[{"weekdays":[1,2,3,4,5],"fromMinute":540,"toMinute":1200},{"weekdays":[6],"fromMinute":540,"toMinute":780}],"fee":{"kind":"exact","centsPerHour":260},"unmodelledRules":[],"sourceDefect":null,"spaces":null,"maxStayMinutes":180,"maxStay":null,"maxStayShare":0,"maxStayValues":[],"chargingPoints":0,"carsharing":0},"geometry":{"type":"Polygon","coordinates":[[[15.432,47.07452],[15.43174,47.07432],[15.43236,47.07394],[15.43218,47.07391],[15.43216,47.07389],[15.43094,47.07414],[15.43063,47.07422],[15.43047,47.07427],[15.43011,47.07445],[15.43005,47.07441],[15.42978,47.07415],[15.42975,47.0741],[15.42964,47.07381],[15.42966,47.07379],[15.42964,47.0737],[15.42958,47.07366],[15.4295,47.07348],[15.42933,47.07301],[15.4293,47.07289],[15.42927,47.07287],[15.42897,47.07209],[15.42895,47.0719],[15.429,47.07184],[15.42897,47.07178],[15.42894,47.07176],[15.4289,47.07126],[15.42893,47.07122],[15.42903,47.07114],[15.42899,47.07112],[15.4288,47.07096],[15.42788,47.0701],[15.42774,47.06996],[15.42809,47.06983],[15.42825,47.06979],[15.42843,47.06979],[15.42864,47.06984],[15.42895,47.07003],[15.42905,47.06995],[15.43038,47.06978],[15.43039,47.06981],[15.43097,47.06974],[15.43112,47.06973],[15.43118,47.06983],[15.43131,47.06987],[15.43137,47.0698],[15.43166,47.06976],[15.43174,47.0698],[15.43183,47.06978],[15.43188,47.06971],[15.43254,47.06969],[15.43258,47.06973],[15.43273,47.06972],[15.43275,47.06968],[15.43391,47.06965],[15.43392,47.0697],[15.43454,47.06965],[15.43454,47.06972],[15.43494,47.06971],[15.43494,47.07026],[15.43484,47.07082],[15.43471,47.07082],[15.43468,47.07102],[15.43481,47.07103],[15.4347,47.07147],[15.43429,47.07339],[15.43408,47.07424],[15.43386,47.07491],[15.43345,47.07582],[15.43296,47.0757],[15.43231,47.07697],[15.4311,47.07665],[15.43109,47.07667],[15.43087,47.07662],[15.43088,47.07659],[15.43078,47.07656],[15.43097,47.07623],[15.43094,47.07622],[15.43113,47.0759],[15.43106,47.07562],[15.43106,47.07551],[15.43112,47.07526],[15.43122,47.07525],[15.43124,47.07526],[15.43183,47.07474],[15.43207,47.07456],[15.432,47.07452]]]}},{"type":"Feature","properties":{"zone":"02","district":"Gries","rawHours":"Werktags, Montag bis Freitag, von 9.00 Uhr bis 20.00 Uhr und Samstag von 9.00 Uhr bis 13.00 Uhr","rawFee":"Mindestgebühr (halbe Stunde): € 1,30 bis € 7,80 je nach maximaler Parkdauer","note":"Blaue Zone Karlau, flächendeckend","windows":[{"weekdays":[1,2,3,4,5],"fromMinute":540,"toMinute":1200},{"weekdays":[6],"fromMinute":540,"toMinute":780}],"fee":{"kind":"exact","centsPerHour":260},"unmodelledRules":[],"sourceDefect":null,"spaces":null,"maxStayMinutes":180,"maxStay":null,"maxStayShare":0,"maxStayValues":[],"chargingPoints":0,"carsharing":0},"geometry":{"type":"Polygon","coordinates":[[[15.42793,47.06321],[15.4303,47.06359],[15.43079,47.06302],[15.4308,47.06299],[15.43078,47.06279],[15.43096,47.06279],[15.43094,47.06286],[15.43095,47.06299],[15.43102,47.06313],[15.43112,47.06327],[15.43154,47.06323],[15.43169,47.06312],[15.43188,47.06309],[15.4319,47.0631],[15.43198,47.0631],[15.43218,47.06307],[15.43222,47.06304],[15.43263,47.06296],[15.43265,47.06294],[15.43276,47.06301],[15.43285,47.06287],[15.43359,47.06288],[15.43362,47.06312],[15.43395,47.06309],[15.43411,47.06415],[15.43382,47.06418],[15.43381,47.06423],[15.4329,47.06447],[15.43289,47.06445],[15.43276,47.06447],[15.43275,47.0645],[15.43167,47.06466],[15.4317,47.06476],[15.43166,47.06479],[15.43178,47.06524],[15.43186,47.06551],[15.43187,47.06551],[15.43192,47.06642],[15.43158,47.06642],[15.43129,47.06632],[15.43127,47.06663],[15.43122,47.06677],[15.43087,47.06672],[15.43087,47.06668],[15.43077,47.06666],[15.43011,47.0667],[15.43007,47.06668],[15.42995,47.06669],[15.42992,47.0667],[15.42888,47.0667],[15.42886,47.06668],[15.42886,47.06664],[15.4287,47.06664],[15.42864,47.06668],[15.42745,47.0665],[15.4275,47.06639],[15.42783,47.06586],[15.42786,47.06586],[15.42818,47.06541],[15.42818,47.06536],[15.42821,47.0653],[15.42852,47.06496],[15.42865,47.06445],[15.42871,47.06409],[15.42872,47.06399],[15.42868,47.06389],[15.42859,47.06377],[15.42793,47.06321]]]}},{"type":"Feature","properties":{"zone":"S1","district":"Lend","rawHours":"Täglich von 8.00 Uhr bis 22.00 Uhr","rawFee":"Mindestgebühr (halbe Stunde): € 1,30 bis € 7,80 je nach maximaler Parkdauer","note":"Blaue Zone Europaplatz - Bahnhofvorplatz, flächendeckend","windows":[{"weekdays":[0,1,2,3,4,5,6],"fromMinute":480,"toMinute":1320}],"fee":{"kind":"exact","centsPerHour":260},"unmodelledRules":[],"sourceDefect":null,"spaces":null,"maxStayMinutes":60,"maxStay":null,"maxStayShare":0,"maxStayValues":[],"chargingPoints":0,"carsharing":0},"geometry":{"type":"Polygon","coordinates":[[[15.41819,47.0732],[15.4181,47.07325],[15.41799,47.07323],[15.41796,47.07329],[15.41786,47.07327],[15.41787,47.07325],[15.41784,47.07325],[15.4178,47.07329],[15.41775,47.07329],[15.41772,47.07336],[15.41774,47.07336],[15.41741,47.07416],[15.41741,47.07419],[15.41734,47.07431],[15.41687,47.07422],[15.41687,47.0742],[15.41676,47.07418],[15.41675,47.0742],[15.41647,47.07414],[15.4167,47.07355],[15.41672,47.07356],[15.41678,47.0734],[15.41676,47.07339],[15.41684,47.0732],[15.41724,47.07328],[15.41735,47.07302],[15.41728,47.073],[15.41743,47.07264],[15.41757,47.07258],[15.41805,47.0727],[15.41836,47.07275],[15.41837,47.07276],[15.41838,47.07284],[15.41834,47.07304],[15.41827,47.07321],[15.41819,47.0732]]]}},{"type":"Feature","properties":{"zone":"S2","district":"Lend","rawHours":"Werktags, Montag bis Freitag, von 9.00 Uhr bis 20.00 Uhr und Samstag von 9.00 Uhr bis 13.00 Uhr","rawFee":"Mindestgebühr (halbe Stunde): € 1,30 bis € 7,80 je nach maximaler Parkdauer","note":"Blaue Zone Europaplatz - Hotel Daniel, flächendeckend","windows":[{"weekdays":[1,2,3,4,5],"fromMinute":540,"toMinute":1200},{"weekdays":[6],"fromMinute":540,"toMinute":780}],"fee":{"kind":"exact","centsPerHour":260},"unmodelledRules":[],"sourceDefect":null,"spaces":null,"maxStayMinutes":180,"maxStay":null,"maxStayShare":0,"maxStayValues":[],"chargingPoints":0,"carsharing":0},"geometry":{"type":"Polygon","coordinates":[[[15.41864,47.07136],[15.41851,47.07165],[15.41845,47.0717],[15.41839,47.07171],[15.41797,47.0717],[15.4179,47.07179],[15.41773,47.07181],[15.41765,47.0718],[15.41757,47.0717],[15.41767,47.07149],[15.41836,47.07157],[15.41846,47.07133],[15.41864,47.07136]]]}},{"type":"Feature","properties":{"zone":"06","district":"St. Leonhard","rawHours":"Werktags, Montag bis Freitag, von 9.00 Uhr bis 20.00 Uhr und Samstag von 9.00 Uhr bis 13.00 Uhr","rawFee":"Mindestgebühr (halbe Stunde): € 1,30 bis € 7,80 je nach maximaler Parkdauer","note":"Blaue Zone Herz-Jesu, flächendeckend","windows":[{"weekdays":[1,2,3,4,5],"fromMinute":540,"toMinute":1200},{"weekdays":[6],"fromMinute":540,"toMinute":780}],"fee":{"kind":"exact","centsPerHour":260},"unmodelledRules":[],"sourceDefect":null,"spaces":null,"maxStayMinutes":180,"maxStay":null,"maxStayShare":0,"maxStayValues":[],"chargingPoints":0,"carsharing":0},"geometry":{"type":"Polygon","coordinates":[[[15.45029,47.06732],[15.45186,47.06658],[15.45252,47.06629],[15.45257,47.0663],[15.45268,47.06627],[15.45269,47.06622],[15.45277,47.06619],[15.45279,47.06621],[15.45312,47.06612],[15.45317,47.06609],[15.45332,47.06606],[15.45329,47.06602],[15.45331,47.06592],[15.45476,47.06489],[15.4548,47.06489],[15.45482,47.06487],[15.45481,47.06485],[15.45494,47.06469],[15.45491,47.06468],[15.45513,47.06442],[15.45517,47.06444],[15.45523,47.06437],[15.45534,47.06424],[15.45529,47.06422],[15.4557,47.06372],[15.45682,47.06297],[15.45693,47.06301],[15.45695,47.063],[15.45701,47.063],[15.4586,47.06363],[15.45865,47.06357],[15.46029,47.06425],[15.46028,47.06427],[15.46035,47.0643],[15.46117,47.06462],[15.46136,47.06469],[15.46141,47.06472],[15.46263,47.06521],[15.46353,47.06552],[15.46354,47.06556],[15.46292,47.06629],[15.46281,47.06631],[15.46276,47.06641],[15.46277,47.06646],[15.46219,47.06704],[15.46211,47.06707],[15.46201,47.06717],[15.46199,47.06723],[15.46173,47.06748],[15.46093,47.06802],[15.46086,47.06802],[15.46074,47.06812],[15.46073,47.06815],[15.46008,47.06857],[15.45999,47.06854],[15.45988,47.06863],[15.45989,47.06865],[15.45987,47.06869],[15.45943,47.06898],[15.45935,47.069],[15.45926,47.06895],[15.45921,47.069],[15.45918,47.06899],[15.45917,47.069],[15.45884,47.06887],[15.45873,47.06899],[15.45878,47.06902],[15.45875,47.06914],[15.45753,47.06956],[15.45756,47.06959],[15.45738,47.06965],[15.45736,47.06962],[15.45699,47.06975],[15.45677,47.06986],[15.45574,47.07022],[15.45552,47.07021],[15.45451,47.06967],[15.45451,47.06964],[15.45436,47.06956],[15.4529,47.06879],[15.45287,47.06876],[15.45273,47.0687],[15.45219,47.06841],[15.45199,47.06832],[15.45122,47.06789],[15.45029,47.06742],[15.45029,47.06732]]]}},{"type":"Feature","properties":{"zone":"03","district":"Gries","rawHours":"Werktags, Montag bis Freitag, von 9.00 Uhr bis 20.00 Uhr und Samstag von 9.00 Uhr bis 13.00 Uhr","rawFee":"Mindestgebühr (halbe Stunde): € 1,30 bis € 7,80 je nach maximaler Parkdauer","note":"Blaue Zone Friedhofgasse, flächendeckend","windows":[{"weekdays":[1,2,3,4,5],"fromMinute":540,"toMinute":1200},{"weekdays":[6],"fromMinute":540,"toMinute":780}],"fee":{"kind":"exact","centsPerHour":260},"unmodelledRules":[],"sourceDefect":null,"spaces":null,"maxStayMinutes":180,"maxStay":null,"maxStayShare":0,"maxStayValues":[],"chargingPoints":0,"carsharing":0},"geometry":{"type":"Polygon","coordinates":[[[15.4188,47.06778],[15.41931,47.06782],[15.41932,47.0678],[15.42014,47.06786],[15.42016,47.06788],[15.42013,47.06799],[15.42015,47.06801],[15.41995,47.06873],[15.41993,47.06874],[15.41989,47.06885],[15.41992,47.06886],[15.41974,47.0695],[15.41972,47.06951],[15.41969,47.0696],[15.41971,47.0696],[15.41928,47.07116],[15.4176,47.07093],[15.41781,47.07039],[15.41814,47.06946],[15.41844,47.06867],[15.4188,47.06778]]]}},{"type":"Feature","properties":{"zone":"08","district":"Geidorf","rawHours":"Werktags, Montag bis Freitag, von 9.00 Uhr bis 20.00 Uhr und Samstag von 9.00 Uhr bis 13.00 Uhr","rawFee":"Mindestgebühr (halbe Stunde): € 1,30 bis € 7,80 je nach maximaler Parkdauer","note":"Blaue Zone Uni, flächendeckend","windows":[{"weekdays":[1,2,3,4,5],"fromMinute":540,"toMinute":1200},{"weekdays":[6],"fromMinute":540,"toMinute":780}],"fee":{"kind":"exact","centsPerHour":260},"unmodelledRules":[],"sourceDefect":null,"spaces":null,"maxStayMinutes":180,"maxStay":null,"maxStayShare":0,"maxStayValues":[],"chargingPoints":0,"carsharing":0},"geometry":{"type":"Polygon","coordinates":[[[15.4544,47.07576],[15.45383,47.07657],[15.45385,47.07662],[15.45394,47.07665],[15.45386,47.07676],[15.45387,47.07681],[15.45291,47.07764],[15.45379,47.07813],[15.45367,47.07824],[15.45419,47.07853],[15.45552,47.07981],[15.4541,47.08043],[15.45409,47.08041],[15.45393,47.08048],[15.45395,47.08049],[15.45263,47.08108],[15.45252,47.0811],[15.45206,47.08098],[15.45179,47.08087],[15.45097,47.0804],[15.45102,47.08035],[15.45085,47.0803],[15.45083,47.08031],[15.4507,47.08024],[15.45067,47.08026],[15.45049,47.08016],[15.45049,47.08013],[15.45051,47.08012],[15.45021,47.07994],[15.45023,47.07985],[15.44994,47.07978],[15.4481,47.07898],[15.44784,47.07889],[15.44403,47.07793],[15.44369,47.0778],[15.44447,47.07692],[15.44448,47.07692],[15.44457,47.0768],[15.4461,47.07506],[15.44615,47.07507],[15.44687,47.07426],[15.44703,47.07372],[15.44708,47.0737],[15.44999,47.07452],[15.44987,47.07474],[15.44999,47.07477],[15.4501,47.07455],[15.45253,47.07523],[15.45254,47.07526],[15.45253,47.07528],[15.45269,47.07532],[15.45272,47.07529],[15.45424,47.07571],[15.45426,47.07574],[15.4544,47.07576]]]}},{"type":"Feature","properties":{"zone":"11","district":"Waltendorf","rawHours":"Werktags, Montag bis Freitag, von 9.00 Uhr bis 20.00 Uhr und Samstag von 9.00 Uhr bis 13.00 Uhr","rawFee":"Mindestgebühr (halbe Stunde): € 1,30 bis € 7,80 je nach maximaler Parkdauer","note":"Blaue Zone St. Leonhard, flächendeckend","windows":[{"weekdays":[1,2,3,4,5],"fromMinute":540,"toMinute":1200},{"weekdays":[6],"fromMinute":540,"toMinute":780}],"fee":{"kind":"exact","centsPerHour":260},"unmodelledRules":[],"sourceDefect":null,"spaces":null,"maxStayMinutes":180,"maxStay":null,"maxStayShare":0,"maxStayValues":[],"chargingPoints":0,"carsharing":0},"geometry":{"type":"Polygon","coordinates":[[[15.46329,47.07471],[15.46286,47.07512],[15.463,47.07515],[15.46327,47.07525],[15.464,47.07573],[15.46398,47.07577],[15.46278,47.07704],[15.46404,47.07783],[15.46418,47.07799],[15.46418,47.07806],[15.46427,47.07836],[15.46411,47.07839],[15.46407,47.07825],[15.46396,47.07827],[15.46357,47.07817],[15.46106,47.07746],[15.46108,47.07744],[15.46092,47.07739],[15.46088,47.07741],[15.45961,47.07706],[15.45962,47.07704],[15.45946,47.07699],[15.45942,47.077],[15.45803,47.07662],[15.45806,47.07656],[15.45792,47.07652],[15.4579,47.07656],[15.45787,47.07657],[15.45619,47.07609],[15.4562,47.07608],[15.45603,47.07603],[15.45602,47.07605],[15.45282,47.07515],[15.45383,47.07383],[15.45397,47.07374],[15.45407,47.07361],[15.45414,47.07357],[15.45425,47.07343],[15.45421,47.07341],[15.45421,47.07338],[15.45776,47.07101],[15.4578,47.07096],[15.45786,47.07094],[15.45805,47.07082],[15.45819,47.07078],[15.45825,47.07071],[15.45836,47.07063],[15.45838,47.07055],[15.45928,47.06932],[15.45938,47.06928],[15.45944,47.0692],[15.45953,47.06925],[15.45955,47.06923],[15.46125,47.06987],[15.46248,47.07023],[15.4626,47.07031],[15.46262,47.07036],[15.46268,47.07042],[15.46279,47.07049],[15.46321,47.07063],[15.46402,47.07084],[15.46426,47.07088],[15.46453,47.07093],[15.46479,47.07095],[15.4651,47.07099],[15.46557,47.07112],[15.46561,47.0711],[15.46566,47.0711],[15.4658,47.07117],[15.46577,47.0712],[15.46561,47.07127],[15.46543,47.07146],[15.46447,47.07218],[15.46354,47.07285],[15.46345,47.0729],[15.46311,47.07315],[15.46309,47.07321],[15.4631,47.07324],[15.46314,47.07328],[15.46316,47.07329],[15.46313,47.07334],[15.4629,47.07329],[15.4621,47.07299],[15.46142,47.07278],[15.46115,47.07317],[15.46105,47.07326],[15.46189,47.07351],[15.46209,47.07351],[15.46276,47.07366],[15.46256,47.07395],[15.463,47.07424],[15.46283,47.07454],[15.46329,47.07471]]]}},{"type":"Feature","properties":{"zone":"06","district":"Jakomini","rawHours":"Werktags, Montag bis Freitag, von 9.00 Uhr bis 20.00 Uhr und Samstag von 9.00 Uhr bis 13.00 Uhr","rawFee":"Mindestgebühr (halbe Stunde): € 1,30 bis € 7,80 je nach maximaler Parkdauer","note":"Blaue Zone Münzgraben, flächendeckend","windows":[{"weekdays":[1,2,3,4,5],"fromMinute":540,"toMinute":1200},{"weekdays":[6],"fromMinute":540,"toMinute":780}],"fee":{"kind":"exact","centsPerHour":260},"unmodelledRules":[],"sourceDefect":null,"spaces":null,"maxStayMinutes":180,"maxStay":null,"maxStayShare":0,"maxStayValues":[],"chargingPoints":0,"carsharing":0},"geometry":{"type":"Polygon","coordinates":[[[15.45552,47.06373],[15.45488,47.06451],[15.45483,47.06452],[15.45476,47.0645],[15.45468,47.06462],[15.4547,47.06462],[15.45473,47.06469],[15.45465,47.06478],[15.45307,47.06591],[15.45272,47.06605],[15.45266,47.06606],[15.45253,47.06611],[15.45246,47.06616],[15.45103,47.06683],[15.45099,47.06682],[15.45085,47.06688],[15.45086,47.06691],[15.45006,47.06729],[15.45002,47.06729],[15.44874,47.06676],[15.44856,47.0667],[15.44848,47.06665],[15.44826,47.06657],[15.44823,47.06648],[15.44773,47.06638],[15.44772,47.06642],[15.44762,47.06641],[15.44715,47.06633],[15.44706,47.06631],[15.44746,47.06572],[15.44756,47.0656],[15.4476,47.06561],[15.44804,47.06517],[15.44809,47.06514],[15.44816,47.06507],[15.44814,47.06506],[15.44857,47.06462],[15.44887,47.06439],[15.44965,47.06416],[15.44971,47.06418],[15.44988,47.06414],[15.44987,47.06409],[15.45059,47.06385],[15.45075,47.06377],[15.45084,47.0637],[15.45094,47.06358],[15.45104,47.06344],[15.45109,47.06346],[15.45117,47.06333],[15.45109,47.06331],[15.45108,47.06328],[15.45114,47.06314],[15.45113,47.06314],[15.45121,47.06295],[15.45123,47.06295],[15.45127,47.06288],[15.45125,47.06287],[15.4514,47.06264],[15.45148,47.0625],[15.45157,47.06253],[15.45158,47.06251],[15.45165,47.06248],[15.45268,47.06281],[15.4529,47.06279],[15.45354,47.06299],[15.45554,47.06366],[15.4555,47.06372],[15.45552,47.06373]]]}},{"type":"Feature","properties":{"zone":"09","district":"Geidorf","rawHours":"Werktags, Montag bis Freitag, von 9.00 Uhr bis 20.00 Uhr und Samstag von 9.00 Uhr bis 13.00 Uhr","rawFee":"Mindestgebühr (halbe Stunde): € 1,30 bis € 7,80 je nach maximaler Parkdauer","note":"Blaue Zone Graben, flächendeckend","windows":[{"weekdays":[1,2,3,4,5],"fromMinute":540,"toMinute":1200},{"weekdays":[6],"fromMinute":540,"toMinute":780}],"fee":{"kind":"exact","centsPerHour":260},"unmodelledRules":[],"sourceDefect":null,"spaces":null,"maxStayMinutes":180,"maxStay":null,"maxStayShare":0,"maxStayValues":[],"chargingPoints":0,"carsharing":0},"geometry":{"type":"Polygon","coordinates":[[[15.43922,47.07917],[15.4394,47.07919],[15.43944,47.07905],[15.43943,47.07902],[15.43998,47.0786],[15.44007,47.07856],[15.44151,47.07831],[15.44159,47.07835],[15.44175,47.07832],[15.44179,47.07826],[15.44257,47.07812],[15.44264,47.07815],[15.44273,47.07809],[15.44329,47.07799],[15.44332,47.078],[15.44315,47.07821],[15.44309,47.07821],[15.44303,47.0783],[15.44305,47.07834],[15.44215,47.07944],[15.44203,47.07948],[15.44191,47.0795],[15.44188,47.0797],[15.44088,47.08093],[15.4408,47.08106],[15.44082,47.08109],[15.43964,47.08254],[15.43959,47.08257],[15.43955,47.08255],[15.4395,47.08263],[15.43859,47.08235],[15.43831,47.08232],[15.43813,47.08232],[15.43814,47.08247],[15.43811,47.08273],[15.43804,47.08309],[15.43799,47.0833],[15.4375,47.08406],[15.43744,47.08419],[15.43731,47.08461],[15.43688,47.08589],[15.43647,47.0865],[15.43634,47.08664],[15.43604,47.08684],[15.43597,47.08684],[15.4359,47.08681],[15.43575,47.08692],[15.43576,47.08694],[15.43533,47.0873],[15.43439,47.08772],[15.43399,47.08794],[15.4328,47.08883],[15.43248,47.08886],[15.4321,47.08882],[15.43155,47.08884],[15.43054,47.08877],[15.43034,47.08873],[15.43031,47.08882],[15.42895,47.08854],[15.42878,47.08877],[15.4285,47.08871],[15.42881,47.08827],[15.4284,47.08813],[15.42856,47.0879],[15.42784,47.08766],[15.42736,47.08802],[15.42716,47.08795],[15.42709,47.08803],[15.42698,47.088],[15.42704,47.08791],[15.42695,47.08784],[15.4269,47.08776],[15.42677,47.08766],[15.42666,47.08772],[15.42659,47.08767],[15.4262,47.08753],[15.42548,47.08732],[15.42549,47.08731],[15.42512,47.08724],[15.42465,47.08711],[15.42464,47.08713],[15.42422,47.08701],[15.4245,47.08649],[15.42546,47.08498],[15.4263,47.08411],[15.42824,47.08271],[15.42968,47.08185],[15.43084,47.081],[15.432,47.07988],[15.4327,47.07871],[15.43337,47.07744],[15.43364,47.07751],[15.43368,47.0775],[15.43413,47.07761],[15.43425,47.07771],[15.4346,47.07783],[15.43463,47.07777],[15.43471,47.07776],[15.43536,47.07826],[15.43568,47.07848],[15.4361,47.0787],[15.43642,47.07881],[15.43684,47.07891],[15.43736,47.07897],[15.43738,47.07901],[15.43755,47.07907],[15.4376,47.079],[15.43882,47.07912],[15.4389,47.07917],[15.43919,47.07921],[15.43922,47.07917]]]}},{"type":"Feature","properties":{"zone":"02","district":"Gries","rawHours":"Werktags, Montag bis Freitag, von 9.00 Uhr bis 20.00 Uhr und Samstag von 9.00 Uhr bis 13.00 Uhr","rawFee":"Mindestgebühr (halbe Stunde): € 1,30 bis € 7,80 je nach maximaler Parkdauer","note":"Blaue Zone Gries, flächendeckend","windows":[{"weekdays":[1,2,3,4,5],"fromMinute":540,"toMinute":1200},{"weekdays":[6],"fromMinute":540,"toMinute":780}],"fee":{"kind":"exact","centsPerHour":260},"unmodelledRules":[],"sourceDefect":null,"spaces":null,"maxStayMinutes":180,"maxStay":null,"maxStayShare":0,"maxStayValues":[],"chargingPoints":0,"carsharing":0},"geometry":{"type":"Polygon","coordinates":[[[15.43473,47.06948],[15.43468,47.06949],[15.43468,47.06946],[15.43454,47.06947],[15.43454,47.06949],[15.43422,47.06951],[15.43409,47.06951],[15.43408,47.06948],[15.4339,47.06949],[15.4339,47.06953],[15.43182,47.0696],[15.43178,47.06962],[15.43166,47.06962],[15.43153,47.06957],[15.43144,47.06957],[15.43076,47.06966],[15.43072,47.06961],[15.43065,47.06962],[15.43063,47.06965],[15.42915,47.06984],[15.42887,47.06985],[15.42886,47.06973],[15.4288,47.06973],[15.42877,47.06971],[15.42876,47.06967],[15.42872,47.06965],[15.42859,47.06964],[15.42858,47.06963],[15.42828,47.06962],[15.42826,47.06964],[15.42828,47.0697],[15.42796,47.06974],[15.42796,47.06972],[15.42779,47.06975],[15.42775,47.06974],[15.42769,47.06977],[15.42771,47.06982],[15.42769,47.06983],[15.42725,47.06907],[15.42714,47.06902],[15.42712,47.06895],[15.42721,47.06899],[15.42709,47.06864],[15.42701,47.06829],[15.42702,47.0681],[15.42709,47.06789],[15.42723,47.0674],[15.42739,47.06664],[15.4287,47.06683],[15.42872,47.06688],[15.42882,47.06688],[15.42887,47.06683],[15.43008,47.06684],[15.43012,47.06687],[15.43019,47.06687],[15.4302,47.06684],[15.43078,47.06685],[15.43081,47.06687],[15.43093,47.06687],[15.43093,47.06685],[15.43138,47.06695],[15.43158,47.06688],[15.43172,47.0668],[15.43178,47.0667],[15.43192,47.06666],[15.43191,47.06662],[15.43194,47.06658],[15.43197,47.06658],[15.43196,47.06646],[15.43192,47.06643],[15.43187,47.06551],[15.43186,47.06551],[15.43178,47.06523],[15.43166,47.06479],[15.43168,47.06476],[15.43284,47.06459],[15.43287,47.0646],[15.43297,47.06457],[15.43296,47.06456],[15.43303,47.06453],[15.4338,47.06435],[15.43384,47.06437],[15.43391,47.06444],[15.43432,47.06441],[15.43462,47.06626],[15.43444,47.06628],[15.43441,47.06634],[15.43443,47.06647],[15.43445,47.06651],[15.43466,47.06651],[15.43469,47.0667],[15.43487,47.06832],[15.43495,47.06945],[15.43481,47.06948],[15.43473,47.06948]]]}},{"type":"Feature","properties":{"zone":"08","district":"Geidorf","rawHours":"Werktags, Montag bis Freitag, von 9.00 Uhr bis 20.00 Uhr und Samstag von 9.00 Uhr bis 13.00 Uhr","rawFee":"Mindestgebühr (halbe Stunde): € 1,30 bis € 7,80 je nach maximaler Parkdauer","note":"Blaue Zone Rosenberg, flächendeckend","windows":[{"weekdays":[1,2,3,4,5],"fromMinute":540,"toMinute":1200},{"weekdays":[6],"fromMinute":540,"toMinute":780}],"fee":{"kind":"exact","centsPerHour":260},"unmodelledRules":[],"sourceDefect":null,"spaces":null,"maxStayMinutes":180,"maxStay":null,"maxStayShare":0,"maxStayValues":[],"chargingPoints":0,"carsharing":0},"geometry":{"type":"Polygon","coordinates":[[[15.44122,47.08092],[15.44167,47.08037],[15.44172,47.08036],[15.4418,47.08026],[15.44178,47.08023],[15.44217,47.07975],[15.44223,47.07974],[15.44237,47.07957],[15.44235,47.07953],[15.44317,47.07852],[15.44321,47.0784],[15.4435,47.07806],[15.44359,47.07802],[15.4441,47.07811],[15.44616,47.07862],[15.44614,47.07866],[15.44627,47.0787],[15.44629,47.07867],[15.44632,47.07866],[15.44639,47.07868],[15.44769,47.07901],[15.44771,47.07904],[15.44794,47.07912],[15.44796,47.0791],[15.44959,47.07981],[15.4496,47.0798],[15.45008,47.08005],[15.45113,47.08071],[15.45114,47.08071],[15.45186,47.0811],[15.45191,47.08104],[15.45233,47.08113],[15.45286,47.08128],[15.45281,47.08135],[15.45336,47.08149],[15.45341,47.08154],[15.45352,47.08154],[15.45352,47.08178],[15.45349,47.08202],[15.4534,47.08234],[15.45301,47.08274],[15.4535,47.08364],[15.45322,47.08377],[15.45287,47.08364],[15.45219,47.08364],[15.45208,47.08358],[15.45151,47.08304],[15.44844,47.08122],[15.4478,47.08167],[15.44567,47.08295],[15.44562,47.08295],[15.44557,47.0829],[15.44543,47.08272],[15.4452,47.08249],[15.44505,47.08244],[15.44481,47.08229],[15.44473,47.08231],[15.44452,47.08228],[15.44458,47.08212],[15.44438,47.08208],[15.44259,47.08154],[15.44251,47.08156],[15.44128,47.08307],[15.44124,47.08308],[15.44113,47.08304],[15.44106,47.08307],[15.44099,47.08315],[15.44095,47.08316],[15.43977,47.08274],[15.43984,47.08264],[15.43982,47.08258],[15.44042,47.08185],[15.44047,47.08184],[15.44056,47.08172],[15.44054,47.08169],[15.441,47.08112],[15.4411,47.0811],[15.4411,47.08108],[15.44115,47.08101],[15.44119,47.08099],[15.44122,47.08092]]]}},{"type":"Feature","properties":{"zone":"10","district":"Lend","rawHours":"Werktags, Montag bis Freitag, von 9.00 Uhr bis 20.00 Uhr und Samstag von 9.00 Uhr bis 13.00 Uhr","rawFee":"Mindestgebühr (halbe Stunde): € 1,30 bis € 7,80 je nach maximaler Parkdauer","note":"Blaue Zone Kepler, flächendeckend","windows":[{"weekdays":[1,2,3,4,5],"fromMinute":540,"toMinute":1200},{"weekdays":[6],"fromMinute":540,"toMinute":780}],"fee":{"kind":"exact","centsPerHour":260},"unmodelledRules":[],"sourceDefect":null,"spaces":null,"maxStayMinutes":180,"maxStay":null,"maxStayShare":0,"maxStayValues":[],"chargingPoints":0,"carsharing":0},"geometry":{"type":"Polygon","coordinates":[[[15.43035,47.08081],[15.42981,47.08056],[15.4296,47.08071],[15.42959,47.0807],[15.42946,47.08081],[15.42814,47.08046],[15.42804,47.08041],[15.42799,47.08042],[15.42753,47.08029],[15.42754,47.08028],[15.42689,47.0801],[15.42668,47.08028],[15.42567,47.08161],[15.42491,47.08164],[15.4239,47.08141],[15.423,47.0807],[15.42286,47.08056],[15.42288,47.08053],[15.42242,47.08017],[15.42226,47.07997],[15.42231,47.07979],[15.42277,47.07926],[15.42279,47.07918],[15.42273,47.07914],[15.42087,47.07868],[15.42005,47.07862],[15.41995,47.07868],[15.41976,47.07867],[15.41978,47.07856],[15.42024,47.07773],[15.41992,47.07751],[15.41982,47.0772],[15.41965,47.07698],[15.41931,47.0769],[15.41947,47.07614],[15.41929,47.07612],[15.41928,47.07614],[15.41793,47.07587],[15.41797,47.07579],[15.41766,47.07573],[15.41816,47.07442],[15.41824,47.07434],[15.41827,47.07426],[15.41836,47.0741],[15.41863,47.07352],[15.41883,47.07336],[15.42025,47.07364],[15.42031,47.07371],[15.42054,47.0737],[15.42068,47.07368],[15.42107,47.07375],[15.42303,47.07431],[15.42305,47.07435],[15.42304,47.07437],[15.42321,47.07442],[15.42325,47.07438],[15.42662,47.07535],[15.42658,47.07541],[15.42675,47.07546],[15.42688,47.07543],[15.42836,47.07586],[15.42837,47.07588],[15.42836,47.0759],[15.42852,47.07594],[15.42854,47.07591],[15.42909,47.07607],[15.42905,47.07611],[15.4296,47.07628],[15.42968,47.07623],[15.43002,47.07645],[15.43071,47.07675],[15.43073,47.07681],[15.43073,47.07683],[15.43087,47.07688],[15.43091,47.07682],[15.43096,47.07681],[15.4322,47.07712],[15.43223,47.07716],[15.43221,47.07719],[15.43234,47.07718],[15.43307,47.07573],[15.43345,47.07582],[15.43251,47.0776],[15.43158,47.07955],[15.43082,47.08042],[15.43035,47.08081]]]}},{"type":"Feature","properties":{"zone":"07","district":"St. Leonhard","rawHours":"Werktags, Montag bis Freitag, von 9.00 Uhr bis 20.00 Uhr und Samstag von 9.00 Uhr bis 13.00 Uhr","rawFee":"Mindestgebühr (halbe Stunde): € 1,30 bis € 7,80 je nach maximaler Parkdauer","note":"Blaue Zone Meran, flächendeckend","windows":[{"weekdays":[1,2,3,4,5],"fromMinute":540,"toMinute":1200},{"weekdays":[6],"fromMinute":540,"toMinute":780}],"fee":{"kind":"exact","centsPerHour":260},"unmodelledRules":[],"sourceDefect":null,"spaces":null,"maxStayMinutes":180,"maxStay":null,"maxStayShare":0,"maxStayValues":[],"chargingPoints":0,"carsharing":0},"geometry":{"type":"Polygon","coordinates":[[[15.44709,47.07354],[15.44748,47.07222],[15.44755,47.07222],[15.44759,47.07207],[15.44752,47.07206],[15.44788,47.07075],[15.44807,47.07067],[15.44775,47.07021],[15.44734,47.06969],[15.44667,47.06902],[15.44756,47.06861],[15.44759,47.06864],[15.44769,47.06859],[15.44768,47.06857],[15.44768,47.06855],[15.44867,47.06809],[15.4487,47.06809],[15.44873,47.06812],[15.44882,47.06806],[15.4488,47.06804],[15.44881,47.06802],[15.45001,47.06746],[15.45019,47.06755],[15.45037,47.06768],[15.45046,47.06772],[15.45059,47.06776],[15.45251,47.06876],[15.45252,47.0688],[15.45265,47.06887],[15.45274,47.06887],[15.4542,47.06966],[15.45418,47.06968],[15.45428,47.06973],[15.45431,47.06972],[15.45536,47.07028],[15.45553,47.07043],[15.457,47.06992],[15.45706,47.06996],[15.45723,47.06988],[15.45733,47.06984],[15.45731,47.06981],[15.45878,47.0693],[15.45893,47.0694],[15.45813,47.07042],[15.45804,47.07046],[15.45794,47.07054],[15.458,47.07057],[15.45769,47.07089],[15.45674,47.07152],[15.45668,47.07153],[15.45655,47.07161],[15.45655,47.07165],[15.45483,47.07281],[15.45478,47.0728],[15.45469,47.07287],[15.45471,47.07289],[15.4541,47.07329],[15.45402,47.07331],[15.454,47.07329],[15.45392,47.07338],[15.45395,47.07339],[15.45395,47.07342],[15.45266,47.07511],[15.45126,47.07471],[15.45126,47.0747],[15.45114,47.07468],[15.44972,47.07429],[15.4491,47.07411],[15.4491,47.07409],[15.44899,47.07406],[15.44898,47.07407],[15.44709,47.07354]]]}},{"type":"Feature","properties":{"zone":"01","district":"Innere Stadt","rawHours":"Werktags, Montag bis Freitag, von 9.00 Uhr bis 20.00 Uhr und Samstag von 9.00 Uhr bis 13.00 Uhr","rawFee":"Mindestgebühr (halbe Stunde): € 1,30 bis € 7,80 je nach maximaler Parkdauer","note":"Blaue Zone Innere Stadt, flächendeckend","windows":[{"weekdays":[1,2,3,4,5],"fromMinute":540,"toMinute":1200},{"weekdays":[6],"fromMinute":540,"toMinute":780}],"fee":{"kind":"exact","centsPerHour":260},"unmodelledRules":[],"sourceDefect":null,"spaces":null,"maxStayMinutes":180,"maxStay":null,"maxStayShare":0,"maxStayValues":[],"chargingPoints":0,"carsharing":0},"geometry":{"type":"Polygon","coordinates":[[[15.43543,47.06684],[15.43541,47.06653],[15.43569,47.06652],[15.43591,47.06644],[15.43621,47.06641],[15.43811,47.06652],[15.43812,47.06655],[15.43809,47.06659],[15.43829,47.06665],[15.43834,47.06664],[15.43835,47.06662],[15.43838,47.06662],[15.44158,47.06796],[15.4416,47.06798],[15.44155,47.06817],[15.44154,47.0683],[15.44171,47.06831],[15.44176,47.06805],[15.44183,47.06797],[15.44217,47.06811],[15.44218,47.06815],[15.44233,47.06828],[15.44292,47.06859],[15.4429,47.0686],[15.44288,47.06868],[15.44298,47.06874],[15.4432,47.06865],[15.4449,47.06952],[15.44492,47.06954],[15.44492,47.06961],[15.4451,47.06971],[15.44522,47.06968],[15.44621,47.0702],[15.44625,47.07023],[15.44624,47.0703],[15.44568,47.0708],[15.44559,47.07076],[15.44551,47.07083],[15.4456,47.0709],[15.44515,47.07131],[15.44507,47.0714],[15.44496,47.07166],[15.44494,47.07177],[15.44498,47.07208],[15.4449,47.07209],[15.4449,47.07225],[15.4452,47.07225],[15.4453,47.07232],[15.44573,47.07276],[15.44665,47.0736],[15.44676,47.07362],[15.44666,47.07411],[15.44657,47.07423],[15.44366,47.0776],[15.44339,47.07765],[15.44328,47.07774],[15.44323,47.07784],[15.44105,47.07823],[15.44039,47.07834],[15.44029,47.07835],[15.4402,47.07834],[15.44001,47.07824],[15.43966,47.0785],[15.43971,47.07853],[15.43908,47.079],[15.4378,47.07886],[15.43783,47.07873],[15.4378,47.07846],[15.43898,47.07802],[15.43904,47.07805],[15.4391,47.07818],[15.43916,47.07821],[15.43996,47.0774],[15.44045,47.07683],[15.44051,47.07684],[15.44077,47.07647],[15.44049,47.07626],[15.44046,47.07628],[15.44037,47.07613],[15.44023,47.07617],[15.44023,47.07625],[15.44008,47.07638],[15.44,47.07637],[15.44,47.07621],[15.43972,47.0761],[15.43965,47.07613],[15.43958,47.07603],[15.43914,47.07567],[15.43908,47.07532],[15.43898,47.07511],[15.43904,47.0751],[15.43891,47.0748],[15.43907,47.07412],[15.43909,47.07405],[15.43913,47.07402],[15.43918,47.07401],[15.43914,47.07395],[15.43888,47.07399],[15.43884,47.07378],[15.43788,47.07376],[15.43784,47.0735],[15.43781,47.07351],[15.43774,47.07345],[15.4376,47.07349],[15.43727,47.07387],[15.43709,47.07395],[15.43678,47.07419],[15.4367,47.07422],[15.43665,47.07426],[15.43657,47.07437],[15.43642,47.07477],[15.43619,47.07486],[15.43616,47.07492],[15.43615,47.07515],[15.436,47.07526],[15.43573,47.0755],[15.43569,47.07564],[15.43564,47.07573],[15.43549,47.07592],[15.43544,47.07619],[15.43513,47.07623],[15.43518,47.07673],[15.43556,47.07722],[15.4356,47.07733],[15.43565,47.07742],[15.43568,47.07751],[15.43566,47.07759],[15.43569,47.07783],[15.43579,47.07814],[15.43564,47.0782],[15.43542,47.07805],[15.43487,47.07759],[15.43483,47.0776],[15.4347,47.0774],[15.43431,47.07741],[15.43413,47.07739],[15.43378,47.07731],[15.43373,47.07725],[15.43343,47.07719],[15.4338,47.07646],[15.43393,47.07631],[15.43436,47.07537],[15.43458,47.0748],[15.43488,47.07354],[15.43509,47.07253],[15.43542,47.0711],[15.43548,47.07106],[15.4355,47.07086],[15.43546,47.07082],[15.43547,47.07054],[15.43553,47.06965],[15.43558,47.06962],[15.43554,47.06911],[15.43562,47.0691],[15.43543,47.06684]]]}},{"type":"Feature","properties":{"zone":"03","district":"Lend","rawHours":"Werktags, Montag bis Freitag, von 9.00 Uhr bis 20.00 Uhr und Samstag von 9.00 Uhr bis 13.00 Uhr","rawFee":"Mindestgebühr (halbe Stunde): € 1,30 bis € 7,80 je nach maximaler Parkdauer","note":"Blaue Zone Volksgarten, flächendeckend","windows":[{"weekdays":[1,2,3,4,5],"fromMinute":540,"toMinute":1200},{"weekdays":[6],"fromMinute":540,"toMinute":780}],"fee":{"kind":"exact","centsPerHour":260},"unmodelledRules":[],"sourceDefect":null,"spaces":null,"maxStayMinutes":180,"maxStay":null,"maxStayShare":0,"maxStayValues":[],"chargingPoints":0,"carsharing":0},"geometry":{"type":"Polygon","coordinates":[[[15.4292,47.0759],[15.42905,47.07587],[15.42865,47.07572],[15.42856,47.0757],[15.42851,47.07571],[15.42548,47.07484],[15.42532,47.07477],[15.42525,47.07477],[15.42341,47.07424],[15.42341,47.07421],[15.42325,47.07416],[15.42322,47.07418],[15.42113,47.07358],[15.42094,47.07351],[15.42081,47.07352],[15.42058,47.07348],[15.42055,47.07345],[15.42046,47.07342],[15.42041,47.07344],[15.4199,47.07334],[15.41992,47.0733],[15.41878,47.07308],[15.41889,47.07282],[15.41895,47.07282],[15.4191,47.07247],[15.41913,47.07248],[15.41952,47.07155],[15.41961,47.07143],[15.42113,47.07142],[15.42161,47.07145],[15.42456,47.07133],[15.42457,47.07135],[15.42478,47.07134],[15.42478,47.07132],[15.42862,47.07116],[15.4287,47.07198],[15.42867,47.07199],[15.4287,47.07211],[15.42874,47.07214],[15.42882,47.07236],[15.4288,47.07239],[15.42953,47.07428],[15.4296,47.07433],[15.42966,47.07433],[15.4299,47.07453],[15.42992,47.07453],[15.43028,47.07487],[15.4292,47.0759]]]}},{"type":"Feature","properties":{"zone":"03","district":"Gries","rawHours":"Werktags, Montag bis Freitag, von 9.00 Uhr bis 20.00 Uhr und Samstag von 9.00 Uhr bis 13.00 Uhr","rawFee":"Mindestgebühr (halbe Stunde): € 1,30 bis € 7,80 je nach maximaler Parkdauer","note":"Blaue Zone Steinfeld, flächendeckend","windows":[{"weekdays":[1,2,3,4,5],"fromMinute":540,"toMinute":1200},{"weekdays":[6],"fromMinute":540,"toMinute":780}],"fee":{"kind":"exact","centsPerHour":260},"unmodelledRules":[],"sourceDefect":null,"spaces":null,"maxStayMinutes":180,"maxStay":null,"maxStayShare":0,"maxStayValues":[],"chargingPoints":0,"carsharing":0},"geometry":{"type":"Polygon","coordinates":[[[15.4268,47.06655],[15.42692,47.06673],[15.42698,47.0669],[15.42697,47.06713],[15.42692,47.06716],[15.42692,47.06725],[15.42698,47.0673],[15.42695,47.06738],[15.42692,47.06737],[15.42669,47.06824],[15.42674,47.06857],[15.42679,47.06857],[15.42686,47.06879],[15.42684,47.06883],[15.42716,47.06946],[15.4272,47.06945],[15.42762,47.07012],[15.42778,47.0703],[15.42849,47.07095],[15.42845,47.07099],[15.42468,47.07115],[15.42466,47.07113],[15.42451,47.07113],[15.42449,47.07116],[15.42089,47.07132],[15.42023,47.07123],[15.42022,47.07127],[15.4196,47.07119],[15.41973,47.07073],[15.41969,47.07072],[15.42001,47.06963],[15.42004,47.06963],[15.42006,47.06954],[15.42003,47.06954],[15.42022,47.06887],[15.42025,47.06887],[15.42027,47.06875],[15.42026,47.06873],[15.42045,47.06803],[15.42047,47.06801],[15.4205,47.06789],[15.42049,47.06789],[15.42057,47.06759],[15.42089,47.06651],[15.42104,47.06606],[15.42121,47.06573],[15.42358,47.06606],[15.42364,47.06611],[15.42375,47.06612],[15.42383,47.0661],[15.42524,47.06632],[15.42536,47.06636],[15.42546,47.06637],[15.42553,47.06636],[15.4268,47.06655]]]}},{"type":"Feature","properties":{"zone":"03","district":"Gries","rawHours":"Werktags, Montag bis Freitag, von 9.00 Uhr bis 20.00 Uhr und Samstag von 9.00 Uhr bis 13.00 Uhr","rawFee":"Mindestgebühr (halbe Stunde): € 1,30 bis € 7,80 je nach maximaler Parkdauer","note":"Blaue Zone Friedhofgasse, flächendeckend","windows":[{"weekdays":[1,2,3,4,5],"fromMinute":540,"toMinute":1200},{"weekdays":[6],"fromMinute":540,"toMinute":780}],"fee":{"kind":"exact","centsPerHour":260},"unmodelledRules":[],"sourceDefect":null,"spaces":null,"maxStayMinutes":180,"maxStay":null,"maxStayShare":0,"maxStayValues":[],"chargingPoints":0,"carsharing":0},"geometry":{"type":"Polygon","coordinates":[[[15.4188,47.06778],[15.41875,47.06787],[15.41828,47.06784],[15.41544,47.06755],[15.41444,47.06726],[15.41453,47.06714],[15.41551,47.06746],[15.41706,47.06761],[15.41794,47.06768],[15.41828,47.06767],[15.41839,47.0671],[15.41843,47.0671],[15.41842,47.0667],[15.4184,47.06651],[15.41853,47.0665],[15.41858,47.06668],[15.41856,47.06724],[15.41843,47.06769],[15.4188,47.06778]]]}},{"type":"Feature","properties":{"zone":"05","district":"Jakomini","rawHours":"Werktags, Montag bis Freitag, von 9.00 Uhr bis 20.00 Uhr und Samstag von 9.00 Uhr bis 13.00 Uhr","rawFee":"Mindestgebühr (halbe Stunde): € 1,30 bis € 7,80 je nach maximaler Parkdauer","note":"Blaue Zone Jakomini, flächendeckend","windows":[{"weekdays":[1,2,3,4,5],"fromMinute":540,"toMinute":1200},{"weekdays":[6],"fromMinute":540,"toMinute":780}],"fee":{"kind":"exact","centsPerHour":260},"unmodelledRules":[],"sourceDefect":null,"spaces":null,"maxStayMinutes":180,"maxStay":null,"maxStayShare":0,"maxStayValues":[],"chargingPoints":0,"carsharing":0},"geometry":{"type":"Polygon","coordinates":[[[15.4443,47.06848],[15.44359,47.06859],[15.44341,47.0685],[15.44324,47.06845],[15.44237,47.06799],[15.44188,47.0678],[15.44189,47.06771],[15.44163,47.06765],[15.44156,47.06767],[15.44153,47.06763],[15.44006,47.06702],[15.43983,47.06691],[15.43903,47.0666],[15.43896,47.06653],[15.43863,47.0665],[15.43866,47.06638],[15.43851,47.06636],[15.4385,47.06634],[15.43836,47.06634],[15.43835,47.06635],[15.43777,47.06633],[15.43777,47.06622],[15.43756,47.06621],[15.43755,47.06632],[15.43718,47.06632],[15.43678,47.0663],[15.4358,47.06627],[15.43573,47.06624],[15.43573,47.06621],[15.43512,47.06621],[15.43508,47.06581],[15.43488,47.06437],[15.43519,47.06436],[15.43521,47.06428],[15.43538,47.06427],[15.43545,47.06424],[15.43641,47.06429],[15.43646,47.06428],[15.4366,47.06429],[15.43662,47.06431],[15.43763,47.06435],[15.43763,47.06441],[15.43784,47.06441],[15.43784,47.06436],[15.43916,47.06443],[15.43952,47.06449],[15.4397,47.06454],[15.43972,47.06452],[15.44052,47.06473],[15.44057,47.06465],[15.4407,47.06462],[15.441,47.06458],[15.44129,47.06456],[15.44131,47.06462],[15.4422,47.06443],[15.44258,47.06454],[15.4426,47.06453],[15.44271,47.06455],[15.44274,47.06461],[15.44314,47.06508],[15.44325,47.06519],[15.44362,47.06548],[15.44385,47.0656],[15.44387,47.06558],[15.44422,47.06575],[15.44424,47.06574],[15.44431,47.06578],[15.44475,47.06595],[15.44473,47.06597],[15.44552,47.06627],[15.44551,47.06629],[15.44604,47.06649],[15.44608,47.06653],[15.44623,47.06709],[15.44633,47.06758],[15.44628,47.06763],[15.44552,47.068],[15.4454,47.06816],[15.4455,47.0682],[15.44555,47.06831],[15.44488,47.06839],[15.4443,47.06848]]]}},{"type":"Feature","properties":{"zone":"05","district":"Jakomini","rawHours":"Werktags, Montag bis Freitag, von 9.00 Uhr bis 20.00 Uhr und Samstag von 9.00 Uhr bis 13.00 Uhr","rawFee":"Mindestgebühr (halbe Stunde): € 1,30 bis € 7,80 je nach maximaler Parkdauer","note":"Blaue Zone Pestalozziviertel, flächendeckend","windows":[{"weekdays":[1,2,3,4,5],"fromMinute":540,"toMinute":1200},{"weekdays":[6],"fromMinute":540,"toMinute":780}],"fee":{"kind":"exact","centsPerHour":260},"unmodelledRules":[],"sourceDefect":null,"spaces":null,"maxStayMinutes":180,"maxStay":null,"maxStayShare":0,"maxStayValues":[],"chargingPoints":0,"carsharing":0},"geometry":{"type":"Polygon","coordinates":[[[15.44238,47.06424],[15.44215,47.06425],[15.44151,47.06438],[15.4415,47.06436],[15.44113,47.06442],[15.44106,47.06449],[15.44093,47.06448],[15.44082,47.06446],[15.44078,47.06442],[15.44055,47.06455],[15.44016,47.06445],[15.44,47.06445],[15.43966,47.06435],[15.4396,47.06437],[15.43923,47.06431],[15.43785,47.06424],[15.43782,47.06417],[15.43769,47.06416],[15.43764,47.06421],[15.43661,47.06416],[15.4364,47.06414],[15.43639,47.06416],[15.43635,47.06417],[15.43535,47.06411],[15.43535,47.06408],[15.43484,47.06411],[15.43456,47.06233],[15.43447,47.06142],[15.43447,47.06104],[15.43478,47.06012],[15.43542,47.0583],[15.43551,47.05783],[15.43597,47.05788],[15.43597,47.05791],[15.43617,47.05793],[15.43618,47.05792],[15.43631,47.05793],[15.4363,47.05795],[15.43731,47.05806],[15.43734,47.05809],[15.43748,47.05811],[15.43752,47.05809],[15.44041,47.05842],[15.44047,47.05843],[15.44049,47.05845],[15.44048,47.05848],[15.44069,47.05847],[15.44076,47.05843],[15.44151,47.05852],[15.4415,47.05855],[15.44409,47.05885],[15.44421,47.05888],[15.44452,47.05886],[15.44525,47.05895],[15.4453,47.05901],[15.44418,47.06105],[15.44412,47.06107],[15.44407,47.06115],[15.4441,47.06121],[15.44369,47.06196],[15.44364,47.06198],[15.44341,47.0624],[15.44343,47.0624],[15.4434,47.06246],[15.44342,47.06246],[15.44334,47.06261],[15.44332,47.0626],[15.44329,47.06265],[15.44327,47.06265],[15.44315,47.06289],[15.44309,47.06297],[15.44307,47.06305],[15.44304,47.06307],[15.44307,47.06311],[15.44279,47.06362],[15.44274,47.06364],[15.44268,47.06376],[15.4427,47.06379],[15.44247,47.0642],[15.44238,47.06424]]]}},{"type":"Feature","properties":{"zone":"06","district":"Jakomini","rawHours":"Werktags, Montag bis Freitag, von 9.00 Uhr bis 20.00 Uhr und Samstag von 9.00 Uhr bis 13.00 Uhr","rawFee":"Mindestgebühr (halbe Stunde): € 1,30 bis € 7,80 je nach maximaler Parkdauer","note":"Blaue Zone Klosterwiese, flächendeckend","windows":[{"weekdays":[1,2,3,4,5],"fromMinute":540,"toMinute":1200},{"weekdays":[6],"fromMinute":540,"toMinute":780}],"fee":{"kind":"exact","centsPerHour":260},"unmodelledRules":[],"sourceDefect":null,"spaces":null,"maxStayMinutes":180,"maxStay":null,"maxStayShare":0,"maxStayValues":[],"chargingPoints":0,"carsharing":0},"geometry":{"type":"Polygon","coordinates":[[[15.44486,47.0605],[15.44564,47.05908],[15.44574,47.05905],[15.45096,47.06066],[15.45096,47.0607],[15.45173,47.06071],[15.45169,47.06096],[15.45165,47.06179],[15.45157,47.06204],[15.45142,47.06232],[15.45138,47.06247],[15.4513,47.06246],[15.45091,47.06322],[15.45086,47.06323],[15.45079,47.06321],[15.45071,47.06334],[15.45079,47.06336],[15.45081,47.0634],[15.4507,47.06361],[15.45051,47.06374],[15.44963,47.06402],[15.44964,47.06405],[15.44924,47.06416],[15.44924,47.06415],[15.44876,47.06429],[15.44844,47.06454],[15.44787,47.06511],[15.44785,47.0651],[15.44738,47.06564],[15.44719,47.06582],[15.44678,47.0663],[15.44668,47.06627],[15.44667,47.06632],[15.44634,47.06629],[15.44556,47.06612],[15.4445,47.06572],[15.44444,47.0657],[15.44443,47.06567],[15.44426,47.06562],[15.44377,47.06538],[15.44342,47.0651],[15.44341,47.06506],[15.44326,47.0649],[15.44324,47.06491],[15.44293,47.06448],[15.44277,47.06435],[15.44305,47.06383],[15.44308,47.06382],[15.44312,47.0637],[15.44393,47.06221],[15.44396,47.06222],[15.44403,47.06211],[15.444,47.06208],[15.44442,47.06131],[15.44448,47.06132],[15.44456,47.06119],[15.44452,47.06114],[15.44486,47.0605]]]}},{"type":"Feature","properties":{"zone":"07","district":"Innere Stadt","rawHours":"Werktags, Montag bis Freitag, von 9.00 Uhr bis 20.00 Uhr und Samstag von 9.00 Uhr bis 13.00 Uhr","rawFee":"Mindestgebühr (halbe Stunde): € 1,30 bis € 7,80 je nach maximaler Parkdauer","note":"Blaue Zone, straßenzugsweise","windows":[{"weekdays":[1,2,3,4,5],"fromMinute":540,"toMinute":1200},{"weekdays":[6],"fromMinute":540,"toMinute":780}],"fee":{"kind":"exact","centsPerHour":260},"unmodelledRules":[],"sourceDefect":null,"spaces":null,"maxStayMinutes":180,"maxStay":null,"maxStayShare":0,"maxStayValues":[],"chargingPoints":0,"carsharing":0},"geometry":{"type":"Polygon","coordinates":[[[15.44779,47.0711],[15.44739,47.07252],[15.44733,47.07251],[15.44773,47.07109],[15.44779,47.0711]]]}},{"type":"Feature","properties":{"zone":"07","district":"St. Leonhard","rawHours":"Werktags, Montag bis Freitag, von 9.00 Uhr bis 20.00 Uhr und Samstag von 9.00 Uhr bis 13.00 Uhr","rawFee":"Mindestgebühr (halbe Stunde): € 1,30 bis € 7,80 je nach maximaler Parkdauer","note":"Blaue Zone, straßenzugsweise","windows":[{"weekdays":[1,2,3,4,5],"fromMinute":540,"toMinute":1200},{"weekdays":[6],"fromMinute":540,"toMinute":780}],"fee":{"kind":"exact","centsPerHour":260},"unmodelledRules":[],"sourceDefect":null,"spaces":null,"maxStayMinutes":180,"maxStay":null,"maxStayShare":0,"maxStayValues":[],"chargingPoints":0,"carsharing":0},"geometry":{"type":"Polygon","coordinates":[[[15.44722,47.07365],[15.44724,47.0736],[15.44829,47.07388],[15.45182,47.07487],[15.45179,47.07494],[15.45116,47.07476],[15.45091,47.07467],[15.45021,47.07448],[15.45002,47.07444],[15.44722,47.07365]]]}},{"type":"Feature","properties":{"zone":"07","district":"St. Leonhard","rawHours":"Werktags, Montag bis Freitag, von 9.00 Uhr bis 20.00 Uhr und Samstag von 9.00 Uhr bis 13.00 Uhr","rawFee":"Mindestgebühr (halbe Stunde): € 1,30 bis € 7,80 je nach maximaler Parkdauer","note":"Blaue Zone, straßenzugsweise","windows":[{"weekdays":[1,2,3,4,5],"fromMinute":540,"toMinute":1200},{"weekdays":[6],"fromMinute":540,"toMinute":780}],"fee":{"kind":"exact","centsPerHour":260},"unmodelledRules":[],"sourceDefect":null,"spaces":null,"maxStayMinutes":90,"maxStay":null,"maxStayShare":0,"maxStayValues":[],"chargingPoints":0,"carsharing":0},"geometry":{"type":"Polygon","coordinates":[[[15.44729,47.06848],[15.44655,47.06777],[15.44648,47.06767],[15.44657,47.06761],[15.4467,47.06781],[15.44735,47.06841],[15.44732,47.06846],[15.44729,47.06848]]]}},{"type":"Feature","properties":{"zone":"05","district":"St. Leonhard","rawHours":"Werktags, Montag bis Freitag, von 9.00 Uhr bis 20.00 Uhr und Samstag von 9.00 Uhr bis 13.00 Uhr","rawFee":"Mindestgebühr (halbe Stunde): € 1,30 bis € 7,80 je nach maximaler Parkdauer","note":"Blaue Zone, straßenzugsweise","windows":[{"weekdays":[1,2,3,4,5],"fromMinute":540,"toMinute":1200},{"weekdays":[6],"fromMinute":540,"toMinute":780}],"fee":{"kind":"exact","centsPerHour":260},"unmodelledRules":[],"sourceDefect":null,"spaces":null,"maxStayMinutes":180,"maxStay":null,"maxStayShare":0,"maxStayValues":[],"chargingPoints":0,"carsharing":0},"geometry":{"type":"Polygon","coordinates":[[[15.4463,47.06653],[15.44633,47.06665],[15.44629,47.06666],[15.44626,47.06653],[15.4463,47.06653]]]}},{"type":"Feature","properties":{"zone":"03","district":"Gries","rawHours":"Werktags, Montag bis Freitag, von 9.00 Uhr bis 20.00 Uhr und Samstag von 9.00 Uhr bis 13.00 Uhr","rawFee":"Mindestgebühr (halbe Stunde): € 1,30 bis € 7,80 je nach maximaler Parkdauer","note":"Blaue Zone, straßenzugsweise","windows":[{"weekdays":[1,2,3,4,5],"fromMinute":540,"toMinute":1200},{"weekdays":[6],"fromMinute":540,"toMinute":780}],"fee":{"kind":"exact","centsPerHour":260},"unmodelledRules":[],"sourceDefect":null,"spaces":null,"maxStayMinutes":180,"maxStay":null,"maxStayShare":0,"maxStayValues":[],"chargingPoints":0,"carsharing":0},"geometry":{"type":"Polygon","coordinates":[[[15.42686,47.06879],[15.42679,47.06857],[15.42674,47.06857],[15.42669,47.06824],[15.42692,47.0674],[15.42702,47.06741],[15.42685,47.06808],[15.42683,47.06823],[15.42688,47.0685],[15.42695,47.06878],[15.42686,47.06879]]]}},{"type":"Feature","properties":{"zone":"03","district":"Gries","rawHours":"Werktags, Montag bis Freitag, von 9.00 Uhr bis 20.00 Uhr und Samstag von 9.00 Uhr bis 13.00 Uhr","rawFee":"Mindestgebühr (halbe Stunde): € 1,30 bis € 7,80 je nach maximaler Parkdauer","note":"Blaue Zone, straßenzugsweise","windows":[{"weekdays":[1,2,3,4,5],"fromMinute":540,"toMinute":1200},{"weekdays":[6],"fromMinute":540,"toMinute":780}],"fee":{"kind":"exact","centsPerHour":260},"unmodelledRules":[],"sourceDefect":null,"spaces":null,"maxStayMinutes":180,"maxStay":null,"maxStayShare":0,"maxStayValues":[],"chargingPoints":0,"carsharing":0},"geometry":{"type":"Polygon","coordinates":[[[15.42712,47.0674],[15.42692,47.06818],[15.42695,47.06842],[15.42703,47.0687],[15.42694,47.06871],[15.42688,47.0685],[15.42684,47.06822],[15.42686,47.06809],[15.42703,47.06739],[15.42712,47.0674]]]}},{"type":"Feature","properties":{"zone":"07","district":"Innere Stadt","rawHours":"Werktags, Montag bis Freitag, von 9.00 Uhr bis 20.00 Uhr und Samstag von 9.00 Uhr bis 13.00 Uhr","rawFee":"Mindestgebühr (halbe Stunde): € 1,30 bis € 7,80 je nach maximaler Parkdauer","note":"Blaue Zone, straßenzugsweise","windows":[{"weekdays":[1,2,3,4,5],"fromMinute":540,"toMinute":1200},{"weekdays":[6],"fromMinute":540,"toMinute":780}],"fee":{"kind":"exact","centsPerHour":260},"unmodelledRules":[],"sourceDefect":null,"spaces":null,"maxStayMinutes":180,"maxStay":null,"maxStayShare":0,"maxStayValues":[],"chargingPoints":0,"carsharing":0},"geometry":{"type":"Polygon","coordinates":[[[15.4471,47.06945],[15.44734,47.06969],[15.44769,47.07013],[15.44762,47.07016],[15.44727,47.06971],[15.44664,47.06909],[15.44671,47.06906],[15.4471,47.06945]]]}},{"type":"Feature","properties":{"zone":"05","district":"Jakomini","rawHours":"Werktags, Montag bis Freitag, von 9.00 Uhr bis 20.00 Uhr und Samstag von 9.00 Uhr bis 13.00 Uhr","rawFee":"Mindestgebühr (halbe Stunde): € 1,30 bis € 7,80 je nach maximaler Parkdauer","note":"Blaue Zone, straßenzugsweise","windows":[{"weekdays":[1,2,3,4,5],"fromMinute":540,"toMinute":1200},{"weekdays":[6],"fromMinute":540,"toMinute":780}],"fee":{"kind":"exact","centsPerHour":260},"unmodelledRules":[],"sourceDefect":null,"spaces":null,"maxStayMinutes":180,"maxStay":null,"maxStayShare":0,"maxStayValues":[],"chargingPoints":0,"carsharing":0},"geometry":{"type":"Polygon","coordinates":[[[15.43545,47.06424],[15.43545,47.06419],[15.43911,47.06437],[15.43998,47.06452],[15.4404,47.06462],[15.44099,47.06455],[15.44146,47.06452],[15.44215,47.06437],[15.44244,47.06441],[15.44281,47.06455],[15.44318,47.06498],[15.44337,47.06516],[15.4436,47.06535],[15.44378,47.06546],[15.44441,47.06575],[15.44557,47.06621],[15.44584,47.06631],[15.446,47.06639],[15.44595,47.06646],[15.44551,47.06629],[15.44552,47.06627],[15.44473,47.06597],[15.44475,47.06595],[15.44422,47.06575],[15.44387,47.06558],[15.44385,47.0656],[15.44362,47.06549],[15.44325,47.06519],[15.44305,47.06498],[15.44274,47.06461],[15.44258,47.06454],[15.4422,47.06443],[15.44131,47.06462],[15.441,47.06458],[15.44094,47.06459],[15.44072,47.06478],[15.43972,47.06452],[15.43916,47.06443],[15.43545,47.06424]]]}},{"type":"Feature","properties":{"zone":"05","district":"Jakomini","rawHours":"Werktags, Montag bis Freitag, von 9.00 Uhr bis 20.00 Uhr und Samstag von 9.00 Uhr bis 13.00 Uhr","rawFee":"Mindestgebühr (halbe Stunde): € 1,30 bis € 7,80 je nach maximaler Parkdauer","note":"Blaue Zone, straßenzugsweise","windows":[{"weekdays":[1,2,3,4,5],"fromMinute":540,"toMinute":1200},{"weekdays":[6],"fromMinute":540,"toMinute":780}],"fee":{"kind":"exact","centsPerHour":260},"unmodelledRules":[],"sourceDefect":null,"spaces":null,"maxStayMinutes":180,"maxStay":null,"maxStayShare":0,"maxStayValues":[],"chargingPoints":0,"carsharing":0},"geometry":{"type":"Polygon","coordinates":[[[15.43537,47.06411],[15.43923,47.06431],[15.4402,47.06446],[15.44055,47.06455],[15.44078,47.06442],[15.44113,47.06442],[15.4415,47.06436],[15.44151,47.06438],[15.44215,47.06425],[15.44242,47.06424],[15.44254,47.06425],[15.44277,47.06435],[15.44293,47.06448],[15.44324,47.06491],[15.44342,47.0651],[15.44377,47.06538],[15.4445,47.06572],[15.44556,47.06612],[15.4457,47.06615],[15.44566,47.06624],[15.44463,47.06583],[15.44378,47.06545],[15.44359,47.06533],[15.44337,47.06516],[15.44319,47.06498],[15.44282,47.06454],[15.44245,47.06441],[15.44215,47.06436],[15.44146,47.06451],[15.44099,47.06454],[15.44069,47.06459],[15.4404,47.06461],[15.44,47.06452],[15.43915,47.06437],[15.43537,47.06418],[15.43537,47.06411]]]}},{"type":"Feature","properties":{"zone":"06","district":"Jakomini","rawHours":"Werktags, Montag bis Freitag, von 9.00 Uhr bis 20.00 Uhr und Samstag von 9.00 Uhr bis 13.00 Uhr","rawFee":"Mindestgebühr (halbe Stunde): € 1,30 bis € 7,80 je nach maximaler Parkdauer","note":"Blaue Zone, straßenzugsweise","windows":[{"weekdays":[1,2,3,4,5],"fromMinute":540,"toMinute":1200},{"weekdays":[6],"fromMinute":540,"toMinute":780}],"fee":{"kind":"exact","centsPerHour":260},"unmodelledRules":[],"sourceDefect":null,"spaces":null,"maxStayMinutes":180,"maxStay":null,"maxStayShare":0,"maxStayValues":[],"chargingPoints":0,"carsharing":0},"geometry":{"type":"Polygon","coordinates":[[[15.44601,47.05894],[15.44816,47.0596],[15.44811,47.05968],[15.44703,47.05934],[15.44597,47.05901],[15.44601,47.05894]]]}},{"type":"Feature","properties":{"zone":"01","district":"Innere Stadt","rawHours":"Werktags, Montag bis Freitag, von 9.00 Uhr bis 20.00 Uhr und Samstag von 9.00 Uhr bis 13.00 Uhr","rawFee":"Mindestgebühr (halbe Stunde): € 1,30 bis € 7,80 je nach maximaler Parkdauer","note":"Blaue Zone, straßenzugsweise","windows":[{"weekdays":[1,2,3,4,5],"fromMinute":540,"toMinute":1200},{"weekdays":[6],"fromMinute":540,"toMinute":780}],"fee":{"kind":"exact","centsPerHour":260},"unmodelledRules":[],"sourceDefect":null,"spaces":null,"maxStayMinutes":180,"maxStay":null,"maxStayShare":0,"maxStayValues":[],"chargingPoints":0,"carsharing":0},"geometry":{"type":"Polygon","coordinates":[[[15.43925,47.07887],[15.43962,47.0786],[15.43971,47.07865],[15.43933,47.07893],[15.43925,47.07887]]]}},{"type":"Feature","properties":{"zone":"S2","district":"Andritz","rawHours":"Werktags, Montag bis Freitag, von 9.00 Uhr bis 20.00 Uhr und Samstag von 9.00 Uhr bis 13.00 Uhr","rawFee":"Mindestgebühr (halbe Stunde): € 1,30 bis € 7,80 je nach maximaler Parkdauer","note":"Blaue Zone, straßenzugsweise","windows":[{"weekdays":[1,2,3,4,5],"fromMinute":540,"toMinute":1200},{"weekdays":[6],"fromMinute":540,"toMinute":780}],"fee":{"kind":"exact","centsPerHour":260},"unmodelledRules":[],"sourceDefect":null,"spaces":null,"maxStayMinutes":180,"maxStay":null,"maxStayShare":0,"maxStayValues":[],"chargingPoints":0,"carsharing":0},"geometry":{"type":"Polygon","coordinates":[[[15.42343,47.10315],[15.42319,47.10321],[15.42302,47.10321],[15.42246,47.10315],[15.42228,47.10315],[15.42228,47.10312],[15.42243,47.10309],[15.42267,47.10314],[15.42302,47.10318],[15.42327,47.10316],[15.42352,47.10308],[15.42368,47.10302],[15.42401,47.10283],[15.42434,47.10259],[15.42468,47.10232],[15.42473,47.10235],[15.42391,47.10294],[15.42371,47.10305],[15.42343,47.10315]]]}},{"type":"Feature","properties":{"zone":"06","district":"St. Leonhard","rawHours":"Werktags, Montag bis Freitag, von 9.00 Uhr bis 20.00 Uhr und Samstag von 9.00 Uhr bis 13.00 Uhr","rawFee":"Mindestgebühr (halbe Stunde): € 1,30 bis € 7,80 je nach maximaler Parkdauer","note":"Blaue Zone, straßenzugsweise","windows":[{"weekdays":[1,2,3,4,5],"fromMinute":540,"toMinute":1200},{"weekdays":[6],"fromMinute":540,"toMinute":780}],"fee":{"kind":"exact","centsPerHour":260},"unmodelledRules":[],"sourceDefect":null,"spaces":null,"maxStayMinutes":180,"maxStay":null,"maxStayShare":0,"maxStayValues":[],"chargingPoints":0,"carsharing":0},"geometry":{"type":"Polygon","coordinates":[[[15.45875,47.06914],[15.45879,47.06899],[15.45889,47.06901],[15.45885,47.06919],[15.45874,47.06918],[15.45875,47.06914]]]}},{"type":"Feature","properties":{"zone":"05","district":"Jakomini","rawHours":"Werktags, Montag bis Freitag, von 9.00 Uhr bis 20.00 Uhr und Samstag von 9.00 Uhr bis 13.00 Uhr","rawFee":"Mindestgebühr (halbe Stunde): € 1,30 bis € 7,80 je nach maximaler Parkdauer","note":"Blaue Zone, straßenzugsweise","windows":[{"weekdays":[1,2,3,4,5],"fromMinute":540,"toMinute":1200},{"weekdays":[6],"fromMinute":540,"toMinute":780}],"fee":{"kind":"exact","centsPerHour":260},"unmodelledRules":[],"sourceDefect":null,"spaces":null,"maxStayMinutes":180,"maxStay":null,"maxStayShare":0,"maxStayValues":[],"chargingPoints":0,"carsharing":0},"geometry":{"type":"Polygon","coordinates":[[[15.44265,47.06415],[15.44257,47.06413],[15.44253,47.0641],[15.44307,47.06311],[15.44312,47.06295],[15.44327,47.06265],[15.44329,47.06265],[15.44332,47.0626],[15.44334,47.06261],[15.44342,47.06246],[15.4434,47.06246],[15.44343,47.0624],[15.44341,47.0624],[15.44354,47.06216],[15.44368,47.06197],[15.44522,47.05915],[15.44531,47.05918],[15.4438,47.06202],[15.44265,47.06415]]]}},{"type":"Feature","properties":{"zone":"06","district":"St. Leonhard","rawHours":"Werktags, Montag bis Freitag, von 9.00 Uhr bis 20.00 Uhr und Samstag von 9.00 Uhr bis 13.00 Uhr","rawFee":"Mindestgebühr (halbe Stunde): € 1,30 bis € 7,80 je nach maximaler Parkdauer","note":"Blaue Zone, straßenzugsweise","windows":[{"weekdays":[1,2,3,4,5],"fromMinute":540,"toMinute":1200},{"weekdays":[6],"fromMinute":540,"toMinute":780}],"fee":{"kind":"exact","centsPerHour":260},"unmodelledRules":[],"sourceDefect":null,"spaces":null,"maxStayMinutes":180,"maxStay":null,"maxStayShare":0,"maxStayValues":[],"chargingPoints":0,"carsharing":0},"geometry":{"type":"Polygon","coordinates":[[[15.44715,47.06633],[15.44772,47.06642],[15.44773,47.06638],[15.44823,47.06648],[15.44825,47.06658],[15.44775,47.06647],[15.44714,47.06638],[15.44715,47.06633]]]}},{"type":"Feature","properties":{"zone":"03","district":"Gries","rawHours":"Werktags, Montag bis Freitag, von 9.00 Uhr bis 20.00 Uhr und Samstag von 9.00 Uhr bis 13.00 Uhr","rawFee":"Mindestgebühr (halbe Stunde): € 1,30 bis € 7,80 je nach maximaler Parkdauer","note":"Blaue Zone, straßenzugsweise","windows":[{"weekdays":[1,2,3,4,5],"fromMinute":540,"toMinute":1200},{"weekdays":[6],"fromMinute":540,"toMinute":780}],"fee":{"kind":"exact","centsPerHour":260},"unmodelledRules":[],"sourceDefect":null,"spaces":null,"maxStayMinutes":180,"maxStay":null,"maxStayShare":0,"maxStayValues":[],"chargingPoints":0,"carsharing":0},"geometry":{"type":"Polygon","coordinates":[[[15.41926,47.07115],[15.41992,47.06886],[15.42014,47.06804],[15.42028,47.06805],[15.41987,47.06956],[15.4194,47.07116],[15.41926,47.07115]]]}},{"type":"Feature","properties":{"zone":"03","district":"Gries","rawHours":"Werktags, Montag bis Freitag, von 9.00 Uhr bis 20.00 Uhr und Samstag von 9.00 Uhr bis 13.00 Uhr","rawFee":"Mindestgebühr (halbe Stunde): € 1,30 bis € 7,80 je nach maximaler Parkdauer","note":"Blaue Zone, straßenzugsweise","windows":[{"weekdays":[1,2,3,4,5],"fromMinute":540,"toMinute":1200},{"weekdays":[6],"fromMinute":540,"toMinute":780}],"fee":{"kind":"exact","centsPerHour":260},"unmodelledRules":[],"sourceDefect":null,"spaces":null,"maxStayMinutes":180,"maxStay":null,"maxStayShare":0,"maxStayValues":[],"chargingPoints":0,"carsharing":0},"geometry":{"type":"Polygon","coordinates":[[[15.42044,47.06807],[15.41969,47.07072],[15.41973,47.07073],[15.41968,47.0709],[15.41952,47.07089],[15.42031,47.06805],[15.42044,47.06807]]]}},{"type":"Feature","properties":{"zone":"07","district":"Jakomini","rawHours":"Werktags, Montag bis Freitag, von 9.00 Uhr bis 20.00 Uhr und Samstag von 9.00 Uhr bis 13.00 Uhr","rawFee":"Mindestgebühr (halbe Stunde): € 1,30 bis € 7,80 je nach maximaler Parkdauer","note":"Blaue Zone, straßenzugsweise","windows":[{"weekdays":[1,2,3,4,5],"fromMinute":540,"toMinute":1200},{"weekdays":[6],"fromMinute":540,"toMinute":780}],"fee":{"kind":"exact","centsPerHour":260},"unmodelledRules":[],"sourceDefect":null,"spaces":null,"maxStayMinutes":180,"maxStay":null,"maxStayShare":0,"maxStayValues":[],"chargingPoints":0,"carsharing":0},"geometry":{"type":"Polygon","coordinates":[[[15.44792,47.06829],[15.45243,47.06617],[15.45307,47.06591],[15.45465,47.06478],[15.45552,47.06373],[15.45559,47.06363],[15.4564,47.06306],[15.45648,47.06311],[15.45626,47.06324],[15.45566,47.06368],[15.45469,47.06482],[15.45448,47.065],[15.45317,47.06592],[15.45303,47.066],[15.4525,47.06622],[15.44797,47.06834],[15.44792,47.06829]]]}},{"type":"Feature","properties":{"zone":"10","district":"Lend","rawHours":"Werktags, Montag bis Freitag, von 9.00 Uhr bis 20.00 Uhr und Samstag von 9.00 Uhr bis 13.00 Uhr","rawFee":"Mindestgebühr (halbe Stunde): € 1,30 bis € 7,80 je nach maximaler Parkdauer","note":"Blaue Zone, straßenzugsweise","windows":[{"weekdays":[1,2,3,4,5],"fromMinute":540,"toMinute":1200},{"weekdays":[6],"fromMinute":540,"toMinute":780}],"fee":{"kind":"exact","centsPerHour":260},"unmodelledRules":[],"sourceDefect":null,"spaces":null,"maxStayMinutes":180,"maxStay":null,"maxStayShare":0,"maxStayValues":[],"chargingPoints":0,"carsharing":0},"geometry":{"type":"Polygon","coordinates":[[[15.42025,47.07364],[15.41915,47.07342],[15.41918,47.07334],[15.42029,47.07355],[15.42025,47.07364]]]}},{"type":"Feature","properties":{"zone":"06","district":"Jakomini","rawHours":"Werktags, Montag bis Freitag, von 9.00 Uhr bis 20.00 Uhr und Samstag von 9.00 Uhr bis 13.00 Uhr","rawFee":"Mindestgebühr (halbe Stunde): € 1,30 bis € 7,80 je nach maximaler Parkdauer","note":"Blaue Zone, straßenzugsweise","windows":[{"weekdays":[1,2,3,4,5],"fromMinute":540,"toMinute":1200},{"weekdays":[6],"fromMinute":540,"toMinute":780}],"fee":{"kind":"exact","centsPerHour":260},"unmodelledRules":[],"sourceDefect":null,"spaces":null,"maxStayMinutes":180,"maxStay":null,"maxStayShare":0,"maxStayValues":[],"chargingPoints":0,"carsharing":0},"geometry":{"type":"Polygon","coordinates":[[[15.44763,47.06559],[15.44754,47.06555],[15.44779,47.06528],[15.44844,47.06464],[15.44864,47.06447],[15.44879,47.06437],[15.44904,47.06426],[15.44972,47.06409],[15.45055,47.06381],[15.45066,47.06377],[15.45083,47.06363],[15.45095,47.06343],[15.45105,47.06319],[15.45122,47.06284],[15.45153,47.06235],[15.45176,47.06193],[15.45177,47.06183],[15.45177,47.06153],[15.4518,47.06105],[15.4519,47.06105],[15.45185,47.06193],[15.45158,47.06246],[15.45148,47.0625],[15.4514,47.06264],[15.45125,47.06287],[15.45127,47.06288],[15.45123,47.06295],[15.45121,47.06295],[15.45113,47.06314],[15.45114,47.06314],[15.45102,47.06343],[15.45101,47.06349],[15.45085,47.06372],[15.45064,47.06383],[15.4497,47.06415],[15.44887,47.06439],[15.44857,47.06462],[15.44814,47.06506],[15.44803,47.06514],[15.44791,47.06527],[15.44792,47.06529],[15.44763,47.06559]]]}},{"type":"Feature","properties":{"zone":"S2","district":"Andritz","rawHours":"Werktags, Montag bis Freitag, von 9.00 Uhr bis 20.00 Uhr und Samstag von 9.00 Uhr bis 13.00 Uhr","rawFee":"Mindestgebühr (halbe Stunde): € 1,30 bis € 7,80 je nach maximaler Parkdauer","note":"Blaue Zone, straßenzugsweise","windows":[{"weekdays":[1,2,3,4,5],"fromMinute":540,"toMinute":1200},{"weekdays":[6],"fromMinute":540,"toMinute":780}],"fee":{"kind":"exact","centsPerHour":260},"unmodelledRules":[],"sourceDefect":null,"spaces":null,"maxStayMinutes":180,"maxStay":null,"maxStayShare":0,"maxStayValues":[],"chargingPoints":0,"carsharing":0},"geometry":{"type":"Polygon","coordinates":[[[15.42103,47.10314],[15.42093,47.10301],[15.42088,47.10303],[15.42068,47.1028],[15.4208,47.10278],[15.42107,47.10313],[15.42103,47.10314]]]}},{"type":"Feature","properties":{"zone":"11","district":"St. Leonhard","rawHours":"Werktags, Montag bis Freitag, von 9.00 Uhr bis 20.00 Uhr und Samstag von 9.00 Uhr bis 13.00 Uhr","rawFee":"Mindestgebühr (halbe Stunde): € 1,30 bis € 7,80 je nach maximaler Parkdauer","note":"Blaue Zone, straßenzugsweise","windows":[{"weekdays":[1,2,3,4,5],"fromMinute":540,"toMinute":1200},{"weekdays":[6],"fromMinute":540,"toMinute":780}],"fee":{"kind":"exact","centsPerHour":260},"unmodelledRules":[],"sourceDefect":null,"spaces":null,"maxStayMinutes":180,"maxStay":null,"maxStayShare":0,"maxStayValues":[],"chargingPoints":0,"carsharing":0},"geometry":{"type":"Polygon","coordinates":[[[15.45659,47.07171],[15.45665,47.07175],[15.45476,47.07301],[15.45471,47.07297],[15.45659,47.07171]]]}},{"type":"Feature","properties":{"zone":"07","district":"St. Leonhard","rawHours":"Werktags, Montag bis Freitag, von 9.00 Uhr bis 20.00 Uhr und Samstag von 9.00 Uhr bis 13.00 Uhr","rawFee":"Mindestgebühr (halbe Stunde): € 1,30 bis € 7,80 je nach maximaler Parkdauer","note":"Blaue Zone, straßenzugsweise","windows":[{"weekdays":[1,2,3,4,5],"fromMinute":540,"toMinute":1200},{"weekdays":[6],"fromMinute":540,"toMinute":780}],"fee":{"kind":"exact","centsPerHour":260},"unmodelledRules":[],"sourceDefect":null,"spaces":null,"maxStayMinutes":180,"maxStay":null,"maxStayShare":0,"maxStayValues":[],"chargingPoints":0,"carsharing":0},"geometry":{"type":"Polygon","coordinates":[[[15.4584,47.07024],[15.4583,47.0702],[15.45891,47.06942],[15.45907,47.06925],[15.45914,47.06928],[15.4584,47.07024]]]}},{"type":"Feature","properties":{"zone":"11","district":"St. Leonhard","rawHours":"Werktags, Montag bis Freitag, von 9.00 Uhr bis 20.00 Uhr und Samstag von 9.00 Uhr bis 13.00 Uhr","rawFee":"Mindestgebühr (halbe Stunde): € 1,30 bis € 7,80 je nach maximaler Parkdauer","note":"Blaue Zone, straßenzugsweise","windows":[{"weekdays":[1,2,3,4,5],"fromMinute":540,"toMinute":1200},{"weekdays":[6],"fromMinute":540,"toMinute":780}],"fee":{"kind":"exact","centsPerHour":260},"unmodelledRules":[],"sourceDefect":null,"spaces":null,"maxStayMinutes":180,"maxStay":null,"maxStayShare":0,"maxStayValues":[],"chargingPoints":0,"carsharing":0},"geometry":{"type":"Polygon","coordinates":[[[15.45903,47.0695],[15.45912,47.06953],[15.45836,47.07058],[15.45828,47.07054],[15.45825,47.07051],[15.45903,47.0695]]]}},{"type":"Feature","properties":{"zone":"01","district":"Innere Stadt","rawHours":"Werktags, Montag bis Freitag, von 9.00 Uhr bis 20.00 Uhr und Samstag von 9.00 Uhr bis 13.00 Uhr","rawFee":"Mindestgebühr (halbe Stunde): € 1,30 bis € 7,80 je nach maximaler Parkdauer","note":"Blaue Zone, straßenzugsweise","windows":[{"weekdays":[1,2,3,4,5],"fromMinute":540,"toMinute":1200},{"weekdays":[6],"fromMinute":540,"toMinute":780}],"fee":{"kind":"exact","centsPerHour":260},"unmodelledRules":[],"sourceDefect":null,"spaces":null,"maxStayMinutes":180,"maxStay":null,"maxStayShare":0,"maxStayValues":[],"chargingPoints":0,"carsharing":0},"geometry":{"type":"Polygon","coordinates":[[[15.44444,47.06918],[15.44321,47.06853],[15.44239,47.06812],[15.43945,47.0669],[15.43953,47.06679],[15.43961,47.06682],[15.44153,47.06763],[15.44156,47.06767],[15.44182,47.06784],[15.44248,47.06812],[15.44328,47.06853],[15.44336,47.06851],[15.44446,47.06908],[15.44446,47.06916],[15.44444,47.06918]]]}},{"type":"Feature","properties":{"zone":"07","district":"St. Leonhard","rawHours":"Werktags, Montag bis Freitag, von 9.00 Uhr bis 20.00 Uhr und Samstag von 9.00 Uhr bis 13.00 Uhr","rawFee":"Mindestgebühr (halbe Stunde): € 1,30 bis € 7,80 je nach maximaler Parkdauer","note":"Blaue Zone, straßenzugsweise","windows":[{"weekdays":[1,2,3,4,5],"fromMinute":540,"toMinute":1200},{"weekdays":[6],"fromMinute":540,"toMinute":780}],"fee":{"kind":"exact","centsPerHour":260},"unmodelledRules":[],"sourceDefect":null,"spaces":null,"maxStayMinutes":180,"maxStay":null,"maxStayShare":0,"maxStayValues":[],"chargingPoints":0,"carsharing":0},"geometry":{"type":"Polygon","coordinates":[[[15.45857,47.06931],[15.4586,47.06936],[15.457,47.06992],[15.45635,47.07014],[15.45632,47.0701],[15.45857,47.06931]]]}},{"type":"Feature","properties":{"zone":"05","district":"St. Leonhard","rawHours":"Werktags, Montag bis Freitag, von 9.00 Uhr bis 20.00 Uhr und Samstag von 9.00 Uhr bis 13.00 Uhr","rawFee":"Mindestgebühr (halbe Stunde): € 1,30 bis € 7,80 je nach maximaler Parkdauer","note":"Blaue Zone, straßenzugsweise","windows":[{"weekdays":[1,2,3,4,5],"fromMinute":540,"toMinute":1200},{"weekdays":[6],"fromMinute":540,"toMinute":780}],"fee":{"kind":"exact","centsPerHour":260},"unmodelledRules":[],"sourceDefect":null,"spaces":null,"maxStayMinutes":180,"maxStay":null,"maxStayShare":0,"maxStayValues":[],"chargingPoints":0,"carsharing":0},"geometry":{"type":"Polygon","coordinates":[[[15.44626,47.06764],[15.4463,47.06768],[15.44602,47.06782],[15.44598,47.06778],[15.44626,47.06764]]]}},{"type":"Feature","properties":{"zone":"05","district":"St. Leonhard","rawHours":"Werktags, Montag bis Freitag, von 9.00 Uhr bis 20.00 Uhr und Samstag von 9.00 Uhr bis 13.00 Uhr","rawFee":"Mindestgebühr (halbe Stunde): € 1,30 bis € 7,80 je nach maximaler Parkdauer","note":"Blaue Zone, straßenzugsweise","windows":[{"weekdays":[1,2,3,4,5],"fromMinute":540,"toMinute":1200},{"weekdays":[6],"fromMinute":540,"toMinute":780}],"fee":{"kind":"exact","centsPerHour":260},"unmodelledRules":[],"sourceDefect":null,"spaces":null,"maxStayMinutes":180,"maxStay":null,"maxStayShare":0,"maxStayValues":[],"chargingPoints":0,"carsharing":0},"geometry":{"type":"Polygon","coordinates":[[[15.44631,47.06771],[15.44636,47.06776],[15.44574,47.06805],[15.44569,47.06801],[15.44631,47.06771]]]}},{"type":"Feature","properties":{"zone":"10","district":"Lend","rawHours":"Werktags, Montag bis Freitag, von 9.00 Uhr bis 20.00 Uhr und Samstag von 9.00 Uhr bis 13.00 Uhr","rawFee":"Mindestgebühr (halbe Stunde): € 1,30 bis € 7,80 je nach maximaler Parkdauer","note":"Blaue Zone, straßenzugsweise","windows":[{"weekdays":[1,2,3,4,5],"fromMinute":540,"toMinute":1200},{"weekdays":[6],"fromMinute":540,"toMinute":780}],"fee":{"kind":"exact","centsPerHour":260},"unmodelledRules":[],"sourceDefect":null,"spaces":null,"maxStayMinutes":180,"maxStay":null,"maxStayShare":0,"maxStayValues":[],"chargingPoints":0,"carsharing":0},"geometry":{"type":"Polygon","coordinates":[[[15.42836,47.07586],[15.42397,47.07459],[15.42401,47.07453],[15.4284,47.07579],[15.42836,47.07586]]]}},{"type":"Feature","properties":{"zone":"03","district":"Lend","rawHours":"Werktags, Montag bis Freitag, von 9.00 Uhr bis 20.00 Uhr und Samstag von 9.00 Uhr bis 13.00 Uhr","rawFee":"Mindestgebühr (halbe Stunde): € 1,30 bis € 7,80 je nach maximaler Parkdauer","note":"Blaue Zone, straßenzugsweise","windows":[{"weekdays":[1,2,3,4,5],"fromMinute":540,"toMinute":1200},{"weekdays":[6],"fromMinute":540,"toMinute":780}],"fee":{"kind":"exact","centsPerHour":260},"unmodelledRules":[],"sourceDefect":null,"spaces":null,"maxStayMinutes":180,"maxStay":null,"maxStayShare":0,"maxStayValues":[],"chargingPoints":0,"carsharing":0},"geometry":{"type":"Polygon","coordinates":[[[15.41883,47.07309],[15.41992,47.0733],[15.4199,47.07334],[15.42113,47.07358],[15.42833,47.07566],[15.42829,47.07573],[15.42496,47.0748],[15.42401,47.07452],[15.42348,47.07434],[15.42244,47.07406],[15.42108,47.07366],[15.4199,47.07344],[15.4197,47.07338],[15.41878,47.0732],[15.41883,47.07309]]]}},{"type":"Feature","properties":{"zone":"06","district":"Jakomini","rawHours":"Werktags, Montag bis Freitag, von 9.00 Uhr bis 20.00 Uhr und Samstag von 9.00 Uhr bis 13.00 Uhr","rawFee":"Mindestgebühr (halbe Stunde): € 1,30 bis € 7,80 je nach maximaler Parkdauer","note":"Blaue Zone, straßenzugsweise","windows":[{"weekdays":[1,2,3,4,5],"fromMinute":540,"toMinute":1200},{"weekdays":[6],"fromMinute":540,"toMinute":780}],"fee":{"kind":"exact","centsPerHour":260},"unmodelledRules":[],"sourceDefect":null,"spaces":null,"maxStayMinutes":180,"maxStay":null,"maxStayShare":0,"maxStayValues":[],"chargingPoints":0,"carsharing":0},"geometry":{"type":"Polygon","coordinates":[[[15.44578,47.05906],[15.44582,47.05898],[15.44862,47.05984],[15.44857,47.05993],[15.44578,47.05906]]]}},{"type":"Feature","properties":{"zone":"01","district":"Innere Stadt","rawHours":"Werktags, Montag bis Freitag, von 9.00 Uhr bis 20.00 Uhr und Samstag von 9.00 Uhr bis 13.00 Uhr","rawFee":"Mindestgebühr (halbe Stunde): € 1,30 bis € 7,80 je nach maximaler Parkdauer","note":"Blaue Zone, straßenzugsweise","windows":[{"weekdays":[1,2,3,4,5],"fromMinute":540,"toMinute":1200},{"weekdays":[6],"fromMinute":540,"toMinute":780}],"fee":{"kind":"exact","centsPerHour":260},"unmodelledRules":[],"sourceDefect":null,"spaces":null,"maxStayMinutes":180,"maxStay":null,"maxStayShare":0,"maxStayValues":[],"chargingPoints":0,"carsharing":0},"geometry":{"type":"Polygon","coordinates":[[[15.4412,47.0678],[15.43995,47.06728],[15.43982,47.06722],[15.43953,47.0671],[15.43949,47.06711],[15.4393,47.06703],[15.43929,47.067],[15.43894,47.06685],[15.43811,47.06652],[15.43691,47.06645],[15.43692,47.06641],[15.43811,47.06647],[15.43846,47.06655],[15.44128,47.06771],[15.4412,47.0678]]]}},{"type":"Feature","properties":{"zone":"03","district":"Gries","rawHours":"Werktags, Montag bis Freitag, von 9.00 Uhr bis 20.00 Uhr und Samstag von 9.00 Uhr bis 13.00 Uhr","rawFee":"Mindestgebühr (halbe Stunde): € 1,30 bis € 7,80 je nach maximaler Parkdauer","note":"Blaue Zone, straßenzugsweise","windows":[{"weekdays":[1,2,3,4,5],"fromMinute":540,"toMinute":1200},{"weekdays":[6],"fromMinute":540,"toMinute":780}],"fee":{"kind":"exact","centsPerHour":260},"unmodelledRules":[],"sourceDefect":null,"spaces":null,"maxStayMinutes":180,"maxStay":null,"maxStayShare":0,"maxStayValues":[],"chargingPoints":0,"carsharing":0},"geometry":{"type":"Polygon","coordinates":[[[15.42226,47.06573],[15.42363,47.06593],[15.42361,47.06599],[15.42302,47.06591],[15.42224,47.06579],[15.42226,47.06573]]]}},{"type":"Feature","properties":{"zone":"03","district":"Gries","rawHours":"Werktags, Montag bis Freitag, von 9.00 Uhr bis 20.00 Uhr und Samstag von 9.00 Uhr bis 13.00 Uhr","rawFee":"Mindestgebühr (halbe Stunde): € 1,30 bis € 7,80 je nach maximaler Parkdauer","note":"Blaue Zone, straßenzugsweise","windows":[{"weekdays":[1,2,3,4,5],"fromMinute":540,"toMinute":1200},{"weekdays":[6],"fromMinute":540,"toMinute":780}],"fee":{"kind":"exact","centsPerHour":260},"unmodelledRules":[],"sourceDefect":null,"spaces":null,"maxStayMinutes":180,"maxStay":null,"maxStayShare":0,"maxStayValues":[],"chargingPoints":0,"carsharing":0},"geometry":{"type":"Polygon","coordinates":[[[15.4232,47.06595],[15.42319,47.066],[15.42222,47.06587],[15.42224,47.06581],[15.4232,47.06595]]]}},{"type":"Feature","properties":{"zone":"06","district":"St. Leonhard","rawHours":"Werktags, Montag bis Freitag, von 9.00 Uhr bis 20.00 Uhr und Samstag von 9.00 Uhr bis 13.00 Uhr","rawFee":"Mindestgebühr (halbe Stunde): € 1,30 bis € 7,80 je nach maximaler Parkdauer","note":"Blaue Zone, straßenzugsweise","windows":[{"weekdays":[1,2,3,4,5],"fromMinute":540,"toMinute":1200},{"weekdays":[6],"fromMinute":540,"toMinute":780}],"fee":{"kind":"exact","centsPerHour":260},"unmodelledRules":[],"sourceDefect":null,"spaces":null,"maxStayMinutes":180,"maxStay":null,"maxStayShare":0,"maxStayValues":[],"chargingPoints":0,"carsharing":0},"geometry":{"type":"Polygon","coordinates":[[[15.44917,47.067],[15.44862,47.06678],[15.44866,47.06673],[15.44962,47.06712],[15.44958,47.06717],[15.44917,47.067]]]}},{"type":"Feature","properties":{"zone":"07","district":"Jakomini","rawHours":"Werktags, Montag bis Freitag, von 9.00 Uhr bis 20.00 Uhr und Samstag von 9.00 Uhr bis 13.00 Uhr","rawFee":"Mindestgebühr (halbe Stunde): € 1,30 bis € 7,80 je nach maximaler Parkdauer","note":"Blaue Zone, straßenzugsweise","windows":[{"weekdays":[1,2,3,4,5],"fromMinute":540,"toMinute":1200},{"weekdays":[6],"fromMinute":540,"toMinute":780}],"fee":{"kind":"exact","centsPerHour":260},"unmodelledRules":[],"sourceDefect":null,"spaces":null,"maxStayMinutes":180,"maxStay":null,"maxStayShare":0,"maxStayValues":[],"chargingPoints":0,"carsharing":0},"geometry":{"type":"Polygon","coordinates":[[[15.44813,47.06828],[15.45004,47.06738],[15.45252,47.06622],[15.4531,47.06598],[15.45438,47.06508],[15.45471,47.06483],[15.45566,47.06369],[15.45646,47.06315],[15.45677,47.06295],[15.45681,47.06297],[15.4557,47.06372],[15.45529,47.06422],[15.45534,47.06424],[15.45518,47.06444],[15.45513,47.06442],[15.455,47.06456],[15.45491,47.06468],[15.45494,47.06469],[15.45478,47.06488],[15.4533,47.06592],[15.45329,47.06602],[15.45322,47.0661],[15.45278,47.06619],[15.45227,47.0664],[15.44816,47.06832],[15.44813,47.06828]]]}},{"type":"Feature","properties":{"zone":"05","district":"Jakomini","rawHours":"Werktags, Montag bis Freitag, von 9.00 Uhr bis 20.00 Uhr und Samstag von 9.00 Uhr bis 13.00 Uhr","rawFee":"Mindestgebühr (halbe Stunde): € 1,30 bis € 7,80 je nach maximaler Parkdauer","note":"Blaue Zone, straßenzugsweise","windows":[{"weekdays":[1,2,3,4,5],"fromMinute":540,"toMinute":1200},{"weekdays":[6],"fromMinute":540,"toMinute":780}],"fee":{"kind":"exact","centsPerHour":260},"unmodelledRules":[],"sourceDefect":null,"spaces":null,"maxStayMinutes":180,"maxStay":null,"maxStayShare":0,"maxStayValues":[],"chargingPoints":0,"carsharing":0},"geometry":{"type":"Polygon","coordinates":[[[15.44691,47.06628],[15.4468,47.06627],[15.44719,47.06582],[15.44843,47.06454],[15.44876,47.06429],[15.44923,47.06415],[15.44924,47.06416],[15.44964,47.06405],[15.4498,47.06398],[15.4505,47.06374],[15.4507,47.06361],[15.4509,47.0632],[15.4513,47.06246],[15.45138,47.06247],[15.45142,47.06232],[15.45157,47.06204],[15.45165,47.06179],[15.45168,47.06105],[15.45176,47.06105],[15.45172,47.06193],[15.45151,47.06235],[15.45122,47.06279],[15.45075,47.06365],[15.45063,47.06375],[15.45049,47.06381],[15.44986,47.06402],[15.44905,47.06424],[15.44888,47.0643],[15.44863,47.06444],[15.44851,47.06454],[15.44773,47.06531],[15.44732,47.06577],[15.44691,47.06628]]]}},{"type":"Feature","properties":{"zone":"09","district":"Innere Stadt","rawHours":"Werktags, Montag bis Freitag, von 9.00 Uhr bis 20.00 Uhr und Samstag von 9.00 Uhr bis 13.00 Uhr","rawFee":"Mindestgebühr (halbe Stunde): € 1,30 bis € 7,80 je nach maximaler Parkdauer","note":"Blaue Zone, straßenzugsweise","windows":[{"weekdays":[1,2,3,4,5],"fromMinute":540,"toMinute":1200},{"weekdays":[6],"fromMinute":540,"toMinute":780}],"fee":{"kind":"exact","centsPerHour":260},"unmodelledRules":[],"sourceDefect":null,"spaces":null,"maxStayMinutes":180,"maxStay":null,"maxStayShare":0,"maxStayValues":[],"chargingPoints":0,"carsharing":0},"geometry":{"type":"Polygon","coordinates":[[[15.44018,47.07846],[15.44046,47.0784],[15.44244,47.07806],[15.44252,47.07813],[15.44025,47.07853],[15.44018,47.07846]]]}},{"type":"Feature","properties":{"zone":"06","district":"Waltendorf","rawHours":"Werktags, Montag bis Freitag, von 9.00 Uhr bis 20.00 Uhr und Samstag von 9.00 Uhr bis 13.00 Uhr","rawFee":"Mindestgebühr (halbe Stunde): € 1,30 bis € 7,80 je nach maximaler Parkdauer","note":"Blaue Zone, straßenzugsweise","windows":[{"weekdays":[1,2,3,4,5],"fromMinute":540,"toMinute":1200},{"weekdays":[6],"fromMinute":540,"toMinute":780}],"fee":{"kind":"exact","centsPerHour":260},"unmodelledRules":[],"sourceDefect":null,"spaces":null,"maxStayMinutes":180,"maxStay":null,"maxStayShare":0,"maxStayValues":[],"chargingPoints":0,"carsharing":0},"geometry":{"type":"Polygon","coordinates":[[[15.46294,47.06625],[15.46329,47.06586],[15.46339,47.06588],[15.46302,47.06628],[15.46294,47.06625]]]}},{"type":"Feature","properties":{"zone":"05","district":"Jakomini","rawHours":"Werktags, Montag bis Freitag, von 9.00 Uhr bis 20.00 Uhr und Samstag von 9.00 Uhr bis 13.00 Uhr","rawFee":"Mindestgebühr (halbe Stunde): € 1,30 bis € 7,80 je nach maximaler Parkdauer","note":"Blaue Zone, straßenzugsweise","windows":[{"weekdays":[1,2,3,4,5],"fromMinute":540,"toMinute":1200},{"weekdays":[6],"fromMinute":540,"toMinute":780}],"fee":{"kind":"exact","centsPerHour":260},"unmodelledRules":[],"sourceDefect":null,"spaces":null,"maxStayMinutes":180,"maxStay":null,"maxStayShare":0,"maxStayValues":[],"chargingPoints":0,"carsharing":0},"geometry":{"type":"Polygon","coordinates":[[[15.44509,47.05887],[15.44507,47.05893],[15.44042,47.05839],[15.44041,47.05842],[15.44006,47.05838],[15.43972,47.05831],[15.43911,47.05824],[15.43913,47.05818],[15.4398,47.05826],[15.44,47.05831],[15.44146,47.05845],[15.44509,47.05887]]]}},{"type":"Feature","properties":{"zone":"01","district":"Innere Stadt","rawHours":"Werktags, Montag bis Freitag, von 9.00 Uhr bis 20.00 Uhr und Samstag von 9.00 Uhr bis 13.00 Uhr","rawFee":"Mindestgebühr (halbe Stunde): € 1,30 bis € 7,80 je nach maximaler Parkdauer","note":"Blaue Zone, straßenzugsweise","windows":[{"weekdays":[1,2,3,4,5],"fromMinute":540,"toMinute":1200},{"weekdays":[6],"fromMinute":540,"toMinute":780}],"fee":{"kind":"exact","centsPerHour":260},"unmodelledRules":[],"sourceDefect":null,"spaces":null,"maxStayMinutes":180,"maxStay":null,"maxStayShare":0,"maxStayValues":[],"chargingPoints":0,"carsharing":0},"geometry":{"type":"Polygon","coordinates":[[[15.44623,47.07306],[15.44618,47.07308],[15.4453,47.0723],[15.44536,47.07228],[15.44623,47.07306]]]}},{"type":"Feature","properties":{"zone":"08","district":"Geidorf","rawHours":"Werktags, Montag bis Freitag, von 9.00 Uhr bis 20.00 Uhr und Samstag von 9.00 Uhr bis 13.00 Uhr","rawFee":"Mindestgebühr (halbe Stunde): € 1,30 bis € 7,80 je nach maximaler Parkdauer","note":"Blaue Zone, straßenzugsweise","windows":[{"weekdays":[1,2,3,4,5],"fromMinute":540,"toMinute":1200},{"weekdays":[6],"fromMinute":540,"toMinute":780}],"fee":{"kind":"exact","centsPerHour":260},"unmodelledRules":[],"sourceDefect":null,"spaces":null,"maxStayMinutes":180,"maxStay":null,"maxStayShare":0,"maxStayValues":[],"chargingPoints":0,"carsharing":0},"geometry":{"type":"Polygon","coordinates":[[[15.44184,47.07998],[15.4419,47.08001],[15.43986,47.08253],[15.4398,47.08251],[15.44184,47.07998]]]}},{"type":"Feature","properties":{"zone":"08","district":"Innere Stadt","rawHours":"Werktags, Montag bis Freitag, von 9.00 Uhr bis 20.00 Uhr und Samstag von 9.00 Uhr bis 13.00 Uhr","rawFee":"Mindestgebühr (halbe Stunde): € 1,30 bis € 7,80 je nach maximaler Parkdauer","note":"Blaue Zone, straßenzugsweise","windows":[{"weekdays":[1,2,3,4,5],"fromMinute":540,"toMinute":1200},{"weekdays":[6],"fromMinute":540,"toMinute":780}],"fee":{"kind":"exact","centsPerHour":260},"unmodelledRules":[],"sourceDefect":null,"spaces":null,"maxStayMinutes":180,"maxStay":null,"maxStayShare":0,"maxStayValues":[],"chargingPoints":0,"carsharing":0},"geometry":{"type":"Polygon","coordinates":[[[15.44676,47.07423],[15.44681,47.07417],[15.44689,47.0742],[15.44687,47.07426],[15.44662,47.07455],[15.44652,47.0745],[15.44676,47.07423]]]}},{"type":"Feature","properties":{"zone":"06","district":"St. Leonhard","rawHours":"Werktags, Montag bis Freitag, von 9.00 Uhr bis 20.00 Uhr und Samstag von 9.00 Uhr bis 13.00 Uhr","rawFee":"Mindestgebühr (halbe Stunde): € 1,30 bis € 7,80 je nach maximaler Parkdauer","note":"Blaue Zone, straßenzugsweise","windows":[{"weekdays":[1,2,3,4,5],"fromMinute":540,"toMinute":1200},{"weekdays":[6],"fromMinute":540,"toMinute":780}],"fee":{"kind":"exact","centsPerHour":260},"unmodelledRules":[],"sourceDefect":null,"spaces":null,"maxStayMinutes":180,"maxStay":null,"maxStayShare":0,"maxStayValues":[],"chargingPoints":0,"carsharing":0},"geometry":{"type":"Polygon","coordinates":[[[15.45597,47.0702],[15.45594,47.07015],[15.4583,47.06933],[15.45833,47.06938],[15.45597,47.0702]]]}},{"type":"Feature","properties":{"zone":"02","district":"Gries","rawHours":"Werktags, Montag bis Freitag, von 9.00 Uhr bis 20.00 Uhr und Samstag von 9.00 Uhr bis 13.00 Uhr","rawFee":"Mindestgebühr (halbe Stunde): € 1,30 bis € 7,80 je nach maximaler Parkdauer","note":"Blaue Zone, straßenzugsweise","windows":[{"weekdays":[1,2,3,4,5],"fromMinute":540,"toMinute":1200},{"weekdays":[6],"fromMinute":540,"toMinute":780}],"fee":{"kind":"exact","centsPerHour":260},"unmodelledRules":[],"sourceDefect":null,"spaces":null,"maxStayMinutes":180,"maxStay":null,"maxStayShare":0,"maxStayValues":[],"chargingPoints":0,"carsharing":0},"geometry":{"type":"Polygon","coordinates":[[[15.43194,47.06965],[15.43193,47.06959],[15.43299,47.06956],[15.43299,47.06962],[15.43194,47.06965]]]}},{"type":"Feature","properties":{"zone":"02","district":"Gries","rawHours":"Werktags, Montag bis Freitag, von 9.00 Uhr bis 20.00 Uhr und Samstag von 9.00 Uhr bis 13.00 Uhr","rawFee":"Mindestgebühr (halbe Stunde): € 1,30 bis € 7,80 je nach maximaler Parkdauer","note":"Blaue Zone, straßenzugsweise","windows":[{"weekdays":[1,2,3,4,5],"fromMinute":540,"toMinute":1200},{"weekdays":[6],"fromMinute":540,"toMinute":780}],"fee":{"kind":"exact","centsPerHour":260},"unmodelledRules":[],"sourceDefect":null,"spaces":null,"maxStayMinutes":180,"maxStay":null,"maxStayShare":0,"maxStayValues":[],"chargingPoints":0,"carsharing":0},"geometry":{"type":"Polygon","coordinates":[[[15.42905,47.06995],[15.42904,47.06991],[15.43036,47.06974],[15.43068,47.06973],[15.43084,47.06971],[15.43086,47.06976],[15.43039,47.06981],[15.43038,47.06978],[15.42905,47.06995]]]}},{"type":"Feature","properties":{"zone":"02","district":"Gries","rawHours":"Werktags, Montag bis Freitag, von 9.00 Uhr bis 20.00 Uhr und Samstag von 9.00 Uhr bis 13.00 Uhr","rawFee":"Mindestgebühr (halbe Stunde): € 1,30 bis € 7,80 je nach maximaler Parkdauer","note":"Blaue Zone, straßenzugsweise","windows":[{"weekdays":[1,2,3,4,5],"fromMinute":540,"toMinute":1200},{"weekdays":[6],"fromMinute":540,"toMinute":780}],"fee":{"kind":"exact","centsPerHour":260},"unmodelledRules":[],"sourceDefect":null,"spaces":null,"maxStayMinutes":180,"maxStay":null,"maxStayShare":0,"maxStayValues":[],"chargingPoints":0,"carsharing":0},"geometry":{"type":"Polygon","coordinates":[[[15.42875,47.06983],[15.42869,47.06987],[15.42864,47.06984],[15.42843,47.06979],[15.42825,47.06979],[15.42779,47.06994],[15.42776,47.0699],[15.42817,47.06976],[15.42839,47.06974],[15.42859,47.06978],[15.42875,47.06983]]]}},{"type":"Feature","properties":{"zone":"02","district":"Gries","rawHours":"Werktags, Montag bis Freitag, von 9.00 Uhr bis 20.00 Uhr und Samstag von 9.00 Uhr bis 13.00 Uhr","rawFee":"Mindestgebühr (halbe Stunde): € 1,30 bis € 7,80 je nach maximaler Parkdauer","note":"Blaue Zone, straßenzugsweise","windows":[{"weekdays":[1,2,3,4,5],"fromMinute":540,"toMinute":1200},{"weekdays":[6],"fromMinute":540,"toMinute":780}],"fee":{"kind":"exact","centsPerHour":260},"unmodelledRules":[],"sourceDefect":null,"spaces":null,"maxStayMinutes":180,"maxStay":null,"maxStayShare":0,"maxStayValues":[],"chargingPoints":0,"carsharing":0},"geometry":{"type":"Polygon","coordinates":[[[15.42779,47.06975],[15.42796,47.06972],[15.42798,47.06979],[15.42781,47.06984],[15.42779,47.06975]]]}},{"type":"Feature","properties":{"zone":"06","district":"St. Leonhard","rawHours":"Werktags, Montag bis Freitag, von 9.00 Uhr bis 20.00 Uhr und Samstag von 9.00 Uhr bis 13.00 Uhr","rawFee":"Mindestgebühr (halbe Stunde): € 1,30 bis € 7,80 je nach maximaler Parkdauer","note":"Blaue Zone, straßenzugsweise","windows":[{"weekdays":[1,2,3,4,5],"fromMinute":540,"toMinute":1200},{"weekdays":[6],"fromMinute":540,"toMinute":780}],"fee":{"kind":"exact","centsPerHour":260},"unmodelledRules":[],"sourceDefect":null,"spaces":null,"maxStayMinutes":180,"maxStay":null,"maxStayShare":0,"maxStayValues":[],"chargingPoints":0,"carsharing":0},"geometry":{"type":"Polygon","coordinates":[[[15.44977,47.06728],[15.44972,47.06733],[15.44811,47.06668],[15.4476,47.06659],[15.44736,47.06659],[15.44736,47.06652],[15.44777,47.06655],[15.44817,47.06665],[15.44977,47.06728]]]}},{"type":"Feature","properties":{"zone":"08","district":"Geidorf","rawHours":"Werktags, Montag bis Freitag, von 9.00 Uhr bis 20.00 Uhr und Samstag von 9.00 Uhr bis 13.00 Uhr","rawFee":"Mindestgebühr (halbe Stunde): € 1,30 bis € 7,80 je nach maximaler Parkdauer","note":"Blaue Zone, straßenzugsweise","windows":[{"weekdays":[1,2,3,4,5],"fromMinute":540,"toMinute":1200},{"weekdays":[6],"fromMinute":540,"toMinute":780}],"fee":{"kind":"exact","centsPerHour":260},"unmodelledRules":[],"sourceDefect":null,"spaces":null,"maxStayMinutes":180,"maxStay":null,"maxStayShare":0,"maxStayValues":[],"chargingPoints":0,"carsharing":0},"geometry":{"type":"Polygon","coordinates":[[[15.45183,47.08097],[15.45343,47.08139],[15.45336,47.08149],[15.45281,47.08135],[15.45286,47.08128],[15.45229,47.08112],[15.45191,47.08104],[15.45186,47.0811],[15.45107,47.08067],[15.45008,47.08005],[15.4496,47.0798],[15.44959,47.07981],[15.44794,47.07909],[15.44769,47.07901],[15.44477,47.07828],[15.4448,47.07823],[15.44781,47.07898],[15.44812,47.07909],[15.44948,47.07967],[15.44983,47.07984],[15.45058,47.08029],[15.45183,47.08097]]]}},{"type":"Feature","properties":{"zone":"07","district":"St. Leonhard","rawHours":"Werktags, Montag bis Freitag, von 9.00 Uhr bis 20.00 Uhr und Samstag von 9.00 Uhr bis 13.00 Uhr","rawFee":"Mindestgebühr (halbe Stunde): € 1,30 bis € 7,80 je nach maximaler Parkdauer","note":"Blaue Zone, straßenzugsweise","windows":[{"weekdays":[1,2,3,4,5],"fromMinute":540,"toMinute":1200},{"weekdays":[6],"fromMinute":540,"toMinute":780}],"fee":{"kind":"exact","centsPerHour":260},"unmodelledRules":[],"sourceDefect":null,"spaces":null,"maxStayMinutes":180,"maxStay":null,"maxStayShare":0,"maxStayValues":[],"chargingPoints":0,"carsharing":0},"geometry":{"type":"Polygon","coordinates":[[[15.45135,47.06807],[15.45138,47.06803],[15.45509,47.06998],[15.45506,47.07003],[15.45135,47.06807]]]}},{"type":"Feature","properties":{"zone":"03","district":"Lend","rawHours":"Werktags, Montag bis Freitag, von 9.00 Uhr bis 20.00 Uhr und Samstag von 9.00 Uhr bis 13.00 Uhr","rawFee":"Mindestgebühr (halbe Stunde): € 1,30 bis € 7,80 je nach maximaler Parkdauer","note":"Blaue Zone, straßenzugsweise","windows":[{"weekdays":[1,2,3,4,5],"fromMinute":540,"toMinute":1200},{"weekdays":[6],"fromMinute":540,"toMinute":780}],"fee":{"kind":"exact","centsPerHour":260},"unmodelledRules":[],"sourceDefect":null,"spaces":null,"maxStayMinutes":180,"maxStay":null,"maxStayShare":0,"maxStayValues":[],"chargingPoints":0,"carsharing":0},"geometry":{"type":"Polygon","coordinates":[[[15.42967,47.07421],[15.42991,47.07442],[15.42983,47.07446],[15.42952,47.07425],[15.429,47.07291],[15.42914,47.07289],[15.42925,47.07324],[15.42961,47.07414],[15.42967,47.07421]]]}},{"type":"Feature","properties":{"zone":"02","district":"Lend","rawHours":"Werktags, Montag bis Freitag, von 9.00 Uhr bis 20.00 Uhr und Samstag von 9.00 Uhr bis 13.00 Uhr","rawFee":"Mindestgebühr (halbe Stunde): € 1,30 bis € 7,80 je nach maximaler Parkdauer","note":"Blaue Zone, straßenzugsweise","windows":[{"weekdays":[1,2,3,4,5],"fromMinute":540,"toMinute":1200},{"weekdays":[6],"fromMinute":540,"toMinute":780}],"fee":{"kind":"exact","centsPerHour":260},"unmodelledRules":[],"sourceDefect":null,"spaces":null,"maxStayMinutes":180,"maxStay":null,"maxStayShare":0,"maxStayValues":[],"chargingPoints":0,"carsharing":0},"geometry":{"type":"Polygon","coordinates":[[[15.42892,47.07222],[15.42886,47.07202],[15.42885,47.0719],[15.42895,47.0719],[15.42896,47.07208],[15.42957,47.07364],[15.42947,47.07365],[15.42892,47.07222]]]}},{"type":"Feature","properties":{"zone":"01","district":"Innere Stadt","rawHours":"Werktags, Montag bis Freitag, von 9.00 Uhr bis 20.00 Uhr und Samstag von 9.00 Uhr bis 13.00 Uhr","rawFee":"Mindestgebühr (halbe Stunde): € 1,30 bis € 7,80 je nach maximaler Parkdauer","note":"Blaue Zone, straßenzugsweise","windows":[{"weekdays":[1,2,3,4,5],"fromMinute":540,"toMinute":1200},{"weekdays":[6],"fromMinute":540,"toMinute":780}],"fee":{"kind":"exact","centsPerHour":260},"unmodelledRules":[],"sourceDefect":null,"spaces":null,"maxStayMinutes":180,"maxStay":null,"maxStayShare":0,"maxStayValues":[],"chargingPoints":0,"carsharing":0},"geometry":{"type":"Polygon","coordinates":[[[15.44572,47.07079],[15.44623,47.07034],[15.44627,47.07036],[15.44611,47.07053],[15.44577,47.07082],[15.44572,47.07079]]]}},{"type":"Feature","properties":{"zone":"03","district":"Lend","rawHours":"Werktags, Montag bis Freitag, von 9.00 Uhr bis 20.00 Uhr und Samstag von 9.00 Uhr bis 13.00 Uhr","rawFee":"Mindestgebühr (halbe Stunde): € 1,30 bis € 7,80 je nach maximaler Parkdauer","note":"Blaue Zone, straßenzugsweise","windows":[{"weekdays":[1,2,3,4,5],"fromMinute":540,"toMinute":1200},{"weekdays":[6],"fromMinute":540,"toMinute":780}],"fee":{"kind":"exact","centsPerHour":260},"unmodelledRules":[],"sourceDefect":null,"spaces":null,"maxStayMinutes":90,"maxStay":null,"maxStayShare":0,"maxStayValues":[],"chargingPoints":0,"carsharing":0},"geometry":{"type":"Polygon","coordinates":[[[15.42995,47.07545],[15.42987,47.07536],[15.43008,47.07514],[15.43017,47.07523],[15.42995,47.07545]]]}},{"type":"Feature","properties":{"zone":"02","district":"Lend","rawHours":"Werktags, Montag bis Freitag, von 9.00 Uhr bis 20.00 Uhr und Samstag von 9.00 Uhr bis 13.00 Uhr","rawFee":"Mindestgebühr (halbe Stunde): € 1,30 bis € 7,80 je nach maximaler Parkdauer","note":"Blaue Zone, straßenzugsweise","windows":[{"weekdays":[1,2,3,4,5],"fromMinute":540,"toMinute":1200},{"weekdays":[6],"fromMinute":540,"toMinute":780}],"fee":{"kind":"exact","centsPerHour":260},"unmodelledRules":[],"sourceDefect":null,"spaces":null,"maxStayMinutes":90,"maxStay":null,"maxStayShare":0,"maxStayValues":[],"chargingPoints":0,"carsharing":0},"geometry":{"type":"Polygon","coordinates":[[[15.43129,47.07515],[15.43125,47.07507],[15.43171,47.07467],[15.43181,47.07461],[15.43186,47.07467],[15.43166,47.07482],[15.43129,47.07515]]]}},{"type":"Feature","properties":{"zone":"02","district":"Lend","rawHours":"Werktags, Montag bis Freitag, von 9.00 Uhr bis 20.00 Uhr und Samstag von 9.00 Uhr bis 13.00 Uhr","rawFee":"Mindestgebühr (halbe Stunde): € 1,30 bis € 7,80 je nach maximaler Parkdauer","note":"Blaue Zone, straßenzugsweise","windows":[{"weekdays":[1,2,3,4,5],"fromMinute":540,"toMinute":1200},{"weekdays":[6],"fromMinute":540,"toMinute":780}],"fee":{"kind":"exact","centsPerHour":260},"unmodelledRules":[],"sourceDefect":null,"spaces":null,"maxStayMinutes":90,"maxStay":null,"maxStayShare":0,"maxStayValues":[],"chargingPoints":0,"carsharing":0},"geometry":{"type":"Polygon","coordinates":[[[15.43089,47.07445],[15.43128,47.07427],[15.4316,47.07417],[15.43165,47.07423],[15.43137,47.07432],[15.43092,47.07454],[15.43089,47.0745],[15.43089,47.07445]]]}},{"type":"Feature","properties":{"zone":"02","district":"Gries","rawHours":"Werktags, Montag bis Freitag, von 9.00 Uhr bis 20.00 Uhr und Samstag von 9.00 Uhr bis 13.00 Uhr","rawFee":"Mindestgebühr (halbe Stunde): € 1,30 bis € 7,80 je nach maximaler Parkdauer","note":"Blaue Zone, straßenzugsweise","windows":[{"weekdays":[1,2,3,4,5],"fromMinute":540,"toMinute":1200},{"weekdays":[6],"fromMinute":540,"toMinute":780}],"fee":{"kind":"exact","centsPerHour":260},"unmodelledRules":[],"sourceDefect":null,"spaces":null,"maxStayMinutes":180,"maxStay":null,"maxStayShare":0,"maxStayValues":[],"chargingPoints":0,"carsharing":0},"geometry":{"type":"Polygon","coordinates":[[[15.42767,47.07017],[15.42771,47.07016],[15.42839,47.0708],[15.42835,47.07082],[15.42778,47.0703],[15.42767,47.07017]]]}},{"type":"Feature","properties":{"zone":"S2","district":"Andritz","rawHours":"Werktags, Montag bis Freitag, von 9.00 Uhr bis 20.00 Uhr und Samstag von 9.00 Uhr bis 13.00 Uhr","rawFee":"Mindestgebühr (halbe Stunde): € 1,30 bis € 7,80 je nach maximaler Parkdauer","note":"Blaue Zone, straßenzugsweise","windows":[{"weekdays":[1,2,3,4,5],"fromMinute":540,"toMinute":1200},{"weekdays":[6],"fromMinute":540,"toMinute":780}],"fee":{"kind":"exact","centsPerHour":260},"unmodelledRules":[],"sourceDefect":null,"spaces":null,"maxStayMinutes":180,"maxStay":null,"maxStayShare":0,"maxStayValues":[],"chargingPoints":0,"carsharing":0},"geometry":{"type":"Polygon","coordinates":[[[15.42101,47.10301],[15.4211,47.10298],[15.42124,47.10315],[15.42123,47.10322],[15.42118,47.10323],[15.42101,47.10301]]]}},{"type":"Feature","properties":{"zone":"S2","district":"Andritz","rawHours":"Werktags, Montag bis Freitag, von 9.00 Uhr bis 20.00 Uhr und Samstag von 9.00 Uhr bis 13.00 Uhr","rawFee":"Mindestgebühr (halbe Stunde): € 1,30 bis € 7,80 je nach maximaler Parkdauer","note":"Blaue Zone, straßenzugsweise","windows":[{"weekdays":[1,2,3,4,5],"fromMinute":540,"toMinute":1200},{"weekdays":[6],"fromMinute":540,"toMinute":780}],"fee":{"kind":"exact","centsPerHour":260},"unmodelledRules":[],"sourceDefect":null,"spaces":null,"maxStayMinutes":180,"maxStay":null,"maxStayShare":0,"maxStayValues":[],"chargingPoints":0,"carsharing":0},"geometry":{"type":"Polygon","coordinates":[[[15.42162,47.10371],[15.42169,47.10373],[15.42154,47.10394],[15.42146,47.104],[15.42142,47.10401],[15.42073,47.10487],[15.42061,47.10504],[15.42058,47.10511],[15.42053,47.1051],[15.42065,47.10489],[15.42078,47.10472],[15.42162,47.10371]]]}},{"type":"Feature","properties":{"zone":"08","district":"Geidorf","rawHours":"Werktags, Montag bis Freitag, von 9.00 Uhr bis 20.00 Uhr und Samstag von 9.00 Uhr bis 13.00 Uhr","rawFee":"Mindestgebühr (halbe Stunde): € 1,30 bis € 7,80 je nach maximaler Parkdauer","note":"Blaue Zone, straßenzugsweise","windows":[{"weekdays":[1,2,3,4,5],"fromMinute":540,"toMinute":1200},{"weekdays":[6],"fromMinute":540,"toMinute":780}],"fee":{"kind":"exact","centsPerHour":260},"unmodelledRules":[],"sourceDefect":null,"spaces":null,"maxStayMinutes":180,"maxStay":null,"maxStayShare":0,"maxStayValues":[],"chargingPoints":0,"carsharing":0},"geometry":{"type":"Polygon","coordinates":[[[15.44377,47.07791],[15.44381,47.07785],[15.44403,47.07793],[15.44784,47.07889],[15.4481,47.07898],[15.44998,47.0798],[15.45051,47.08012],[15.45049,47.08013],[15.45049,47.08016],[15.45067,47.08026],[15.4507,47.08023],[15.45167,47.08081],[15.45163,47.08084],[15.45098,47.0805],[15.45044,47.08018],[15.45,47.07988],[15.44964,47.0797],[15.44827,47.07911],[15.44786,47.07895],[15.44398,47.07798],[15.44377,47.07791]]]}},{"type":"Feature","properties":{"zone":"01","district":"Innere Stadt","rawHours":"Werktags, Montag bis Freitag, von 9.00 Uhr bis 20.00 Uhr und Samstag von 9.00 Uhr bis 13.00 Uhr","rawFee":"Mindestgebühr (halbe Stunde): € 1,30 bis € 7,80 je nach maximaler Parkdauer","note":"Blaue Zone, straßenzugsweise","windows":[{"weekdays":[1,2,3,4,5],"fromMinute":540,"toMinute":1200},{"weekdays":[6],"fromMinute":540,"toMinute":780}],"fee":{"kind":"exact","centsPerHour":260},"unmodelledRules":[],"sourceDefect":null,"spaces":null,"maxStayMinutes":180,"maxStay":null,"maxStayShare":0,"maxStayValues":[],"chargingPoints":0,"carsharing":0},"geometry":{"type":"Polygon","coordinates":[[[15.44552,47.07216],[15.44552,47.07212],[15.4468,47.07211],[15.4468,47.07215],[15.44552,47.07216]]]}},{"type":"Feature","properties":{"zone":"05","district":"St. Leonhard","rawHours":"Werktags, Montag bis Freitag, von 9.00 Uhr bis 20.00 Uhr und Samstag von 9.00 Uhr bis 13.00 Uhr","rawFee":"Mindestgebühr (halbe Stunde): € 1,30 bis € 7,80 je nach maximaler Parkdauer","note":"Blaue Zone, straßenzugsweise","windows":[{"weekdays":[1,2,3,4,5],"fromMinute":540,"toMinute":1200},{"weekdays":[6],"fromMinute":540,"toMinute":780}],"fee":{"kind":"exact","centsPerHour":260},"unmodelledRules":[],"sourceDefect":null,"spaces":null,"maxStayMinutes":180,"maxStay":null,"maxStayShare":0,"maxStayValues":[],"chargingPoints":0,"carsharing":0},"geometry":{"type":"Polygon","coordinates":[[[15.44613,47.06669],[15.4461,47.06657],[15.44618,47.06655],[15.44621,47.06668],[15.44613,47.06669]]]}},{"type":"Feature","properties":{"zone":"05","district":"Jakomini","rawHours":"Werktags, Montag bis Freitag, von 9.00 Uhr bis 20.00 Uhr und Samstag von 9.00 Uhr bis 13.00 Uhr","rawFee":"Mindestgebühr (halbe Stunde): € 1,30 bis € 7,80 je nach maximaler Parkdauer","note":"Blaue Zone, straßenzugsweise","windows":[{"weekdays":[1,2,3,4,5],"fromMinute":540,"toMinute":1200},{"weekdays":[6],"fromMinute":540,"toMinute":780}],"fee":{"kind":"exact","centsPerHour":260},"unmodelledRules":[],"sourceDefect":null,"spaces":null,"maxStayMinutes":180,"maxStay":null,"maxStayShare":0,"maxStayValues":[],"chargingPoints":0,"carsharing":0},"geometry":{"type":"Polygon","coordinates":[[[15.44288,47.06414],[15.44281,47.06413],[15.44297,47.06382],[15.44305,47.06383],[15.44288,47.06414]]]}},{"type":"Feature","properties":{"zone":"02","district":"Gries","rawHours":"Werktags, Montag bis Freitag, von 9.00 Uhr bis 20.00 Uhr und Samstag von 9.00 Uhr bis 13.00 Uhr","rawFee":"Mindestgebühr (halbe Stunde): € 1,30 bis € 7,80 je nach maximaler Parkdauer","note":"Blaue Zone, straßenzugsweise","windows":[{"weekdays":[1,2,3,4,5],"fromMinute":540,"toMinute":1200},{"weekdays":[6],"fromMinute":540,"toMinute":780}],"fee":{"kind":"exact","centsPerHour":260},"unmodelledRules":[],"sourceDefect":null,"spaces":null,"maxStayMinutes":180,"maxStay":null,"maxStayShare":0,"maxStayValues":[],"chargingPoints":0,"carsharing":0},"geometry":{"type":"Polygon","coordinates":[[[15.43048,47.06972],[15.43047,47.06967],[15.43063,47.06965],[15.43076,47.06966],[15.43134,47.06958],[15.43135,47.06962],[15.43132,47.06965],[15.43122,47.06965],[15.43066,47.06972],[15.43048,47.06972]]]}},{"type":"Feature","properties":{"zone":"07","district":"St. Leonhard","rawHours":"Werktags, Montag bis Freitag, von 9.00 Uhr bis 20.00 Uhr und Samstag von 9.00 Uhr bis 13.00 Uhr","rawFee":"Mindestgebühr (halbe Stunde): € 1,30 bis € 7,80 je nach maximaler Parkdauer","note":"Blaue Zone, straßenzugsweise","windows":[{"weekdays":[1,2,3,4,5],"fromMinute":540,"toMinute":1200},{"weekdays":[6],"fromMinute":540,"toMinute":780}],"fee":{"kind":"exact","centsPerHour":260},"unmodelledRules":[],"sourceDefect":null,"spaces":null,"maxStayMinutes":90,"maxStay":null,"maxStayShare":0,"maxStayValues":[],"chargingPoints":0,"carsharing":0},"geometry":{"type":"Polygon","coordinates":[[[15.44728,47.06856],[15.44686,47.06816],[15.4467,47.06804],[15.44641,47.06775],[15.44646,47.06771],[15.44733,47.06853],[15.44728,47.06856]]]}},{"type":"Feature","properties":{"zone":"09","district":"Geidorf","rawHours":"Werktags, Montag bis Freitag, von 9.00 Uhr bis 20.00 Uhr und Samstag von 9.00 Uhr bis 13.00 Uhr","rawFee":"Mindestgebühr (halbe Stunde): € 1,30 bis € 7,80 je nach maximaler Parkdauer","note":"Blaue Zone, straßenzugsweise","windows":[{"weekdays":[1,2,3,4,5],"fromMinute":540,"toMinute":1200},{"weekdays":[6],"fromMinute":540,"toMinute":780}],"fee":{"kind":"exact","centsPerHour":260},"unmodelledRules":[],"sourceDefect":null,"spaces":null,"maxStayMinutes":180,"maxStay":null,"maxStayShare":0,"maxStayValues":[],"chargingPoints":0,"carsharing":0},"geometry":{"type":"Polygon","coordinates":[[[15.44202,47.07974],[15.4399,47.08234],[15.43983,47.08232],[15.44193,47.07971],[15.44202,47.07974]]]}},{"type":"Feature","properties":{"zone":"05","district":"St. Leonhard","rawHours":"Werktags, Montag bis Freitag, von 9.00 Uhr bis 20.00 Uhr und Samstag von 9.00 Uhr bis 13.00 Uhr","rawFee":"Mindestgebühr (halbe Stunde): € 1,30 bis € 7,80 je nach maximaler Parkdauer","note":"Blaue Zone, straßenzugsweise","windows":[{"weekdays":[1,2,3,4,5],"fromMinute":540,"toMinute":1200},{"weekdays":[6],"fromMinute":540,"toMinute":780}],"fee":{"kind":"exact","centsPerHour":260},"unmodelledRules":[],"sourceDefect":null,"spaces":null,"maxStayMinutes":180,"maxStay":null,"maxStayShare":0,"maxStayValues":[],"chargingPoints":0,"carsharing":0},"geometry":{"type":"Polygon","coordinates":[[[15.44632,47.06689],[15.4464,47.06688],[15.44655,47.06754],[15.44645,47.06755],[15.44632,47.06689]]]}},{"type":"Feature","properties":{"zone":"07","district":"St. Leonhard","rawHours":"Werktags, Montag bis Freitag, von 9.00 Uhr bis 20.00 Uhr und Samstag von 9.00 Uhr bis 13.00 Uhr","rawFee":"Mindestgebühr (halbe Stunde): € 1,30 bis € 7,80 je nach maximaler Parkdauer","note":"Blaue Zone, straßenzugsweise","windows":[{"weekdays":[1,2,3,4,5],"fromMinute":540,"toMinute":1200},{"weekdays":[6],"fromMinute":540,"toMinute":780}],"fee":{"kind":"exact","centsPerHour":260},"unmodelledRules":[],"sourceDefect":null,"spaces":null,"maxStayMinutes":180,"maxStay":null,"maxStayShare":0,"maxStayValues":[],"chargingPoints":0,"carsharing":0},"geometry":{"type":"Polygon","coordinates":[[[15.45544,47.07025],[15.45539,47.07029],[15.45274,47.06887],[15.45267,47.06887],[15.45252,47.0688],[15.45251,47.06876],[15.45082,47.06788],[15.45085,47.06783],[15.45544,47.07025]]]}},{"type":"Feature","properties":{"zone":"E","district":"Jakomini","rawHours":"Werktags, Montag bis Freitag von 9.00 bis 20.00 Uhr.","rawFee":"Mindestgebühr (halbe Stunde): € 1,00 Tagesticket (24 Stunden): € 11,00 bis 5-Tages-Ticket: € 55,00","note":"Grüne Zone Schönau, flächendeckend — Tagesticket (24 Stunden) 11,00 € — 5-Tages-Ticket 55,00 €","windows":[{"weekdays":[1,2,3,4,5],"fromMinute":540,"toMinute":1200}],"fee":{"kind":"exact","centsPerHour":200},"unmodelledRules":[],"sourceDefect":null,"spaces":null,"maxStayMinutes":null,"maxStay":null,"maxStayShare":0,"maxStayValues":[],"chargingPoints":0,"carsharing":0},"geometry":{"type":"Polygon","coordinates":[[[15.4377,47.05693],[15.43612,47.05672],[15.43633,47.0559],[15.43661,47.0549],[15.43675,47.05448],[15.43689,47.05417],[15.43713,47.05368],[15.43774,47.05276],[15.43791,47.05258],[15.43845,47.05178],[15.43876,47.052],[15.43892,47.05194],[15.43899,47.05199],[15.43925,47.05211],[15.43974,47.05156],[15.44025,47.05111],[15.44081,47.05098],[15.44114,47.05086],[15.44162,47.04984],[15.44175,47.04961],[15.44225,47.04892],[15.44244,47.04899],[15.44195,47.04967],[15.4418,47.04993],[15.44131,47.05096],[15.44189,47.05076],[15.44188,47.0508],[15.44118,47.05103],[15.44108,47.05125],[15.44131,47.05179],[15.44137,47.05184],[15.44246,47.05231],[15.44359,47.05252],[15.44374,47.05231],[15.44381,47.05232],[15.44384,47.05229],[15.44497,47.05099],[15.44564,47.05018],[15.44583,47.05025],[15.44404,47.05237],[15.44292,47.05366],[15.44293,47.05371],[15.4442,47.05426],[15.44422,47.05425],[15.44472,47.05363],[15.44483,47.05363],[15.44491,47.05368],[15.4454,47.05368],[15.4464,47.05365],[15.44645,47.05363],[15.44762,47.05203],[15.44786,47.05174],[15.44792,47.05165],[15.4481,47.05146],[15.44894,47.05046],[15.44897,47.05047],[15.44933,47.05003],[15.44951,47.0501],[15.44929,47.0504],[15.44876,47.05096],[15.44811,47.05172],[15.44779,47.0521],[15.44756,47.05242],[15.44752,47.05241],[15.4474,47.05256],[15.44745,47.05257],[15.44743,47.0526],[15.44573,47.05493],[15.44716,47.05555],[15.44705,47.05567],[15.44709,47.05574],[15.44544,47.05875],[15.44542,47.05875],[15.44077,47.05821],[15.44051,47.05819],[15.44048,47.05821],[15.43834,47.05796],[15.43834,47.05792],[15.43763,47.05784],[15.43759,47.0578],[15.43784,47.05708],[15.43766,47.05706],[15.4377,47.05693]]]}},{"type":"Feature","properties":{"zone":"C","district":"Waltendorf","rawHours":"Werktags, Montag bis Freitag von 9.00 bis 20.00 Uhr.","rawFee":"Mindestgebühr (halbe Stunde): € 1,00 Tagesticket (24 Stunden): € 11,00 bis 5-Tages-Ticket: € 55,00","note":"Grüne Zone Eisteich, flächendeckend — Tagesticket (24 Stunden) 11,00 € — 5-Tages-Ticket 55,00 €","windows":[{"weekdays":[1,2,3,4,5],"fromMinute":540,"toMinute":1200}],"fee":{"kind":"exact","centsPerHour":200},"unmodelledRules":[],"sourceDefect":null,"spaces":null,"maxStayMinutes":null,"maxStay":null,"maxStayShare":0,"maxStayValues":[],"chargingPoints":0,"carsharing":0},"geometry":{"type":"MultiPolygon","coordinates":[[[[15.4688,47.06655],[15.46828,47.06666],[15.46794,47.06669],[15.46716,47.06655],[15.46636,47.06632],[15.46606,47.06616],[15.46581,47.06591],[15.46569,47.06567],[15.46512,47.06506],[15.46509,47.065],[15.46488,47.0649],[15.46543,47.06392],[15.46549,47.06393],[15.46552,47.06388],[15.46547,47.06385],[15.46576,47.06346],[15.46578,47.06339],[15.46639,47.06266],[15.46691,47.06206],[15.46722,47.0618],[15.46763,47.06148],[15.46909,47.06039],[15.46916,47.06039],[15.46925,47.06028],[15.46977,47.06046],[15.46997,47.06056],[15.47026,47.06074],[15.47071,47.06108],[15.47175,47.06172],[15.47188,47.06171],[15.47276,47.06115],[15.47303,47.06092],[15.47316,47.06083],[15.4732,47.06088],[15.47289,47.06117],[15.47213,47.06164],[15.47239,47.06187],[15.47323,47.06246],[15.47317,47.06249],[15.47289,47.06238],[15.47216,47.06323],[15.47222,47.06325],[15.47168,47.06384],[15.47114,47.0641],[15.47078,47.06453],[15.47062,47.06485],[15.47037,47.06494],[15.46948,47.06541],[15.46943,47.0655],[15.4695,47.06551],[15.46932,47.06586],[15.46916,47.06625],[15.46906,47.06642],[15.46889,47.06641],[15.4688,47.06655]]],[[[15.46687,47.06162],[15.46681,47.06169],[15.46684,47.06176],[15.46674,47.06191],[15.46545,47.06348],[15.46525,47.06375],[15.4648,47.06451],[15.46466,47.06472],[15.46459,47.06479],[15.46371,47.0654],[15.46344,47.06531],[15.46382,47.06496],[15.46408,47.06475],[15.46383,47.06465],[15.46404,47.06436],[15.46458,47.06351],[15.46533,47.06243],[15.46623,47.06147],[15.46644,47.06145],[15.46687,47.06162]]]]}},{"type":"Feature","properties":{"zone":"J","district":"Mariatrost","rawHours":"Werktags, Montag bis Freitag von 9.00 bis 20.00 Uhr.","rawFee":"Mindestgebühr (halbe Stunde): € 1,00 Tagesticket (24 Stunden): € 11,00 bis 5-Tages-Ticket: € 55,00","note":"Grüne Zone Mariatrost, flächendeckend — Tagesticket (24 Stunden) 11,00 € — 5-Tages-Ticket 55,00 €","windows":[{"weekdays":[1,2,3,4,5],"fromMinute":540,"toMinute":1200}],"fee":{"kind":"exact","centsPerHour":200},"unmodelledRules":[],"sourceDefect":null,"spaces":null,"maxStayMinutes":null,"maxStay":null,"maxStayShare":0,"maxStayValues":[],"chargingPoints":0,"carsharing":0},"geometry":{"type":"Polygon","coordinates":[[[15.48945,47.1049],[15.49016,47.10491],[15.49022,47.10516],[15.49019,47.10526],[15.49009,47.1054],[15.48991,47.10561],[15.48982,47.10557],[15.4898,47.10561],[15.48966,47.10519],[15.48957,47.1052],[15.48945,47.1049]]]}},{"type":"Feature","properties":{"zone":"J","district":"Mariatrost","rawHours":"Werktags, Montag bis Freitag von 9.00 bis 20.00 Uhr.","rawFee":"Mindestgebühr (halbe Stunde): € 1,00 Tagesticket (24 Stunden): € 11,00 bis 5-Tages-Ticket: € 55,00","note":"Grüne Zone Mariatrost, flächendeckend — Tagesticket (24 Stunden) 11,00 € — 5-Tages-Ticket 55,00 €","windows":[{"weekdays":[1,2,3,4,5],"fromMinute":540,"toMinute":1200}],"fee":{"kind":"exact","centsPerHour":200},"unmodelledRules":[],"sourceDefect":null,"spaces":null,"maxStayMinutes":null,"maxStay":null,"maxStayShare":0,"maxStayValues":[],"chargingPoints":0,"carsharing":0},"geometry":{"type":"Polygon","coordinates":[[[15.47362,47.0989],[15.47408,47.09824],[15.4742,47.09827],[15.47374,47.09893],[15.47362,47.0989]]]}},{"type":"Feature","properties":{"zone":"I","district":"Geidorf","rawHours":"Werktags, Montag bis Freitag von 9.00 bis 20.00 Uhr.","rawFee":"Mindestgebühr (halbe Stunde): € 1,00 Tagesticket (24 Stunden): € 11,00 bis 5-Tages-Ticket: € 55,00","note":"Grüne Zone Geidorf, flächendeckend — Tagesticket (24 Stunden) 11,00 € — 5-Tages-Ticket 55,00 €","windows":[{"weekdays":[1,2,3,4,5],"fromMinute":540,"toMinute":1200}],"fee":{"kind":"exact","centsPerHour":200},"unmodelledRules":[],"sourceDefect":null,"spaces":null,"maxStayMinutes":null,"maxStay":null,"maxStayShare":0,"maxStayValues":[],"chargingPoints":0,"carsharing":0},"geometry":{"type":"Polygon","coordinates":[[[15.42845,47.09148],[15.42844,47.09152],[15.42842,47.09155],[15.42661,47.09284],[15.42625,47.09309],[15.42598,47.09324],[15.42572,47.09338],[15.42377,47.09415],[15.42369,47.09416],[15.42364,47.09422],[15.42353,47.09427],[15.42346,47.09426],[15.42318,47.09431],[15.42311,47.09435],[15.42288,47.09452],[15.42285,47.09459],[15.42159,47.09515],[15.42109,47.09543],[15.42104,47.09537],[15.42098,47.09539],[15.42046,47.09527],[15.42017,47.09523],[15.42005,47.0955],[15.41999,47.09561],[15.41999,47.09569],[15.42001,47.09569],[15.41996,47.0958],[15.41994,47.0958],[15.41987,47.09606],[15.41983,47.09613],[15.41959,47.09642],[15.41964,47.09644],[15.41938,47.09671],[15.41873,47.09721],[15.41854,47.09714],[15.41866,47.09708],[15.41908,47.09678],[15.41921,47.09662],[15.41861,47.09616],[15.41843,47.09627],[15.41742,47.09553],[15.41761,47.09533],[15.41792,47.09494],[15.41843,47.09435],[15.41872,47.09406],[15.41869,47.09402],[15.41893,47.09373],[15.41927,47.09341],[15.42008,47.0927],[15.42014,47.09262],[15.42031,47.09241],[15.42048,47.09228],[15.42057,47.09217],[15.42176,47.09092],[15.42237,47.09023],[15.42361,47.08815],[15.42407,47.08729],[15.42436,47.08736],[15.42479,47.08749],[15.4248,47.08747],[15.42548,47.08769],[15.42547,47.08772],[15.42633,47.08799],[15.4264,47.08802],[15.4264,47.08805],[15.42657,47.08809],[15.42674,47.08789],[15.42688,47.08778],[15.42704,47.08791],[15.42698,47.088],[15.42709,47.08803],[15.42716,47.08795],[15.42736,47.08802],[15.42784,47.08766],[15.42856,47.0879],[15.4284,47.08813],[15.42881,47.08827],[15.4285,47.08871],[15.42878,47.08877],[15.42891,47.08885],[15.42956,47.08917],[15.42973,47.08927],[15.43004,47.0895],[15.43011,47.0895],[15.43043,47.0893],[15.43066,47.08911],[15.43138,47.08918],[15.43153,47.08905],[15.43217,47.08906],[15.4323,47.08908],[15.43235,47.08917],[15.43134,47.09006],[15.43109,47.09035],[15.43072,47.09069],[15.43027,47.09094],[15.42997,47.09105],[15.42906,47.09126],[15.42866,47.09141],[15.42854,47.09141],[15.42845,47.09148]]]}},{"type":"Feature","properties":{"zone":"J","district":"Mariatrost","rawHours":"Werktags, Montag bis Freitag von 9.00 bis 20.00 Uhr.","rawFee":"Mindestgebühr (halbe Stunde): € 1,00 Tagesticket (24 Stunden): € 11,00 bis 5-Tages-Ticket: € 55,00","note":"Grüne Zone Mariatrost, flächendeckend — Tagesticket (24 Stunden) 11,00 € — 5-Tages-Ticket 55,00 €","windows":[{"weekdays":[1,2,3,4,5],"fromMinute":540,"toMinute":1200}],"fee":{"kind":"exact","centsPerHour":200},"unmodelledRules":[],"sourceDefect":null,"spaces":null,"maxStayMinutes":null,"maxStay":null,"maxStayShare":0,"maxStayValues":[],"chargingPoints":0,"carsharing":0},"geometry":{"type":"Polygon","coordinates":[[[15.4605,47.08778],[15.46264,47.08787],[15.46284,47.08823],[15.46296,47.08897],[15.46267,47.08955],[15.46259,47.08958],[15.46264,47.08965],[15.46267,47.09049],[15.46278,47.09073],[15.46282,47.09077],[15.4635,47.09122],[15.46355,47.09131],[15.4646,47.09204],[15.46497,47.0924],[15.46602,47.0931],[15.4672,47.09365],[15.46784,47.094],[15.4687,47.09475],[15.46925,47.09503],[15.46949,47.09522],[15.46973,47.09562],[15.46992,47.09598],[15.46984,47.09632],[15.46962,47.09659],[15.46913,47.09667],[15.46841,47.09713],[15.46777,47.09733],[15.46771,47.09727],[15.4676,47.09725],[15.46679,47.09637],[15.4664,47.096],[15.46615,47.09579],[15.46588,47.09562],[15.46505,47.09518],[15.46446,47.09484],[15.46441,47.09484],[15.46402,47.09462],[15.46401,47.09458],[15.46394,47.09454],[15.46392,47.09456],[15.46307,47.09403],[15.46308,47.09401],[15.463,47.09397],[15.46298,47.09398],[15.46229,47.0935],[15.46108,47.0925],[15.4611,47.09249],[15.46103,47.09243],[15.46074,47.09217],[15.46049,47.09189],[15.4605,47.09185],[15.46046,47.0918],[15.46041,47.09179],[15.46027,47.09158],[15.46023,47.0915],[15.46021,47.09151],[15.46003,47.09069],[15.45995,47.09053],[15.45986,47.09043],[15.45975,47.09022],[15.45976,47.09023],[15.45974,47.09016],[15.45972,47.09016],[15.45975,47.08989],[15.45986,47.08955],[15.46,47.08932],[15.46002,47.08925],[15.45997,47.08923],[15.45999,47.08918],[15.45983,47.08916],[15.45963,47.08972],[15.45962,47.08974],[15.45937,47.08982],[15.45908,47.08941],[15.45903,47.08937],[15.45907,47.08936],[15.45882,47.08902],[15.45866,47.0887],[15.4586,47.08852],[15.45855,47.0885],[15.45856,47.08845],[15.45857,47.08845],[15.45853,47.08831],[15.45835,47.08806],[15.45828,47.08798],[15.45821,47.08798],[15.45819,47.08793],[15.45821,47.08791],[15.45773,47.08735],[15.45791,47.08724],[15.45896,47.08695],[15.45902,47.08688],[15.46066,47.08659],[15.46068,47.08661],[15.46067,47.08696],[15.46064,47.0873],[15.46059,47.08753],[15.4605,47.08778]]]}},{"type":"Feature","properties":{"zone":"J","district":"Mariatrost","rawHours":"Werktags, Montag bis Freitag von 9.00 bis 20.00 Uhr.","rawFee":"Mindestgebühr (halbe Stunde): € 1,00 Tagesticket (24 Stunden): € 11,00 bis 5-Tages-Ticket: € 55,00","note":"Grüne Zone Mariatrost, flächendeckend — Tagesticket (24 Stunden) 11,00 € — 5-Tages-Ticket 55,00 €","windows":[{"weekdays":[1,2,3,4,5],"fromMinute":540,"toMinute":1200}],"fee":{"kind":"exact","centsPerHour":200},"unmodelledRules":[],"sourceDefect":null,"spaces":null,"maxStayMinutes":null,"maxStay":null,"maxStayShare":0,"maxStayValues":[],"chargingPoints":0,"carsharing":0},"geometry":{"type":"Polygon","coordinates":[[[15.48821,47.10553],[15.48837,47.10574],[15.48834,47.10584],[15.48835,47.10616],[15.48844,47.10646],[15.48845,47.10656],[15.48849,47.10663],[15.48842,47.10666],[15.4883,47.10654],[15.48822,47.10642],[15.48816,47.10631],[15.48809,47.10605],[15.48811,47.10588],[15.48821,47.10553]]]}},{"type":"Feature","properties":{"zone":"A","district":"Geidorf","rawHours":"Werktags, Montag bis Freitag von 9.00 bis 20.00 Uhr.","rawFee":"Mindestgebühr (halbe Stunde): € 1,00 Tagesticket (24 Stunden): € 11,00 bis 5-Tages-Ticket: € 55,00","note":"Grüne Zone Kreuzgasse, flächendeckend — Tagesticket (24 Stunden) 11,00 € — 5-Tages-Ticket 55,00 €","windows":[{"weekdays":[1,2,3,4,5],"fromMinute":540,"toMinute":1200}],"fee":{"kind":"exact","centsPerHour":200},"unmodelledRules":[],"sourceDefect":null,"spaces":null,"maxStayMinutes":null,"maxStay":null,"maxStayShare":0,"maxStayValues":[],"chargingPoints":0,"carsharing":0},"geometry":{"type":"Polygon","coordinates":[[[15.44469,47.0823],[15.44435,47.08361],[15.44428,47.08399],[15.44417,47.08432],[15.44403,47.08453],[15.4436,47.08485],[15.44298,47.08525],[15.443,47.08527],[15.44296,47.0853],[15.44337,47.08556],[15.44422,47.08596],[15.44431,47.08606],[15.44433,47.08611],[15.44432,47.08621],[15.44409,47.08675],[15.44402,47.08688],[15.44392,47.08711],[15.4438,47.08717],[15.4432,47.08736],[15.44317,47.08723],[15.44318,47.08686],[15.4432,47.08686],[15.4432,47.08682],[15.44316,47.08662],[15.44298,47.08635],[15.44284,47.08617],[15.44282,47.08618],[15.44247,47.08573],[15.44241,47.08573],[15.44152,47.08648],[15.44073,47.08702],[15.44076,47.08719],[15.44073,47.08719],[15.44072,47.0872],[15.44069,47.08719],[15.44063,47.08713],[15.44053,47.08707],[15.44061,47.08699],[15.44063,47.08691],[15.4387,47.08544],[15.43835,47.08522],[15.43831,47.08518],[15.43815,47.08509],[15.43793,47.08498],[15.43789,47.08499],[15.43783,47.08505],[15.43759,47.08558],[15.43741,47.08553],[15.43737,47.08556],[15.43701,47.08552],[15.43743,47.08419],[15.43749,47.08408],[15.43799,47.0833],[15.43804,47.08309],[15.43811,47.08273],[15.43814,47.08247],[15.43813,47.08232],[15.43831,47.08232],[15.43859,47.08235],[15.43956,47.08264],[15.43951,47.08269],[15.43968,47.08275],[15.43975,47.08273],[15.44095,47.08316],[15.44097,47.08321],[15.44111,47.08325],[15.44122,47.08326],[15.44131,47.08314],[15.44128,47.08307],[15.44251,47.08156],[15.4443,47.08208],[15.44438,47.08208],[15.44458,47.08212],[15.44452,47.08228],[15.44469,47.0823]]]}},{"type":"Feature","properties":{"zone":"G","district":"Eggenberg","rawHours":"Werktags, Montag bis Freitag von 9.00 bis 20.00 Uhr.","rawFee":"Mindestgebühr (halbe Stunde): € 1,00 Tagesticket (24 Stunden): € 11,00 bis 5-Tages-Ticket: € 55,00","note":"Grüne Zone Eggenberg, flächendeckend — Tagesticket (24 Stunden) 11,00 € — 5-Tages-Ticket 55,00 €","windows":[{"weekdays":[1,2,3,4,5],"fromMinute":540,"toMinute":1200}],"fee":{"kind":"exact","centsPerHour":200},"unmodelledRules":[],"sourceDefect":null,"spaces":null,"maxStayMinutes":null,"maxStay":null,"maxStayShare":0,"maxStayValues":[],"chargingPoints":0,"carsharing":0},"geometry":{"type":"Polygon","coordinates":[[[15.40961,47.06822],[15.40965,47.06823],[15.40961,47.06835],[15.40965,47.06836],[15.40969,47.0684],[15.40924,47.06991],[15.40906,47.07012],[15.40911,47.07013],[15.40913,47.07015],[15.40911,47.07022],[15.40934,47.07025],[15.40936,47.0702],[15.40943,47.07021],[15.40943,47.0702],[15.40971,47.07024],[15.40972,47.07022],[15.41015,47.07028],[15.41021,47.07025],[15.41295,47.07058],[15.41298,47.07061],[15.41294,47.07074],[15.41315,47.07077],[15.41318,47.07067],[15.41468,47.07085],[15.41465,47.07092],[15.41485,47.07095],[15.41429,47.07275],[15.4143,47.07276],[15.41349,47.07515],[15.41328,47.07512],[15.41323,47.07513],[15.41319,47.07525],[15.40784,47.07433],[15.40767,47.07428],[15.40562,47.07431],[15.40486,47.07434],[15.40486,47.07436],[15.40471,47.07436],[15.40468,47.07434],[15.40141,47.07443],[15.40136,47.07432],[15.40132,47.07432],[15.40108,47.07373],[15.40106,47.07365],[15.40105,47.07365],[15.40091,47.07334],[15.40091,47.07332],[15.39831,47.07445],[15.39742,47.07487],[15.39668,47.07527],[15.39655,47.07515],[15.39729,47.07477],[15.39676,47.07421],[15.39674,47.07421],[15.39503,47.07267],[15.39503,47.0726],[15.39492,47.07246],[15.39549,47.07223],[15.39551,47.0722],[15.39458,47.07134],[15.3942,47.07067],[15.39414,47.07065],[15.3944,47.0706],[15.39436,47.07064],[15.3947,47.07125],[15.39491,47.07145],[15.39499,47.07147],[15.39736,47.0707],[15.39791,47.07127],[15.39805,47.07122],[15.39808,47.07125],[15.39814,47.07126],[15.39915,47.07088],[15.39936,47.07081],[15.39939,47.07075],[15.39912,47.07025],[15.39934,47.07019],[15.39895,47.06946],[15.39896,47.06945],[15.3989,47.06932],[15.39887,47.06931],[15.39864,47.06888],[15.39868,47.06885],[15.3986,47.06872],[15.39987,47.06852],[15.39987,47.06851],[15.40002,47.06849],[15.40003,47.0685],[15.40121,47.06832],[15.40122,47.0683],[15.40122,47.06826],[15.4014,47.06824],[15.40141,47.06827],[15.40144,47.06829],[15.40274,47.06818],[15.40276,47.06817],[15.40282,47.06736],[15.40296,47.06736],[15.4029,47.06817],[15.40292,47.06818],[15.40443,47.06815],[15.40445,47.06813],[15.40445,47.06808],[15.40461,47.06808],[15.40461,47.06813],[15.40463,47.06814],[15.40812,47.06807],[15.40961,47.06822]]]}},{"type":"Feature","properties":{"zone":"J","district":"Mariatrost","rawHours":"Werktags, Montag bis Freitag von 9.00 bis 20.00 Uhr.","rawFee":"Mindestgebühr (halbe Stunde): € 1,00 Tagesticket (24 Stunden): € 11,00 bis 5-Tages-Ticket: € 55,00","note":"Grüne Zone Mariatrost, flächendeckend — Tagesticket (24 Stunden) 11,00 € — 5-Tages-Ticket 55,00 €","windows":[{"weekdays":[1,2,3,4,5],"fromMinute":540,"toMinute":1200}],"fee":{"kind":"exact","centsPerHour":200},"unmodelledRules":[],"sourceDefect":null,"spaces":null,"maxStayMinutes":null,"maxStay":null,"maxStayShare":0,"maxStayValues":[],"chargingPoints":0,"carsharing":0},"geometry":{"type":"Polygon","coordinates":[[[15.48555,47.10339],[15.48616,47.10329],[15.48765,47.10314],[15.48774,47.1032],[15.48766,47.10323],[15.48612,47.10337],[15.48564,47.10345],[15.48555,47.10339]]]}},{"type":"Feature","properties":{"zone":"D","district":"Jakomini","rawHours":"Werktags, Montag bis Freitag von 9.00 bis 20.00 Uhr.","rawFee":"Mindestgebühr (halbe Stunde): € 1,00 Tagesticket (24 Stunden): € 11,00 bis 5-Tages-Ticket: € 55,00","note":"Grüne Zone Messe, flächendeckend — Tagesticket (24 Stunden) 11,00 € — 5-Tages-Ticket 55,00 €","windows":[{"weekdays":[1,2,3,4,5],"fromMinute":540,"toMinute":1200}],"fee":{"kind":"exact","centsPerHour":200},"unmodelledRules":[],"sourceDefect":null,"spaces":null,"maxStayMinutes":null,"maxStay":null,"maxStayShare":0,"maxStayValues":[],"chargingPoints":0,"carsharing":0},"geometry":{"type":"MultiPolygon","coordinates":[[[[15.46352,47.06552],[15.46263,47.06521],[15.46141,47.06472],[15.46136,47.06469],[15.46118,47.06462],[15.46117,47.06463],[15.46035,47.0643],[15.46028,47.06427],[15.46029,47.06425],[15.45865,47.06357],[15.4586,47.06363],[15.45701,47.063],[15.45682,47.06297],[15.45671,47.0629],[15.45664,47.06296],[15.45617,47.06277],[15.45493,47.06233],[15.45502,47.06221],[15.4521,47.06105],[15.45195,47.06103],[15.45189,47.06105],[15.45168,47.06105],[15.45173,47.06071],[15.45095,47.06067],[15.45091,47.06046],[15.44583,47.05888],[15.44578,47.05881],[15.44725,47.05613],[15.44751,47.05591],[15.44767,47.05576],[15.44764,47.0557],[15.4473,47.05556],[15.44753,47.05538],[15.44919,47.05318],[15.45213,47.04923],[15.45237,47.0493],[15.45298,47.04848],[15.45299,47.04848],[15.45333,47.04803],[15.45348,47.04787],[15.45356,47.04784],[15.45392,47.04785],[15.45395,47.0478],[15.45407,47.04783],[15.45415,47.04747],[15.45462,47.04747],[15.45482,47.04745],[15.455,47.04747],[15.45501,47.04742],[15.45551,47.04737],[15.45577,47.04739],[15.45564,47.04811],[15.45582,47.04813],[15.45573,47.04865],[15.4557,47.04927],[15.45572,47.04928],[15.45576,47.04932],[15.4557,47.04937],[15.4556,47.05045],[15.45563,47.05046],[15.45561,47.05057],[15.45557,47.05057],[15.45537,47.05159],[15.45518,47.05156],[15.45515,47.05172],[15.45478,47.05226],[15.45477,47.05233],[15.45449,47.05284],[15.45443,47.05289],[15.45439,47.05317],[15.45439,47.05326],[15.45435,47.05327],[15.45436,47.0533],[15.45441,47.05329],[15.45447,47.05344],[15.45443,47.05344],[15.45459,47.05372],[15.45466,47.05372],[15.4547,47.0539],[15.4547,47.05402],[15.45491,47.05401],[15.45504,47.05402],[15.45628,47.05444],[15.45629,47.05446],[15.45627,47.0545],[15.45644,47.05455],[15.45644,47.05454],[15.45653,47.05453],[15.46128,47.05643],[15.46139,47.05633],[15.4629,47.05694],[15.46335,47.05709],[15.4634,47.05709],[15.46371,47.05687],[15.4644,47.05648],[15.46386,47.05625],[15.46391,47.0562],[15.46363,47.05607],[15.46367,47.05603],[15.46399,47.05617],[15.46401,47.05625],[15.46515,47.05674],[15.46511,47.05678],[15.4645,47.05653],[15.46386,47.05692],[15.46358,47.05712],[15.46357,47.05717],[15.46479,47.0577],[15.46486,47.05769],[15.46547,47.05708],[15.46563,47.05715],[15.46538,47.05746],[15.46506,47.05777],[15.46508,47.05782],[15.46651,47.05849],[15.46843,47.05934],[15.4682,47.05937],[15.4682,47.0594],[15.46797,47.05944],[15.46696,47.05951],[15.46605,47.05959],[15.46437,47.05996],[15.4639,47.05975],[15.46377,47.05987],[15.46415,47.06005],[15.46398,47.0601],[15.46404,47.0602],[15.46389,47.06026],[15.4639,47.06038],[15.46431,47.06058],[15.46432,47.06056],[15.46565,47.06115],[15.46687,47.06162],[15.46681,47.06169],[15.46684,47.06176],[15.46674,47.06191],[15.46545,47.06348],[15.46525,47.06375],[15.4648,47.06451],[15.46466,47.06472],[15.46459,47.06479],[15.46371,47.0654],[15.46362,47.06539],[15.46352,47.06552]]],[[[15.46484,47.06505],[15.46458,47.06541],[15.46435,47.06579],[15.46415,47.06576],[15.46376,47.06564],[15.4638,47.06558],[15.464,47.0654],[15.4645,47.06505],[15.46468,47.06501],[15.46484,47.06505]]]]}},{"type":"Feature","properties":{"zone":"D","district":"St. Peter","rawHours":"Werktags, Montag bis Freitag von 9.00 bis 20.00 Uhr.","rawFee":"Mindestgebühr (halbe Stunde): € 1,00 Tagesticket (24 Stunden): € 11,00 bis 5-Tages-Ticket: € 55,00","note":"Grüne Zone Messe, flächendeckend — Tagesticket (24 Stunden) 11,00 € — 5-Tages-Ticket 55,00 €","windows":[{"weekdays":[1,2,3,4,5],"fromMinute":540,"toMinute":1200}],"fee":{"kind":"exact","centsPerHour":200},"unmodelledRules":[],"sourceDefect":null,"spaces":null,"maxStayMinutes":null,"maxStay":null,"maxStayShare":0,"maxStayValues":[],"chargingPoints":0,"carsharing":0},"geometry":{"type":"Polygon","coordinates":[[[15.47218,47.05711],[15.47392,47.05755],[15.47388,47.0576],[15.47294,47.05735],[15.47291,47.05737],[15.47253,47.05808],[15.47248,47.05809],[15.47245,47.05806],[15.47283,47.05735],[15.47282,47.05733],[15.47216,47.05716],[15.47218,47.05711]]]}},{"type":"Feature","properties":{"zone":"C","district":"Waltendorf","rawHours":"Werktags, Montag bis Freitag von 9.00 bis 20.00 Uhr.","rawFee":"Mindestgebühr (halbe Stunde): € 1,00 Tagesticket (24 Stunden): € 11,00 bis 5-Tages-Ticket: € 55,00","note":"Grüne Zone Ruckerlberg, flächendeckend — Tagesticket (24 Stunden) 11,00 € — 5-Tages-Ticket 55,00 €","windows":[{"weekdays":[1,2,3,4,5],"fromMinute":540,"toMinute":1200}],"fee":{"kind":"exact","centsPerHour":200},"unmodelledRules":[],"sourceDefect":null,"spaces":null,"maxStayMinutes":null,"maxStay":null,"maxStayShare":0,"maxStayValues":[],"chargingPoints":0,"carsharing":0},"geometry":{"type":"Polygon","coordinates":[[[15.46557,47.07112],[15.4651,47.07099],[15.46479,47.07095],[15.46453,47.07093],[15.46402,47.07084],[15.46321,47.07063],[15.46279,47.07049],[15.46268,47.07042],[15.46262,47.07036],[15.4626,47.07031],[15.46248,47.07023],[15.46125,47.06987],[15.45955,47.06924],[15.45943,47.06917],[15.46051,47.06846],[15.46056,47.06846],[15.46065,47.06841],[15.46064,47.06838],[15.46172,47.06768],[15.46179,47.06768],[15.46189,47.0676],[15.46187,47.06758],[15.46258,47.06687],[15.46283,47.06662],[15.46288,47.06663],[15.46291,47.06657],[15.46289,47.06654],[15.46303,47.0664],[15.46315,47.06631],[15.46353,47.06599],[15.46357,47.06591],[15.46356,47.06591],[15.4638,47.06558],[15.464,47.0654],[15.4645,47.06505],[15.46468,47.06501],[15.46484,47.06505],[15.46514,47.06521],[15.46539,47.06546],[15.46558,47.06566],[15.4658,47.06607],[15.46601,47.06624],[15.46598,47.06632],[15.46719,47.06666],[15.46721,47.06668],[15.4672,47.0667],[15.4673,47.06672],[15.46732,47.06669],[15.46791,47.0668],[15.46813,47.06681],[15.46819,47.06677],[15.46892,47.06665],[15.46922,47.06669],[15.46925,47.06672],[15.47,47.06686],[15.47015,47.06693],[15.47054,47.067],[15.47058,47.06705],[15.47068,47.06706],[15.47075,47.06704],[15.47134,47.06714],[15.47138,47.06719],[15.47147,47.06744],[15.47157,47.06742],[15.47162,47.06755],[15.47169,47.068],[15.4718,47.06814],[15.47196,47.06841],[15.47201,47.06847],[15.47194,47.06849],[15.47191,47.06846],[15.47174,47.06845],[15.47161,47.06841],[15.4704,47.06803],[15.47017,47.0686],[15.46992,47.06877],[15.46922,47.06863],[15.4684,47.06912],[15.46803,47.06923],[15.4676,47.0694],[15.46713,47.06981],[15.46807,47.07025],[15.4688,47.07064],[15.46852,47.07168],[15.46849,47.07196],[15.4685,47.07202],[15.46857,47.07212],[15.46898,47.0724],[15.46891,47.07245],[15.46845,47.07216],[15.46842,47.07211],[15.46839,47.07202],[15.46843,47.07169],[15.46865,47.07081],[15.46864,47.07067],[15.46862,47.07064],[15.46855,47.07059],[15.4681,47.07034],[15.4678,47.07021],[15.4677,47.07021],[15.46689,47.07038],[15.46649,47.07045],[15.46623,47.07061],[15.46611,47.07075],[15.46613,47.07076],[15.46591,47.07106],[15.46582,47.07103],[15.46569,47.07111],[15.46561,47.0711],[15.46557,47.07112]]]}},{"type":"Feature","properties":{"zone":"B","district":"Geidorf","rawHours":"Werktags, Montag bis Freitag von 9.00 bis 20.00 Uhr.","rawFee":"Mindestgebühr (halbe Stunde): € 1,00 Tagesticket (24 Stunden): € 11,00 bis 5-Tages-Ticket: € 55,00","note":"Grüne Zone Hilmteich, flächendeckend — Tagesticket (24 Stunden) 11,00 € — 5-Tages-Ticket 55,00 €","windows":[{"weekdays":[1,2,3,4,5],"fromMinute":540,"toMinute":1200}],"fee":{"kind":"exact","centsPerHour":200},"unmodelledRules":[],"sourceDefect":null,"spaces":null,"maxStayMinutes":null,"maxStay":null,"maxStayShare":0,"maxStayValues":[],"chargingPoints":0,"carsharing":0},"geometry":{"type":"Polygon","coordinates":[[[15.44778,47.08829],[15.44796,47.08811],[15.44812,47.08797],[15.44823,47.08792],[15.44871,47.08785],[15.44895,47.08775],[15.44955,47.08741],[15.45077,47.08666],[15.45137,47.08626],[15.4525,47.08566],[15.45406,47.0854],[15.45408,47.08549],[15.45284,47.0857],[15.45281,47.08575],[15.45295,47.08591],[15.45286,47.08594],[15.45271,47.08577],[15.45263,47.08573],[15.45258,47.08574],[15.45151,47.08631],[15.45047,47.087],[15.44915,47.08777],[15.44907,47.08786],[15.44902,47.08798],[15.44899,47.08814],[15.44892,47.08814],[15.44845,47.088],[15.44821,47.08804],[15.4481,47.08812],[15.4479,47.08834],[15.44776,47.08881],[15.4477,47.08907],[15.44756,47.08905],[15.44759,47.08885],[15.44762,47.08879],[15.44767,47.08857],[15.44767,47.08842],[15.44764,47.08838],[15.44772,47.08834],[15.44778,47.08829]]]}},{"type":"Feature","properties":{"zone":"H","district":"Lend","rawHours":"Werktags, Montag bis Freitag von 9.00 bis 20.00 Uhr.","rawFee":"Mindestgebühr (halbe Stunde): € 1,00 Tagesticket (24 Stunden): € 11,00 bis 5-Tages-Ticket: € 55,00","note":"Grüne Zone Floßlend, flächendeckend — Tagesticket (24 Stunden) 11,00 € — 5-Tages-Ticket 55,00 €","windows":[{"weekdays":[1,2,3,4,5],"fromMinute":540,"toMinute":1200}],"fee":{"kind":"exact","centsPerHour":200},"unmodelledRules":[],"sourceDefect":null,"spaces":null,"maxStayMinutes":null,"maxStay":null,"maxStayShare":0,"maxStayValues":[],"chargingPoints":0,"carsharing":0},"geometry":{"type":"MultiPolygon","coordinates":[[[[15.42436,47.08541],[15.42338,47.08673],[15.42286,47.08659],[15.42262,47.08651],[15.42259,47.08647],[15.42236,47.08641],[15.42224,47.08639],[15.42092,47.08595],[15.42098,47.08587],[15.42217,47.08505],[15.42176,47.08511],[15.42169,47.08514],[15.42094,47.08566],[15.42084,47.08575],[15.42066,47.08584],[15.42042,47.08577],[15.42036,47.08572],[15.42026,47.08572],[15.41838,47.08484],[15.41818,47.08474],[15.41821,47.08472],[15.4182,47.08469],[15.41821,47.08468],[15.41803,47.08458],[15.41787,47.08456],[15.41765,47.08446],[15.41585,47.08347],[15.41576,47.08338],[15.41569,47.08335],[15.41588,47.08318],[15.41581,47.08282],[15.41582,47.08275],[15.41579,47.08252],[15.41578,47.08252],[15.41573,47.08219],[15.41564,47.08212],[15.41548,47.08083],[15.4155,47.08076],[15.41555,47.08076],[15.41564,47.08055],[15.41569,47.08051],[15.41574,47.08041],[15.41572,47.08037],[15.41751,47.07608],[15.41758,47.07593],[15.4176,47.07593],[15.41759,47.07582],[15.41793,47.07587],[15.41928,47.07614],[15.41946,47.07616],[15.41931,47.0769],[15.41965,47.07698],[15.41982,47.0772],[15.41992,47.07751],[15.42024,47.07773],[15.41978,47.07856],[15.41976,47.07867],[15.41995,47.07868],[15.42005,47.07862],[15.42087,47.07868],[15.42273,47.07914],[15.42279,47.07918],[15.42277,47.07926],[15.42231,47.07979],[15.42226,47.07997],[15.42242,47.08017],[15.42288,47.08053],[15.42286,47.08056],[15.423,47.0807],[15.4239,47.08141],[15.42491,47.08164],[15.42567,47.08161],[15.42668,47.08028],[15.42689,47.0801],[15.42754,47.08028],[15.42753,47.08029],[15.42799,47.08042],[15.42804,47.08041],[15.42814,47.08046],[15.42946,47.08081],[15.42959,47.0807],[15.4296,47.08071],[15.42981,47.08056],[15.43035,47.08081],[15.42831,47.08218],[15.42626,47.0835],[15.42436,47.08541]]],[[[15.41547,47.0818],[15.41556,47.08238],[15.41558,47.08276],[15.41557,47.0829],[15.4155,47.08308],[15.41533,47.08304],[15.41502,47.08309],[15.41484,47.08316],[15.41432,47.08314],[15.41404,47.08317],[15.41337,47.08329],[15.41312,47.08327],[15.4147,47.08134],[15.41517,47.08074],[15.41537,47.08075],[15.41547,47.0818]]]]}},{"type":"Feature","properties":{"zone":"A","district":"Geidorf","rawHours":"Werktags, Montag bis Freitag von 9.00 bis 20.00 Uhr.","rawFee":"Mindestgebühr (halbe Stunde): € 1,00 Tagesticket (24 Stunden): € 11,00 bis 5-Tages-Ticket: € 55,00","note":"Grüne Zone Kreuzgasse, flächendeckend — Tagesticket (24 Stunden) 11,00 € — 5-Tages-Ticket 55,00 €","windows":[{"weekdays":[1,2,3,4,5],"fromMinute":540,"toMinute":1200}],"fee":{"kind":"exact","centsPerHour":200},"unmodelledRules":[],"sourceDefect":null,"spaces":null,"maxStayMinutes":null,"maxStay":null,"maxStayShare":0,"maxStayValues":[],"chargingPoints":0,"carsharing":0},"geometry":{"type":"Polygon","coordinates":[[[15.43618,47.08711],[15.4363,47.08703],[15.43691,47.08766],[15.43701,47.08778],[15.43721,47.08808],[15.43739,47.08849],[15.43757,47.08882],[15.43754,47.08883],[15.43762,47.08896],[15.43775,47.0891],[15.43845,47.08964],[15.43887,47.08992],[15.43947,47.09026],[15.43962,47.09037],[15.43953,47.09037],[15.43949,47.09038],[15.43875,47.08995],[15.43829,47.08964],[15.43779,47.08926],[15.43754,47.08966],[15.43696,47.09043],[15.43647,47.09079],[15.43645,47.09087],[15.43622,47.09121],[15.43618,47.09138],[15.43606,47.09135],[15.43608,47.09124],[15.43636,47.09076],[15.43686,47.09041],[15.43755,47.08944],[15.43758,47.08931],[15.43758,47.08921],[15.43754,47.08906],[15.43728,47.0886],[15.43702,47.08804],[15.43649,47.08738],[15.43637,47.08725],[15.43618,47.08711]]]}},{"type":"Feature","properties":{"zone":"B","district":"Geidorf","rawHours":"Werktags, Montag bis Freitag von 9.00 bis 20.00 Uhr.","rawFee":"Mindestgebühr (halbe Stunde): € 1,00 Tagesticket (24 Stunden): € 11,00 bis 5-Tages-Ticket: € 55,00","note":"Grüne Zone Hilmteich, flächendeckend — Tagesticket (24 Stunden) 11,00 € — 5-Tages-Ticket 55,00 €","windows":[{"weekdays":[1,2,3,4,5],"fromMinute":540,"toMinute":1200}],"fee":{"kind":"exact","centsPerHour":200},"unmodelledRules":[],"sourceDefect":null,"spaces":null,"maxStayMinutes":null,"maxStay":null,"maxStayShare":0,"maxStayValues":[],"chargingPoints":0,"carsharing":0},"geometry":{"type":"Polygon","coordinates":[[[15.46012,47.08995],[15.45975,47.0899],[15.45986,47.08955],[15.46,47.08932],[15.46002,47.08925],[15.45997,47.08923],[15.45999,47.08918],[15.45983,47.08916],[15.45963,47.08972],[15.45962,47.08974],[15.45937,47.08982],[15.45908,47.08941],[15.45903,47.08937],[15.45907,47.08936],[15.45882,47.08902],[15.45866,47.0887],[15.4586,47.08852],[15.45855,47.0885],[15.45856,47.08845],[15.45857,47.08845],[15.45853,47.08831],[15.45835,47.08806],[15.45828,47.08798],[15.45821,47.08798],[15.45819,47.08793],[15.45821,47.08791],[15.45773,47.08735],[15.45762,47.08733],[15.45646,47.08775],[15.45587,47.0879],[15.45564,47.08798],[15.45508,47.08833],[15.455,47.08837],[15.45476,47.08845],[15.45464,47.08852],[15.45457,47.08859],[15.45455,47.08864],[15.45462,47.08904],[15.45457,47.08945],[15.45444,47.08944],[15.4545,47.08909],[15.4545,47.089],[15.45443,47.08865],[15.45438,47.08863],[15.45358,47.08899],[15.45337,47.08911],[15.45261,47.08949],[15.45253,47.08952],[15.45249,47.08946],[15.45333,47.08906],[15.4533,47.08903],[15.45414,47.08866],[15.45451,47.08849],[15.45451,47.08848],[15.45493,47.08833],[15.45509,47.08824],[15.45509,47.08822],[15.45556,47.08793],[15.45583,47.08783],[15.45642,47.08769],[15.45679,47.08756],[15.45755,47.08727],[15.45759,47.08718],[15.45697,47.08644],[15.45686,47.0863],[15.45686,47.08628],[15.45679,47.08619],[15.45675,47.08616],[15.45669,47.08591],[15.45659,47.0856],[15.45643,47.08502],[15.45557,47.08523],[15.45408,47.08549],[15.45406,47.0854],[15.45408,47.08537],[15.45389,47.08493],[15.45401,47.08481],[15.45398,47.08474],[15.45462,47.08449],[15.45502,47.0843],[15.45491,47.08425],[15.45518,47.08426],[15.45492,47.08398],[15.45509,47.08333],[15.45559,47.08308],[15.45457,47.0821],[15.45454,47.08212],[15.45427,47.08187],[15.4536,47.08154],[15.45378,47.08135],[15.45341,47.08128],[15.45319,47.08126],[15.45254,47.08112],[15.45552,47.07981],[15.45419,47.07853],[15.45367,47.07824],[15.45379,47.07813],[15.45291,47.07764],[15.45387,47.07681],[15.45386,47.07676],[15.45394,47.07665],[15.45385,47.07662],[15.45383,47.07657],[15.4544,47.07576],[15.45936,47.07716],[15.45935,47.07722],[15.45952,47.0772],[15.46081,47.07756],[15.4608,47.07759],[15.46098,47.07761],[15.46377,47.07839],[15.46386,47.07846],[15.46405,47.07863],[15.46404,47.07866],[15.46411,47.07873],[15.46412,47.07875],[15.46391,47.07874],[15.46381,47.07882],[15.46306,47.07896],[15.46285,47.079],[15.46253,47.07902],[15.46172,47.07891],[15.46058,47.0788],[15.46047,47.07882],[15.46019,47.07899],[15.46008,47.07912],[15.45985,47.07949],[15.45959,47.0797],[15.45946,47.07972],[15.45987,47.08032],[15.45996,47.0805],[15.45936,47.08199],[15.45956,47.08218],[15.46014,47.08262],[15.46027,47.08264],[15.46011,47.08374],[15.4601,47.08407],[15.46012,47.08429],[15.46019,47.08457],[15.46058,47.0856],[15.46061,47.08575],[15.46064,47.08616],[15.46066,47.08657],[15.46068,47.08661],[15.46067,47.08696],[15.46064,47.0873],[15.46059,47.08753],[15.4605,47.08778],[15.46106,47.0878],[15.46118,47.08852],[15.46075,47.08865],[15.46076,47.08872],[15.46049,47.0892],[15.46022,47.08962],[15.46012,47.08995]],[[15.45735,47.08524],[15.45677,47.08535],[15.45685,47.08577],[15.45689,47.08577],[15.45722,47.08589],[15.45745,47.08595],[15.45769,47.08597],[15.45792,47.08594],[15.45835,47.08581],[15.45868,47.0858],[15.45867,47.08572],[15.45856,47.08573],[15.45848,47.08572],[15.45822,47.08565],[15.45765,47.0853],[15.45746,47.08525],[15.45735,47.08524]]]}},{"type":"Feature","properties":{"zone":"F","district":"Gries","rawHours":"Werktags, Montag bis Freitag von 9.00 bis 20.00 Uhr.","rawFee":"Mindestgebühr (halbe Stunde): € 1,00 Tagesticket (24 Stunden): € 11,00 bis 5-Tages-Ticket: € 55,00","note":"Grüne Zone Karlau, flächendeckend — Tagesticket (24 Stunden) 11,00 € — 5-Tages-Ticket 55,00 €","windows":[{"weekdays":[1,2,3,4,5],"fromMinute":540,"toMinute":1200}],"fee":{"kind":"exact","centsPerHour":200},"unmodelledRules":[],"sourceDefect":null,"spaces":null,"maxStayMinutes":null,"maxStay":null,"maxStayShare":0,"maxStayValues":[],"chargingPoints":0,"carsharing":0},"geometry":{"type":"Polygon","coordinates":[[[15.43429,47.0586],[15.43426,47.05881],[15.43455,47.05884],[15.43414,47.06024],[15.43398,47.06088],[15.43381,47.06168],[15.43382,47.06207],[15.43394,47.06304],[15.43361,47.06307],[15.43359,47.06288],[15.43285,47.06287],[15.43276,47.06301],[15.43265,47.06294],[15.43263,47.06296],[15.43222,47.06304],[15.43218,47.06307],[15.43198,47.0631],[15.4319,47.0631],[15.43188,47.06309],[15.43169,47.06312],[15.43154,47.06323],[15.43112,47.06327],[15.43102,47.06313],[15.43095,47.06299],[15.43094,47.06286],[15.43096,47.06279],[15.43078,47.06279],[15.4308,47.06299],[15.43079,47.06302],[15.4303,47.06359],[15.42793,47.06321],[15.4278,47.0632],[15.42805,47.06339],[15.42854,47.06383],[15.42862,47.06398],[15.42861,47.06426],[15.42846,47.06487],[15.42842,47.06497],[15.42816,47.06522],[15.42735,47.06646],[15.42716,47.06641],[15.42707,47.06628],[15.42683,47.06629],[15.42666,47.06637],[15.4266,47.06632],[15.42649,47.06636],[15.42554,47.06622],[15.42551,47.06618],[15.42533,47.06616],[15.42529,47.06618],[15.42386,47.06596],[15.42383,47.06594],[15.42384,47.0659],[15.42364,47.06588],[15.42363,47.06591],[15.42338,47.06589],[15.42222,47.06573],[15.42201,47.06568],[15.42133,47.06559],[15.42128,47.06556],[15.42142,47.06525],[15.42141,47.06525],[15.42156,47.06501],[15.42186,47.06458],[15.4222,47.06424],[15.42257,47.06399],[15.42275,47.06381],[15.42295,47.06367],[15.42323,47.06349],[15.42396,47.06286],[15.42402,47.06284],[15.42418,47.06271],[15.42425,47.06258],[15.42436,47.06244],[15.42444,47.06237],[15.42483,47.06163],[15.42546,47.06167],[15.42591,47.06185],[15.42643,47.06201],[15.42708,47.06219],[15.42737,47.06222],[15.42742,47.0622],[15.42767,47.06169],[15.42778,47.0616],[15.42797,47.06148],[15.42804,47.06142],[15.42813,47.06146],[15.42813,47.06148],[15.42816,47.06152],[15.42838,47.06157],[15.42846,47.06154],[15.42862,47.0617],[15.42909,47.06146],[15.42924,47.06129],[15.43011,47.05997],[15.43024,47.06001],[15.43043,47.05996],[15.43063,47.05999],[15.43072,47.0596],[15.43074,47.05941],[15.43073,47.05937],[15.43066,47.05938],[15.43058,47.0593],[15.43064,47.05924],[15.43064,47.05921],[15.43061,47.05898],[15.43054,47.05864],[15.42958,47.05866],[15.42955,47.05855],[15.43013,47.05852],[15.43047,47.05852],[15.43045,47.05829],[15.43042,47.05808],[15.43022,47.05731],[15.4305,47.05727],[15.43055,47.05724],[15.43154,47.05735],[15.43161,47.05743],[15.43161,47.05748],[15.4318,47.05749],[15.4318,47.05744],[15.43183,47.05742],[15.43326,47.05758],[15.43347,47.05762],[15.43456,47.05773],[15.43429,47.0586]]]}},{"type":"Feature","properties":{"zone":"S3","district":"Puntigam","rawHours":"Werktags, Montag bis Freitag von 9.00 bis 20.00 Uhr.","rawFee":"Mindestgebühr (halbe Stunde): € 1,00 Tagesticket (24 Stunden): € 11,00 bis 5-Tages-Ticket: € 55,00","note":"Grüne Zone Zentralfriedhof, NVK Puntigam, flächendeckend — Tagesticket (24 Stunden) 11,00 € — 5-Tages-Ticket 55,00 €","windows":[{"weekdays":[1,2,3,4,5],"fromMinute":540,"toMinute":1200}],"fee":{"kind":"exact","centsPerHour":200},"unmodelledRules":[],"sourceDefect":null,"spaces":null,"maxStayMinutes":null,"maxStay":null,"maxStayShare":0,"maxStayValues":[],"chargingPoints":0,"carsharing":0},"geometry":{"type":"Polygon","coordinates":[[[15.42865,47.02996],[15.42831,47.02997],[15.42826,47.02999],[15.42809,47.03],[15.42807,47.0299],[15.42812,47.02985],[15.42826,47.02979],[15.42855,47.02967],[15.42868,47.02964],[15.4287,47.02967],[15.42886,47.02967],[15.42885,47.02995],[15.42865,47.02996]]]}},{"type":"Feature","properties":{"zone":"S3","district":"Gries","rawHours":"Werktags, Montag bis Freitag von 9.00 bis 20.00 Uhr.","rawFee":"Mindestgebühr (halbe Stunde): € 1,00 Tagesticket (24 Stunden): € 11,00 bis 5-Tages-Ticket: € 55,00","note":"Grüne Zone Zentralfriedhof, NVK Puntigam, flächendeckend — Tagesticket (24 Stunden) 11,00 € — 5-Tages-Ticket 55,00 €","windows":[{"weekdays":[1,2,3,4,5],"fromMinute":540,"toMinute":1200}],"fee":{"kind":"exact","centsPerHour":200},"unmodelledRules":[],"sourceDefect":null,"spaces":null,"maxStayMinutes":null,"maxStay":null,"maxStayShare":0,"maxStayValues":[],"chargingPoints":0,"carsharing":0},"geometry":{"type":"Polygon","coordinates":[[[15.42906,47.04633],[15.42888,47.04631],[15.42897,47.04598],[15.42905,47.04583],[15.42906,47.04579],[15.42905,47.04579],[15.42908,47.04566],[15.42909,47.04567],[15.42915,47.04548],[15.42914,47.04547],[15.42917,47.04537],[15.4295,47.04541],[15.42943,47.04574],[15.42927,47.04572],[15.42917,47.04602],[15.42922,47.04602],[15.42915,47.04627],[15.42908,47.04627],[15.42906,47.04633]]]}},{"type":"Feature","properties":{"zone":"D","district":"Liebenau","rawHours":"Werktags, Montag bis Freitag von 9.00 bis 20.00 Uhr.","rawFee":"Mindestgebühr (halbe Stunde): € 1,00 Tagesticket (24 Stunden): € 11,00 bis 5-Tages-Ticket: € 55,00","note":"Grüne Zone Messe, flächendeckend — Tagesticket (24 Stunden) 11,00 € — 5-Tages-Ticket 55,00 €","windows":[{"weekdays":[1,2,3,4,5],"fromMinute":540,"toMinute":1200}],"fee":{"kind":"exact","centsPerHour":200},"unmodelledRules":[],"sourceDefect":null,"spaces":null,"maxStayMinutes":null,"maxStay":null,"maxStayShare":0,"maxStayValues":[],"chargingPoints":0,"carsharing":0},"geometry":{"type":"Polygon","coordinates":[[[15.45584,47.04701],[15.45583,47.04695],[15.4558,47.0469],[15.45623,47.0462],[15.45629,47.04609],[15.45647,47.04582],[15.45695,47.04523],[15.4573,47.0447],[15.45733,47.04463],[15.45737,47.04464],[15.45744,47.04452],[15.45755,47.04414],[15.45766,47.04361],[15.45786,47.04365],[15.45788,47.04367],[15.4591,47.04422],[15.46095,47.0451],[15.4612,47.04523],[15.46122,47.04526],[15.46119,47.04524],[15.46117,47.04527],[15.46039,47.04491],[15.45932,47.04437],[15.4593,47.04438],[15.45878,47.04414],[15.45874,47.04415],[15.45842,47.04452],[15.4577,47.04551],[15.45714,47.04612],[15.45688,47.04635],[15.45648,47.04665],[15.45626,47.0466],[15.4562,47.04674],[15.45618,47.04673],[15.45612,47.04687],[15.45614,47.04688],[15.45613,47.04697],[15.45616,47.04702],[15.45604,47.04704],[15.45584,47.04701]]]}},{"type":"Feature","properties":{"zone":"G","district":"Eggenberg","rawHours":"Werktags, Montag bis Freitag von 9.00 bis 20.00 Uhr.","rawFee":"Mindestgebühr (halbe Stunde): € 1,00 Tagesticket (24 Stunden): € 11,00 bis 5-Tages-Ticket: € 55,00","note":"Grüne Zone Eggenberg, flächendeckend — Tagesticket (24 Stunden) 11,00 € — 5-Tages-Ticket 55,00 €","windows":[{"weekdays":[1,2,3,4,5],"fromMinute":540,"toMinute":1200}],"fee":{"kind":"exact","centsPerHour":200},"unmodelledRules":[],"sourceDefect":null,"spaces":null,"maxStayMinutes":null,"maxStay":null,"maxStayShare":0,"maxStayValues":[],"chargingPoints":0,"carsharing":0},"geometry":{"type":"Polygon","coordinates":[[[15.40561,47.06739],[15.40467,47.06738],[15.40467,47.06727],[15.40561,47.06728],[15.40561,47.06739]]]}},{"type":"Feature","properties":{"zone":"G","district":"Eggenberg","rawHours":"Werktags, Montag bis Freitag von 9.00 bis 20.00 Uhr.","rawFee":"Mindestgebühr (halbe Stunde): € 1,00 Tagesticket (24 Stunden): € 11,00 bis 5-Tages-Ticket: € 55,00","note":"Grüne Zone, straßenzugsweise — Tagesticket (24 Stunden) 11,00 € — 5-Tages-Ticket 55,00 €","windows":[{"weekdays":[1,2,3,4,5],"fromMinute":540,"toMinute":1200}],"fee":{"kind":"exact","centsPerHour":200},"unmodelledRules":[],"sourceDefect":null,"spaces":null,"maxStayMinutes":null,"maxStay":null,"maxStayShare":0,"maxStayValues":[],"chargingPoints":0,"carsharing":0},"geometry":{"type":"Polygon","coordinates":[[[15.40132,47.06721],[15.40279,47.06723],[15.40278,47.06726],[15.40179,47.06725],[15.40132,47.06724],[15.40132,47.06721]]]}},{"type":"Feature","properties":{"zone":"D","district":"Jakomini","rawHours":"Werktags, Montag bis Freitag von 9.00 bis 20.00 Uhr.","rawFee":"Mindestgebühr (halbe Stunde): € 1,00 Tagesticket (24 Stunden): € 11,00 bis 5-Tages-Ticket: € 55,00","note":"Grüne Zone, straßenzugsweise — Tagesticket (24 Stunden) 11,00 € — 5-Tages-Ticket 55,00 €","windows":[{"weekdays":[1,2,3,4,5],"fromMinute":540,"toMinute":1200}],"fee":{"kind":"exact","centsPerHour":200},"unmodelledRules":[],"sourceDefect":null,"spaces":null,"maxStayMinutes":null,"maxStay":null,"maxStayShare":0,"maxStayValues":[],"chargingPoints":0,"carsharing":0},"geometry":{"type":"Polygon","coordinates":[[[15.4625,47.05464],[15.46163,47.05431],[15.46165,47.05428],[15.46252,47.05461],[15.4625,47.05464]]]}},{"type":"Feature","properties":{"zone":"C","district":"Waltendorf","rawHours":"Werktags, Montag bis Freitag von 9.00 bis 20.00 Uhr.","rawFee":"Mindestgebühr (halbe Stunde): € 1,00 Tagesticket (24 Stunden): € 11,00 bis 5-Tages-Ticket: € 55,00","note":"Grüne Zone, straßenzugsweise — Tagesticket (24 Stunden) 11,00 € — 5-Tages-Ticket 55,00 €","windows":[{"weekdays":[1,2,3,4,5],"fromMinute":540,"toMinute":1200}],"fee":{"kind":"exact","centsPerHour":200},"unmodelledRules":[],"sourceDefect":null,"spaces":null,"maxStayMinutes":null,"maxStay":null,"maxStayShare":0,"maxStayValues":[],"chargingPoints":0,"carsharing":0},"geometry":{"type":"Polygon","coordinates":[[[15.46925,47.06668],[15.46973,47.06678],[15.4697,47.06679],[15.46926,47.0667],[15.46925,47.06668]]]}},{"type":"Feature","properties":{"zone":"G","district":"Eggenberg","rawHours":"Werktags, Montag bis Freitag von 9.00 bis 20.00 Uhr.","rawFee":"Mindestgebühr (halbe Stunde): € 1,00 Tagesticket (24 Stunden): € 11,00 bis 5-Tages-Ticket: € 55,00","note":"Grüne Zone, straßenzugsweise — Tagesticket (24 Stunden) 11,00 € — 5-Tages-Ticket 55,00 €","windows":[{"weekdays":[1,2,3,4,5],"fromMinute":540,"toMinute":1200}],"fee":{"kind":"exact","centsPerHour":200},"unmodelledRules":[],"sourceDefect":null,"spaces":null,"maxStayMinutes":null,"maxStay":null,"maxStayShare":0,"maxStayValues":[],"chargingPoints":0,"carsharing":0},"geometry":{"type":"Polygon","coordinates":[[[15.40447,47.06773],[15.40452,47.06642],[15.40457,47.06642],[15.40452,47.06773],[15.40447,47.06773]]]}},{"type":"Feature","properties":{"zone":"J","district":"Mariatrost","rawHours":"Werktags, Montag bis Freitag von 9.00 bis 20.00 Uhr.","rawFee":"Mindestgebühr (halbe Stunde): € 1,00 Tagesticket (24 Stunden): € 11,00 bis 5-Tages-Ticket: € 55,00","note":"Grüne Zone, straßenzugsweise — Tagesticket (24 Stunden) 11,00 € — 5-Tages-Ticket 55,00 €","windows":[{"weekdays":[1,2,3,4,5],"fromMinute":540,"toMinute":1200}],"fee":{"kind":"exact","centsPerHour":200},"unmodelledRules":[],"sourceDefect":null,"spaces":null,"maxStayMinutes":null,"maxStay":null,"maxStayShare":0,"maxStayValues":[],"chargingPoints":0,"carsharing":0},"geometry":{"type":"Polygon","coordinates":[[[15.46697,47.09678],[15.46677,47.09658],[15.46643,47.09619],[15.4663,47.09606],[15.46609,47.09591],[15.4657,47.09566],[15.46502,47.09532],[15.46471,47.09516],[15.46444,47.09499],[15.46449,47.09495],[15.46605,47.09581],[15.46642,47.0961],[15.46716,47.09689],[15.4671,47.09691],[15.46697,47.09678]]]}},{"type":"Feature","properties":{"zone":"S","district":"St. Peter","rawHours":"Werktags, Montag bis Freitag von 9.00 bis 20.00 Uhr.","rawFee":"Mindestgebühr (halbe Stunde): € 1,00 Tagesticket (24 Stunden): € 11,00 bis 5-Tages-Ticket: € 55,00","note":"Grüne Zone, straßenzugsweise — Tagesticket (24 Stunden) 11,00 € — 5-Tages-Ticket 55,00 €","windows":[{"weekdays":[1,2,3,4,5],"fromMinute":540,"toMinute":1200}],"fee":{"kind":"exact","centsPerHour":200},"unmodelledRules":[],"sourceDefect":null,"spaces":null,"maxStayMinutes":null,"maxStay":null,"maxStayShare":0,"maxStayValues":[],"chargingPoints":0,"carsharing":0},"geometry":{"type":"Polygon","coordinates":[[[15.47306,47.05674],[15.47306,47.05678],[15.47303,47.05677],[15.47251,47.05668],[15.47254,47.05661],[15.47284,47.05671],[15.47306,47.05674]]]}},{"type":"Feature","properties":{"zone":"G","district":"Eggenberg","rawHours":"Werktags, Montag bis Freitag von 9.00 bis 20.00 Uhr.","rawFee":"Mindestgebühr (halbe Stunde): € 1,00 Tagesticket (24 Stunden): € 11,00 bis 5-Tages-Ticket: € 55,00","note":"Grüne Zone, straßenzugsweise — Tagesticket (24 Stunden) 11,00 € — 5-Tages-Ticket 55,00 €","windows":[{"weekdays":[1,2,3,4,5],"fromMinute":540,"toMinute":1200}],"fee":{"kind":"exact","centsPerHour":200},"unmodelledRules":[],"sourceDefect":null,"spaces":null,"maxStayMinutes":null,"maxStay":null,"maxStayShare":0,"maxStayValues":[],"chargingPoints":0,"carsharing":0},"geometry":{"type":"Polygon","coordinates":[[[15.40487,47.07436],[15.40491,47.07499],[15.40497,47.07563],[15.40506,47.0771],[15.40501,47.0771],[15.40492,47.07582],[15.40492,47.07563],[15.40481,47.07436],[15.40487,47.07436]]]}},{"type":"Feature","properties":{"zone":"G","district":"Eggenberg","rawHours":"Werktags, Montag bis Freitag von 9.00 bis 20.00 Uhr.","rawFee":"Mindestgebühr (halbe Stunde): € 1,00 Tagesticket (24 Stunden): € 11,00 bis 5-Tages-Ticket: € 55,00","note":"Grüne Zone, straßenzugsweise — Tagesticket (24 Stunden) 11,00 € — 5-Tages-Ticket 55,00 €","windows":[{"weekdays":[1,2,3,4,5],"fromMinute":540,"toMinute":1200}],"fee":{"kind":"exact","centsPerHour":200},"unmodelledRules":[],"sourceDefect":null,"spaces":null,"maxStayMinutes":null,"maxStay":null,"maxStayShare":0,"maxStayValues":[],"chargingPoints":0,"carsharing":0},"geometry":{"type":"Polygon","coordinates":[[[15.40503,47.07566],[15.40705,47.07562],[15.40705,47.07566],[15.40503,47.0757],[15.40503,47.07566]]]}},{"type":"Feature","properties":{"zone":"H","district":"Lend","rawHours":"Werktags, Montag bis Freitag von 9.00 bis 20.00 Uhr.","rawFee":"Mindestgebühr (halbe Stunde): € 1,00 Tagesticket (24 Stunden): € 11,00 bis 5-Tages-Ticket: € 55,00","note":"Grüne Zone, straßenzugsweise — Tagesticket (24 Stunden) 11,00 € — 5-Tages-Ticket 55,00 €","windows":[{"weekdays":[1,2,3,4,5],"fromMinute":540,"toMinute":1200}],"fee":{"kind":"exact","centsPerHour":200},"unmodelledRules":[],"sourceDefect":null,"spaces":null,"maxStayMinutes":null,"maxStay":null,"maxStayShare":0,"maxStayValues":[],"chargingPoints":0,"carsharing":0},"geometry":{"type":"Polygon","coordinates":[[[15.42157,47.08746],[15.42154,47.08749],[15.41984,47.08695],[15.41986,47.08692],[15.42157,47.08745],[15.42157,47.08746]]]}},{"type":"Feature","properties":{"zone":"H","district":"Lend","rawHours":"Werktags, Montag bis Freitag von 9.00 bis 20.00 Uhr.","rawFee":"Mindestgebühr (halbe Stunde): € 1,00 Tagesticket (24 Stunden): € 11,00 bis 5-Tages-Ticket: € 55,00","note":"Grüne Zone, straßenzugsweise — Tagesticket (24 Stunden) 11,00 € — 5-Tages-Ticket 55,00 €","windows":[{"weekdays":[1,2,3,4,5],"fromMinute":540,"toMinute":1200}],"fee":{"kind":"exact","centsPerHour":200},"unmodelledRules":[],"sourceDefect":null,"spaces":null,"maxStayMinutes":null,"maxStay":null,"maxStayShare":0,"maxStayValues":[],"chargingPoints":0,"carsharing":0},"geometry":{"type":"Polygon","coordinates":[[[15.41954,47.08799],[15.41969,47.08746],[15.41971,47.08716],[15.4197,47.08708],[15.41974,47.08708],[15.41974,47.08719],[15.41968,47.08759],[15.41957,47.08799],[15.41954,47.08799]]]}},{"type":"Feature","properties":{"zone":"H","district":"Lend","rawHours":"Werktags, Montag bis Freitag von 9.00 bis 20.00 Uhr.","rawFee":"Mindestgebühr (halbe Stunde): € 1,00 Tagesticket (24 Stunden): € 11,00 bis 5-Tages-Ticket: € 55,00","note":"Grüne Zone, straßenzugsweise — Tagesticket (24 Stunden) 11,00 € — 5-Tages-Ticket 55,00 €","windows":[{"weekdays":[1,2,3,4,5],"fromMinute":540,"toMinute":1200}],"fee":{"kind":"exact","centsPerHour":200},"unmodelledRules":[],"sourceDefect":null,"spaces":null,"maxStayMinutes":null,"maxStay":null,"maxStayShare":0,"maxStayValues":[],"chargingPoints":0,"carsharing":0},"geometry":{"type":"Polygon","coordinates":[[[15.41838,47.08844],[15.4183,47.08813],[15.41834,47.08813],[15.41836,47.08815],[15.41843,47.08844],[15.41838,47.08844]]]}},{"type":"Feature","properties":{"zone":"H","district":"Lend","rawHours":"Werktags, Montag bis Freitag von 9.00 bis 20.00 Uhr.","rawFee":"Mindestgebühr (halbe Stunde): € 1,00 Tagesticket (24 Stunden): € 11,00 bis 5-Tages-Ticket: € 55,00","note":"Grüne Zone, straßenzugsweise — Tagesticket (24 Stunden) 11,00 € — 5-Tages-Ticket 55,00 €","windows":[{"weekdays":[1,2,3,4,5],"fromMinute":540,"toMinute":1200}],"fee":{"kind":"exact","centsPerHour":200},"unmodelledRules":[],"sourceDefect":null,"spaces":null,"maxStayMinutes":null,"maxStay":null,"maxStayShare":0,"maxStayValues":[],"chargingPoints":0,"carsharing":0},"geometry":{"type":"Polygon","coordinates":[[[15.4198,47.08664],[15.41976,47.08661],[15.41994,47.08646],[15.41999,47.08648],[15.4198,47.08664]]]}},{"type":"Feature","properties":{"zone":"D","district":"Jakomini","rawHours":"Werktags, Montag bis Freitag von 9.00 bis 20.00 Uhr.","rawFee":"Mindestgebühr (halbe Stunde): € 1,00 Tagesticket (24 Stunden): € 11,00 bis 5-Tages-Ticket: € 55,00","note":"Grüne Zone, straßenzugsweise — Tagesticket (24 Stunden) 11,00 € — 5-Tages-Ticket 55,00 €","windows":[{"weekdays":[1,2,3,4,5],"fromMinute":540,"toMinute":1200}],"fee":{"kind":"exact","centsPerHour":200},"unmodelledRules":[],"sourceDefect":null,"spaces":null,"maxStayMinutes":null,"maxStay":null,"maxStayShare":0,"maxStayValues":[],"chargingPoints":0,"carsharing":0},"geometry":{"type":"Polygon","coordinates":[[[15.45563,47.05046],[15.45582,47.05047],[15.45667,47.05066],[15.45665,47.05069],[15.45584,47.05051],[15.45562,47.05049],[15.45563,47.05046]]]}},{"type":"Feature","properties":{"zone":"G","district":"Eggenberg","rawHours":"Werktags, Montag bis Freitag von 9.00 bis 20.00 Uhr.","rawFee":"Mindestgebühr (halbe Stunde): € 1,00 Tagesticket (24 Stunden): € 11,00 bis 5-Tages-Ticket: € 55,00","note":"Grüne Zone, straßenzugsweise — Tagesticket (24 Stunden) 11,00 € — 5-Tages-Ticket 55,00 €","windows":[{"weekdays":[1,2,3,4,5],"fromMinute":540,"toMinute":1200}],"fee":{"kind":"exact","centsPerHour":200},"unmodelledRules":[],"sourceDefect":null,"spaces":null,"maxStayMinutes":null,"maxStay":null,"maxStayShare":0,"maxStayValues":[],"chargingPoints":0,"carsharing":0},"geometry":{"type":"Polygon","coordinates":[[[15.401,47.06622],[15.40286,47.06625],[15.40286,47.06629],[15.401,47.06626],[15.401,47.06622]]]}},{"type":"Feature","properties":{"zone":"G","district":"Eggenberg","rawHours":"Werktags, Montag bis Freitag von 9.00 bis 20.00 Uhr.","rawFee":"Mindestgebühr (halbe Stunde): € 1,00 Tagesticket (24 Stunden): € 11,00 bis 5-Tages-Ticket: € 55,00","note":"Grüne Zone, straßenzugsweise — Tagesticket (24 Stunden) 11,00 € — 5-Tages-Ticket 55,00 €","windows":[{"weekdays":[1,2,3,4,5],"fromMinute":540,"toMinute":1200}],"fee":{"kind":"exact","centsPerHour":200},"unmodelledRules":[],"sourceDefect":null,"spaces":null,"maxStayMinutes":null,"maxStay":null,"maxStayShare":0,"maxStayValues":[],"chargingPoints":0,"carsharing":0},"geometry":{"type":"Polygon","coordinates":[[[15.4029,47.06622],[15.40292,47.06582],[15.40299,47.06582],[15.40296,47.06622],[15.4029,47.06622]]]}},{"type":"Feature","properties":{"zone":"H","district":"Lend","rawHours":"Werktags, Montag bis Freitag von 9.00 bis 20.00 Uhr.","rawFee":"Mindestgebühr (halbe Stunde): € 1,00 Tagesticket (24 Stunden): € 11,00 bis 5-Tages-Ticket: € 55,00","note":"Grüne Zone, straßenzugsweise — Tagesticket (24 Stunden) 11,00 € — 5-Tages-Ticket 55,00 €","windows":[{"weekdays":[1,2,3,4,5],"fromMinute":540,"toMinute":1200}],"fee":{"kind":"exact","centsPerHour":200},"unmodelledRules":[],"sourceDefect":null,"spaces":null,"maxStayMinutes":null,"maxStay":null,"maxStayShare":0,"maxStayValues":[],"chargingPoints":0,"carsharing":0},"geometry":{"type":"Polygon","coordinates":[[[15.41741,47.07632],[15.41717,47.07688],[15.41709,47.07687],[15.41733,47.0763],[15.41741,47.07632]]]}},{"type":"Feature","properties":{"zone":"H","district":"Lend","rawHours":"Werktags, Montag bis Freitag von 9.00 bis 20.00 Uhr.","rawFee":"Mindestgebühr (halbe Stunde): € 1,00 Tagesticket (24 Stunden): € 11,00 bis 5-Tages-Ticket: € 55,00","note":"Grüne Zone, straßenzugsweise — Tagesticket (24 Stunden) 11,00 € — 5-Tages-Ticket 55,00 €","windows":[{"weekdays":[1,2,3,4,5],"fromMinute":540,"toMinute":1200}],"fee":{"kind":"exact","centsPerHour":200},"unmodelledRules":[],"sourceDefect":null,"spaces":null,"maxStayMinutes":null,"maxStay":null,"maxStayShare":0,"maxStayValues":[],"chargingPoints":0,"carsharing":0},"geometry":{"type":"Polygon","coordinates":[[[15.4182,47.08794],[15.41858,47.08762],[15.41863,47.08765],[15.41824,47.08797],[15.4182,47.08794]]]}},{"type":"Feature","properties":{"zone":"H","district":"Lend","rawHours":"Werktags, Montag bis Freitag von 9.00 bis 20.00 Uhr.","rawFee":"Mindestgebühr (halbe Stunde): € 1,00 Tagesticket (24 Stunden): € 11,00 bis 5-Tages-Ticket: € 55,00","note":"Grüne Zone, straßenzugsweise — Tagesticket (24 Stunden) 11,00 € — 5-Tages-Ticket 55,00 €","windows":[{"weekdays":[1,2,3,4,5],"fromMinute":540,"toMinute":1200}],"fee":{"kind":"exact","centsPerHour":200},"unmodelledRules":[],"sourceDefect":null,"spaces":null,"maxStayMinutes":null,"maxStay":null,"maxStayShare":0,"maxStayValues":[],"chargingPoints":0,"carsharing":0},"geometry":{"type":"Polygon","coordinates":[[[15.41941,47.08709],[15.4189,47.08756],[15.41884,47.08753],[15.41936,47.08706],[15.41941,47.08709]]]}},{"type":"Feature","properties":{"zone":"B","district":"St. Leonhard","rawHours":"Werktags, Montag bis Freitag von 9.00 bis 20.00 Uhr.","rawFee":"Mindestgebühr (halbe Stunde): € 1,00 Tagesticket (24 Stunden): € 11,00 bis 5-Tages-Ticket: € 55,00","note":"Grüne Zone, straßenzugsweise — Tagesticket (24 Stunden) 11,00 € — 5-Tages-Ticket 55,00 €","windows":[{"weekdays":[1,2,3,4,5],"fromMinute":540,"toMinute":1200}],"fee":{"kind":"exact","centsPerHour":200},"unmodelledRules":[],"sourceDefect":null,"spaces":null,"maxStayMinutes":null,"maxStay":null,"maxStayShare":0,"maxStayValues":[],"chargingPoints":0,"carsharing":0},"geometry":{"type":"Polygon","coordinates":[[[15.45497,47.07583],[15.455,47.07577],[15.45619,47.07609],[15.45614,47.07616],[15.45497,47.07583]]]}},{"type":"Feature","properties":{"zone":"B","district":"St. Leonhard","rawHours":"Werktags, Montag bis Freitag von 9.00 bis 20.00 Uhr.","rawFee":"Mindestgebühr (halbe Stunde): € 1,00 Tagesticket (24 Stunden): € 11,00 bis 5-Tages-Ticket: € 55,00","note":"Grüne Zone, straßenzugsweise — Tagesticket (24 Stunden) 11,00 € — 5-Tages-Ticket 55,00 €","windows":[{"weekdays":[1,2,3,4,5],"fromMinute":540,"toMinute":1200}],"fee":{"kind":"exact","centsPerHour":200},"unmodelledRules":[],"sourceDefect":null,"spaces":null,"maxStayMinutes":null,"maxStay":null,"maxStayShare":0,"maxStayValues":[],"chargingPoints":0,"carsharing":0},"geometry":{"type":"Polygon","coordinates":[[[15.45619,47.07609],[15.46083,47.0774],[15.4608,47.07746],[15.45614,47.07616],[15.45619,47.07609]]]}},{"type":"Feature","properties":{"zone":"D","district":"St. Peter","rawHours":"Werktags, Montag bis Freitag von 9.00 bis 20.00 Uhr.","rawFee":"Mindestgebühr (halbe Stunde): € 1,00 Tagesticket (24 Stunden): € 11,00 bis 5-Tages-Ticket: € 55,00","note":"Grüne Zone, straßenzugsweise — Tagesticket (24 Stunden) 11,00 € — 5-Tages-Ticket 55,00 €","windows":[{"weekdays":[1,2,3,4,5],"fromMinute":540,"toMinute":1200}],"fee":{"kind":"exact","centsPerHour":200},"unmodelledRules":[],"sourceDefect":null,"spaces":null,"maxStayMinutes":null,"maxStay":null,"maxStayShare":0,"maxStayValues":[],"chargingPoints":0,"carsharing":0},"geometry":{"type":"Polygon","coordinates":[[[15.47087,47.05621],[15.46971,47.05574],[15.46974,47.05571],[15.4709,47.05617],[15.47087,47.05621]]]}},{"type":"Feature","properties":{"zone":"D","district":"St. Peter","rawHours":"Werktags, Montag bis Freitag von 9.00 bis 20.00 Uhr.","rawFee":"Mindestgebühr (halbe Stunde): € 1,00 Tagesticket (24 Stunden): € 11,00 bis 5-Tages-Ticket: € 55,00","note":"Grüne Zone, straßenzugsweise — Tagesticket (24 Stunden) 11,00 € — 5-Tages-Ticket 55,00 €","windows":[{"weekdays":[1,2,3,4,5],"fromMinute":540,"toMinute":1200}],"fee":{"kind":"exact","centsPerHour":200},"unmodelledRules":[],"sourceDefect":null,"spaces":null,"maxStayMinutes":null,"maxStay":null,"maxStayShare":0,"maxStayValues":[],"chargingPoints":0,"carsharing":0},"geometry":{"type":"Polygon","coordinates":[[[15.4686,47.05535],[15.46863,47.05536],[15.4683,47.05577],[15.46825,47.05576],[15.4686,47.05535]]]}},{"type":"Feature","properties":{"zone":"D","district":"Jakomini","rawHours":"Werktags, Montag bis Freitag von 9.00 bis 20.00 Uhr.","rawFee":"Mindestgebühr (halbe Stunde): € 1,00 Tagesticket (24 Stunden): € 11,00 bis 5-Tages-Ticket: € 55,00","note":"Grüne Zone, straßenzugsweise — Tagesticket (24 Stunden) 11,00 € — 5-Tages-Ticket 55,00 €","windows":[{"weekdays":[1,2,3,4,5],"fromMinute":540,"toMinute":1200}],"fee":{"kind":"exact","centsPerHour":200},"unmodelledRules":[],"sourceDefect":null,"spaces":null,"maxStayMinutes":null,"maxStay":null,"maxStayShare":0,"maxStayValues":[],"chargingPoints":0,"carsharing":0},"geometry":{"type":"Polygon","coordinates":[[[15.46884,47.05926],[15.46786,47.05875],[15.46679,47.05821],[15.46536,47.05756],[15.46538,47.05754],[15.46681,47.05818],[15.46742,47.05848],[15.46886,47.05924],[15.46884,47.05926]]]}},{"type":"Feature","properties":{"zone":"D","district":"St. Peter","rawHours":"Werktags, Montag bis Freitag von 9.00 bis 20.00 Uhr.","rawFee":"Mindestgebühr (halbe Stunde): € 1,00 Tagesticket (24 Stunden): € 11,00 bis 5-Tages-Ticket: € 55,00","note":"Grüne Zone, straßenzugsweise — Tagesticket (24 Stunden) 11,00 € — 5-Tages-Ticket 55,00 €","windows":[{"weekdays":[1,2,3,4,5],"fromMinute":540,"toMinute":1200}],"fee":{"kind":"exact","centsPerHour":200},"unmodelledRules":[],"sourceDefect":null,"spaces":null,"maxStayMinutes":null,"maxStay":null,"maxStayShare":0,"maxStayValues":[],"chargingPoints":0,"carsharing":0},"geometry":{"type":"Polygon","coordinates":[[[15.46908,47.05625],[15.46773,47.05571],[15.46775,47.05568],[15.46911,47.05622],[15.46908,47.05625]]]}},{"type":"Feature","properties":{"zone":"G","district":"Eggenberg","rawHours":"Werktags, Montag bis Freitag von 9.00 bis 20.00 Uhr.","rawFee":"Mindestgebühr (halbe Stunde): € 1,00 Tagesticket (24 Stunden): € 11,00 bis 5-Tages-Ticket: € 55,00","note":"Grüne Zone, straßenzugsweise — Tagesticket (24 Stunden) 11,00 € — 5-Tages-Ticket 55,00 €","windows":[{"weekdays":[1,2,3,4,5],"fromMinute":540,"toMinute":1200}],"fee":{"kind":"exact","centsPerHour":200},"unmodelledRules":[],"sourceDefect":null,"spaces":null,"maxStayMinutes":null,"maxStay":null,"maxStayShare":0,"maxStayValues":[],"chargingPoints":0,"carsharing":0},"geometry":{"type":"Polygon","coordinates":[[[15.40296,47.06668],[15.40301,47.06668],[15.40298,47.0672],[15.40293,47.0672],[15.40296,47.06668]]]}},{"type":"Feature","properties":{"zone":"G","district":"Eggenberg","rawHours":"Werktags, Montag bis Freitag von 9.00 bis 20.00 Uhr.","rawFee":"Mindestgebühr (halbe Stunde): € 1,00 Tagesticket (24 Stunden): € 11,00 bis 5-Tages-Ticket: € 55,00","note":"Grüne Zone, straßenzugsweise — Tagesticket (24 Stunden) 11,00 € — 5-Tages-Ticket 55,00 €","windows":[{"weekdays":[1,2,3,4,5],"fromMinute":540,"toMinute":1200}],"fee":{"kind":"exact","centsPerHour":200},"unmodelledRules":[],"sourceDefect":null,"spaces":null,"maxStayMinutes":null,"maxStay":null,"maxStayShare":0,"maxStayValues":[],"chargingPoints":0,"carsharing":0},"geometry":{"type":"Polygon","coordinates":[[[15.40081,47.06543],[15.40291,47.0655],[15.40291,47.06553],[15.40081,47.06547],[15.40081,47.06543]]]}},{"type":"Feature","properties":{"zone":"G","district":"Eggenberg","rawHours":"Werktags, Montag bis Freitag von 9.00 bis 20.00 Uhr.","rawFee":"Mindestgebühr (halbe Stunde): € 1,00 Tagesticket (24 Stunden): € 11,00 bis 5-Tages-Ticket: € 55,00","note":"Grüne Zone, straßenzugsweise — Tagesticket (24 Stunden) 11,00 € — 5-Tages-Ticket 55,00 €","windows":[{"weekdays":[1,2,3,4,5],"fromMinute":540,"toMinute":1200}],"fee":{"kind":"exact","centsPerHour":200},"unmodelledRules":[],"sourceDefect":null,"spaces":null,"maxStayMinutes":null,"maxStay":null,"maxStayShare":0,"maxStayValues":[],"chargingPoints":0,"carsharing":0},"geometry":{"type":"Polygon","coordinates":[[[15.40069,47.06635],[15.39767,47.06629],[15.39767,47.06623],[15.39935,47.06627],[15.40069,47.0663],[15.40069,47.06635]]]}},{"type":"Feature","properties":{"zone":"G","district":"Eggenberg","rawHours":"Werktags, Montag bis Freitag von 9.00 bis 20.00 Uhr.","rawFee":"Mindestgebühr (halbe Stunde): € 1,00 Tagesticket (24 Stunden): € 11,00 bis 5-Tages-Ticket: € 55,00","note":"Grüne Zone, straßenzugsweise — Tagesticket (24 Stunden) 11,00 € — 5-Tages-Ticket 55,00 €","windows":[{"weekdays":[1,2,3,4,5],"fromMinute":540,"toMinute":1200}],"fee":{"kind":"exact","centsPerHour":200},"unmodelledRules":[],"sourceDefect":null,"spaces":null,"maxStayMinutes":null,"maxStay":null,"maxStayShare":0,"maxStayValues":[],"chargingPoints":0,"carsharing":0},"geometry":{"type":"Polygon","coordinates":[[[15.39092,47.07143],[15.3915,47.07127],[15.39289,47.07084],[15.39304,47.07078],[15.39408,47.07055],[15.3941,47.07059],[15.39322,47.07078],[15.39095,47.07147],[15.39092,47.07143]]]}},{"type":"Feature","properties":{"zone":"G","district":"Eggenberg","rawHours":"Werktags, Montag bis Freitag von 9.00 bis 20.00 Uhr.","rawFee":"Mindestgebühr (halbe Stunde): € 1,00 Tagesticket (24 Stunden): € 11,00 bis 5-Tages-Ticket: € 55,00","note":"Grüne Zone, straßenzugsweise — Tagesticket (24 Stunden) 11,00 € — 5-Tages-Ticket 55,00 €","windows":[{"weekdays":[1,2,3,4,5],"fromMinute":540,"toMinute":1200}],"fee":{"kind":"exact","centsPerHour":200},"unmodelledRules":[],"sourceDefect":null,"spaces":null,"maxStayMinutes":null,"maxStay":null,"maxStayShare":0,"maxStayValues":[],"chargingPoints":0,"carsharing":0},"geometry":{"type":"Polygon","coordinates":[[[15.40515,47.07716],[15.40672,47.07721],[15.40672,47.07725],[15.40515,47.0772],[15.40515,47.07716]]]}},{"type":"Feature","properties":{"zone":"G","district":"Eggenberg","rawHours":"Werktags, Montag bis Freitag von 9.00 bis 20.00 Uhr.","rawFee":"Mindestgebühr (halbe Stunde): € 1,00 Tagesticket (24 Stunden): € 11,00 bis 5-Tages-Ticket: € 55,00","note":"Grüne Zone, straßenzugsweise — Tagesticket (24 Stunden) 11,00 € — 5-Tages-Ticket 55,00 €","windows":[{"weekdays":[1,2,3,4,5],"fromMinute":540,"toMinute":1200}],"fee":{"kind":"exact","centsPerHour":200},"unmodelledRules":[],"sourceDefect":null,"spaces":null,"maxStayMinutes":null,"maxStay":null,"maxStayShare":0,"maxStayValues":[],"chargingPoints":0,"carsharing":0},"geometry":{"type":"Polygon","coordinates":[[[15.40514,47.07643],[15.40694,47.07645],[15.40693,47.07649],[15.40507,47.07647],[15.40507,47.07642],[15.40514,47.07643]]]}},{"type":"Feature","properties":{"zone":"D","district":"Jakomini","rawHours":"Werktags, Montag bis Freitag von 9.00 bis 20.00 Uhr.","rawFee":"Mindestgebühr (halbe Stunde): € 1,00 Tagesticket (24 Stunden): € 11,00 bis 5-Tages-Ticket: € 55,00","note":"Grüne Zone, straßenzugsweise — Tagesticket (24 Stunden) 11,00 € — 5-Tages-Ticket 55,00 €","windows":[{"weekdays":[1,2,3,4,5],"fromMinute":540,"toMinute":1200}],"fee":{"kind":"exact","centsPerHour":200},"unmodelledRules":[],"sourceDefect":null,"spaces":null,"maxStayMinutes":null,"maxStay":null,"maxStayShare":0,"maxStayValues":[],"chargingPoints":0,"carsharing":0},"geometry":{"type":"Polygon","coordinates":[[[15.45535,47.05401],[15.45569,47.05411],[15.45569,47.05412],[15.45635,47.05434],[15.45633,47.05437],[15.45534,47.05403],[15.45535,47.05401]]]}},{"type":"Feature","properties":{"zone":"D","district":"Jakomini","rawHours":"Werktags, Montag bis Freitag von 9.00 bis 20.00 Uhr.","rawFee":"Mindestgebühr (halbe Stunde): € 1,00 Tagesticket (24 Stunden): € 11,00 bis 5-Tages-Ticket: € 55,00","note":"Grüne Zone, straßenzugsweise — Tagesticket (24 Stunden) 11,00 € — 5-Tages-Ticket 55,00 €","windows":[{"weekdays":[1,2,3,4,5],"fromMinute":540,"toMinute":1200}],"fee":{"kind":"exact","centsPerHour":200},"unmodelledRules":[],"sourceDefect":null,"spaces":null,"maxStayMinutes":null,"maxStay":null,"maxStayShare":0,"maxStayValues":[],"chargingPoints":0,"carsharing":0},"geometry":{"type":"Polygon","coordinates":[[[15.46026,47.05602],[15.46029,47.05599],[15.46131,47.0564],[15.46128,47.05643],[15.46026,47.05602]]]}},{"type":"Feature","properties":{"zone":"D","district":"Jakomini","rawHours":"Werktags, Montag bis Freitag von 9.00 bis 20.00 Uhr.","rawFee":"Mindestgebühr (halbe Stunde): € 1,00 Tagesticket (24 Stunden): € 11,00 bis 5-Tages-Ticket: € 55,00","note":"Grüne Zone, straßenzugsweise — Tagesticket (24 Stunden) 11,00 € — 5-Tages-Ticket 55,00 €","windows":[{"weekdays":[1,2,3,4,5],"fromMinute":540,"toMinute":1200}],"fee":{"kind":"exact","centsPerHour":200},"unmodelledRules":[],"sourceDefect":null,"spaces":null,"maxStayMinutes":null,"maxStay":null,"maxStayShare":0,"maxStayValues":[],"chargingPoints":0,"carsharing":0},"geometry":{"type":"Polygon","coordinates":[[[15.4614,47.05528],[15.46112,47.05563],[15.46108,47.05561],[15.46136,47.05527],[15.4614,47.05528]]]}},{"type":"Feature","properties":{"zone":"D","district":"Jakomini","rawHours":"Werktags, Montag bis Freitag von 9.00 bis 20.00 Uhr.","rawFee":"Mindestgebühr (halbe Stunde): € 1,00 Tagesticket (24 Stunden): € 11,00 bis 5-Tages-Ticket: € 55,00","note":"Grüne Zone, straßenzugsweise — Tagesticket (24 Stunden) 11,00 € — 5-Tages-Ticket 55,00 €","windows":[{"weekdays":[1,2,3,4,5],"fromMinute":540,"toMinute":1200}],"fee":{"kind":"exact","centsPerHour":200},"unmodelledRules":[],"sourceDefect":null,"spaces":null,"maxStayMinutes":null,"maxStay":null,"maxStayShare":0,"maxStayValues":[],"chargingPoints":0,"carsharing":0},"geometry":{"type":"Polygon","coordinates":[[[15.46159,47.05488],[15.46183,47.05458],[15.46187,47.05459],[15.46163,47.05489],[15.46159,47.05488]]]}},{"type":"Feature","properties":{"zone":"D","district":"Jakomini","rawHours":"Werktags, Montag bis Freitag von 9.00 bis 20.00 Uhr.","rawFee":"Mindestgebühr (halbe Stunde): € 1,00 Tagesticket (24 Stunden): € 11,00 bis 5-Tages-Ticket: € 55,00","note":"Grüne Zone, straßenzugsweise — Tagesticket (24 Stunden) 11,00 € — 5-Tages-Ticket 55,00 €","windows":[{"weekdays":[1,2,3,4,5],"fromMinute":540,"toMinute":1200}],"fee":{"kind":"exact","centsPerHour":200},"unmodelledRules":[],"sourceDefect":null,"spaces":null,"maxStayMinutes":null,"maxStay":null,"maxStayShare":0,"maxStayValues":[],"chargingPoints":0,"carsharing":0},"geometry":{"type":"Polygon","coordinates":[[[15.46234,47.0541],[15.46221,47.05427],[15.46217,47.05426],[15.46231,47.05409],[15.46234,47.0541]]]}},{"type":"Feature","properties":{"zone":"D","district":"Jakomini","rawHours":"Werktags, Montag bis Freitag von 9.00 bis 20.00 Uhr.","rawFee":"Mindestgebühr (halbe Stunde): € 1,00 Tagesticket (24 Stunden): € 11,00 bis 5-Tages-Ticket: € 55,00","note":"Grüne Zone, straßenzugsweise — Tagesticket (24 Stunden) 11,00 € — 5-Tages-Ticket 55,00 €","windows":[{"weekdays":[1,2,3,4,5],"fromMinute":540,"toMinute":1200}],"fee":{"kind":"exact","centsPerHour":200},"unmodelledRules":[],"sourceDefect":null,"spaces":null,"maxStayMinutes":null,"maxStay":null,"maxStayShare":0,"maxStayValues":[],"chargingPoints":0,"carsharing":0},"geometry":{"type":"Polygon","coordinates":[[[15.45877,47.05311],[15.45988,47.05354],[15.45986,47.05357],[15.45875,47.05314],[15.45877,47.05311]]]}},{"type":"Feature","properties":{"zone":"D","district":"Jakomini","rawHours":"Werktags, Montag bis Freitag von 9.00 bis 20.00 Uhr.","rawFee":"Mindestgebühr (halbe Stunde): € 1,00 Tagesticket (24 Stunden): € 11,00 bis 5-Tages-Ticket: € 55,00","note":"Grüne Zone, straßenzugsweise — Tagesticket (24 Stunden) 11,00 € — 5-Tages-Ticket 55,00 €","windows":[{"weekdays":[1,2,3,4,5],"fromMinute":540,"toMinute":1200}],"fee":{"kind":"exact","centsPerHour":200},"unmodelledRules":[],"sourceDefect":null,"spaces":null,"maxStayMinutes":null,"maxStay":null,"maxStayShare":0,"maxStayValues":[],"chargingPoints":0,"carsharing":0},"geometry":{"type":"Polygon","coordinates":[[[15.45896,47.0541],[15.45936,47.05354],[15.45938,47.05355],[15.45899,47.0541],[15.45896,47.0541]]]}},{"type":"Feature","properties":{"zone":"D","district":"Jakomini","rawHours":"Werktags, Montag bis Freitag von 9.00 bis 20.00 Uhr.","rawFee":"Mindestgebühr (halbe Stunde): € 1,00 Tagesticket (24 Stunden): € 11,00 bis 5-Tages-Ticket: € 55,00","note":"Grüne Zone, straßenzugsweise — Tagesticket (24 Stunden) 11,00 € — 5-Tages-Ticket 55,00 €","windows":[{"weekdays":[1,2,3,4,5],"fromMinute":540,"toMinute":1200}],"fee":{"kind":"exact","centsPerHour":200},"unmodelledRules":[],"sourceDefect":null,"spaces":null,"maxStayMinutes":null,"maxStay":null,"maxStayShare":0,"maxStayValues":[],"chargingPoints":0,"carsharing":0},"geometry":{"type":"Polygon","coordinates":[[[15.45754,47.04969],[15.45751,47.04968],[15.4586,47.04815],[15.45863,47.04816],[15.45754,47.04969]]]}},{"type":"Feature","properties":{"zone":"D","district":"Jakomini","rawHours":"Werktags, Montag bis Freitag von 9.00 bis 20.00 Uhr.","rawFee":"Mindestgebühr (halbe Stunde): € 1,00 Tagesticket (24 Stunden): € 11,00 bis 5-Tages-Ticket: € 55,00","note":"Grüne Zone, straßenzugsweise — Tagesticket (24 Stunden) 11,00 € — 5-Tages-Ticket 55,00 €","windows":[{"weekdays":[1,2,3,4,5],"fromMinute":540,"toMinute":1200}],"fee":{"kind":"exact","centsPerHour":200},"unmodelledRules":[],"sourceDefect":null,"spaces":null,"maxStayMinutes":null,"maxStay":null,"maxStayShare":0,"maxStayValues":[],"chargingPoints":0,"carsharing":0},"geometry":{"type":"Polygon","coordinates":[[[15.45854,47.04911],[15.45732,47.0487],[15.45734,47.04868],[15.45885,47.04918],[15.45884,47.04921],[15.45854,47.04911]]]}},{"type":"Feature","properties":{"zone":"D","district":"St. Peter","rawHours":"Werktags, Montag bis Freitag von 9.00 bis 20.00 Uhr.","rawFee":"Mindestgebühr (halbe Stunde): € 1,00 Tagesticket (24 Stunden): € 11,00 bis 5-Tages-Ticket: € 55,00","note":"Grüne Zone, straßenzugsweise — Tagesticket (24 Stunden) 11,00 € — 5-Tages-Ticket 55,00 €","windows":[{"weekdays":[1,2,3,4,5],"fromMinute":540,"toMinute":1200}],"fee":{"kind":"exact","centsPerHour":200},"unmodelledRules":[],"sourceDefect":null,"spaces":null,"maxStayMinutes":null,"maxStay":null,"maxStayShare":0,"maxStayValues":[],"chargingPoints":0,"carsharing":0},"geometry":{"type":"Polygon","coordinates":[[[15.4676,47.05993],[15.4672,47.0598],[15.46722,47.05977],[15.46763,47.0599],[15.4676,47.05993]]]}},{"type":"Feature","properties":{"zone":"D","district":"St. Peter","rawHours":"Werktags, Montag bis Freitag von 9.00 bis 20.00 Uhr.","rawFee":"Mindestgebühr (halbe Stunde): € 1,00 Tagesticket (24 Stunden): € 11,00 bis 5-Tages-Ticket: € 55,00","note":"Grüne Zone, straßenzugsweise — Tagesticket (24 Stunden) 11,00 € — 5-Tages-Ticket 55,00 €","windows":[{"weekdays":[1,2,3,4,5],"fromMinute":540,"toMinute":1200}],"fee":{"kind":"exact","centsPerHour":200},"unmodelledRules":[],"sourceDefect":null,"spaces":null,"maxStayMinutes":null,"maxStay":null,"maxStayShare":0,"maxStayValues":[],"chargingPoints":0,"carsharing":0},"geometry":{"type":"Polygon","coordinates":[[[15.46739,47.05962],[15.46722,47.05963],[15.46721,47.0596],[15.46777,47.05956],[15.46777,47.05959],[15.46739,47.05962]]]}},{"type":"Feature","properties":{"zone":"G","district":"Eggenberg","rawHours":"Werktags, Montag bis Freitag von 9.00 bis 20.00 Uhr.","rawFee":"Mindestgebühr (halbe Stunde): € 1,00 Tagesticket (24 Stunden): € 11,00 bis 5-Tages-Ticket: € 55,00","note":"Grüne Zone, straßenzugsweise — Tagesticket (24 Stunden) 11,00 € — 5-Tages-Ticket 55,00 €","windows":[{"weekdays":[1,2,3,4,5],"fromMinute":540,"toMinute":1200}],"fee":{"kind":"exact","centsPerHour":200},"unmodelledRules":[],"sourceDefect":null,"spaces":null,"maxStayMinutes":null,"maxStay":null,"maxStayShare":0,"maxStayValues":[],"chargingPoints":0,"carsharing":0},"geometry":{"type":"Polygon","coordinates":[[[15.40098,47.06637],[15.4014,47.06824],[15.40135,47.06825],[15.40098,47.06659],[15.40093,47.06638],[15.40098,47.06637]]]}},{"type":"Feature","properties":{"zone":"G","district":"Eggenberg","rawHours":"Werktags, Montag bis Freitag von 9.00 bis 20.00 Uhr.","rawFee":"Mindestgebühr (halbe Stunde): € 1,00 Tagesticket (24 Stunden): € 11,00 bis 5-Tages-Ticket: € 55,00","note":"Grüne Zone, straßenzugsweise — Tagesticket (24 Stunden) 11,00 € — 5-Tages-Ticket 55,00 €","windows":[{"weekdays":[1,2,3,4,5],"fromMinute":540,"toMinute":1200}],"fee":{"kind":"exact","centsPerHour":200},"unmodelledRules":[],"sourceDefect":null,"spaces":null,"maxStayMinutes":null,"maxStay":null,"maxStayShare":0,"maxStayValues":[],"chargingPoints":0,"carsharing":0},"geometry":{"type":"Polygon","coordinates":[[[15.3979,47.06737],[15.39945,47.0672],[15.39945,47.06724],[15.39792,47.0674],[15.3979,47.06737]]]}},{"type":"Feature","properties":{"zone":"G","district":"Eggenberg","rawHours":"Werktags, Montag bis Freitag von 9.00 bis 20.00 Uhr.","rawFee":"Mindestgebühr (halbe Stunde): € 1,00 Tagesticket (24 Stunden): € 11,00 bis 5-Tages-Ticket: € 55,00","note":"Grüne Zone, straßenzugsweise — Tagesticket (24 Stunden) 11,00 € — 5-Tages-Ticket 55,00 €","windows":[{"weekdays":[1,2,3,4,5],"fromMinute":540,"toMinute":1200}],"fee":{"kind":"exact","centsPerHour":200},"unmodelledRules":[],"sourceDefect":null,"spaces":null,"maxStayMinutes":null,"maxStay":null,"maxStayShare":0,"maxStayValues":[],"chargingPoints":0,"carsharing":0},"geometry":{"type":"Polygon","coordinates":[[[15.39874,47.06799],[15.3992,47.06792],[15.39921,47.06796],[15.39875,47.06803],[15.39874,47.06799]]]}},{"type":"Feature","properties":{"zone":"G","district":"Eggenberg","rawHours":"Werktags, Montag bis Freitag von 9.00 bis 20.00 Uhr.","rawFee":"Mindestgebühr (halbe Stunde): € 1,00 Tagesticket (24 Stunden): € 11,00 bis 5-Tages-Ticket: € 55,00","note":"Grüne Zone, straßenzugsweise — Tagesticket (24 Stunden) 11,00 € — 5-Tages-Ticket 55,00 €","windows":[{"weekdays":[1,2,3,4,5],"fromMinute":540,"toMinute":1200}],"fee":{"kind":"exact","centsPerHour":200},"unmodelledRules":[],"sourceDefect":null,"spaces":null,"maxStayMinutes":null,"maxStay":null,"maxStayShare":0,"maxStayValues":[],"chargingPoints":0,"carsharing":0},"geometry":{"type":"Polygon","coordinates":[[[15.39696,47.07008],[15.39805,47.07122],[15.39801,47.07123],[15.39798,47.07121],[15.39692,47.0701],[15.39696,47.07008]]]}},{"type":"Feature","properties":{"zone":"G","district":"Eggenberg","rawHours":"Werktags, Montag bis Freitag von 9.00 bis 20.00 Uhr.","rawFee":"Mindestgebühr (halbe Stunde): € 1,00 Tagesticket (24 Stunden): € 11,00 bis 5-Tages-Ticket: € 55,00","note":"Grüne Zone, straßenzugsweise — Tagesticket (24 Stunden) 11,00 € — 5-Tages-Ticket 55,00 €","windows":[{"weekdays":[1,2,3,4,5],"fromMinute":540,"toMinute":1200}],"fee":{"kind":"exact","centsPerHour":200},"unmodelledRules":[],"sourceDefect":null,"spaces":null,"maxStayMinutes":null,"maxStay":null,"maxStayShare":0,"maxStayValues":[],"chargingPoints":0,"carsharing":0},"geometry":{"type":"Polygon","coordinates":[[[15.39987,47.06851],[15.39969,47.06797],[15.39936,47.06635],[15.39941,47.06635],[15.39966,47.06765],[15.39974,47.06796],[15.39992,47.0685],[15.39987,47.06851]]]}},{"type":"Feature","properties":{"zone":"D","district":"Jakomini","rawHours":"Werktags, Montag bis Freitag von 9.00 bis 20.00 Uhr.","rawFee":"Mindestgebühr (halbe Stunde): € 1,00 Tagesticket (24 Stunden): € 11,00 bis 5-Tages-Ticket: € 55,00","note":"Grüne Zone, straßenzugsweise — Tagesticket (24 Stunden) 11,00 € — 5-Tages-Ticket 55,00 €","windows":[{"weekdays":[1,2,3,4,5],"fromMinute":540,"toMinute":1200}],"fee":{"kind":"exact","centsPerHour":200},"unmodelledRules":[],"sourceDefect":null,"spaces":null,"maxStayMinutes":null,"maxStay":null,"maxStayShare":0,"maxStayValues":[],"chargingPoints":0,"carsharing":0},"geometry":{"type":"Polygon","coordinates":[[[15.46006,47.0528],[15.45968,47.05332],[15.45962,47.05331],[15.46001,47.05278],[15.46006,47.0528]]]}},{"type":"Feature","properties":{"zone":"S","district":"St. Peter","rawHours":"Werktags, Montag bis Freitag von 9.00 bis 20.00 Uhr.","rawFee":"Mindestgebühr (halbe Stunde): € 1,00 Tagesticket (24 Stunden): € 11,00 bis 5-Tages-Ticket: € 55,00","note":"Grüne Zone, straßenzugsweise — Tagesticket (24 Stunden) 11,00 € — 5-Tages-Ticket 55,00 €","windows":[{"weekdays":[1,2,3,4,5],"fromMinute":540,"toMinute":1200}],"fee":{"kind":"exact","centsPerHour":200},"unmodelledRules":[],"sourceDefect":null,"spaces":null,"maxStayMinutes":null,"maxStay":null,"maxStayShare":0,"maxStayValues":[],"chargingPoints":0,"carsharing":0},"geometry":{"type":"Polygon","coordinates":[[[15.47234,47.05666],[15.47226,47.05673],[15.47222,47.05672],[15.47231,47.05664],[15.47234,47.05666]]]}},{"type":"Feature","properties":{"zone":"D","district":"Jakomini","rawHours":"Werktags, Montag bis Freitag von 9.00 bis 20.00 Uhr.","rawFee":"Mindestgebühr (halbe Stunde): € 1,00 Tagesticket (24 Stunden): € 11,00 bis 5-Tages-Ticket: € 55,00","note":"Grüne Zone, straßenzugsweise — Tagesticket (24 Stunden) 11,00 € — 5-Tages-Ticket 55,00 €","windows":[{"weekdays":[1,2,3,4,5],"fromMinute":540,"toMinute":1200}],"fee":{"kind":"exact","centsPerHour":200},"unmodelledRules":[],"sourceDefect":null,"spaces":null,"maxStayMinutes":null,"maxStay":null,"maxStayShare":0,"maxStayValues":[],"chargingPoints":0,"carsharing":0},"geometry":{"type":"Polygon","coordinates":[[[15.45919,47.05245],[15.45862,47.05223],[15.45864,47.0522],[15.45921,47.05242],[15.45919,47.05245]]]}},{"type":"Feature","properties":{"zone":"D","district":"Jakomini","rawHours":"Werktags, Montag bis Freitag von 9.00 bis 20.00 Uhr.","rawFee":"Mindestgebühr (halbe Stunde): € 1,00 Tagesticket (24 Stunden): € 11,00 bis 5-Tages-Ticket: € 55,00","note":"Grüne Zone, straßenzugsweise — Tagesticket (24 Stunden) 11,00 € — 5-Tages-Ticket 55,00 €","windows":[{"weekdays":[1,2,3,4,5],"fromMinute":540,"toMinute":1200}],"fee":{"kind":"exact","centsPerHour":200},"unmodelledRules":[],"sourceDefect":null,"spaces":null,"maxStayMinutes":null,"maxStay":null,"maxStayShare":0,"maxStayValues":[],"chargingPoints":0,"carsharing":0},"geometry":{"type":"Polygon","coordinates":[[[15.4604,47.05205],[15.459,47.05158],[15.4586,47.0514],[15.45702,47.05087],[15.45704,47.05083],[15.4572,47.05088],[15.45858,47.05135],[15.46042,47.05202],[15.4604,47.05205]]]}},{"type":"Feature","properties":{"zone":"D","district":"Jakomini","rawHours":"Werktags, Montag bis Freitag von 9.00 bis 20.00 Uhr.","rawFee":"Mindestgebühr (halbe Stunde): € 1,00 Tagesticket (24 Stunden): € 11,00 bis 5-Tages-Ticket: € 55,00","note":"Grüne Zone, straßenzugsweise — Tagesticket (24 Stunden) 11,00 € — 5-Tages-Ticket 55,00 €","windows":[{"weekdays":[1,2,3,4,5],"fromMinute":540,"toMinute":1200}],"fee":{"kind":"exact","centsPerHour":200},"unmodelledRules":[],"sourceDefect":null,"spaces":null,"maxStayMinutes":null,"maxStay":null,"maxStayShare":0,"maxStayValues":[],"chargingPoints":0,"carsharing":0},"geometry":{"type":"Polygon","coordinates":[[[15.45874,47.05153],[15.45776,47.05261],[15.45772,47.05259],[15.45871,47.05151],[15.45874,47.05153]]]}},{"type":"Feature","properties":{"zone":"D","district":"Jakomini","rawHours":"Werktags, Montag bis Freitag von 9.00 bis 20.00 Uhr.","rawFee":"Mindestgebühr (halbe Stunde): € 1,00 Tagesticket (24 Stunden): € 11,00 bis 5-Tages-Ticket: € 55,00","note":"Grüne Zone, straßenzugsweise — Tagesticket (24 Stunden) 11,00 € — 5-Tages-Ticket 55,00 €","windows":[{"weekdays":[1,2,3,4,5],"fromMinute":540,"toMinute":1200}],"fee":{"kind":"exact","centsPerHour":200},"unmodelledRules":[],"sourceDefect":null,"spaces":null,"maxStayMinutes":null,"maxStay":null,"maxStayShare":0,"maxStayValues":[],"chargingPoints":0,"carsharing":0},"geometry":{"type":"Polygon","coordinates":[[[15.45642,47.0543],[15.45721,47.05307],[15.45745,47.05274],[15.45746,47.05272],[15.45751,47.05274],[15.45737,47.0529],[15.45647,47.05432],[15.45642,47.0543]]]}},{"type":"Feature","properties":{"zone":"G","district":"Eggenberg","rawHours":"Werktags, Montag bis Freitag von 9.00 bis 20.00 Uhr.","rawFee":"Mindestgebühr (halbe Stunde): € 1,00 Tagesticket (24 Stunden): € 11,00 bis 5-Tages-Ticket: € 55,00","note":"Grüne Zone, straßenzugsweise — Tagesticket (24 Stunden) 11,00 € — 5-Tages-Ticket 55,00 €","windows":[{"weekdays":[1,2,3,4,5],"fromMinute":540,"toMinute":1200}],"fee":{"kind":"exact","centsPerHour":200},"unmodelledRules":[],"sourceDefect":null,"spaces":null,"maxStayMinutes":null,"maxStay":null,"maxStayShare":0,"maxStayValues":[],"chargingPoints":0,"carsharing":0},"geometry":{"type":"Polygon","coordinates":[[[15.40167,47.07499],[15.40447,47.07491],[15.40447,47.07494],[15.40185,47.07501],[15.40167,47.07502],[15.40167,47.07499]]]}}]}