{"type":"FeatureCollection","features":[{"type":"Feature","properties":{"kind":"charging","label":"Prinzregentenstraße","detail":"Parkzone 120"},"geometry":{"type":"Point","coordinates":[13.33311,52.49007]}},{"type":"Feature","properties":{"kind":"charging","label":"Durlacher Straße","detail":"Parkzone 121"},"geometry":{"type":"Point","coordinates":[13.32976,52.48139]}},{"type":"Feature","properties":{"kind":"charging","label":"Durlacher Straße","detail":"Parkzone 121"},"geometry":{"type":"Point","coordinates":[13.33445,52.47961]}},{"type":"Feature","properties":{"kind":"charging","label":"Fehrbelliner Platz","detail":"Parkzone 16"},"geometry":{"type":"Point","coordinates":[13.31396,52.49072]}},{"type":"Feature","properties":{"kind":"charging","label":"Pommersche Straße","detail":"Parkzone 16"},"geometry":{"type":"Point","coordinates":[13.31512,52.49324]}},{"type":"Feature","properties":{"kind":"charging","label":"Wittelsbacherstraße","detail":"Parkzone 16"},"geometry":{"type":"Point","coordinates":[13.30886,52.49535]}},{"type":"Feature","properties":{"kind":"charging","label":"Uhlandstraße","detail":"Parkzone 16"},"geometry":{"type":"Point","coordinates":[13.32366,52.49458]}},{"type":"Feature","properties":{"kind":"charging","label":"Sigmaringer Straße","detail":"Parkzone 19"},"geometry":{"type":"Point","coordinates":[13.31933,52.48976]}},{"type":"Feature","properties":{"kind":"charging","label":"Gasteiner Straße","detail":"Parkzone 19"},"geometry":{"type":"Point","coordinates":[13.32214,52.48768]}},{"type":"Feature","properties":{"kind":"charging","label":"Holsteinische Straße","detail":"Parkzone 19"},"geometry":{"type":"Point","coordinates":[13.32492,52.49121]}},{"type":"Feature","properties":{"kind":"charging","label":"Nassauische Straße","detail":"Parkzone 19"},"geometry":{"type":"Point","coordinates":[13.32672,52.49131]}},{"type":"Feature","properties":{"kind":"charging","label":"Trautenaustraße","detail":"Parkzone 19"},"geometry":{"type":"Point","coordinates":[13.33016,52.4932]}},{"type":"Feature","properties":{"kind":"charging","label":"Berchtesgadener Straße","detail":"Parkzone 84"},"geometry":{"type":"Point","coordinates":[13.34374,52.48869]}},{"type":"Feature","properties":{"kind":"charging","label":"Freiherr-vom-Stein-Straße","detail":"Parkzone 84"},"geometry":{"type":"Point","coordinates":[13.34281,52.48409]}},{"type":"Feature","properties":{"kind":"carsharing","label":"Am Rathaus","detail":"Parkzone 84"},"geometry":{"type":"Point","coordinates":[13.34295,52.48437]}},{"type":"Feature","properties":{"kind":"charging","label":"Badensche Straße","detail":"Parkzone 84"},"geometry":{"type":"Point","coordinates":[13.33768,52.4858]}},{"type":"Feature","properties":{"kind":"charging","label":"Elßholzstraße","detail":"Parkzone 85"},"geometry":{"type":"Point","coordinates":[13.35657,52.49413]}},{"type":"Feature","properties":{"kind":"charging","label":"Kyffhäuserstraße","detail":"Parkzone 85"},"geometry":{"type":"Point","coordinates":[13.35188,52.49356]}},{"type":"Feature","properties":{"kind":"charging","label":"Fritz-Elsas-Straße","detail":"Parkzone 87"},"geometry":{"type":"Point","coordinates":[13.34645,52.48256]}},{"type":"Feature","properties":{"kind":"charging","label":"Grunewaldstraße","detail":"Parkzone 88"},"geometry":{"type":"Point","coordinates":[13.3473,52.48919]}},{"type":"Feature","properties":{"kind":"charging","label":"Apostel-Paulus-Straße","detail":"Parkzone 88"},"geometry":{"type":"Point","coordinates":[13.34954,52.48833]}},{"type":"Feature","properties":{"kind":"charging","label":"Belziger Straße","detail":"Parkzone 88"},"geometry":{"type":"Point","coordinates":[13.35451,52.48738]}},{"type":"Feature","properties":{"kind":"charging","label":"Ebersstraße","detail":"Parkzone 88"},"geometry":{"type":"Point","coordinates":[13.35483,52.48212]}},{"type":"Feature","properties":{"kind":"charging","label":"Helmstraße","detail":"Parkzone 88"},"geometry":{"type":"Point","coordinates":[13.35996,52.4885]}},{"type":"Feature","properties":{"kind":"charging","label":"Leibnizstraße","detail":"Parkzone 6"},"geometry":{"type":"Point","coordinates":[13.31327,52.50268]}},{"type":"Feature","properties":{"kind":"charging","label":"Clausewitzstraße","detail":"Parkzone 6"},"geometry":{"type":"Point","coordinates":[13.30923,52.50048]}},{"type":"Feature","properties":{"kind":"charging","label":"Düsseldorfer Straße","detail":"Parkzone 6"},"geometry":{"type":"Point","coordinates":[13.31391,52.49672]}},{"type":"Feature","properties":{"kind":"charging","label":"Kurfürstendamm","detail":"Parkzone 7"},"geometry":{"type":"Point","coordinates":[13.3285,52.50331]}},{"type":"Feature","properties":{"kind":"charging","label":"Meinekestraße","detail":"Parkzone 7"},"geometry":{"type":"Point","coordinates":[13.32909,52.50283]}},{"type":"Feature","properties":{"kind":"charging","label":"Kurfürstendamm","detail":"Parkzone 7"},"geometry":{"type":"Point","coordinates":[13.31835,52.50154]}},{"type":"Feature","properties":{"kind":"charging","label":"Schlüterstraße","detail":"Parkzone 7"},"geometry":{"type":"Point","coordinates":[13.31681,52.50094]}},{"type":"Feature","properties":{"kind":"charging","label":"Düsseldorfer Straße","detail":"Parkzone 8"},"geometry":{"type":"Point","coordinates":[13.31952,52.49605]}},{"type":"Feature","properties":{"kind":"charging","label":"Ludwigkirchstraße","detail":"Parkzone 8"},"geometry":{"type":"Point","coordinates":[13.32413,52.49784]}},{"type":"Feature","properties":{"kind":"charging","label":"Fasanenstraße","detail":"Parkzone 8"},"geometry":{"type":"Point","coordinates":[13.32686,52.49868]}},{"type":"Feature","properties":{"kind":"charging","label":"Schaperstraße","detail":"Parkzone 8"},"geometry":{"type":"Point","coordinates":[13.32903,52.49939]}},{"type":"Feature","properties":{"kind":"charging","label":"Nachodstraße","detail":"Parkzone 17-CW"},"geometry":{"type":"Point","coordinates":[13.33626,52.49493]}},{"type":"Feature","properties":{"kind":"charging","label":"Motzstraße","detail":"Parkzone 17-TS"},"geometry":{"type":"Point","coordinates":[13.34005,52.4951]}},{"type":"Feature","properties":{"kind":"charging","label":"Motzstraße","detail":"Parkzone 17-TS"},"geometry":{"type":"Point","coordinates":[13.34483,52.49675]}},{"type":"Feature","properties":{"kind":"charging","label":"Fuggerstraße","detail":"Parkzone 17-TS"},"geometry":{"type":"Point","coordinates":[13.34208,52.49923]}},{"type":"Feature","properties":{"kind":"charging","label":"Hohenstaufenstraße","detail":"Parkzone 55"},"geometry":{"type":"Point","coordinates":[13.3421,52.49443]}},{"type":"Feature","properties":{"kind":"charging","label":"Winterfeldtstraße","detail":"Parkzone 55"},"geometry":{"type":"Point","coordinates":[13.3513,52.49662]}},{"type":"Feature","properties":{"kind":"charging","label":"Eisenacher Straße","detail":"Parkzone 55"},"geometry":{"type":"Point","coordinates":[13.34956,52.50002]}},{"type":"Feature","properties":{"kind":"charging","label":"Eisenacher Straße","detail":"Parkzone 55"},"geometry":{"type":"Point","coordinates":[13.3498,52.49481]}},{"type":"Feature","properties":{"kind":"charging","label":"Martin-Luther-Straße","detail":"Parkzone 55"},"geometry":{"type":"Point","coordinates":[13.35354,52.50057]}},{"type":"Feature","properties":{"kind":"charging","label":"Kurfürstenstraße","detail":"Parkzone 55"},"geometry":{"type":"Point","coordinates":[13.36597,52.49925]}},{"type":"Feature","properties":{"kind":"charging","label":"Pallasstraße","detail":"Parkzone 55"},"geometry":{"type":"Point","coordinates":[13.36024,52.49448]}},{"type":"Feature","properties":{"kind":"charging","label":"Frobenstraße","detail":"Parkzone 55"},"geometry":{"type":"Point","coordinates":[13.35959,52.49871]}},{"type":"Feature","properties":{"kind":"charging","label":"Zietenstraße","detail":"Parkzone 55"},"geometry":{"type":"Point","coordinates":[13.35629,52.49742]}},{"type":"Feature","properties":{"kind":"charging","label":"Kirchbachstraße","detail":"Parkzone 55"},"geometry":{"type":"Point","coordinates":[13.36454,52.49529]}},{"type":"Feature","properties":{"kind":"charging","label":"Rankestraße","detail":"Parkzone 9-CW"},"geometry":{"type":"Point","coordinates":[13.33403,52.5029]}},{"type":"Feature","properties":{"kind":"charging","label":"Nürnberger Straße","detail":"Parkzone 9-CW"},"geometry":{"type":"Point","coordinates":[13.33651,52.50062]}},{"type":"Feature","properties":{"kind":"charging","label":"Augsburger Straße","detail":"Parkzone 9-CW"},"geometry":{"type":"Point","coordinates":[13.33525,52.50157]}},{"type":"Feature","properties":{"kind":"charging","label":"Hardenbergplatz","detail":"Parkzone 9-CW"},"geometry":{"type":"Point","coordinates":[13.3339,52.5072]}},{"type":"Feature","properties":{"kind":"charging","label":"Keithstraße","detail":"Parkzone 9-TS"},"geometry":{"type":"Point","coordinates":[13.34598,52.50247]}},{"type":"Feature","properties":{"kind":"charging","label":"Lützowplatz","detail":"Parkzone 22"},"geometry":{"type":"Point","coordinates":[13.35301,52.50412]}},{"type":"Feature","properties":{"kind":"charging","label":"Karl-Heinrich-Ulrichs-Straße","detail":"Parkzone 22"},"geometry":{"type":"Point","coordinates":[13.35274,52.50356]}},{"type":"Feature","properties":{"kind":"charging","label":"Pohlstraße","detail":"Parkzone 22"},"geometry":{"type":"Point","coordinates":[13.36725,52.50033]}},{"type":"Feature","properties":{"kind":"charging","label":"Am Karlsbad","detail":"Parkzone 22"},"geometry":{"type":"Point","coordinates":[13.37139,52.50377]}},{"type":"Feature","properties":{"kind":"carsharing","label":"Großgörschenstraße","detail":"Parkzone 86"},"geometry":{"type":"Point","coordinates":[13.3655,52.49156]}},{"type":"Feature","properties":{"kind":"charging","label":"Großgörschenstraße","detail":"Parkzone 86"},"geometry":{"type":"Point","coordinates":[13.36196,52.49131]}},{"type":"Feature","properties":{"kind":"charging","label":"Bautzener Straße","detail":"Parkzone 86"},"geometry":{"type":"Point","coordinates":[13.3709,52.49187]}},{"type":"Feature","properties":{"kind":"charging","label":"Katzlerstraße","detail":"Parkzone 86"},"geometry":{"type":"Point","coordinates":[13.369,52.49215]}},{"type":"Feature","properties":{"kind":"charging","label":"Ella-Barowsky-Straße","detail":"Parkzone 89"},"geometry":{"type":"Point","coordinates":[13.36174,52.47664]}},{"type":"Feature","properties":{"kind":"charging","label":"Gotenstraße","detail":"Parkzone 89"},"geometry":{"type":"Point","coordinates":[13.36022,52.48243]}},{"type":"Feature","properties":{"kind":"charging","label":"Gotenstraße","detail":"Parkzone 89"},"geometry":{"type":"Point","coordinates":[13.36022,52.48243]}},{"type":"Feature","properties":{"kind":"charging","label":"Leberstraße","detail":"Parkzone 89"},"geometry":{"type":"Point","coordinates":[13.36141,52.48536]}},{"type":"Feature","properties":{"kind":"charging","label":"Lauterstraße","detail":"Parkzone 27"},"geometry":{"type":"Point","coordinates":[13.3352,52.47266]}},{"type":"Feature","properties":{"kind":"charging","label":"Lauterstraße","detail":"Parkzone 27"},"geometry":{"type":"Point","coordinates":[13.3352,52.47262]}},{"type":"Feature","properties":{"kind":"charging","label":"Stierstraße","detail":"Parkzone 27"},"geometry":{"type":"Point","coordinates":[13.33755,52.47551]}},{"type":"Feature","properties":{"kind":"charging","label":"Schmargendorfer Straße","detail":"Parkzone 27"},"geometry":{"type":"Point","coordinates":[13.33358,52.47152]}},{"type":"Feature","properties":{"kind":"charging","label":"Bahnhofstraße","detail":"Parkzone 28"},"geometry":{"type":"Point","coordinates":[13.34011,52.47011]}},{"type":"Feature","properties":{"kind":"charging","label":"Hedwigstraße","detail":"Parkzone 28"},"geometry":{"type":"Point","coordinates":[13.3361,52.47146]}},{"type":"Feature","properties":{"kind":"charging","label":"Behrenstraße","detail":"Parkzone 1"},"geometry":{"type":"Point","coordinates":[13.38988,52.51565]}},{"type":"Feature","properties":{"kind":"charging","label":"Planckstraße","detail":"Parkzone 1"},"geometry":{"type":"Point","coordinates":[13.39044,52.51932]}},{"type":"Feature","properties":{"kind":"charging","label":"Hermannstraße","detail":"Parkzone 100"},"geometry":{"type":"Point","coordinates":[13.42403,52.48609]}},{"type":"Feature","properties":{"kind":"charging","label":"Reuterstraße","detail":"Parkzone 100"},"geometry":{"type":"Point","coordinates":[13.42883,52.48343]}},{"type":"Feature","properties":{"kind":"carsharing","label":"Sonnenallee","detail":"Parkzone 100"},"geometry":{"type":"Point","coordinates":[13.42926,52.48634]}},{"type":"Feature","properties":{"kind":"charging","label":"Karl-Marx-Straße","detail":"Parkzone 100"},"geometry":{"type":"Point","coordinates":[13.42516,52.48588]}},{"type":"Feature","properties":{"kind":"charging","label":"Sanderstraße","detail":"Parkzone 105"},"geometry":{"type":"Point","coordinates":[13.42313,52.49215]}},{"type":"Feature","properties":{"kind":"charging","label":"Spremberger Straße","detail":"Parkzone 105"},"geometry":{"type":"Point","coordinates":[13.4231,52.4941]}},{"type":"Feature","properties":{"kind":"charging","label":"Lenaustraße","detail":"Parkzone 105"},"geometry":{"type":"Point","coordinates":[13.42446,52.48994]}},{"type":"Feature","properties":{"kind":"charging","label":"Jansastraße","detail":"Parkzone 106"},"geometry":{"type":"Point","coordinates":[13.43348,52.48577]}},{"type":"Feature","properties":{"kind":"charging","label":"Wildenbruchstraße","detail":"Parkzone 106"},"geometry":{"type":"Point","coordinates":[13.44089,52.48221]}},{"type":"Feature","properties":{"kind":"charging","label":"Wildenbruchplatz","detail":"Parkzone 106"},"geometry":{"type":"Point","coordinates":[13.44357,52.48407]}},{"type":"Feature","properties":{"kind":"carsharing","label":"Knobelsdorffstraße","detail":"Parkzone 132"},"geometry":{"type":"Point","coordinates":[13.29347,52.51342]}},{"type":"Feature","properties":{"kind":"charging","label":"Knobelsdorffstraße","detail":"Parkzone 132"},"geometry":{"type":"Point","coordinates":[13.29632,52.5136]}},{"type":"Feature","properties":{"kind":"charging","label":"Knobelsdorffstraße","detail":"Parkzone 132"},"geometry":{"type":"Point","coordinates":[13.28896,52.51307]}},{"type":"Feature","properties":{"kind":"charging","label":"Horstweg","detail":"Parkzone 132"},"geometry":{"type":"Point","coordinates":[13.29289,52.51242]}},{"type":"Feature","properties":{"kind":"charging","label":"Schloßstraße","detail":"Parkzone 132"},"geometry":{"type":"Point","coordinates":[13.29653,52.51755]}},{"type":"Feature","properties":{"kind":"charging","label":"Kaiser-Friedrich-Straße","detail":"Parkzone 132"},"geometry":{"type":"Point","coordinates":[13.30088,52.51442]}},{"type":"Feature","properties":{"kind":"charging","label":"Riehlstraße","detail":"Parkzone 132"},"geometry":{"type":"Point","coordinates":[13.28634,52.51001]}},{"type":"Feature","properties":{"kind":"carsharing","label":"Seelingstraße","detail":"Parkzone 133"},"geometry":{"type":"Point","coordinates":[13.29609,52.51567]}},{"type":"Feature","properties":{"kind":"charging","label":"Heubnerweg","detail":"Parkzone 134"},"geometry":{"type":"Point","coordinates":[13.28866,52.5234]}},{"type":"Feature","properties":{"kind":"charging","label":"Tauroggener Straße","detail":"Parkzone 135"},"geometry":{"type":"Point","coordinates":[13.30075,52.52338]}},{"type":"Feature","properties":{"kind":"charging","label":"Osnabrücker Straße","detail":"Parkzone 135"},"geometry":{"type":"Point","coordinates":[13.30113,52.52591]}},{"type":"Feature","properties":{"kind":"carsharing","label":"Mierendorffplatz","detail":"Parkzone 135"},"geometry":{"type":"Point","coordinates":[13.30424,52.52573]}},{"type":"Feature","properties":{"kind":"carsharing","label":"Mierendorffplatz","detail":"Parkzone 135"},"geometry":{"type":"Point","coordinates":[13.30449,52.5254]}},{"type":"Feature","properties":{"kind":"charging","label":"Lise-Meitner-Straße","detail":"Parkzone 136"},"geometry":{"type":"Point","coordinates":[13.30619,52.53012]}},{"type":"Feature","properties":{"kind":"charging","label":"Charlottenburger Ufer","detail":"Parkzone 137"},"geometry":{"type":"Point","coordinates":[13.30029,52.52124]}},{"type":"Feature","properties":{"kind":"charging","label":"Otto-Suhr-Allee","detail":"Parkzone 137"},"geometry":{"type":"Point","coordinates":[13.30939,52.51663]}},{"type":"Feature","properties":{"kind":"charging","label":"Guerickestraße","detail":"Parkzone 137"},"geometry":{"type":"Point","coordinates":[13.31572,52.51795]}},{"type":"Feature","properties":{"kind":"charging","label":"Zillestraße","detail":"Parkzone 137"},"geometry":{"type":"Point","coordinates":[13.31324,52.51499]}},{"type":"Feature","properties":{"kind":"charging","label":"Wilmersdorfer Straße","detail":"Parkzone 138"},"geometry":{"type":"Point","coordinates":[13.30443,52.51749]}},{"type":"Feature","properties":{"kind":"carsharing","label":"Zillestraße","detail":"Parkzone 138"},"geometry":{"type":"Point","coordinates":[13.30667,52.51351]}},{"type":"Feature","properties":{"kind":"charging","label":"Krumme Straße","detail":"Parkzone 138"},"geometry":{"type":"Point","coordinates":[13.3093,52.51208]}},{"type":"Feature","properties":{"kind":"charging","label":"Mollstraße","detail":"Parkzone 14"},"geometry":{"type":"Point","coordinates":[13.42158,52.52475]}},{"type":"Feature","properties":{"kind":"charging","label":"Berolinastraße","detail":"Parkzone 14"},"geometry":{"type":"Point","coordinates":[13.42348,52.52031]}},{"type":"Feature","properties":{"kind":"charging","label":"Mollstraße","detail":"Parkzone 14"},"geometry":{"type":"Point","coordinates":[13.42151,52.5243]}},{"type":"Feature","properties":{"kind":"charging","label":"An der Kolonnade","detail":"Parkzone 15"},"geometry":{"type":"Point","coordinates":[13.3825,52.5122]}},{"type":"Feature","properties":{"kind":"charging","label":"Wilhelmstraße","detail":"Parkzone 15"},"geometry":{"type":"Point","coordinates":[13.38382,52.51088]}},{"type":"Feature","properties":{"kind":"charging","label":"Voßstraße","detail":"Parkzone 15"},"geometry":{"type":"Point","coordinates":[13.37901,52.51087]}},{"type":"Feature","properties":{"kind":"charging","label":"Leipziger Platz","detail":"Parkzone 15"},"geometry":{"type":"Point","coordinates":[13.37739,52.50977]}},{"type":"Feature","properties":{"kind":"charging","label":"Krausenstraße","detail":"Parkzone 15"},"geometry":{"type":"Point","coordinates":[13.38954,52.50946]}},{"type":"Feature","properties":{"kind":"charging","label":"Andreasstraße","detail":"Parkzone 18"},"geometry":{"type":"Point","coordinates":[13.43257,52.5171]}},{"type":"Feature","properties":{"kind":"charging","label":"Koppenstraße","detail":"Parkzone 18"},"geometry":{"type":"Point","coordinates":[13.43514,52.51437]}},{"type":"Feature","properties":{"kind":"charging","label":"Straße der Pariser Kommune","detail":"Parkzone 18"},"geometry":{"type":"Point","coordinates":[13.43816,52.51167]}},{"type":"Feature","properties":{"kind":"charging","label":"Jägerstraße","detail":"Parkzone 2"},"geometry":{"type":"Point","coordinates":[13.39011,52.51396]}},{"type":"Feature","properties":{"kind":"charging","label":"Taubenstraße","detail":"Parkzone 2"},"geometry":{"type":"Point","coordinates":[13.38978,52.51305]}},{"type":"Feature","properties":{"kind":"charging","label":"Jägerstraße","detail":"Parkzone 2"},"geometry":{"type":"Point","coordinates":[13.3955,52.51426]}},{"type":"Feature","properties":{"kind":"charging","label":"Markgrafenstraße","detail":"Parkzone 2"},"geometry":{"type":"Point","coordinates":[13.39355,52.51221]}},{"type":"Feature","properties":{"kind":"charging","label":"Markgrafenstraße","detail":"Parkzone 2"},"geometry":{"type":"Point","coordinates":[13.39398,52.50953]}},{"type":"Feature","properties":{"kind":"charging","label":"Jerusalemer Straße","detail":"Parkzone 2"},"geometry":{"type":"Point","coordinates":[13.39673,52.51128]}},{"type":"Feature","properties":{"kind":"charging","label":"Breite Straße","detail":"Parkzone 2"},"geometry":{"type":"Point","coordinates":[13.40314,52.51588]}},{"type":"Feature","properties":{"kind":"charging","label":"Zimmerstraße","detail":"Parkzone 2"},"geometry":{"type":"Point","coordinates":[13.392,52.50784]}},{"type":"Feature","properties":{"kind":"charging","label":"Stülerstraße","detail":"Parkzone 20"},"geometry":{"type":"Point","coordinates":[13.34904,52.50782]}},{"type":"Feature","properties":{"kind":"charging","label":"Budapester Straße","detail":"Parkzone 20"},"geometry":{"type":"Point","coordinates":[13.34622,52.50665]}},{"type":"Feature","properties":{"kind":"charging","label":"Bellevuestraße","detail":"Parkzone 21"},"geometry":{"type":"Point","coordinates":[13.37304,52.51071]}},{"type":"Feature","properties":{"kind":"charging","label":"Potsdamer Platz","detail":"Parkzone 21"},"geometry":{"type":"Point","coordinates":[13.37564,52.51]}},{"type":"Feature","properties":{"kind":"charging","label":"Gabriele-Tergit-Promenade","detail":"Parkzone 21"},"geometry":{"type":"Point","coordinates":[13.37659,52.50822]}},{"type":"Feature","properties":{"kind":"charging","label":"Wrangelstraße","detail":"Parkzone 23"},"geometry":{"type":"Point","coordinates":[13.31761,52.45527]}},{"type":"Feature","properties":{"kind":"charging","label":"Birkbuschstraße","detail":"Parkzone 23"},"geometry":{"type":"Point","coordinates":[13.32221,52.45072]}},{"type":"Feature","properties":{"kind":"charging","label":"Hindenburgdamm","detail":"Parkzone 23"},"geometry":{"type":"Point","coordinates":[13.3157,52.45305]}},{"type":"Feature","properties":{"kind":"charging","label":"Markelstraße","detail":"Parkzone 25"},"geometry":{"type":"Point","coordinates":[13.3265,52.46338]}},{"type":"Feature","properties":{"kind":"charging","label":"Bundesallee","detail":"Parkzone 26"},"geometry":{"type":"Point","coordinates":[13.32818,52.46794]}},{"type":"Feature","properties":{"kind":"charging","label":"Bundesallee","detail":"Parkzone 26"},"geometry":{"type":"Point","coordinates":[13.32818,52.4679]}},{"type":"Feature","properties":{"kind":"charging","label":"Fröaufstraße","detail":"Parkzone 26"},"geometry":{"type":"Point","coordinates":[13.32754,52.46711]}},{"type":"Feature","properties":{"kind":"charging","label":"Odenwaldstraße","detail":"Parkzone 26"},"geometry":{"type":"Point","coordinates":[13.32453,52.46781]}},{"type":"Feature","properties":{"kind":"charging","label":"Rheinstraße","detail":"Parkzone 26"},"geometry":{"type":"Point","coordinates":[13.33057,52.46686]}},{"type":"Feature","properties":{"kind":"charging","label":"Handjerystraße","detail":"Parkzone 26"},"geometry":{"type":"Point","coordinates":[13.3287,52.46896]}},{"type":"Feature","properties":{"kind":"charging","label":"Claire-Waldoff-Straße","detail":"Parkzone 29"},"geometry":{"type":"Point","coordinates":[13.38654,52.52482]}},{"type":"Feature","properties":{"kind":"charging","label":"Torstraße","detail":"Parkzone 29"},"geometry":{"type":"Point","coordinates":[13.39589,52.5291]}},{"type":"Feature","properties":{"kind":"charging","label":"Krausnickstraße","detail":"Parkzone 29"},"geometry":{"type":"Point","coordinates":[13.39831,52.52543]}},{"type":"Feature","properties":{"kind":"charging","label":"Karl-Liebknecht-Straße","detail":"Parkzone 29"},"geometry":{"type":"Point","coordinates":[13.41287,52.5244]}},{"type":"Feature","properties":{"kind":"charging","label":"Dircksenstraße","detail":"Parkzone 29"},"geometry":{"type":"Point","coordinates":[13.40746,52.52342]}},{"type":"Feature","properties":{"kind":"charging","label":"Spandauer Straße","detail":"Parkzone 29"},"geometry":{"type":"Point","coordinates":[13.40381,52.52093]}},{"type":"Feature","properties":{"kind":"charging","label":"Neue Jüdenstraße","detail":"Parkzone 3"},"geometry":{"type":"Point","coordinates":[13.41046,52.51575]}},{"type":"Feature","properties":{"kind":"charging","label":"Jüdenstraße","detail":"Parkzone 3"},"geometry":{"type":"Point","coordinates":[13.40908,52.51876]}},{"type":"Feature","properties":{"kind":"charging","label":"Alexanderstraße","detail":"Parkzone 3"},"geometry":{"type":"Point","coordinates":[13.416,52.52184]}},{"type":"Feature","properties":{"kind":"charging","label":"Pettenkoferstraße","detail":"Parkzone 30"},"geometry":{"type":"Point","coordinates":[13.47347,52.51455]}},{"type":"Feature","properties":{"kind":"carsharing","label":"Rigaer Straße","detail":"Parkzone 30"},"geometry":{"type":"Point","coordinates":[13.47279,52.51497]}},{"type":"Feature","properties":{"kind":"charging","label":"Kieler Straße","detail":"Parkzone 33"},"geometry":{"type":"Point","coordinates":[13.37022,52.53426]}},{"type":"Feature","properties":{"kind":"charging","label":"Boyenstraße","detail":"Parkzone 33"},"geometry":{"type":"Point","coordinates":[13.36889,52.53595]}},{"type":"Feature","properties":{"kind":"charging","label":"Habersaathstraße","detail":"Parkzone 33"},"geometry":{"type":"Point","coordinates":[13.37787,52.53181]}},{"type":"Feature","properties":{"kind":"charging","label":"Schwarzer Weg","detail":"Parkzone 33"},"geometry":{"type":"Point","coordinates":[13.37744,52.52932]}},{"type":"Feature","properties":{"kind":"charging","label":"Wöhlertstraße","detail":"Parkzone 33"},"geometry":{"type":"Point","coordinates":[13.37779,52.53654]}},{"type":"Feature","properties":{"kind":"charging","label":"Neustädtische Kirchstraße","detail":"Parkzone 34"},"geometry":{"type":"Point","coordinates":[13.38522,52.51968]}},{"type":"Feature","properties":{"kind":"charging","label":"Dorotheenstraße","detail":"Parkzone 34"},"geometry":{"type":"Point","coordinates":[13.38774,52.51862]}},{"type":"Feature","properties":{"kind":"charging","label":"Schumannstraße","detail":"Parkzone 34"},"geometry":{"type":"Point","coordinates":[13.38086,52.52369]}},{"type":"Feature","properties":{"kind":"charging","label":"Platz vor dem Neuen Tor","detail":"Parkzone 34"},"geometry":{"type":"Point","coordinates":[13.37883,52.52867]}},{"type":"Feature","properties":{"kind":"charging","label":"Hannoversche Straße","detail":"Parkzone 34"},"geometry":{"type":"Point","coordinates":[13.38341,52.52725]}},{"type":"Feature","properties":{"kind":"charging","label":"Reinhardtstraße","detail":"Parkzone 34"},"geometry":{"type":"Point","coordinates":[13.38093,52.52284]}},{"type":"Feature","properties":{"kind":"charging","label":"Clara-Jaschke-Straße","detail":"Parkzone 35"},"geometry":{"type":"Point","coordinates":[13.36625,52.52344]}},{"type":"Feature","properties":{"kind":"charging","label":"Alt-Moabit","detail":"Parkzone 35"},"geometry":{"type":"Point","coordinates":[13.36247,52.52316]}},{"type":"Feature","properties":{"kind":"charging","label":"Beuthstraße","detail":"Parkzone 36"},"geometry":{"type":"Point","coordinates":[13.40262,52.50888]}},{"type":"Feature","properties":{"kind":"charging","label":"Seydelstraße","detail":"Parkzone 36"},"geometry":{"type":"Point","coordinates":[13.40317,52.51018]}},{"type":"Feature","properties":{"kind":"charging","label":"Am Köllnischen Park","detail":"Parkzone 36"},"geometry":{"type":"Point","coordinates":[13.41553,52.51338]}},{"type":"Feature","properties":{"kind":"charging","label":"Alte Jakobstraße","detail":"Parkzone 36"},"geometry":{"type":"Point","coordinates":[13.40891,52.51042]}},{"type":"Feature","properties":{"kind":"charging","label":"Rungestraße","detail":"Parkzone 36"},"geometry":{"type":"Point","coordinates":[13.4189,52.51232]}},{"type":"Feature","properties":{"kind":"charging","label":"Heinrich-Heine-Straße","detail":"Parkzone 37"},"geometry":{"type":"Point","coordinates":[13.41453,52.50837]}},{"type":"Feature","properties":{"kind":"charging","label":"Leuschnerdamm","detail":"Parkzone 37"},"geometry":{"type":"Point","coordinates":[13.41934,52.50563]}},{"type":"Feature","properties":{"kind":"charging","label":"Engeldamm","detail":"Parkzone 37"},"geometry":{"type":"Point","coordinates":[13.42621,52.50621]}},{"type":"Feature","properties":{"kind":"charging","label":"Georg-Wilhelm-Straße","detail":"Parkzone 37"},"geometry":{"type":"Point","coordinates":[13.42349,52.50958]}},{"type":"Feature","properties":{"kind":"charging","label":"Adalbertstraße","detail":"Parkzone 37"},"geometry":{"type":"Point","coordinates":[13.42235,52.50567]}},{"type":"Feature","properties":{"kind":"charging","label":"Schröderstraße","detail":"Parkzone 38"},"geometry":{"type":"Point","coordinates":[13.39419,52.53079]}},{"type":"Feature","properties":{"kind":"charging","label":"Schlegelstraße","detail":"Parkzone 38"},"geometry":{"type":"Point","coordinates":[13.38568,52.52977]}},{"type":"Feature","properties":{"kind":"charging","label":"Gartenstraße","detail":"Parkzone 38"},"geometry":{"type":"Point","coordinates":[13.3914,52.53048]}},{"type":"Feature","properties":{"kind":"charging","label":"Eichendorffstraße","detail":"Parkzone 38"},"geometry":{"type":"Point","coordinates":[13.38693,52.53132]}},{"type":"Feature","properties":{"kind":"charging","label":"Eichendorffstraße","detail":"Parkzone 38"},"geometry":{"type":"Point","coordinates":[13.38693,52.53132]}},{"type":"Feature","properties":{"kind":"charging","label":"Borsigstraße","detail":"Parkzone 38"},"geometry":{"type":"Point","coordinates":[13.39109,52.52823]}},{"type":"Feature","properties":{"kind":"charging","label":"Anklamer Straße","detail":"Parkzone 38"},"geometry":{"type":"Point","coordinates":[13.39577,52.53442]}},{"type":"Feature","properties":{"kind":"charging","label":"Anklamer Straße","detail":"Parkzone 38"},"geometry":{"type":"Point","coordinates":[13.39705,52.5347]}},{"type":"Feature","properties":{"kind":"charging","label":"Kantstraße","detail":"Parkzone 4"},"geometry":{"type":"Point","coordinates":[13.3063,52.5068]}},{"type":"Feature","properties":{"kind":"charging","label":"Schillerstraße","detail":"Parkzone 4"},"geometry":{"type":"Point","coordinates":[13.30986,52.51033]}},{"type":"Feature","properties":{"kind":"charging","label":"Büschingstraße","detail":"Parkzone 40"},"geometry":{"type":"Point","coordinates":[13.42903,52.5256]}},{"type":"Feature","properties":{"kind":"charging","label":"Weinbergsweg","detail":"Parkzone 41-Mitte"},"geometry":{"type":"Point","coordinates":[13.40301,52.53187]}},{"type":"Feature","properties":{"kind":"charging","label":"Veteranenstraße","detail":"Parkzone 41-Mitte"},"geometry":{"type":"Point","coordinates":[13.40316,52.53385]}},{"type":"Feature","properties":{"kind":"charging","label":"Griebenowstraße","detail":"Parkzone 41-Mitte"},"geometry":{"type":"Point","coordinates":[13.405,52.53574]}},{"type":"Feature","properties":{"kind":"charging","label":"Swinemünder Straße","detail":"Parkzone 41-Mitte"},"geometry":{"type":"Point","coordinates":[13.40336,52.5353]}},{"type":"Feature","properties":{"kind":"charging","label":"Ruppiner Straße","detail":"Parkzone 41-Mitte"},"geometry":{"type":"Point","coordinates":[13.39974,52.53824]}},{"type":"Feature","properties":{"kind":"carsharing","label":"Oderberger Straße","detail":"Parkzone 41-Pankow"},"geometry":{"type":"Point","coordinates":[13.40505,52.54037]}},{"type":"Feature","properties":{"kind":"charging","label":"Oderberger Straße","detail":"Parkzone 41-Pankow"},"geometry":{"type":"Point","coordinates":[13.40687,52.53968]}},{"type":"Feature","properties":{"kind":"charging","label":"Zionskirchstraße","detail":"Parkzone 41-Pankow"},"geometry":{"type":"Point","coordinates":[13.40818,52.53291]}},{"type":"Feature","properties":{"kind":"carsharing","label":"Christinenstraße","detail":"Parkzone 41-Pankow"},"geometry":{"type":"Point","coordinates":[13.40909,52.5314]}},{"type":"Feature","properties":{"kind":"carsharing","label":"Sredzkistraße","detail":"Parkzone 42"},"geometry":{"type":"Point","coordinates":[13.41271,52.538]}},{"type":"Feature","properties":{"kind":"carsharing","label":"Rykestraße","detail":"Parkzone 42"},"geometry":{"type":"Point","coordinates":[13.42273,52.53911]}},{"type":"Feature","properties":{"kind":"charging","label":"Sredzkistraße","detail":"Parkzone 42"},"geometry":{"type":"Point","coordinates":[13.41789,52.53835]}},{"type":"Feature","properties":{"kind":"carsharing","label":"Kollwitzstraße","detail":"Parkzone 42"},"geometry":{"type":"Point","coordinates":[13.41846,52.53678]}},{"type":"Feature","properties":{"kind":"charging","label":"Kollwitzstraße","detail":"Parkzone 42"},"geometry":{"type":"Point","coordinates":[13.41962,52.53766]}},{"type":"Feature","properties":{"kind":"carsharing","label":"Wörther Straße","detail":"Parkzone 42"},"geometry":{"type":"Point","coordinates":[13.42152,52.53576]}},{"type":"Feature","properties":{"kind":"charging","label":"Wörther Straße","detail":"Parkzone 42"},"geometry":{"type":"Point","coordinates":[13.42051,52.53597]}},{"type":"Feature","properties":{"kind":"charging","label":"Straßburger Straße","detail":"Parkzone 42"},"geometry":{"type":"Point","coordinates":[13.41225,52.52854]}},{"type":"Feature","properties":{"kind":"charging","label":"Straßburger Straße","detail":"Parkzone 42"},"geometry":{"type":"Point","coordinates":[13.41659,52.53226]}},{"type":"Feature","properties":{"kind":"charging","label":"Kollwitzstraße","detail":"Parkzone 42"},"geometry":{"type":"Point","coordinates":[13.41493,52.5336]}},{"type":"Feature","properties":{"kind":"carsharing","label":"Kollwitzstraße","detail":"Parkzone 42"},"geometry":{"type":"Point","coordinates":[13.41397,52.53258]}},{"type":"Feature","properties":{"kind":"charging","label":"Chodowieckistraße","detail":"Parkzone 42"},"geometry":{"type":"Point","coordinates":[13.42445,52.53819]}},{"type":"Feature","properties":{"kind":"charging","label":"Chodowieckistraße","detail":"Parkzone 42"},"geometry":{"type":"Point","coordinates":[13.43187,52.53563]}},{"type":"Feature","properties":{"kind":"carsharing","label":"Marienburger Straße","detail":"Parkzone 42"},"geometry":{"type":"Point","coordinates":[13.42855,52.53332]}},{"type":"Feature","properties":{"kind":"charging","label":"Immanuelkirchstraße","detail":"Parkzone 42"},"geometry":{"type":"Point","coordinates":[13.42619,52.53177]}},{"type":"Feature","properties":{"kind":"charging","label":"Heinrich-Roller-Straße","detail":"Parkzone 42"},"geometry":{"type":"Point","coordinates":[13.42231,52.53091]}},{"type":"Feature","properties":{"kind":"carsharing","label":"Lychener Straße","detail":"Parkzone 43"},"geometry":{"type":"Point","coordinates":[13.41472,52.54114]}},{"type":"Feature","properties":{"kind":"carsharing","label":"Lychener Straße","detail":"Parkzone 43"},"geometry":{"type":"Point","coordinates":[13.41809,52.54414]}},{"type":"Feature","properties":{"kind":"carsharing","label":"Raumerstraße","detail":"Parkzone 43"},"geometry":{"type":"Point","coordinates":[13.41887,52.54268]}},{"type":"Feature","properties":{"kind":"charging","label":"Raumerstraße","detail":"Parkzone 43"},"geometry":{"type":"Point","coordinates":[13.41734,52.54332]}},{"type":"Feature","properties":{"kind":"charging","label":"Dunckerstraße","detail":"Parkzone 43"},"geometry":{"type":"Point","coordinates":[13.42269,52.54474]}},{"type":"Feature","properties":{"kind":"charging","label":"Raumerstraße","detail":"Parkzone 43"},"geometry":{"type":"Point","coordinates":[13.42262,52.54157]}},{"type":"Feature","properties":{"kind":"carsharing","label":"Diesterwegstraße","detail":"Parkzone 43"},"geometry":{"type":"Point","coordinates":[13.42701,52.54277]}},{"type":"Feature","properties":{"kind":"carsharing","label":"Diesterwegstraße","detail":"Parkzone 43"},"geometry":{"type":"Point","coordinates":[13.42695,52.54281]}},{"type":"Feature","properties":{"kind":"carsharing","label":"Diesterwegstraße","detail":"Parkzone 43"},"geometry":{"type":"Point","coordinates":[13.42689,52.54285]}},{"type":"Feature","properties":{"kind":"charging","label":"Fröbelstraße","detail":"Parkzone 43"},"geometry":{"type":"Point","coordinates":[13.42812,52.53998]}},{"type":"Feature","properties":{"kind":"carsharing","label":"Kopenhagener Straße","detail":"Parkzone 43"},"geometry":{"type":"Point","coordinates":[13.4128,52.54875]}},{"type":"Feature","properties":{"kind":"carsharing","label":"Kopenhagener Straße","detail":"Parkzone 43"},"geometry":{"type":"Point","coordinates":[13.41006,52.54894]}},{"type":"Feature","properties":{"kind":"charging","label":"Kopenhagener Straße","detail":"Parkzone 43"},"geometry":{"type":"Point","coordinates":[13.40448,52.54878]}},{"type":"Feature","properties":{"kind":"charging","label":"Cantianstraße","detail":"Parkzone 43"},"geometry":{"type":"Point","coordinates":[13.4117,52.54326]}},{"type":"Feature","properties":{"kind":"carsharing","label":"Topsstraße","detail":"Parkzone 43"},"geometry":{"type":"Point","coordinates":[13.41161,52.54268]}},{"type":"Feature","properties":{"kind":"charging","label":"Gaudystraße","detail":"Parkzone 43"},"geometry":{"type":"Point","coordinates":[13.41256,52.54669]}},{"type":"Feature","properties":{"kind":"carsharing","label":"Sonnenburger Straße","detail":"Parkzone 43"},"geometry":{"type":"Point","coordinates":[13.40757,52.54732]}},{"type":"Feature","properties":{"kind":"charging","label":"Am Falkplatz","detail":"Parkzone 43"},"geometry":{"type":"Point","coordinates":[13.40557,52.54684]}},{"type":"Feature","properties":{"kind":"carsharing","label":"Stargarder Straße","detail":"Parkzone 43"},"geometry":{"type":"Point","coordinates":[13.41777,52.54673]}},{"type":"Feature","properties":{"kind":"charging","label":"Gneiststraße","detail":"Parkzone 43"},"geometry":{"type":"Point","coordinates":[13.41533,52.54416]}},{"type":"Feature","properties":{"kind":"carsharing","label":"Buchholzer Straße","detail":"Parkzone 43"},"geometry":{"type":"Point","coordinates":[13.41492,52.54507]}},{"type":"Feature","properties":{"kind":"charging","label":"John-Schehr-Straße","detail":"Parkzone 44"},"geometry":{"type":"Point","coordinates":[13.44253,52.53371]}},{"type":"Feature","properties":{"kind":"charging","label":"Pasteurstraße","detail":"Parkzone 44"},"geometry":{"type":"Point","coordinates":[13.43296,52.53369]}},{"type":"Feature","properties":{"kind":"carsharing","label":"Pasteurstraße","detail":"Parkzone 44"},"geometry":{"type":"Point","coordinates":[13.43337,52.53359]}},{"type":"Feature","properties":{"kind":"charging","label":"Liselotte-Herrmann-Straße","detail":"Parkzone 44"},"geometry":{"type":"Point","coordinates":[13.43473,52.53179]}},{"type":"Feature","properties":{"kind":"charging","label":"Hufelandstraße","detail":"Parkzone 44"},"geometry":{"type":"Point","coordinates":[13.43138,52.53221]}},{"type":"Feature","properties":{"kind":"carsharing","label":"Hufelandstraße","detail":"Parkzone 44"},"geometry":{"type":"Point","coordinates":[13.43341,52.53133]}},{"type":"Feature","properties":{"kind":"charging","label":"Bötzowstraße","detail":"Parkzone 44"},"geometry":{"type":"Point","coordinates":[13.43117,52.52934]}},{"type":"Feature","properties":{"kind":"charging","label":"Bötzowstraße","detail":"Parkzone 44"},"geometry":{"type":"Point","coordinates":[13.43685,52.53379]}},{"type":"Feature","properties":{"kind":"charging","label":"Schönfließer Straße","detail":"Parkzone 45"},"geometry":{"type":"Point","coordinates":[13.40856,52.55374]}},{"type":"Feature","properties":{"kind":"charging","label":"Paul-Robeson-Straße","detail":"Parkzone 45"},"geometry":{"type":"Point","coordinates":[13.41374,52.55209]}},{"type":"Feature","properties":{"kind":"charging","label":"Schönfließer Straße","detail":"Parkzone 45"},"geometry":{"type":"Point","coordinates":[13.40817,52.55068]}},{"type":"Feature","properties":{"kind":"charging","label":"Greifenhagener Straße","detail":"Parkzone 45"},"geometry":{"type":"Point","coordinates":[13.4195,52.55267]}},{"type":"Feature","properties":{"kind":"carsharing","label":"Erich-Weinert-Straße","detail":"Parkzone 45"},"geometry":{"type":"Point","coordinates":[13.41857,52.55119]}},{"type":"Feature","properties":{"kind":"charging","label":"Krügerstraße","detail":"Parkzone 45"},"geometry":{"type":"Point","coordinates":[13.42927,52.55053]}},{"type":"Feature","properties":{"kind":"carsharing","label":"Kanzowstraße","detail":"Parkzone 45"},"geometry":{"type":"Point","coordinates":[13.42704,52.54503]}},{"type":"Feature","properties":{"kind":"charging","label":"Wichertstraße","detail":"Parkzone 45"},"geometry":{"type":"Point","coordinates":[13.425,52.54674]}},{"type":"Feature","properties":{"kind":"carsharing","label":"Driesener Straße","detail":"Parkzone 45"},"geometry":{"type":"Point","coordinates":[13.4056,52.55106]}},{"type":"Feature","properties":{"kind":"charging","label":"Erich-Weinert-Straße","detail":"Parkzone 46"},"geometry":{"type":"Point","coordinates":[13.4303,52.54727]}},{"type":"Feature","properties":{"kind":"charging","label":"Erich-Weinert-Straße","detail":"Parkzone 46"},"geometry":{"type":"Point","coordinates":[13.43442,52.54585]}},{"type":"Feature","properties":{"kind":"charging","label":"Hosemannstraße","detail":"Parkzone 46"},"geometry":{"type":"Point","coordinates":[13.43866,52.54699]}},{"type":"Feature","properties":{"kind":"charging","label":"Mandelstraße","detail":"Parkzone 46"},"geometry":{"type":"Point","coordinates":[13.44162,52.54613]}},{"type":"Feature","properties":{"kind":"charging","label":"Naugarder Straße","detail":"Parkzone 46"},"geometry":{"type":"Point","coordinates":[13.43899,52.54202]}},{"type":"Feature","properties":{"kind":"charging","label":"Marchlewskistraße","detail":"Parkzone 49"},"geometry":{"type":"Point","coordinates":[13.44941,52.50802]}},{"type":"Feature","properties":{"kind":"charging","label":"Fredersdorfer Straße","detail":"Parkzone 49"},"geometry":{"type":"Point","coordinates":[13.44342,52.51494]}},{"type":"Feature","properties":{"kind":"charging","label":"Kadiner Straße","detail":"Parkzone 49"},"geometry":{"type":"Point","coordinates":[13.45086,52.51517]}},{"type":"Feature","properties":{"kind":"charging","label":"Grünberger Straße","detail":"Parkzone 49"},"geometry":{"type":"Point","coordinates":[13.44825,52.51313]}},{"type":"Feature","properties":{"kind":"carsharing","label":"Warschauer Straße","detail":"Parkzone 49"},"geometry":{"type":"Point","coordinates":[13.45311,52.51434]}},{"type":"Feature","properties":{"kind":"charging","label":"Savignyplatz","detail":"Parkzone 5"},"geometry":{"type":"Point","coordinates":[13.32297,52.50556]}},{"type":"Feature","properties":{"kind":"charging","label":"Schlüterstraße","detail":"Parkzone 5"},"geometry":{"type":"Point","coordinates":[13.31761,52.50577]}},{"type":"Feature","properties":{"kind":"charging","label":"Am Schillertheater","detail":"Parkzone 5"},"geometry":{"type":"Point","coordinates":[13.31827,52.5111]}},{"type":"Feature","properties":{"kind":"charging","label":"Knesebeckstraße","detail":"Parkzone 5"},"geometry":{"type":"Point","coordinates":[13.32302,52.51061]}},{"type":"Feature","properties":{"kind":"charging","label":"Knesebeckstraße","detail":"Parkzone 5"},"geometry":{"type":"Point","coordinates":[13.32241,52.50653]}},{"type":"Feature","properties":{"kind":"charging","label":"Mainzer Straße","detail":"Parkzone 50"},"geometry":{"type":"Point","coordinates":[13.46315,52.51462]}},{"type":"Feature","properties":{"kind":"charging","label":"Kinzigstraße","detail":"Parkzone 50"},"geometry":{"type":"Point","coordinates":[13.46576,52.51305]}},{"type":"Feature","properties":{"kind":"carsharing","label":"Weserstraße","detail":"Parkzone 50"},"geometry":{"type":"Point","coordinates":[13.46339,52.51132]}},{"type":"Feature","properties":{"kind":"charging","label":"Gryphiusstraße","detail":"Parkzone 50"},"geometry":{"type":"Point","coordinates":[13.46496,52.51047]}},{"type":"Feature","properties":{"kind":"charging","label":"Scharnweberstraße","detail":"Parkzone 50"},"geometry":{"type":"Point","coordinates":[13.47496,52.51196]}},{"type":"Feature","properties":{"kind":"charging","label":"Wühlischstraße","detail":"Parkzone 50"},"geometry":{"type":"Point","coordinates":[13.46701,52.50726]}},{"type":"Feature","properties":{"kind":"carsharing","label":"Gabriel-Max-Straße","detail":"Parkzone 50"},"geometry":{"type":"Point","coordinates":[13.45786,52.50961]}},{"type":"Feature","properties":{"kind":"charging","label":"Holteistraße","detail":"Parkzone 50"},"geometry":{"type":"Point","coordinates":[13.46378,52.50598]}},{"type":"Feature","properties":{"kind":"carsharing","label":"Sonntagstraße","detail":"Parkzone 50"},"geometry":{"type":"Point","coordinates":[13.46672,52.50531]}},{"type":"Feature","properties":{"kind":"carsharing","label":"Sonntagstraße","detail":"Parkzone 50"},"geometry":{"type":"Point","coordinates":[13.4646,52.50718]}},{"type":"Feature","properties":{"kind":"charging","label":"Markgrafendamm","detail":"Parkzone 51-OberbaumCity"},"geometry":{"type":"Point","coordinates":[13.46554,52.49854]}},{"type":"Feature","properties":{"kind":"charging","label":"Rochowstraße","detail":"Parkzone 51-OberbaumCity"},"geometry":{"type":"Point","coordinates":[13.45859,52.5005]}},{"type":"Feature","properties":{"kind":"charging","label":"Modersohnstraße","detail":"Parkzone 51-OberbaumCity"},"geometry":{"type":"Point","coordinates":[13.45653,52.50189]}},{"type":"Feature","properties":{"kind":"carsharing","label":"Am Rudolfplatz","detail":"Parkzone 51-OberbaumCity"},"geometry":{"type":"Point","coordinates":[13.45633,52.50252]}},{"type":"Feature","properties":{"kind":"carsharing","label":"Rudolfstraße","detail":"Parkzone 51-OberbaumCity"},"geometry":{"type":"Point","coordinates":[13.45001,52.5052]}},{"type":"Feature","properties":{"kind":"charging","label":"Dudenstraße","detail":"Parkzone 60"},"geometry":{"type":"Point","coordinates":[13.38394,52.48507]}},{"type":"Feature","properties":{"kind":"charging","label":"Monumentenstraße","detail":"Parkzone 60"},"geometry":{"type":"Point","coordinates":[13.37569,52.4878]}},{"type":"Feature","properties":{"kind":"carsharing","label":"Hagelberger Straße","detail":"Parkzone 60"},"geometry":{"type":"Point","coordinates":[13.38514,52.49146]}},{"type":"Feature","properties":{"kind":"charging","label":"Kreuzbergstraße","detail":"Parkzone 60"},"geometry":{"type":"Point","coordinates":[13.38106,52.4898]}},{"type":"Feature","properties":{"kind":"carsharing","label":"Hagelberger Straße","detail":"Parkzone 60"},"geometry":{"type":"Point","coordinates":[13.37899,52.4918]}},{"type":"Feature","properties":{"kind":"charging","label":"Schleiermacherstraße","detail":"Parkzone 61"},"geometry":{"type":"Point","coordinates":[13.40023,52.49008]}},{"type":"Feature","properties":{"kind":"charging","label":"Nostitzstraße","detail":"Parkzone 61"},"geometry":{"type":"Point","coordinates":[13.39025,52.48987]}},{"type":"Feature","properties":{"kind":"charging","label":"Solmsstraße","detail":"Parkzone 61"},"geometry":{"type":"Point","coordinates":[13.3926,52.49161]}},{"type":"Feature","properties":{"kind":"charging","label":"Schenkendorfstraße","detail":"Parkzone 61"},"geometry":{"type":"Point","coordinates":[13.39292,52.48907]}},{"type":"Feature","properties":{"kind":"charging","label":"Willibald-Alexis-Straße","detail":"Parkzone 61"},"geometry":{"type":"Point","coordinates":[13.39649,52.4872]}},{"type":"Feature","properties":{"kind":"charging","label":"Schwiebusser Straße","detail":"Parkzone 61"},"geometry":{"type":"Point","coordinates":[13.39414,52.48588]}},{"type":"Feature","properties":{"kind":"charging","label":"Bergmannstraße","detail":"Parkzone 61"},"geometry":{"type":"Point","coordinates":[13.40719,52.48869]}},{"type":"Feature","properties":{"kind":"carsharing","label":"Hasenheide","detail":"Parkzone 63"},"geometry":{"type":"Point","coordinates":[13.42287,52.48671]}},{"type":"Feature","properties":{"kind":"carsharing","label":"Urbanstraße","detail":"Parkzone 63"},"geometry":{"type":"Point","coordinates":[13.41056,52.49244]}},{"type":"Feature","properties":{"kind":"carsharing","label":"Böckhstraße","detail":"Parkzone 63"},"geometry":{"type":"Point","coordinates":[13.42038,52.49336]}},{"type":"Feature","properties":{"kind":"carsharing","label":"Böckhstraße","detail":"Parkzone 63"},"geometry":{"type":"Point","coordinates":[13.4203,52.49329]}},{"type":"Feature","properties":{"kind":"charging","label":"Schönleinstraße","detail":"Parkzone 63"},"geometry":{"type":"Point","coordinates":[13.41985,52.49023]}},{"type":"Feature","properties":{"kind":"carsharing","label":"Schönleinstraße","detail":"Parkzone 63"},"geometry":{"type":"Point","coordinates":[13.4215,52.49283]}},{"type":"Feature","properties":{"kind":"charging","label":"Dieffenbachstraße","detail":"Parkzone 63"},"geometry":{"type":"Point","coordinates":[13.41666,52.49254]}},{"type":"Feature","properties":{"kind":"charging","label":"Lausitzer Straße","detail":"Parkzone 64"},"geometry":{"type":"Point","coordinates":[13.42938,52.49801]}},{"type":"Feature","properties":{"kind":"charging","label":"Reichenberger Straße","detail":"Parkzone 64"},"geometry":{"type":"Point","coordinates":[13.42002,52.49853]}},{"type":"Feature","properties":{"kind":"charging","label":"Paul-Lincke-Ufer","detail":"Parkzone 64"},"geometry":{"type":"Point","coordinates":[13.42247,52.49589]}},{"type":"Feature","properties":{"kind":"charging","label":"Glogauer Straße","detail":"Parkzone 64"},"geometry":{"type":"Point","coordinates":[13.43633,52.49229]}},{"type":"Feature","properties":{"kind":"charging","label":"Schlesische Straße","detail":"Parkzone 65"},"geometry":{"type":"Point","coordinates":[13.44813,52.49777]}},{"type":"Feature","properties":{"kind":"carsharing","label":"Heckmannufer","detail":"Parkzone 65"},"geometry":{"type":"Point","coordinates":[13.44674,52.49632]}},{"type":"Feature","properties":{"kind":"charging","label":"Wrangelstraße","detail":"Parkzone 65"},"geometry":{"type":"Point","coordinates":[13.44194,52.49863]}},{"type":"Feature","properties":{"kind":"carsharing","label":"Manteuffelstraße","detail":"Parkzone 66"},"geometry":{"type":"Point","coordinates":[13.42652,52.49953]}},{"type":"Feature","properties":{"kind":"charging","label":"Eisenbahnstraße","detail":"Parkzone 66"},"geometry":{"type":"Point","coordinates":[13.43274,52.5026]}},{"type":"Feature","properties":{"kind":"charging","label":"Wrangelstraße","detail":"Parkzone 66"},"geometry":{"type":"Point","coordinates":[13.43718,52.5005]}},{"type":"Feature","properties":{"kind":"charging","label":"Dresdener Straße","detail":"Parkzone 67"},"geometry":{"type":"Point","coordinates":[13.41697,52.50087]}},{"type":"Feature","properties":{"kind":"charging","label":"Lüneburger Straße","detail":"Parkzone 70"},"geometry":{"type":"Point","coordinates":[13.35651,52.5199]}},{"type":"Feature","properties":{"kind":"charging","label":"Flotowstraße","detail":"Parkzone 71"},"geometry":{"type":"Point","coordinates":[13.33733,52.5162]}},{"type":"Feature","properties":{"kind":"charging","label":"Flensburger Straße","detail":"Parkzone 71"},"geometry":{"type":"Point","coordinates":[13.34566,52.52034]}},{"type":"Feature","properties":{"kind":"charging","label":"Flensburger Straße","detail":"Parkzone 71"},"geometry":{"type":"Point","coordinates":[13.34285,52.52057]}},{"type":"Feature","properties":{"kind":"charging","label":"Altonaer Straße","detail":"Parkzone 71"},"geometry":{"type":"Point","coordinates":[13.34225,52.51773]}},{"type":"Feature","properties":{"kind":"charging","label":"Jagowstraße","detail":"Parkzone 72"},"geometry":{"type":"Point","coordinates":[13.33411,52.5236]}},{"type":"Feature","properties":{"kind":"charging","label":"Alt-Moabit","detail":"Parkzone 72"},"geometry":{"type":"Point","coordinates":[13.33244,52.52415]}},{"type":"Feature","properties":{"kind":"charging","label":"Kaiserin-Augusta-Allee","detail":"Parkzone 73"},"geometry":{"type":"Point","coordinates":[13.32347,52.52545]}},{"type":"Feature","properties":{"kind":"charging","label":"Ufnaustraße","detail":"Parkzone 73"},"geometry":{"type":"Point","coordinates":[13.31682,52.53065]}},{"type":"Feature","properties":{"kind":"charging","label":"Erasmusstraße","detail":"Parkzone 73"},"geometry":{"type":"Point","coordinates":[13.3278,52.52597]}},{"type":"Feature","properties":{"kind":"charging","label":"Waldenserstraße","detail":"Parkzone 74"},"geometry":{"type":"Point","coordinates":[13.33173,52.529]}},{"type":"Feature","properties":{"kind":"charging","label":"Wilhelmshavener Straße","detail":"Parkzone 74"},"geometry":{"type":"Point","coordinates":[13.34127,52.52972]}},{"type":"Feature","properties":{"kind":"charging","label":"Jonasstraße","detail":"Parkzone 74"},"geometry":{"type":"Point","coordinates":[13.3392,52.52679]}},{"type":"Feature","properties":{"kind":"charging","label":"Birkenstraße","detail":"Parkzone 74"},"geometry":{"type":"Point","coordinates":[13.34098,52.53244]}},{"type":"Feature","properties":{"kind":"charging","label":"Lehrter Straße","detail":"Parkzone 75"},"geometry":{"type":"Point","coordinates":[13.36246,52.52994]}},{"type":"Feature","properties":{"kind":"charging","label":"Rathenower Straße","detail":"Parkzone 75"},"geometry":{"type":"Point","coordinates":[13.34988,52.53462]}},{"type":"Feature","properties":{"kind":"charging","label":"Birkenstraße","detail":"Parkzone 75"},"geometry":{"type":"Point","coordinates":[13.35017,52.52996]}},{"type":"Feature","properties":{"kind":"charging","label":"Havelberger Straße","detail":"Parkzone 75"},"geometry":{"type":"Point","coordinates":[13.34709,52.53448]}},{"type":"Feature","properties":{"kind":"charging","label":"Heidestraße","detail":"Parkzone 76"},"geometry":{"type":"Point","coordinates":[13.36966,52.52863]}},{"type":"Feature","properties":{"kind":"charging","label":"Seestraße","detail":"Parkzone 77"},"geometry":{"type":"Point","coordinates":[13.34517,52.54663]}},{"type":"Feature","properties":{"kind":"charging","label":"Genter Straße","detail":"Parkzone 77"},"geometry":{"type":"Point","coordinates":[13.35406,52.54709]}},{"type":"Feature","properties":{"kind":"charging","label":"Buchstraße","detail":"Parkzone 77"},"geometry":{"type":"Point","coordinates":[13.34867,52.53905]}},{"type":"Feature","properties":{"kind":"charging","label":"Nordufer","detail":"Parkzone 77"},"geometry":{"type":"Point","coordinates":[13.35629,52.53935]}},{"type":"Feature","properties":{"kind":"charging","label":"Nordufer","detail":"Parkzone 77"},"geometry":{"type":"Point","coordinates":[13.35621,52.53937]}},{"type":"Feature","properties":{"kind":"carsharing","label":"Tegeler Straße","detail":"Parkzone 77"},"geometry":{"type":"Point","coordinates":[13.35802,52.54062]}},{"type":"Feature","properties":{"kind":"carsharing","label":"Tegeler Straße","detail":"Parkzone 77"},"geometry":{"type":"Point","coordinates":[13.35823,52.54042]}},{"type":"Feature","properties":{"kind":"carsharing","label":"Tegeler Straße","detail":"Parkzone 77"},"geometry":{"type":"Point","coordinates":[13.35796,52.54072]}},{"type":"Feature","properties":{"kind":"charging","label":"Lüderitzstraße","detail":"Parkzone 78"},"geometry":{"type":"Point","coordinates":[13.34095,52.55499]}},{"type":"Feature","properties":{"kind":"charging","label":"Transvaalstraße","detail":"Parkzone 78"},"geometry":{"type":"Point","coordinates":[13.34068,52.55131]}},{"type":"Feature","properties":{"kind":"carsharing","label":"Kongostraße","detail":"Parkzone 78"},"geometry":{"type":"Point","coordinates":[13.34444,52.55131]}},{"type":"Feature","properties":{"kind":"charging","label":"Reinickendorfer Straße","detail":"Parkzone 79"},"geometry":{"type":"Point","coordinates":[13.36961,52.54334]}},{"type":"Feature","properties":{"kind":"charging","label":"Nazarethkirchstraße","detail":"Parkzone 79"},"geometry":{"type":"Point","coordinates":[13.36165,52.54932]}},{"type":"Feature","properties":{"kind":"charging","label":"Turiner Straße","detail":"Parkzone 79"},"geometry":{"type":"Point","coordinates":[13.35847,52.54978]}},{"type":"Feature","properties":{"kind":"carsharing","label":"Amsterdamer Straße","detail":"Parkzone 79"},"geometry":{"type":"Point","coordinates":[13.35602,52.55076]}},{"type":"Feature","properties":{"kind":"charging","label":"Groninger Straße","detail":"Parkzone 79"},"geometry":{"type":"Point","coordinates":[13.36139,52.55487]}},{"type":"Feature","properties":{"kind":"carsharing","label":"Reinickendorfer Straße","detail":"Parkzone 79"},"geometry":{"type":"Point","coordinates":[13.36588,52.55463]}},{"type":"Feature","properties":{"kind":"carsharing","label":"Reinickendorfer Straße","detail":"Parkzone 79"},"geometry":{"type":"Point","coordinates":[13.3659,52.5545]}},{"type":"Feature","properties":{"kind":"charging","label":"Pankstraße","detail":"Parkzone 80"},"geometry":{"type":"Point","coordinates":[13.37448,52.5481]}},{"type":"Feature","properties":{"kind":"charging","label":"Kolberger Straße","detail":"Parkzone 80"},"geometry":{"type":"Point","coordinates":[13.37474,52.54396]}},{"type":"Feature","properties":{"kind":"charging","label":"Schulzendorfer Straße","detail":"Parkzone 80"},"geometry":{"type":"Point","coordinates":[13.37113,52.54015]}},{"type":"Feature","properties":{"kind":"charging","label":"Exerzierstraße","detail":"Parkzone 80"},"geometry":{"type":"Point","coordinates":[13.37247,52.55405]}},{"type":"Feature","properties":{"kind":"charging","label":"Reginhardstraße","detail":"Parkzone 81"},"geometry":{"type":"Point","coordinates":[13.37115,52.56052]}},{"type":"Feature","properties":{"kind":"charging","label":"Nordbahnstraße","detail":"Parkzone 81"},"geometry":{"type":"Point","coordinates":[13.3918,52.56523]}},{"type":"Feature","properties":{"kind":"charging","label":"Sonderburger Straße","detail":"Parkzone 82"},"geometry":{"type":"Point","coordinates":[13.39395,52.55479]}},{"type":"Feature","properties":{"kind":"charging","label":"Heidebrinker Straße","detail":"Parkzone 82"},"geometry":{"type":"Point","coordinates":[13.38831,52.55182]}},{"type":"Feature","properties":{"kind":"charging","label":"Gartenstraße","detail":"Parkzone 83"},"geometry":{"type":"Point","coordinates":[13.3841,52.53632]}},{"type":"Feature","properties":{"kind":"charging","label":"Hussitenstraße","detail":"Parkzone 83"},"geometry":{"type":"Point","coordinates":[13.38319,52.54197]}},{"type":"Feature","properties":{"kind":"charging","label":"Hussitenstraße","detail":"Parkzone 83"},"geometry":{"type":"Point","coordinates":[13.39059,52.53645]}},{"type":"Feature","properties":{"kind":"charging","label":"Usedomer Straße","detail":"Parkzone 83"},"geometry":{"type":"Point","coordinates":[13.39227,52.54077]}},{"type":"Feature","properties":{"kind":"charging","label":"Rügener Straße","detail":"Parkzone 83"},"geometry":{"type":"Point","coordinates":[13.39138,52.54492]}},{"type":"Feature","properties":{"kind":"charging","label":"Ramlerstraße","detail":"Parkzone 83"},"geometry":{"type":"Point","coordinates":[13.38977,52.54713]}},{"type":"Feature","properties":{"kind":"carsharing","label":"Friedrich-Franz-Straße","detail":"Parkzone 92"},"geometry":{"type":"Point","coordinates":[13.37938,52.46164]}},{"type":"Feature","properties":{"kind":"carsharing","label":"Alt-Tempelhof","detail":"Parkzone 92"},"geometry":{"type":"Point","coordinates":[13.38063,52.46584]}},{"type":"Feature","properties":{"kind":"charging","label":"Tempelhofer Damm","detail":"Parkzone 92"},"geometry":{"type":"Point","coordinates":[13.38542,52.46687]}},{"type":"Feature","properties":{"kind":"charging","label":"Tempelhofer Damm","detail":"Parkzone 92"},"geometry":{"type":"Point","coordinates":[13.38542,52.46687]}},{"type":"Feature","properties":{"kind":"charging","label":"Burgemeisterstraße","detail":"Parkzone 92"},"geometry":{"type":"Point","coordinates":[13.3859,52.45689]}},{"type":"Feature","properties":{"kind":"carsharing","label":"Ordensmeisterstraße","detail":"Parkzone 92"},"geometry":{"type":"Point","coordinates":[13.38936,52.45694]}},{"type":"Feature","properties":{"kind":"charging","label":"Lorenzweg","detail":"Parkzone 92"},"geometry":{"type":"Point","coordinates":[13.38857,52.45666]}},{"type":"Feature","properties":{"kind":"charging","label":"Colditzstraße","detail":"Parkzone 92"},"geometry":{"type":"Point","coordinates":[13.39378,52.45718]}},{"type":"Feature","properties":{"kind":"carsharing","label":"Albrechtstraße","detail":"Parkzone 92"},"geometry":{"type":"Point","coordinates":[13.39436,52.4599]}},{"type":"Feature","properties":{"kind":"charging","label":"Wenckebachstraße","detail":"Parkzone 92"},"geometry":{"type":"Point","coordinates":[13.38767,52.46042]}},{"type":"Feature","properties":{"kind":"carsharing","label":"Friedrich-Wilhelm-Straße","detail":"Parkzone 92"},"geometry":{"type":"Point","coordinates":[13.38599,52.45806]}},{"type":"Feature","properties":{"kind":"carsharing","label":"Kaiserin-Augusta-Straße","detail":"Parkzone 92"},"geometry":{"type":"Point","coordinates":[13.38538,52.45922]}},{"type":"Feature","properties":{"kind":"carsharing","label":"Götzstraße","detail":"Parkzone 92"},"geometry":{"type":"Point","coordinates":[13.39626,52.46335]}},{"type":"Feature","properties":{"kind":"charging","label":"Götzstraße","detail":"Parkzone 92"},"geometry":{"type":"Point","coordinates":[13.3941,52.46418]}},{"type":"Feature","properties":{"kind":"carsharing","label":"Götzstraße","detail":"Parkzone 92"},"geometry":{"type":"Point","coordinates":[13.39613,52.46334]}},{"type":"Feature","properties":{"kind":"charging","label":"Friedrich-Karl-Straße","detail":"Parkzone 92"},"geometry":{"type":"Point","coordinates":[13.38263,52.45582]}},{"type":"Feature","properties":{"kind":"charging","label":"Friedrich-Karl-Straße","detail":"Parkzone 92"},"geometry":{"type":"Point","coordinates":[13.37688,52.45636]}},{"type":"Feature","properties":{"kind":"carsharing","label":"Werderstraße","detail":"Parkzone 92"},"geometry":{"type":"Point","coordinates":[13.38112,52.45658]}},{"type":"Feature","properties":{"kind":"carsharing","label":"Friedrich-Franz-Straße","detail":"Parkzone 92"},"geometry":{"type":"Point","coordinates":[13.37877,52.45908]}},{"type":"Feature","properties":{"kind":"charging","label":"Cicerostraße","detail":null},"geometry":{"type":"Point","coordinates":[13.30157,52.49438]}},{"type":"Feature","properties":{"kind":"charging","label":"Eisenzahnstraße","detail":null},"geometry":{"type":"Point","coordinates":[13.30451,52.48866]}},{"type":"Feature","properties":{"kind":"charging","label":"Westfälische Straße","detail":null},"geometry":{"type":"Point","coordinates":[13.3054,52.49327]}},{"type":"Feature","properties":{"kind":"charging","label":"Donaustraße","detail":null},"geometry":{"type":"Point","coordinates":[13.43981,52.47968]}},{"type":"Feature","properties":{"kind":"charging","label":"Treptower Straße","detail":null},"geometry":{"type":"Point","coordinates":[13.44755,52.47772]}},{"type":"Feature","properties":{"kind":"charging","label":"Braunschweiger Straße","detail":null},"geometry":{"type":"Point","coordinates":[13.45438,52.47433]}},{"type":"Feature","properties":{"kind":"charging","label":"Saalestraße","detail":null},"geometry":{"type":"Point","coordinates":[13.44352,52.46995]}},{"type":"Feature","properties":{"kind":"carsharing","label":"Manfred-von-Richthofen-Straße","detail":null},"geometry":{"type":"Point","coordinates":[13.38134,52.48269]}},{"type":"Feature","properties":{"kind":"charging","label":"Roseggerstraße","detail":null},"geometry":{"type":"Point","coordinates":[13.44576,52.47952]}},{"type":"Feature","properties":{"kind":"charging","label":"Treptower Straße","detail":null},"geometry":{"type":"Point","coordinates":[13.45695,52.48485]}},{"type":"Feature","properties":{"kind":"charging","label":"Manfred-von-Richthofen-Straße","detail":null},"geometry":{"type":"Point","coordinates":[13.38075,52.47464]}},{"type":"Feature","properties":{"kind":"charging","label":"Boelckestraße","detail":null},"geometry":{"type":"Point","coordinates":[13.3775,52.47531]}},{"type":"Feature","properties":{"kind":"charging","label":"Tempelhofer Damm","detail":null},"geometry":{"type":"Point","coordinates":[13.38559,52.475]}},{"type":"Feature","properties":{"kind":"charging","label":"Elsenstraße","detail":null},"geometry":{"type":"Point","coordinates":[13.44936,52.48539]}},{"type":"Feature","properties":{"kind":"charging","label":"Lohmühlenstraße","detail":null},"geometry":{"type":"Point","coordinates":[13.44525,52.4935]}},{"type":"Feature","properties":{"kind":"charging","label":"Bouchéstraße","detail":null},"geometry":{"type":"Point","coordinates":[13.44849,52.49025]}},{"type":"Feature","properties":{"kind":"charging","label":"Elsenstraße","detail":null},"geometry":{"type":"Point","coordinates":[13.44936,52.48539]}},{"type":"Feature","properties":{"kind":"charging","label":"Elsenstraße","detail":null},"geometry":{"type":"Point","coordinates":[13.44921,52.48527]}},{"type":"Feature","properties":{"kind":"carsharing","label":"Lohmühlenstraße","detail":null},"geometry":{"type":"Point","coordinates":[13.4406,52.49002]}},{"type":"Feature","properties":{"kind":"carsharing","label":"Alboinstraße","detail":null},"geometry":{"type":"Point","coordinates":[13.37124,52.46938]}},{"type":"Feature","properties":{"kind":"carsharing","label":"Jordanstraße","detail":null},"geometry":{"type":"Point","coordinates":[13.44966,52.49255]}},{"type":"Feature","properties":{"kind":"charging","label":"Ringbahnstraße","detail":null},"geometry":{"type":"Point","coordinates":[13.37525,52.46862]}},{"type":"Feature","properties":{"kind":"charging","label":"Puschkinallee","detail":null},"geometry":{"type":"Point","coordinates":[13.45766,52.49339]}},{"type":"Feature","properties":{"kind":"charging","label":"Burchardstraße","detail":null},"geometry":{"type":"Point","coordinates":[13.37242,52.46613]}},{"type":"Feature","properties":{"kind":"charging","label":"Bänschstraße","detail":null},"geometry":{"type":"Point","coordinates":[13.46227,52.51866]}},{"type":"Feature","properties":{"kind":"carsharing","label":"Bänschstraße","detail":null},"geometry":{"type":"Point","coordinates":[13.46576,52.51824]}},{"type":"Feature","properties":{"kind":"charging","label":"Rudolstädter Straße","detail":null},"geometry":{"type":"Point","coordinates":[13.30285,52.48781]}},{"type":"Feature","properties":{"kind":"charging","label":"August-Lindemann-Straße","detail":null},"geometry":{"type":"Point","coordinates":[13.46372,52.52262]}},{"type":"Feature","properties":{"kind":"charging","label":"Dahlmannstraße","detail":null},"geometry":{"type":"Point","coordinates":[13.30369,52.50346]}},{"type":"Feature","properties":{"kind":"charging","label":"Roscherstraße","detail":null},"geometry":{"type":"Point","coordinates":[13.30183,52.49925]}},{"type":"Feature","properties":{"kind":"charging","label":"Kracauerplatz","detail":null},"geometry":{"type":"Point","coordinates":[13.2964,52.50205]}},{"type":"Feature","properties":{"kind":"charging","label":"Markgrafenstraße","detail":null},"geometry":{"type":"Point","coordinates":[13.39453,52.50637]}},{"type":"Feature","properties":{"kind":"charging","label":"Alte Jakobstraße","detail":null},"geometry":{"type":"Point","coordinates":[13.3995,52.50486]}},{"type":"Feature","properties":{"kind":"carsharing","label":"Charlottenstraße","detail":null},"geometry":{"type":"Point","coordinates":[13.39253,52.50669]}},{"type":"Feature","properties":{"kind":"carsharing","label":"Prinzenstraße","detail":null},"geometry":{"type":"Point","coordinates":[13.41087,52.50426]}},{"type":"Feature","properties":{"kind":"charging","label":"Stallschreiberstraße","detail":null},"geometry":{"type":"Point","coordinates":[13.40974,52.5043]}},{"type":"Feature","properties":{"kind":"carsharing","label":"Moritzstraße","detail":null},"geometry":{"type":"Point","coordinates":[13.40677,52.49897]}},{"type":"Feature","properties":{"kind":"charging","label":"Lobeckstraße","detail":null},"geometry":{"type":"Point","coordinates":[13.40323,52.49857]}},{"type":"Feature","properties":{"kind":"charging","label":"Lobeckstraße","detail":null},"geometry":{"type":"Point","coordinates":[13.40307,52.49856]}},{"type":"Feature","properties":{"kind":"charging","label":"Wassertorstraße","detail":null},"geometry":{"type":"Point","coordinates":[13.40756,52.50003]}},{"type":"Feature","properties":{"kind":"carsharing","label":"Solmsstraße","detail":null},"geometry":{"type":"Point","coordinates":[13.39276,52.49226]}},{"type":"Feature","properties":{"kind":"carsharing","label":"Blücherplatz","detail":null},"geometry":{"type":"Point","coordinates":[13.39135,52.497]}},{"type":"Feature","properties":{"kind":"charging","label":"Tempelherrenstraße","detail":null},"geometry":{"type":"Point","coordinates":[13.40176,52.49602]}},{"type":"Feature","properties":{"kind":"charging","label":"Reginhardstraße","detail":null},"geometry":{"type":"Point","coordinates":[13.37377,52.56263]}},{"type":"Feature","properties":{"kind":"charging","label":"Blücherstraße","detail":null},"geometry":{"type":"Point","coordinates":[13.39828,52.49484]}},{"type":"Feature","properties":{"kind":"charging","label":"Bristolstraße","detail":null},"geometry":{"type":"Point","coordinates":[13.35002,52.55897]}},{"type":"Feature","properties":{"kind":"charging","label":"Ullsteinstraße","detail":null},"geometry":{"type":"Point","coordinates":[13.38492,52.45265]}},{"type":"Feature","properties":{"kind":"carsharing","label":"Holländerstraße","detail":null},"geometry":{"type":"Point","coordinates":[13.336,52.56483]}},{"type":"Feature","properties":{"kind":"carsharing","label":"Holländerstraße","detail":null},"geometry":{"type":"Point","coordinates":[13.3379,52.56437]}},{"type":"Feature","properties":{"kind":"charging","label":"Friedrichsberger Straße","detail":null},"geometry":{"type":"Point","coordinates":[13.4348,52.52106]}},{"type":"Feature","properties":{"kind":"charging","label":"Matthiasstraße","detail":null},"geometry":{"type":"Point","coordinates":[13.44022,52.52304]}},{"type":"Feature","properties":{"kind":"charging","label":"Koppenstraße","detail":null},"geometry":{"type":"Point","coordinates":[13.43775,52.52008]}},{"type":"Feature","properties":{"kind":"carsharing","label":"Richard-Sorge-Straße","detail":null},"geometry":{"type":"Point","coordinates":[13.44669,52.52113]}},{"type":"Feature","properties":{"kind":"charging","label":"Mühsamstraße","detail":null},"geometry":{"type":"Point","coordinates":[13.44665,52.5191]}},{"type":"Feature","properties":{"kind":"carsharing","label":"Karl-Marx-Allee","detail":null},"geometry":{"type":"Point","coordinates":[13.44662,52.51667]}},{"type":"Feature","properties":{"kind":"charging","label":"Kochhannstraße","detail":null},"geometry":{"type":"Point","coordinates":[13.44843,52.52415]}},{"type":"Feature","properties":{"kind":"charging","label":"Bernburger Straße","detail":null},"geometry":{"type":"Point","coordinates":[13.38083,52.50478]}},{"type":"Feature","properties":{"kind":"charging","label":"Straßmannstraße","detail":null},"geometry":{"type":"Point","coordinates":[13.45115,52.52244]}},{"type":"Feature","properties":{"kind":"charging","label":"Ebertystraße","detail":null},"geometry":{"type":"Point","coordinates":[13.45438,52.52184]}},{"type":"Feature","properties":{"kind":"charging","label":"Wartenburgstraße","detail":null},"geometry":{"type":"Point","coordinates":[13.38375,52.49515]}},{"type":"Feature","properties":{"kind":"charging","label":"Herbartstraße","detail":null},"geometry":{"type":"Point","coordinates":[13.28531,52.50711]}},{"type":"Feature","properties":{"kind":"charging","label":"Sophie-Charlotten-Straße","detail":null},"geometry":{"type":"Point","coordinates":[13.28929,52.51003]}},{"type":"Feature","properties":{"kind":"charging","label":"Ernst-Fürstenberg-Straße","detail":null},"geometry":{"type":"Point","coordinates":[13.44506,52.53109]}},{"type":"Feature","properties":{"kind":"charging","label":"Dernburgstraße","detail":null},"geometry":{"type":"Point","coordinates":[13.28373,52.50588]}},{"type":"Feature","properties":{"kind":"charging","label":"Pestalozzistraße","detail":null},"geometry":{"type":"Point","coordinates":[13.30165,52.50799]}},{"type":"Feature","properties":{"kind":"charging","label":"Windscheidstraße","detail":null},"geometry":{"type":"Point","coordinates":[13.3,52.50503]}},{"type":"Feature","properties":{"kind":"charging","label":"Kuno-Fischer-Straße","detail":null},"geometry":{"type":"Point","coordinates":[13.29135,52.50392]}},{"type":"Feature","properties":{"kind":"charging","label":"Witzlebenstraße","detail":null},"geometry":{"type":"Point","coordinates":[13.29499,52.50983]}},{"type":"Feature","properties":{"kind":"charging","label":"Suarezstraße","detail":null},"geometry":{"type":"Point","coordinates":[13.29701,52.51046]}},{"type":"Feature","properties":{"kind":"charging","label":"Leonhardtstraße","detail":null},"geometry":{"type":"Point","coordinates":[13.29589,52.5057]}},{"type":"Feature","properties":{"kind":"carsharing","label":"Holtzendorffstraße","detail":null},"geometry":{"type":"Point","coordinates":[13.29548,52.50597]}},{"type":"Feature","properties":{"kind":"charging","label":"Fraunhoferstraße","detail":null},"geometry":{"type":"Point","coordinates":[13.32144,52.51474]}},{"type":"Feature","properties":{"kind":"charging","label":"Straße des 17. Juni","detail":null},"geometry":{"type":"Point","coordinates":[13.32964,52.51299]}},{"type":"Feature","properties":{"kind":"charging","label":"Marchstraße","detail":null},"geometry":{"type":"Point","coordinates":[13.32267,52.51368]}},{"type":"Feature","properties":{"kind":"charging","label":"Hektorstraße","detail":null},"geometry":{"type":"Point","coordinates":[13.2976,52.49865]}},{"type":"Feature","properties":{"kind":"charging","label":"Bornimer Straße","detail":null},"geometry":{"type":"Point","coordinates":[13.28573,52.49605]}},{"type":"Feature","properties":{"kind":"charging","label":"Bornimer Straße","detail":null},"geometry":{"type":"Point","coordinates":[13.28585,52.49604]}},{"type":"Feature","properties":{"kind":"charging","label":"Bornstedter Straße","detail":null},"geometry":{"type":"Point","coordinates":[13.28802,52.49687]}},{"type":"Feature","properties":{"kind":"charging","label":"Franklinstraße","detail":null},"geometry":{"type":"Point","coordinates":[13.32795,52.52102]}},{"type":"Feature","properties":{"kind":"charging","label":"Aachener Straße","detail":null},"geometry":{"type":"Point","coordinates":[13.31887,52.48128]}},{"type":"Feature","properties":{"kind":"charging","label":"Morsestraße","detail":null},"geometry":{"type":"Point","coordinates":[13.32217,52.5218]}},{"type":"Feature","properties":{"kind":"charging","label":"Englische Straße","detail":null},"geometry":{"type":"Point","coordinates":[13.33108,52.51432]}},{"type":"Feature","properties":{"kind":"charging","label":"Detmolder Straße","detail":null},"geometry":{"type":"Point","coordinates":[13.32391,52.4788]}},{"type":"Feature","properties":{"kind":"charging","label":"Mainzer Straße","detail":null},"geometry":{"type":"Point","coordinates":[13.32391,52.47995]}},{"type":"Feature","properties":{"kind":"charging","label":"Lichtenrader Straße","detail":null},"geometry":{"type":"Point","coordinates":[13.42016,52.47714]}},{"type":"Feature","properties":{"kind":"charging","label":"Emser Straße","detail":null},"geometry":{"type":"Point","coordinates":[13.42986,52.4684]}},{"type":"Feature","properties":{"kind":"charging","label":"Leykestraße","detail":null},"geometry":{"type":"Point","coordinates":[13.42793,52.47487]}},{"type":"Feature","properties":{"kind":"charging","label":"Werbellinstraße","detail":null},"geometry":{"type":"Point","coordinates":[13.43628,52.47887]}},{"type":"Feature","properties":{"kind":"charging","label":"Werbellinstraße","detail":null},"geometry":{"type":"Point","coordinates":[13.42731,52.47764]}},{"type":"Feature","properties":{"kind":"carsharing","label":"Jonasstraße","detail":null},"geometry":{"type":"Point","coordinates":[13.4393,52.4721]}},{"type":"Feature","properties":{"kind":"charging","label":"Rollbergstraße","detail":null},"geometry":{"type":"Point","coordinates":[13.42689,52.47832]}},{"type":"Feature","properties":{"kind":"park_and_ride","label":"Breitenbachplatz P1","detail":"U Breitenbachplatz · 80 Stellplätze"},"geometry":{"type":"Point","coordinates":[13.3083516,52.4678935]}},{"type":"Feature","properties":{"kind":"park_and_ride","label":"Bundesplatz P1","detail":"S+U Bundesplatz · 83 Stellplätze"},"geometry":{"type":"Point","coordinates":[13.32985433,52.47788316]}},{"type":"Feature","properties":{"kind":"park_and_ride","label":"Heidelberger Platz P1","detail":"S+U Heidelberger Platz · 139 Stellplätze"},"geometry":{"type":"Point","coordinates":[13.31140587,52.48096841]}},{"type":"Feature","properties":{"kind":"park_and_ride","label":"Jungfernheide P1","detail":"S+U+R Jungfernheide · 32 Stellplätze"},"geometry":{"type":"Point","coordinates":[13.30032311,52.53084852]}},{"type":"Feature","properties":{"kind":"park_and_ride","label":"Jungfernheide P2","detail":"S+U+R Jungfernheide · 67 Stellplätze"},"geometry":{"type":"Point","coordinates":[13.29705445,52.53038218]}},{"type":"Feature","properties":{"kind":"park_and_ride","label":"Hohenschönhausen P1","detail":"S+R Hohenschönhausen · 47 Stellplätze"},"geometry":{"type":"Point","coordinates":[13.51096142,52.56616999]}},{"type":"Feature","properties":{"kind":"park_and_ride","label":"Lichtenberg P1","detail":"S+U+R Berlin-Lichtenberg · 38 Stellplätze"},"geometry":{"type":"Point","coordinates":[13.50120373,52.51069652]}},{"type":"Feature","properties":{"kind":"park_and_ride","label":"Wartenberg P1","detail":"S Wartenberg · 38 Stellplätze"},"geometry":{"type":"Point","coordinates":[13.50444716,52.57383055]}},{"type":"Feature","properties":{"kind":"park_and_ride","label":"Ahrensfelde P1","detail":"S+R Ahrensfelde · 67 Stellplätze"},"geometry":{"type":"Point","coordinates":[13.56569112,52.57107832]}},{"type":"Feature","properties":{"kind":"park_and_ride","label":"Ahrensfelde P2","detail":"S+R Ahrensfelde · 106 Stellplätze"},"geometry":{"type":"Point","coordinates":[13.56656726,52.57105818]}},{"type":"Feature","properties":{"kind":"park_and_ride","label":"Ahrensfelde P3","detail":"S+R Ahrensfelde · 198 Stellplätze"},"geometry":{"type":"Point","coordinates":[13.5679322,52.57244427]}},{"type":"Feature","properties":{"kind":"park_and_ride","label":"Biesdorf P1","detail":"S Biesdorf · 40 Stellplätze"},"geometry":{"type":"Point","coordinates":[13.55609945,52.513525]}},{"type":"Feature","properties":{"kind":"park_and_ride","label":"Elsterwerdaer Platz P1","detail":"U Elsterwerdaer Platz · 208 Stellplätze"},"geometry":{"type":"Point","coordinates":[13.56217328,52.50384598]}},{"type":"Feature","properties":{"kind":"park_and_ride","label":"Hönow P1","detail":"U Hönow · 114 Stellplätze"},"geometry":{"type":"Point","coordinates":[13.63159402,52.53897703]}},{"type":"Feature","properties":{"kind":"park_and_ride","label":"Hönow P2","detail":"U Hönow · 150 Stellplätze"},"geometry":{"type":"Point","coordinates":[13.63249477,52.53909254]}},{"type":"Feature","properties":{"kind":"park_and_ride","label":"Mahlsdorf P1","detail":"S+R Berlin-Mahlsdorf · 60 Stellplätze"},"geometry":{"type":"Point","coordinates":[13.61293626,52.51348329]}},{"type":"Feature","properties":{"kind":"park_and_ride","label":"Marzahn P1","detail":"S Marzahn · 176 Stellplätze"},"geometry":{"type":"Point","coordinates":[13.54224414,52.54422035]}},{"type":"Feature","properties":{"kind":"park_and_ride","label":"Mehrower Allee P1","detail":"S Mehrower Allee · 64 Stellplätze"},"geometry":{"type":"Point","coordinates":[13.55363993,52.55736678]}},{"type":"Feature","properties":{"kind":"park_and_ride","label":"Raoul-Wallenberg-Straße P1","detail":"S Raoul-Wallenberg-Straße · 45 Stellplätze"},"geometry":{"type":"Point","coordinates":[13.54780358,52.55062608]}},{"type":"Feature","properties":{"kind":"park_and_ride","label":"Springpfuhl P1","detail":"S Springpfuhl · 410 Stellplätze"},"geometry":{"type":"Point","coordinates":[13.53773766,52.52734522]}},{"type":"Feature","properties":{"kind":"park_and_ride","label":"Wuhletal P1","detail":"S+U Wuhletal · 144 Stellplätze"},"geometry":{"type":"Point","coordinates":[13.57796056,52.51292985]}},{"type":"Feature","properties":{"kind":"park_and_ride","label":"Parchimer Allee P1","detail":"U Parchimer Allee · 86 Stellplätze"},"geometry":{"type":"Point","coordinates":[13.45228218,52.44556594]}},{"type":"Feature","properties":{"kind":"park_and_ride","label":"Parchimer Allee P2","detail":"U Parchimer Allee · 102 Stellplätze"},"geometry":{"type":"Point","coordinates":[13.44795344,52.44572211]}},{"type":"Feature","properties":{"kind":"park_and_ride","label":"Rudow P1","detail":"U Rudow · 22 Stellplätze"},"geometry":{"type":"Point","coordinates":[13.49756034,52.41567856]}},{"type":"Feature","properties":{"kind":"park_and_ride","label":"Blankenburg P1","detail":"S Blankenburg · 7 Stellplätze"},"geometry":{"type":"Point","coordinates":[13.44233839,52.59111846]}},{"type":"Feature","properties":{"kind":"park_and_ride","label":"Buch P1","detail":"S Buch · 170 Stellplätze"},"geometry":{"type":"Point","coordinates":[13.49273703,52.63495359]}},{"type":"Feature","properties":{"kind":"park_and_ride","label":"Buch P2","detail":"S Buch · 119 Stellplätze"},"geometry":{"type":"Point","coordinates":[13.49015454,52.63502842]}},{"type":"Feature","properties":{"kind":"park_and_ride","label":"Pankow-Heinersdorf P1","detail":"S Pankow-Heinersdorf · 407 Stellplätze"},"geometry":{"type":"Point","coordinates":[13.43022182,52.58026283]}},{"type":"Feature","properties":{"kind":"park_and_ride","label":"Pankow-Heinersdorf P2","detail":"S Pankow-Heinersdorf · 94 Stellplätze"},"geometry":{"type":"Point","coordinates":[13.42919628,52.57880267]}},{"type":"Feature","properties":{"kind":"park_and_ride","label":"Eichborndamm P1","detail":"S Eichborndamm · 31 Stellplätze"},"geometry":{"type":"Point","coordinates":[13.31481133,52.57786179]}},{"type":"Feature","properties":{"kind":"park_and_ride","label":"Hermsdorf P1","detail":"S Hermsdorf · 76 Stellplätze"},"geometry":{"type":"Point","coordinates":[13.30683764,52.61855147]}},{"type":"Feature","properties":{"kind":"park_and_ride","label":"Waidmannslust P1","detail":"S Waidmannslust · 50 Stellplätze"},"geometry":{"type":"Point","coordinates":[13.32067437,52.60634894]}},{"type":"Feature","properties":{"kind":"park_and_ride","label":"Wittenau P1","detail":"S+U Wittenau · 22 Stellplätze"},"geometry":{"type":"Point","coordinates":[13.33281378,52.59838619]}},{"type":"Feature","properties":{"kind":"park_and_ride","label":"Stresow P1","detail":"S Stresow · 25 Stellplätze"},"geometry":{"type":"Point","coordinates":[13.20903314,52.53242111]}},{"type":"Feature","properties":{"kind":"park_and_ride","label":"Breitenbachplatz P2","detail":"U Breitenbachplatz · 48 Stellplätze"},"geometry":{"type":"Point","coordinates":[13.31085513,52.46656225]}},{"type":"Feature","properties":{"kind":"park_and_ride","label":"Wannsee P1","detail":"S+R Wannsee · 33 Stellplätze"},"geometry":{"type":"Point","coordinates":[13.18047557,52.41966206]}},{"type":"Feature","properties":{"kind":"park_and_ride","label":"Alt-Mariendorf P1","detail":"U Alt-Mariendorf · 123 Stellplätze"},"geometry":{"type":"Point","coordinates":[13.39037098,52.43917321]}},{"type":"Feature","properties":{"kind":"park_and_ride","label":"Marienfelde P1","detail":"S Marienfelde · 26 Stellplätze"},"geometry":{"type":"Point","coordinates":[13.3745046,52.42378922]}},{"type":"Feature","properties":{"kind":"park_and_ride","label":"Priesterweg P1","detail":"S Priesterweg · 37 Stellplätze"},"geometry":{"type":"Point","coordinates":[13.35536843,52.45876982]}},{"type":"Feature","properties":{"kind":"park_and_ride","label":"Priesterweg P2","detail":"S Priesterweg · 47 Stellplätze"},"geometry":{"type":"Point","coordinates":[13.35485331,52.45924233]}},{"type":"Feature","properties":{"kind":"park_and_ride","label":"Schichauweg P1","detail":"S Schichauweg · 73 Stellplätze"},"geometry":{"type":"Point","coordinates":[13.38861471,52.3988]}},{"type":"Feature","properties":{"kind":"park_and_ride","label":"Tempelhof P1","detail":"S+U Tempelhof · 56 Stellplätze"},"geometry":{"type":"Point","coordinates":[13.38404258,52.46936145]}},{"type":"Feature","properties":{"kind":"park_and_ride","label":"Altglienicke P1","detail":"S Altglienicke · 271 Stellplätze"},"geometry":{"type":"Point","coordinates":[13.55634357,52.40505828]}},{"type":"Feature","properties":{"kind":"park_and_ride","label":"Friedrichshagen P1","detail":"S Friedrichshagen · 83 Stellplätze"},"geometry":{"type":"Point","coordinates":[13.62634015,52.45799869]}},{"type":"Feature","properties":{"kind":"park_and_ride","label":"Grünau P1","detail":"S Grünau · 75 Stellplätze"},"geometry":{"type":"Point","coordinates":[13.57488604,52.4127667]}},{"type":"Feature","properties":{"kind":"park_and_ride","label":"Grünau P2","detail":"S Grünau · 33 Stellplätze"},"geometry":{"type":"Point","coordinates":[13.57558042,52.41269559]}},{"type":"Feature","properties":{"kind":"park_and_ride","label":"Grünau P3","detail":"S Grünau · 85 Stellplätze"},"geometry":{"type":"Point","coordinates":[13.57367516,52.41409473]}},{"type":"Feature","properties":{"kind":"park_and_ride","label":"Plänterwald P1","detail":"S Plänterwald · 8 Stellplätze"},"geometry":{"type":"Point","coordinates":[13.47428507,52.47901382]}},{"type":"Feature","properties":{"kind":"park_and_ride","label":"Wuhlheide P1","detail":"S Wuhlheide · 8 Stellplätze"},"geometry":{"type":"Point","coordinates":[13.55353166,52.46943873]}},{"type":"Feature","properties":{"kind":"park_and_ride","label":"Basdorf","detail":"94 Stellplätze · Umland"},"geometry":{"type":"Point","coordinates":[13.43409992,52.71641316]}},{"type":"Feature","properties":{"kind":"park_and_ride","label":"Bergfelde (b. Berlin)","detail":"122 Stellplätze · Umland"},"geometry":{"type":"Point","coordinates":[13.322562,52.67016104]}},{"type":"Feature","properties":{"kind":"park_and_ride","label":"Bernau P+R","detail":"98 Stellplätze · Umland"},"geometry":{"type":"Point","coordinates":[13.59180732,52.67484017]}},{"type":"Feature","properties":{"kind":"park_and_ride","label":"Bernau Parkhaus","detail":"131 Stellplätze · Umland"},"geometry":{"type":"Point","coordinates":[13.59131191,52.67605874]}},{"type":"Feature","properties":{"kind":"park_and_ride","label":"Bernau-Friedenstal","detail":"590 Stellplätze · Umland"},"geometry":{"type":"Point","coordinates":[13.56407107,52.66877004]}},{"type":"Feature","properties":{"kind":"park_and_ride","label":"Blankenfelde - Parkhaus","detail":"252 Stellplätze · Umland"},"geometry":{"type":"Point","coordinates":[13.41519114,52.3371262]}},{"type":"Feature","properties":{"kind":"park_and_ride","label":"Borgsdorf","detail":"123 Stellplätze · Umland"},"geometry":{"type":"Point","coordinates":[13.276845,52.71376304]}},{"type":"Feature","properties":{"kind":"park_and_ride","label":"Brieselang","detail":"180 Stellplätze · Umland"},"geometry":{"type":"Point","coordinates":[13.00208194,52.58245267]}},{"type":"Feature","properties":{"kind":"park_and_ride","label":"Dallgow-Döberitz","detail":"164 Stellplätze · Umland"},"geometry":{"type":"Point","coordinates":[13.059774,52.54324904]}},{"type":"Feature","properties":{"kind":"park_and_ride","label":"Eichwalde","detail":"86 Stellplätze · Umland"},"geometry":{"type":"Point","coordinates":[13.61357266,52.37354447]}},{"type":"Feature","properties":{"kind":"park_and_ride","label":"Elstal","detail":"110 Stellplätze · Umland"},"geometry":{"type":"Point","coordinates":[12.99895146,52.546418]}},{"type":"Feature","properties":{"kind":"park_and_ride","label":"Erkner","detail":"381 Stellplätze · Umland"},"geometry":{"type":"Point","coordinates":[13.75346147,52.42943111]}},{"type":"Feature","properties":{"kind":"park_and_ride","label":"Falkensee - Scharenbergstraße","detail":"362 Stellplätze · Umland"},"geometry":{"type":"Point","coordinates":[13.0905813,52.56193227]}},{"type":"Feature","properties":{"kind":"park_and_ride","label":"Falkensee - Süd","detail":"75 Stellplätze · Umland"},"geometry":{"type":"Point","coordinates":[13.09153879,52.55882809]}},{"type":"Feature","properties":{"kind":"park_and_ride","label":"Fangschleuse","detail":"165 Stellplätze · Umland"},"geometry":{"type":"Point","coordinates":[13.823605,52.40717904]}},{"type":"Feature","properties":{"kind":"park_and_ride","label":"Finkenkrug","detail":"115 Stellplätze · Umland"},"geometry":{"type":"Point","coordinates":[13.05216074,52.57018424]}},{"type":"Feature","properties":{"kind":"park_and_ride","label":"Fredersdorf (b. Berlin) - Nord","detail":"76 Stellplätze · Umland"},"geometry":{"type":"Point","coordinates":[13.76082968,52.52688526]}},{"type":"Feature","properties":{"kind":"park_and_ride","label":"Fredersdorf (b. Berlin) - Süd","detail":"176 Stellplätze · Umland"},"geometry":{"type":"Point","coordinates":[13.76171284,52.52543247]}},{"type":"Feature","properties":{"kind":"park_and_ride","label":"Hennigsdorf - Parkhaus","detail":"719 Stellplätze · Umland"},"geometry":{"type":"Point","coordinates":[13.20427215,52.63888527]}},{"type":"Feature","properties":{"kind":"park_and_ride","label":"Hohen Neuendorf","detail":"80 Stellplätze · Umland"},"geometry":{"type":"Point","coordinates":[13.28820566,52.670147]}},{"type":"Feature","properties":{"kind":"park_and_ride","label":"Hoppegarten Nord","detail":"75 Stellplätze · Umland"},"geometry":{"type":"Point","coordinates":[13.67483807,52.51860165]}},{"type":"Feature","properties":{"kind":"park_and_ride","label":"Hoppegarten Süd","detail":"115 Stellplätze · Umland"},"geometry":{"type":"Point","coordinates":[13.67646631,52.51799393]}},{"type":"Feature","properties":{"kind":"park_and_ride","label":"Königs Wusterhausen - Ostseite","detail":"379 Stellplätze · Umland"},"geometry":{"type":"Point","coordinates":[13.63278169,52.29881451]}},{"type":"Feature","properties":{"kind":"park_and_ride","label":"Königs Wusterhausen - P+R Güterbahnhof","detail":"84 Stellplätze · Umland"},"geometry":{"type":"Point","coordinates":[13.63238495,52.29543838]}},{"type":"Feature","properties":{"kind":"park_and_ride","label":"Lehnitz","detail":"103 Stellplätze · Umland"},"geometry":{"type":"Point","coordinates":[13.26304359,52.74242235]}},{"type":"Feature","properties":{"kind":"park_and_ride","label":"Luckenwalde","detail":"180 Stellplätze · Umland"},"geometry":{"type":"Point","coordinates":[13.16042439,52.09145981]}},{"type":"Feature","properties":{"kind":"park_and_ride","label":"Ludwigsfelde, Alte Ladestraße","detail":"170 Stellplätze · Umland"},"geometry":{"type":"Point","coordinates":[13.26778005,52.29887143]}},{"type":"Feature","properties":{"kind":"park_and_ride","label":"Ludwigsfelde-Struveshof","detail":"111 Stellplätze · Umland"},"geometry":{"type":"Point","coordinates":[13.2316168,52.3174486]}},{"type":"Feature","properties":{"kind":"park_and_ride","label":"Mahlow","detail":"213 Stellplätze · Umland"},"geometry":{"type":"Point","coordinates":[13.40706144,52.35973483]}},{"type":"Feature","properties":{"kind":"park_and_ride","label":"Marquardt","detail":"113 Stellplätze · Umland"},"geometry":{"type":"Point","coordinates":[12.97274998,52.45872719]}},{"type":"Feature","properties":{"kind":"park_and_ride","label":"Michendorf","detail":"65 Stellplätze · Umland"},"geometry":{"type":"Point","coordinates":[13.031743,52.31644504]}},{"type":"Feature","properties":{"kind":"park_and_ride","label":"Mühlenbeck-Mönchmühle","detail":"76 Stellplätze · Umland"},"geometry":{"type":"Point","coordinates":[13.38731823,52.65415153]}},{"type":"Feature","properties":{"kind":"park_and_ride","label":"Nauen","detail":"314 Stellplätze · Umland"},"geometry":{"type":"Point","coordinates":[12.88584653,52.61191707]}},{"type":"Feature","properties":{"kind":"park_and_ride","label":"Neuenhagen (b. Berlin)","detail":"175 Stellplätze · Umland"},"geometry":{"type":"Point","coordinates":[13.70138123,52.52035192]}},{"type":"Feature","properties":{"kind":"park_and_ride","label":"Oranienburg","detail":"509 Stellplätze · Umland"},"geometry":{"type":"Point","coordinates":[13.25012393,52.75088699]}},{"type":"Feature","properties":{"kind":"park_and_ride","label":"Petershagen Nord - Eggersdorfer Str.","detail":"38 Stellplätze · Umland"},"geometry":{"type":"Point","coordinates":[13.79150359,52.5294994]}},{"type":"Feature","properties":{"kind":"park_and_ride","label":"Petershagen Nord - nördlich Bhf","detail":"84 Stellplätze · Umland"},"geometry":{"type":"Point","coordinates":[13.78973707,52.52954943]}},{"type":"Feature","properties":{"kind":"park_and_ride","label":"Petershagen Nord - südlich Bhf","detail":"142 Stellplätze · Umland"},"geometry":{"type":"Point","coordinates":[13.7872938,52.52823046]}},{"type":"Feature","properties":{"kind":"park_and_ride","label":"Potsdam Hauptbahnhof - Parkhaus Bahnhofspassagen","detail":"1392 Stellplätze · Umland"},"geometry":{"type":"Point","coordinates":[13.06862903,52.39241938]}},{"type":"Feature","properties":{"kind":"park_and_ride","label":"Potsdam Pirschheide","detail":"240 Stellplätze · Umland"},"geometry":{"type":"Point","coordinates":[13.00940992,52.37500321]}},{"type":"Feature","properties":{"kind":"park_and_ride","label":"Potsdam-Rehbrücke","detail":"130 Stellplätze · Umland"},"geometry":{"type":"Point","coordinates":[13.09931089,52.35909753]}},{"type":"Feature","properties":{"kind":"park_and_ride","label":"Rangsdorf Ladestraße","detail":"55 Stellplätze · Umland"},"geometry":{"type":"Point","coordinates":[13.431065,52.29479704]}},{"type":"Feature","properties":{"kind":"park_and_ride","label":"Rangsdorf Westen","detail":"48 Stellplätze · Umland"},"geometry":{"type":"Point","coordinates":[13.42892697,52.29350382]}},{"type":"Feature","properties":{"kind":"park_and_ride","label":"Seddin","detail":"72 Stellplätze · Umland"},"geometry":{"type":"Point","coordinates":[12.98505418,52.29222222]}},{"type":"Feature","properties":{"kind":"park_and_ride","label":"Seegefeld","detail":"99 Stellplätze · Umland"},"geometry":{"type":"Point","coordinates":[13.11744569,52.55310381]}},{"type":"Feature","properties":{"kind":"park_and_ride","label":"Strausberg","detail":"188 Stellplätze · Umland"},"geometry":{"type":"Point","coordinates":[13.83239028,52.53274839]}},{"type":"Feature","properties":{"kind":"park_and_ride","label":"Strausberg Nord","detail":"114 Stellplätze · Umland"},"geometry":{"type":"Point","coordinates":[13.9094941,52.59040102]}},{"type":"Feature","properties":{"kind":"park_and_ride","label":"Strausberg Stadt","detail":"70 Stellplätze · Umland"},"geometry":{"type":"Point","coordinates":[13.887669,52.57685504]}},{"type":"Feature","properties":{"kind":"park_and_ride","label":"Velten (Mark)","detail":"124 Stellplätze · Umland"},"geometry":{"type":"Point","coordinates":[13.17276524,52.68497915]}},{"type":"Feature","properties":{"kind":"park_and_ride","label":"Werder (Havel) - Nord","detail":"92 Stellplätze · Umland"},"geometry":{"type":"Point","coordinates":[12.92593137,52.39370495]}},{"type":"Feature","properties":{"kind":"park_and_ride","label":"Werder (Havel) - P+R Vorplatz","detail":"84 Stellplätze · Umland"},"geometry":{"type":"Point","coordinates":[12.92757151,52.39248793]}},{"type":"Feature","properties":{"kind":"park_and_ride","label":"Werder (Havel) - Parkhaus","detail":"230 Stellplätze · Umland"},"geometry":{"type":"Point","coordinates":[12.92838774,52.39232921]}},{"type":"Feature","properties":{"kind":"park_and_ride","label":"Werneuchen P+R","detail":"80 Stellplätze · Umland"},"geometry":{"type":"Point","coordinates":[13.73567308,52.63685469]}},{"type":"Feature","properties":{"kind":"park_and_ride","label":"Wilhelmshorst","detail":"65 Stellplätze · Umland"},"geometry":{"type":"Point","coordinates":[13.06721939,52.33111378]}},{"type":"Feature","properties":{"kind":"park_and_ride","label":"Wustermark","detail":"206 Stellplätze · Umland"},"geometry":{"type":"Point","coordinates":[12.94203483,52.55137842]}},{"type":"Feature","properties":{"kind":"park_and_ride","label":"Zepernick (b. Bernau) - Fontanestraße","detail":"78 Stellplätze · Umland"},"geometry":{"type":"Point","coordinates":[13.53173932,52.65910467]}},{"type":"Feature","properties":{"kind":"park_and_ride","label":"Zepernick (b. Bernau) - Ostseite","detail":"168 Stellplätze · Umland"},"geometry":{"type":"Point","coordinates":[13.53598148,52.66044345]}},{"type":"Feature","properties":{"kind":"park_and_ride","label":"Zeuthen - Bahnstraße","detail":"77 Stellplätze · Umland"},"geometry":{"type":"Point","coordinates":[13.62864086,52.346487]}},{"type":"Feature","properties":{"kind":"park_and_ride","label":"Zeuthen - Ostseite","detail":"73 Stellplätze · Umland"},"geometry":{"type":"Point","coordinates":[13.62626692,52.35060186]}},{"type":"Feature","properties":{"kind":"accessible","label":"Admiralstraße 1","detail":"1 Platz · Mo-Fr 10-17h"},"geometry":{"type":"Point","coordinates":[13.4170525,52.4982558]}},{"type":"Feature","properties":{"kind":"accessible","label":"Alt - Stralau 32 b","detail":"1 Platz · Durchgehend"},"geometry":{"type":"Point","coordinates":[13.47776161,52.49257595]}},{"type":"Feature","properties":{"kind":"accessible","label":"Alt - Stralau 61","detail":"1 Platz · Mo-Fr 7-20:30h"},"geometry":{"type":"Point","coordinates":[13.46786073,52.49572678]}},{"type":"Feature","properties":{"kind":"accessible","label":"Alte Jakobstraße 148","detail":"1 Platz · Mo-Fr 7-17h"},"geometry":{"type":"Point","coordinates":[13.3962494,52.4992127]}},{"type":"Feature","properties":{"kind":"accessible","label":"Axel-Springer-Straße 40","detail":"1 Platz · Mo-Fr 10-21h"},"geometry":{"type":"Point","coordinates":[13.39886884,52.50771546]}},{"type":"Feature","properties":{"kind":"accessible","label":"Axel-Springer-Straße 44","detail":"1 Platz · Mo-Fr 8-18h"},"geometry":{"type":"Point","coordinates":[13.39943438,52.50848024]}},{"type":"Feature","properties":{"kind":"accessible","label":"Bänschstraße 74","detail":"1 Platz · Mo-Fr 8-17h"},"geometry":{"type":"Point","coordinates":[13.4687221,52.51747412]}},{"type":"Feature","properties":{"kind":"accessible","label":"Barnimstraße 18","detail":"1 Platz · Mo-Fr 8-16h"},"geometry":{"type":"Point","coordinates":[13.4224639,52.52616279]}},{"type":"Feature","properties":{"kind":"accessible","label":"Barnimstraße 18","detail":"1 Platz · Durchgehend"},"geometry":{"type":"Point","coordinates":[13.42259883,52.52608151]}},{"type":"Feature","properties":{"kind":"accessible","label":"Bergmannstraße 25","detail":"1 Platz · Durchgehend"},"geometry":{"type":"Point","coordinates":[13.39478521,52.48906071]}},{"type":"Feature","properties":{"kind":"accessible","label":"Bergmannstraße 3","detail":"2 Plätze · Durchgehend"},"geometry":{"type":"Point","coordinates":[13.38798628,52.48988432]}},{"type":"Feature","properties":{"kind":"accessible","label":"Bernburger Straße 30","detail":"1 Platz · Mo-Fr 8-18h"},"geometry":{"type":"Point","coordinates":[13.37977283,52.50496507]}},{"type":"Feature","properties":{"kind":"accessible","label":"Blücherplatz 1","detail":"1 Platz · Durchgehend"},"geometry":{"type":"Point","coordinates":[13.39240952,52.49706986]}},{"type":"Feature","properties":{"kind":"accessible","label":"Blücherplatz 3","detail":"3 Plätze · Durchgehend"},"geometry":{"type":"Point","coordinates":[13.39142117,52.49705722]}},{"type":"Feature","properties":{"kind":"accessible","label":"Blücherstraße 39","detail":"1 Platz · Mo-Fr 8-19h"},"geometry":{"type":"Point","coordinates":[13.40498909,52.49061336]}},{"type":"Feature","properties":{"kind":"accessible","label":"Blücherstraße 62","detail":"2 Plätze · Mo-Fr 8-18h"},"geometry":{"type":"Point","coordinates":[13.39841991,52.49499894]}},{"type":"Feature","properties":{"kind":"accessible","label":"Böckhstraße 16","detail":"1 Platz · Durchgehend"},"geometry":{"type":"Point","coordinates":[13.41920629,52.49357809]}},{"type":"Feature","properties":{"kind":"accessible","label":"Böckhstraße 42","detail":"1 Platz · Durchgehend"},"geometry":{"type":"Point","coordinates":[13.41866908,52.49381454]}},{"type":"Feature","properties":{"kind":"accessible","label":"Boxhagener Straße 80","detail":"1 Platz · Durchgehend"},"geometry":{"type":"Point","coordinates":[13.46716115,52.50806311]}},{"type":"Feature","properties":{"kind":"accessible","label":"Boxhagener Straße 89","detail":"1 Platz · (täglich) 9-22h"},"geometry":{"type":"Point","coordinates":[13.46467598,52.50988916]}},{"type":"Feature","properties":{"kind":"accessible","label":"Charlottenstraße 13","detail":"1 Platz · Mo-Fr 7-17h"},"geometry":{"type":"Point","coordinates":[13.39244639,52.50696141]}},{"type":"Feature","properties":{"kind":"accessible","label":"Charlottenstraße 85","detail":"2 Plätze · Mo - Sa 10 - 16 h"},"geometry":{"type":"Point","coordinates":[13.39243161,52.50646561]}},{"type":"Feature","properties":{"kind":"accessible","label":"Dresdener Straße 20","detail":"1 Platz · Mo, Die, Do, Fr 8-14h, Mi 14-18h"},"geometry":{"type":"Point","coordinates":[13.41657098,52.50162492]}},{"type":"Feature","properties":{"kind":"accessible","label":"Erich-Steinfurt-Straße 8","detail":"1 Platz · Durchgehend"},"geometry":{"type":"Point","coordinates":[13.43418434,52.51143757]}},{"type":"Feature","properties":{"kind":"accessible","label":"Ernst-Zinna-Weg","detail":"3 Plätze · Durchgehend"},"geometry":{"type":"Point","coordinates":[13.43704602,52.52547717]}},{"type":"Feature","properties":{"kind":"accessible","label":"Falckensteinstraße 42","detail":"1 Platz · Mo-Fr 12-18h"},"geometry":{"type":"Point","coordinates":[13.44337278,52.49946]}},{"type":"Feature","properties":{"kind":"accessible","label":"Finowstraße 1","detail":"2 Plätze · Mo-Fr 8-18h"},"geometry":{"type":"Point","coordinates":[13.46949865,52.51400225]}},{"type":"Feature","properties":{"kind":"accessible","label":"Forster Straße 45","detail":"1 Platz · Mo-Fr 7-16h"},"geometry":{"type":"Point","coordinates":[13.4325688,52.49442527]}},{"type":"Feature","properties":{"kind":"accessible","label":"Frankfurter Allee 14a","detail":"2 Plätze · Durchgehend"},"geometry":{"type":"Point","coordinates":[13.45735557,52.51484834]}},{"type":"Feature","properties":{"kind":"accessible","label":"Frankfurter Allee 35","detail":"2 Plätze · Durchgehend"},"geometry":{"type":"Point","coordinates":[13.46159952,52.51515844]}},{"type":"Feature","properties":{"kind":"accessible","label":"Frankfurter Allee 63","detail":"1 Platz · Mo-Sa 6-24h"},"geometry":{"type":"Point","coordinates":[13.46677493,52.51463003]}},{"type":"Feature","properties":{"kind":"accessible","label":"Frankfurter Allee 93","detail":"1 Platz · Do-So 15-22h"},"geometry":{"type":"Point","coordinates":[13.4721407,52.51409073]}},{"type":"Feature","properties":{"kind":"accessible","label":"Friedenstraße 1","detail":"1 Platz · Mo-Fr 7-16h"},"geometry":{"type":"Point","coordinates":[13.43129911,52.52440358]}},{"type":"Feature","properties":{"kind":"accessible","label":"Glatzer Straße 5","detail":"2 Plätze · Mo-Fr 8-20h"},"geometry":{"type":"Point","coordinates":[13.46623295,52.50986956]}},{"type":"Feature","properties":{"kind":"accessible","label":"Glogauer Straße 21","detail":"2 Plätze · Mo-So 6-18h"},"geometry":{"type":"Point","coordinates":[13.43650332,52.49247779]}},{"type":"Feature","properties":{"kind":"accessible","label":"Gneisenaustraße 3","detail":"1 Platz · Mo-Fr 9-21h"},"geometry":{"type":"Point","coordinates":[13.38862205,52.49254349]}},{"type":"Feature","properties":{"kind":"accessible","label":"Gneisenaustraße 62","detail":"1 Platz · Mo-Fr 8-18h"},"geometry":{"type":"Point","coordinates":[13.40314798,52.48999442]}},{"type":"Feature","properties":{"kind":"accessible","label":"Görlitzer Straße 63","detail":"2 Plätze · Durchgehend"},"geometry":{"type":"Point","coordinates":[13.43582034,52.49801688]}},{"type":"Feature","properties":{"kind":"accessible","label":"Großbeerenstraße 15","detail":"2 Plätze · Mo-Fr 9-18h"},"geometry":{"type":"Point","coordinates":[13.38465287,52.49727186]}},{"type":"Feature","properties":{"kind":"accessible","label":"Großbeerenstraße 58","detail":"1 Platz · Mo-Fr 8:30-18h"},"geometry":{"type":"Point","coordinates":[13.38335858,52.4929083]}},{"type":"Feature","properties":{"kind":"accessible","label":"Großbeerenstraße 88","detail":"2 Plätze · Durchgehend"},"geometry":{"type":"Point","coordinates":[13.38545975,52.49915407]}},{"type":"Feature","properties":{"kind":"accessible","label":"Grünberger Straße 25","detail":"1 Platz · Mo-Fr 8-18h"},"geometry":{"type":"Point","coordinates":[13.45168017,52.51265214]}},{"type":"Feature","properties":{"kind":"accessible","label":"Grünberger Straße 43","detail":"2 Plätze · Mo-Fr 7-20h"},"geometry":{"type":"Point","coordinates":[13.45480393,52.51213587]}},{"type":"Feature","properties":{"kind":"accessible","label":"Gubener Straße 49","detail":"1 Platz · werktags 7-18h"},"geometry":{"type":"Point","coordinates":[13.4481848,52.51246605]}},{"type":"Feature","properties":{"kind":"accessible","label":"Hagelberger Straße 19a","detail":"1 Platz · Mo-Fr 8-19h"},"geometry":{"type":"Point","coordinates":[13.38205879,52.49164125]}},{"type":"Feature","properties":{"kind":"accessible","label":"Hagelberger Straße 34","detail":"1 Platz · Durchgehend"},"geometry":{"type":"Point","coordinates":[13.38081031,52.49161783]}},{"type":"Feature","properties":{"kind":"accessible","label":"Hagelberger Straße 8","detail":"1 Platz · Durchgehend"},"geometry":{"type":"Point","coordinates":[13.38495108,52.49147032]}},{"type":"Feature","properties":{"kind":"accessible","label":"Hasenheide 66","detail":"1 Platz · Mo-Do 8-18h, Fr 8-13h"},"geometry":{"type":"Point","coordinates":[13.40959555,52.48871157]}},{"type":"Feature","properties":{"kind":"accessible","label":"Heckmannufer 3a","detail":"2 Plätze · Mo-Fr 8-20h"},"geometry":{"type":"Point","coordinates":[13.44767425,52.49703527]}},{"type":"Feature","properties":{"kind":"accessible","label":"Jüterboger Straße 3","detail":"1 Platz · Mo-Fr 7-18h"},"geometry":{"type":"Point","coordinates":[13.39794068,52.48634747]}},{"type":"Feature","properties":{"kind":"accessible","label":"Karl-Marx-Allee 54","detail":"1 Platz · Mo-Fr 8-18h, Sa 9-16h"},"geometry":{"type":"Point","coordinates":[13.4297458,52.51814525]}},{"type":"Feature","properties":{"kind":"accessible","label":"Karl-Marx-Allee 90a","detail":"1 Platz · Mo-Fr 9-18h"},"geometry":{"type":"Point","coordinates":[13.44057498,52.51629702]}},{"type":"Feature","properties":{"kind":"accessible","label":"Kleinbeerenstraße","detail":"2 Plätze · Mo - Fr 8 - 16 h"},"geometry":{"type":"Point","coordinates":[13.38178854,52.50049915]}},{"type":"Feature","properties":{"kind":"accessible","label":"Koppenstraße 38","detail":"1 Platz · Mo-Fr 7-17h"},"geometry":{"type":"Point","coordinates":[13.43696406,52.51861244]}},{"type":"Feature","properties":{"kind":"accessible","label":"Kottbusser Straße 24","detail":"2 Plätze · Durchgehend"},"geometry":{"type":"Point","coordinates":[13.41892392,52.49806589]}},{"type":"Feature","properties":{"kind":"accessible","label":"Krossener Straße 19","detail":"2 Plätze · Sa 8-16h, So 9-18h"},"geometry":{"type":"Point","coordinates":[13.45867279,52.51055321]}},{"type":"Feature","properties":{"kind":"accessible","label":"Lindenstraße 15","detail":"2 Plätze · (täglich) 9-20h"},"geometry":{"type":"Point","coordinates":[13.39517413,52.50282557]}},{"type":"Feature","properties":{"kind":"accessible","label":"Lindenstraße 19c","detail":"2 Plätze · Mo-Fr 8-18h"},"geometry":{"type":"Point","coordinates":[13.39568553,52.50334497]}},{"type":"Feature","properties":{"kind":"accessible","label":"Marchlewskistraße 4","detail":"3 Plätze · Durchgehend"},"geometry":{"type":"Point","coordinates":[13.44243213,52.51632419]}},{"type":"Feature","properties":{"kind":"accessible","label":"Marheinekeplatz 3","detail":"1 Platz · Durchgehend"},"geometry":{"type":"Point","coordinates":[13.39688092,52.48923606]}},{"type":"Feature","properties":{"kind":"accessible","label":"Markgrafenstraße 18","detail":"2 Plätze · Mo-Do 8-17h, Fr 8-15h"},"geometry":{"type":"Point","coordinates":[13.39451382,52.50650786]}},{"type":"Feature","properties":{"kind":"accessible","label":"Markgrafenstraße 19","detail":"1 Platz · Mo-Fr 7:30-19:30h"},"geometry":{"type":"Point","coordinates":[13.39449323,52.50667091]}},{"type":"Feature","properties":{"kind":"accessible","label":"Markgrafenstraße 87","detail":"2 Plätze · Mo-So 9-20h"},"geometry":{"type":"Point","coordinates":[13.39488635,52.50334714]}},{"type":"Feature","properties":{"kind":"accessible","label":"Matthiasstraße 10","detail":"1 Platz · Mo-Fr 6:30-20h"},"geometry":{"type":"Point","coordinates":[13.44044348,52.52291549]}},{"type":"Feature","properties":{"kind":"accessible","label":"Matthiasstraße 12","detail":"1 Platz · Mo-Sa 6-20h"},"geometry":{"type":"Point","coordinates":[13.43984555,52.52368885]}},{"type":"Feature","properties":{"kind":"accessible","label":"Matthiasstraße 7","detail":"1 Platz · Mo-Fr 6:30-20h"},"geometry":{"type":"Point","coordinates":[13.4407186,52.52251132]}},{"type":"Feature","properties":{"kind":"accessible","label":"Mehringdamm 22","detail":"1 Platz · Mo-Fr 8-18h"},"geometry":{"type":"Point","coordinates":[13.38877555,52.49466544]}},{"type":"Feature","properties":{"kind":"accessible","label":"Mehringdamm 35","detail":"1 Platz · Mo-Fr 9-18h, Sa 9-13h"},"geometry":{"type":"Point","coordinates":[13.38812391,52.49321733]}},{"type":"Feature","properties":{"kind":"accessible","label":"Möckernstraße 100","detail":"1 Platz · Mo-Fr 9-18h"},"geometry":{"type":"Point","coordinates":[13.37965803,52.49395477]}},{"type":"Feature","properties":{"kind":"accessible","label":"Möckernstraße 69","detail":"1 Platz · Durchgehend"},"geometry":{"type":"Point","coordinates":[13.37925961,52.49036081]}},{"type":"Feature","properties":{"kind":"accessible","label":"Naglerstraße 4","detail":"1 Platz · Mo-Fr 8-17h"},"geometry":{"type":"Point","coordinates":[13.45007249,52.50319707]}},{"type":"Feature","properties":{"kind":"accessible","label":"Neue Bahnhofstraße 4","detail":"1 Platz · Mo-Fr 7-19h"},"geometry":{"type":"Point","coordinates":[13.46949372,52.50525327]}},{"type":"Feature","properties":{"kind":"accessible","label":"Obentrautstraße 55","detail":"1 Platz · Mo-Fr 9-20h"},"geometry":{"type":"Point","coordinates":[13.38229839,52.49700794]}},{"type":"Feature","properties":{"kind":"accessible","label":"Oppelner Straße 46","detail":"1 Platz · Mo-Fr 9-20h"},"geometry":{"type":"Point","coordinates":[13.44129005,52.50012124]}},{"type":"Feature","properties":{"kind":"accessible","label":"Oranienstraße 106","detail":"2 Plätze · Mo-Fr 6-19:30h"},"geometry":{"type":"Point","coordinates":[13.40047417,52.5064281]}},{"type":"Feature","properties":{"kind":"accessible","label":"Oranienstraße 158","detail":"1 Platz · Mo-Fr 7-19h"},"geometry":{"type":"Point","coordinates":[13.41306872,52.502944]}},{"type":"Feature","properties":{"kind":"accessible","label":"Oranienstraße 192","detail":"1 Platz · Durchgehend"},"geometry":{"type":"Point","coordinates":[13.42263116,52.50018784]}},{"type":"Feature","properties":{"kind":"accessible","label":"Oranienstraße 26","detail":"1 Platz · Mo-Fr 7-15h"},"geometry":{"type":"Point","coordinates":[13.42042106,52.50101671]}},{"type":"Feature","properties":{"kind":"accessible","label":"Oranienstraße 56","detail":"1 Platz · 8 - 22h"},"geometry":{"type":"Point","coordinates":[13.41172788,52.50340905]}},{"type":"Feature","properties":{"kind":"accessible","label":"Oranienstraße 120","detail":"1 Platz · Durchgehend"},"geometry":{"type":"Point","coordinates":[13.40366095,52.50564692]}},{"type":"Feature","properties":{"kind":"accessible","label":"Palisadenstraße 46","detail":"1 Platz · Mo-Fr 10-20h"},"geometry":{"type":"Point","coordinates":[13.43949074,52.51852416]}},{"type":"Feature","properties":{"kind":"accessible","label":"Paul-Lincke-Ufer 42","detail":"4 Plätze · Mo-Fr 6-8h, 13-15h"},"geometry":{"type":"Point","coordinates":[13.42137015,52.49611963]}},{"type":"Feature","properties":{"kind":"accessible","label":"Petersburger Straße 90","detail":"2 Plätze · Mo-Fr 8-18h"},"geometry":{"type":"Point","coordinates":[13.45308021,52.51756238]}},{"type":"Feature","properties":{"kind":"accessible","label":"Pettenkofer Straße 1","detail":"4 Plätze · Mo-Fr 7-18h"},"geometry":{"type":"Point","coordinates":[13.47345287,52.51438596]}},{"type":"Feature","properties":{"kind":"accessible","label":"Prinzenstraße 113","detail":"1 Platz · (täglich) 7-22h"},"geometry":{"type":"Point","coordinates":[13.40598778,52.49768256]}},{"type":"Feature","properties":{"kind":"accessible","label":"Proskauer Straße 1","detail":"1 Platz · Mo-Sa 6-24h"},"geometry":{"type":"Point","coordinates":[13.46042815,52.51546473]}},{"type":"Feature","properties":{"kind":"accessible","label":"Proskauer Straße 17a","detail":"1 Platz · Mo-Sa 6-24h"},"geometry":{"type":"Point","coordinates":[13.46220862,52.5190385]}},{"type":"Feature","properties":{"kind":"accessible","label":"Proskauer Straße 30","detail":"2 Plätze · Mo-Sa 6-24h"},"geometry":{"type":"Point","coordinates":[13.4609118,52.5169642]}},{"type":"Feature","properties":{"kind":"accessible","label":"Pufendorfstraße 11","detail":"1 Platz · Mo-So 9-21h"},"geometry":{"type":"Point","coordinates":[13.43778203,52.52139733]}},{"type":"Feature","properties":{"kind":"accessible","label":"Puttkamer Straße 16","detail":"2 Plätze · Mo-Fr 7:30-18h"},"geometry":{"type":"Point","coordinates":[13.38955578,52.50448034]}},{"type":"Feature","properties":{"kind":"accessible","label":"Regina-Jonas-Straße 10","detail":"2 Plätze · Mo-Fr 6-18h"},"geometry":{"type":"Point","coordinates":[13.41478937,52.49760009]}},{"type":"Feature","properties":{"kind":"accessible","label":"Revaler Straße 1","detail":"2 Plätze · Mo-Fr 8-19h, Sa 8-16h"},"geometry":{"type":"Point","coordinates":[13.44938114,52.50848652]}},{"type":"Feature","properties":{"kind":"accessible","label":"Revaler Straße 29","detail":"1 Platz · Mo - Fr 9 - 20h"},"geometry":{"type":"Point","coordinates":[13.46215272,52.50533281]}},{"type":"Feature","properties":{"kind":"accessible","label":"Richard-Sorge-Straße 14","detail":"1 Platz · Sonn- u. Feiertags 10-13h"},"geometry":{"type":"Point","coordinates":[13.44847886,52.51888886]}},{"type":"Feature","properties":{"kind":"accessible","label":"Rigaer Straße 27","detail":"1 Platz · Mo-Fr 8:30-18h, Sa 9-11h"},"geometry":{"type":"Point","coordinates":[13.46264457,52.51678719]}},{"type":"Feature","properties":{"kind":"accessible","label":"Ritterstraße 3","detail":"1 Platz · Mo-Fr 8-18h + Zusatz Parkscheibe 2h"},"geometry":{"type":"Point","coordinates":[13.4127919,52.50074256]}},{"type":"Feature","properties":{"kind":"accessible","label":"Rudi-Dutschke-Straße 1","detail":"1 Platz · Mo-Fr 8-18h"},"geometry":{"type":"Point","coordinates":[13.39689904,52.5070652]}},{"type":"Feature","properties":{"kind":"accessible","label":"Rudolfstraße","detail":"1 Platz · Durchgehend"},"geometry":{"type":"Point","coordinates":[13.44997255,52.50521323]}},{"type":"Feature","properties":{"kind":"accessible","label":"Rudolfstraße 9","detail":"1 Platz · Mo-Fr 6-18h"},"geometry":{"type":"Point","coordinates":[13.45294622,52.50430056]}},{"type":"Feature","properties":{"kind":"accessible","label":"Rudolfstraße 14A","detail":"1 Platz · Durchgehend"},"geometry":{"type":"Point","coordinates":[13.45678887,52.50297817]}},{"type":"Feature","properties":{"kind":"accessible","label":"Ruhlsdorfer Straße 2","detail":"1 Platz · Durchgehend"},"geometry":{"type":"Point","coordinates":[13.387845,52.49736393]}},{"type":"Feature","properties":{"kind":"accessible","label":"Samariterstraße 38","detail":"1 Platz · Mo-Fr 8-16h"},"geometry":{"type":"Point","coordinates":[13.46460913,52.51547535]}},{"type":"Feature","properties":{"kind":"accessible","label":"Schleiermacher Straße 24a","detail":"1 Platz · (täglich) 9-23h"},"geometry":{"type":"Point","coordinates":[13.39751356,52.4896257]}},{"type":"Feature","properties":{"kind":"accessible","label":"Schreinerstraße 7","detail":"1 Platz · Mo-Fr 8-16h"},"geometry":{"type":"Point","coordinates":[13.46401116,52.51756079]}},{"type":"Feature","properties":{"kind":"accessible","label":"Schwiebusser Straße 18","detail":"1 Platz · Durchgehend"},"geometry":{"type":"Point","coordinates":[13.3881455,52.48593488]}},{"type":"Feature","properties":{"kind":"accessible","label":"Schwiebusser Straße 5","detail":"1 Platz · Mo-Fr 6-18h"},"geometry":{"type":"Point","coordinates":[13.39283376,52.48588846]}},{"type":"Feature","properties":{"kind":"accessible","label":"Seumestraße 11","detail":"1 Platz · Mo-Sa 9-24h"},"geometry":{"type":"Point","coordinates":[13.46209924,52.50950643]}},{"type":"Feature","properties":{"kind":"accessible","label":"Seumestraße 31","detail":"1 Platz · Durchgehend"},"geometry":{"type":"Point","coordinates":[13.46059697,52.50763961]}},{"type":"Feature","properties":{"kind":"accessible","label":"Silvio-Meier-Straße 16","detail":"1 Platz · Mo-Fr 9-18h, Sa 9-14h"},"geometry":{"type":"Point","coordinates":[13.46284883,52.51514339]}},{"type":"Feature","properties":{"kind":"accessible","label":"Skalitzer Straße 35","detail":"1 Platz · Mo-Fr 8-18h"},"geometry":{"type":"Point","coordinates":[13.42573452,52.49891766]}},{"type":"Feature","properties":{"kind":"accessible","label":"Skalitzer Straße 36","detail":"1 Platz · Durchgehend"},"geometry":{"type":"Point","coordinates":[13.42619394,52.49876678]}},{"type":"Feature","properties":{"kind":"accessible","label":"Skalitzer Straße 133","detail":"1 Platz · Durchgehend"},"geometry":{"type":"Point","coordinates":[13.41970857,52.49919771]}},{"type":"Feature","properties":{"kind":"accessible","label":"Stallschreiberstraße 11","detail":"1 Platz · Durchgehend"},"geometry":{"type":"Point","coordinates":[13.40964581,52.50505671]}},{"type":"Feature","properties":{"kind":"accessible","label":"Stresemannstraße 29","detail":"2 Plätze · Durchgehend"},"geometry":{"type":"Point","coordinates":[13.38767695,52.50004361]}},{"type":"Feature","properties":{"kind":"accessible","label":"Südstern","detail":"4 Plätze · Mi 18-21h, So 9-12h und 18-21h"},"geometry":{"type":"Point","coordinates":[13.40568505,52.48928266]}},{"type":"Feature","properties":{"kind":"accessible","label":"Urbanstraße 100","detail":"1 Platz · Mo-Fr 8-21h"},"geometry":{"type":"Point","coordinates":[13.42160276,52.48936515]}},{"type":"Feature","properties":{"kind":"accessible","label":"Urbanstraße 24","detail":"1 Platz · Mo-Fr 9-18h"},"geometry":{"type":"Point","coordinates":[13.41039889,52.4924857]}},{"type":"Feature","properties":{"kind":"accessible","label":"Warschauer Platz","detail":"2 Plätze · Durchgehend"},"geometry":{"type":"Point","coordinates":[13.44934302,52.50502558]}},{"type":"Feature","properties":{"kind":"accessible","label":"Wiener Straße 17","detail":"1 Platz · Mo-Fr 9-18h, Sa 9-14h"},"geometry":{"type":"Point","coordinates":[13.43066844,52.49777472]}},{"type":"Feature","properties":{"kind":"accessible","label":"Wiener Straße 59h","detail":"3 Plätze · Durchgehend"},"geometry":{"type":"Point","coordinates":[13.43237728,52.49729582]}},{"type":"Feature","properties":{"kind":"accessible","label":"Wilhelmstraße 115","detail":"1 Platz · Mo-Fr 9-16h"},"geometry":{"type":"Point","coordinates":[13.38691905,52.50457739]}},{"type":"Feature","properties":{"kind":"accessible","label":"Wilhelmstraße 139","detail":"1 Platz · Mo-Fr 8-18h"},"geometry":{"type":"Point","coordinates":[13.38862198,52.50066036]}},{"type":"Feature","properties":{"kind":"accessible","label":"Wrangelstraße 30","detail":"3 Plätze · Mo-Fr 7-20h"},"geometry":{"type":"Point","coordinates":[13.43385638,52.50185649]}},{"type":"Feature","properties":{"kind":"accessible","label":"Yorckstraße 11","detail":"1 Platz · während der Öffnungszeiten des Bezirksamtes"},"geometry":{"type":"Point","coordinates":[13.38543921,52.4939397]}},{"type":"Feature","properties":{"kind":"accessible","label":"Zossener Straße 24","detail":"1 Platz · Durchgehend"},"geometry":{"type":"Point","coordinates":[13.39382743,52.489724]}},{"type":"Feature","properties":{"kind":"accessible","label":"An der Industriebahn / Pasedagplatz","detail":"2 Plätze · Mo-Fr 8-20 Sa 8-16"},"geometry":{"type":"Point","coordinates":[13.46093244,52.560381]}},{"type":"Feature","properties":{"kind":"accessible","label":"Achillesstr. 53","detail":"1 Platz · Mo-Fr 10-20 Sa 16"},"geometry":{"type":"Point","coordinates":[13.48708471,52.61884487]}},{"type":"Feature","properties":{"kind":"accessible","label":"Achillesstr. 62","detail":"2 Plätze · ohne"},"geometry":{"type":"Point","coordinates":[13.48909025,52.6171572]}},{"type":"Feature","properties":{"kind":"accessible","label":"Albertinenstr.  1","detail":"1 Platz · 7:30-19:00 h"},"geometry":{"type":"Point","coordinates":[13.45892938,52.55050725]}},{"type":"Feature","properties":{"kind":"accessible","label":"Arkonastr. 60","detail":"1 Platz · Mo-Fr 9-13 h, Do 15-18 h"},"geometry":{"type":"Point","coordinates":[13.41516852,52.56606945]}},{"type":"Feature","properties":{"kind":"accessible","label":"Arnouxstr. 10","detail":"1 Platz · Mo-Fr 10-18 h"},"geometry":{"type":"Point","coordinates":[13.42555183,52.60696666]}},{"type":"Feature","properties":{"kind":"accessible","label":"Bahnhofstr. 61","detail":"1 Platz · Mo-Fr 9-18 h"},"geometry":{"type":"Point","coordinates":[13.4705404,52.61386911]}},{"type":"Feature","properties":{"kind":"accessible","label":"Berliner Allee 71-72","detail":"1 Platz · Mo - Fr 8 - 18 h, Sa 9 - 14 h"},"geometry":{"type":"Point","coordinates":[13.45498838,52.54927702]}},{"type":"Feature","properties":{"kind":"accessible","label":"Berliner Allee 251-255","detail":"2 Plätze · Mo - Fr 8 - 15 h"},"geometry":{"type":"Point","coordinates":[13.46715056,52.5603041]}},{"type":"Feature","properties":{"kind":"accessible","label":"Berliner Str. 8","detail":"1 Platz · Mo-Fr 8-18 h"},"geometry":{"type":"Point","coordinates":[13.41133711,52.56918369]}},{"type":"Feature","properties":{"kind":"accessible","label":"Bizetstr. 27","detail":"1 Platz · ohne"},"geometry":{"type":"Point","coordinates":[13.45216115,52.5474709]}},{"type":"Feature","properties":{"kind":"accessible","label":"Bizetstr. 41","detail":"2 Plätze · Mo-Fr 8 -22 h"},"geometry":{"type":"Point","coordinates":[13.45286872,52.54764881]}},{"type":"Feature","properties":{"kind":"accessible","label":"Bizetstr. 53-55","detail":"2 Plätze · ohne"},"geometry":{"type":"Point","coordinates":[13.45452145,52.54798629]}},{"type":"Feature","properties":{"kind":"accessible","label":"Blankenburger Chaussee ggü. 93","detail":"3 Plätze · ohne"},"geometry":{"type":"Point","coordinates":[13.4805475,52.60899193]}},{"type":"Feature","properties":{"kind":"accessible","label":"Blankenburger Chaussee / Straße 43","detail":"2 Plätze · ohne"},"geometry":{"type":"Point","coordinates":[13.47628941,52.60519761]}},{"type":"Feature","properties":{"kind":"accessible","label":"Blankenfelder Str.  36","detail":"1 Platz · ohne"},"geometry":{"type":"Point","coordinates":[13.42491358,52.60397056]}},{"type":"Feature","properties":{"kind":"accessible","label":"Blankenfelder Str.  50","detail":"1 Platz · Mo-Fr 8-20 h"},"geometry":{"type":"Point","coordinates":[13.42295401,52.60490556]}},{"type":"Feature","properties":{"kind":"accessible","label":"Börnestr. 30","detail":"1 Platz · Mo-Sa 7-16 h"},"geometry":{"type":"Point","coordinates":[13.44880329,52.55005201]}},{"type":"Feature","properties":{"kind":"accessible","label":"Bötzowstr. 1 - 5","detail":"1 Platz · täglich 13-1 h"},"geometry":{"type":"Point","coordinates":[13.43063395,52.5290573]}},{"type":"Feature","properties":{"kind":"accessible","label":"Bötzowstr. 22","detail":"1 Platz · Mo-Fr 9-18.30 h"},"geometry":{"type":"Point","coordinates":[13.43315968,52.53086159]}},{"type":"Feature","properties":{"kind":"accessible","label":"Bötzowstr. 24","detail":"1 Platz · mo-Fr 9-18h"},"geometry":{"type":"Point","coordinates":[13.43338926,52.53102482]}},{"type":"Feature","properties":{"kind":"accessible","label":"Breite Str. 46/47","detail":"1 Platz · Werktags"},"geometry":{"type":"Point","coordinates":[13.41379288,52.57191936]}},{"type":"Feature","properties":{"kind":"accessible","label":"Brennerstr. 92","detail":"2 Plätze · Mo-Fr 8-19 h"},"geometry":{"type":"Point","coordinates":[13.41270247,52.5587651]}},{"type":"Feature","properties":{"kind":"accessible","label":"Bruno-Apitz-Str.","detail":"1 Platz · Mo-Fr 8-18 h,Sa 8-14 h"},"geometry":{"type":"Point","coordinates":[13.49449594,52.62769092]}},{"type":"Feature","properties":{"kind":"accessible","label":"Buchholzer Str.  22 A","detail":"1 Platz · ohne"},"geometry":{"type":"Point","coordinates":[13.41622548,52.54493466]}},{"type":"Feature","properties":{"kind":"accessible","label":"Bühringstr.  20","detail":"1 Platz · Mo-Fr 6-19 h"},"geometry":{"type":"Point","coordinates":[13.43923048,52.55788177]}},{"type":"Feature","properties":{"kind":"accessible","label":"Busonistr.  143","detail":"1 Platz · ohne"},"geometry":{"type":"Point","coordinates":[13.48653252,52.62265311]}},{"type":"Feature","properties":{"kind":"accessible","label":"Cantianstr. ggü. 7-8","detail":"1 Platz · Di,Do 8-18 h"},"geometry":{"type":"Point","coordinates":[13.41109763,52.54423031]}},{"type":"Feature","properties":{"kind":"accessible","label":"Cantianstr. 8 bis 9","detail":"1 Platz · ohne"},"geometry":{"type":"Point","coordinates":[13.41110628,52.54443363]}},{"type":"Feature","properties":{"kind":"accessible","label":"Cantianstr. 9","detail":"1 Platz · ohne"},"geometry":{"type":"Point","coordinates":[13.41104515,52.54457587]}},{"type":"Feature","properties":{"kind":"accessible","label":"Charlottenburger Str. 140","detail":"1 Platz · Mo-Fr 8-18 h Sa. 9-13 h"},"geometry":{"type":"Point","coordinates":[13.4524871,52.55023121]}},{"type":"Feature","properties":{"kind":"accessible","label":"Christburger Str. 7","detail":"1 Platz · Mo-Fr 7-15 h"},"geometry":{"type":"Point","coordinates":[13.42558779,52.53624114]}},{"type":"Feature","properties":{"kind":"accessible","label":"Christburger Str. 23","detail":"1 Platz · Mo-Fr 9-18 h"},"geometry":{"type":"Point","coordinates":[13.43040587,52.53466856]}},{"type":"Feature","properties":{"kind":"accessible","label":"Christburger Str. 50","detail":"1 Platz · Mo-Fr 7-19 h, Sa 8-12 h"},"geometry":{"type":"Point","coordinates":[13.42357565,52.53702517]}},{"type":"Feature","properties":{"kind":"accessible","label":"Chrysanthemenstr. 3","detail":"1 Platz · Mo-Fr 8-20 h"},"geometry":{"type":"Point","coordinates":[13.4603831,52.53078206]}},{"type":"Feature","properties":{"kind":"accessible","label":"Cottastr./Leonard-F.","detail":"1 Platz · 7-18 h"},"geometry":{"type":"Point","coordinates":[13.39123024,52.57100957]}},{"type":"Feature","properties":{"kind":"accessible","label":"Danziger Str. 64","detail":"1 Platz · Mo-Fr 8-19 h"},"geometry":{"type":"Point","coordinates":[13.42248145,52.53928486]}},{"type":"Feature","properties":{"kind":"accessible","label":"Darßer Str. 203","detail":"3 Plätze · ohne"},"geometry":{"type":"Point","coordinates":[13.46799199,52.56671946]}},{"type":"Feature","properties":{"kind":"accessible","label":"Driesener Str.  9","detail":"2 Plätze · Mo-Fr 9-18"},"geometry":{"type":"Point","coordinates":[13.40594258,52.55212313]}},{"type":"Feature","properties":{"kind":"accessible","label":"Dunckerstr. 77","detail":"1 Platz · Mo-Fr 8-20 h"},"geometry":{"type":"Point","coordinates":[13.42163414,52.54358749]}},{"type":"Feature","properties":{"kind":"accessible","label":"Eberswalder Str. 2","detail":"1 Platz · Mo-Fr 7-18 h"},"geometry":{"type":"Point","coordinates":[13.40532555,52.54070717]}},{"type":"Feature","properties":{"kind":"accessible","label":"Eberswalder Str. 17 / 18","detail":"1 Platz · ohne"},"geometry":{"type":"Point","coordinates":[13.40952141,52.54117465]}},{"type":"Feature","properties":{"kind":"accessible","label":"Eintrachtstr. Ecke Wolfshagener","detail":"1 Platz · Mo-Fr 9-19"},"geometry":{"type":"Point","coordinates":[13.40988,52.57238892]}},{"type":"Feature","properties":{"kind":"accessible","label":"Ernst-Busch-Str.  27 / 29","detail":"3 Plätze · 8-22 h"},"geometry":{"type":"Point","coordinates":[13.49042943,52.6288252]}},{"type":"Feature","properties":{"kind":"accessible","label":"Esmarchstr.  2","detail":"1 Platz · Mo-Fr 9-19"},"geometry":{"type":"Point","coordinates":[13.43096843,52.53151701]}},{"type":"Feature","properties":{"kind":"accessible","label":"Esplanade 15","detail":"2 Plätze · Mo-Fr. 8-17 h"},"geometry":{"type":"Point","coordinates":[13.41072115,52.55761379]}},{"type":"Feature","properties":{"kind":"accessible","label":"Franz-Schmidt-Str. 8-10","detail":"2 Plätze · 8-22 h"},"geometry":{"type":"Point","coordinates":[13.49560779,52.63286823]}},{"type":"Feature","properties":{"kind":"accessible","label":"Fröbelstr. 17","detail":"3 Plätze · Mo-Fr 9-18 h"},"geometry":{"type":"Point","coordinates":[13.42715145,52.5404032]}},{"type":"Feature","properties":{"kind":"accessible","label":"Gethsemanestr. 5","detail":"1 Platz · Mo-Fr 9-18 h"},"geometry":{"type":"Point","coordinates":[13.41739682,52.54795651]}},{"type":"Feature","properties":{"kind":"accessible","label":"Gleimstr. 31","detail":"1 Platz · Mo-Fr 8-20 h"},"geometry":{"type":"Point","coordinates":[13.41212973,52.54764561]}},{"type":"Feature","properties":{"kind":"accessible","label":"Gleimstr. 47 - 49","detail":"1 Platz · Mo-Fr 6-16 h"},"geometry":{"type":"Point","coordinates":[13.40643546,52.54711071]}},{"type":"Feature","properties":{"kind":"accessible","label":"Greifenhagener Str. 33","detail":"1 Platz · Mo-Fr 8-18h"},"geometry":{"type":"Point","coordinates":[13.41958231,52.55258476]}},{"type":"Feature","properties":{"kind":"accessible","label":"Greifswalder Str. 3","detail":"1 Platz · Mo-Fr 7-24 h"},"geometry":{"type":"Point","coordinates":[13.42469701,52.5287385]}},{"type":"Feature","properties":{"kind":"accessible","label":"Greifswalder Str. 5","detail":"1 Platz · Mo-Fr 9-19 h"},"geometry":{"type":"Point","coordinates":[13.42516394,52.52906838]}},{"type":"Feature","properties":{"kind":"accessible","label":"Greifswalder Str. 25","detail":"1 Platz · Mo-Fr 8-21 h"},"geometry":{"type":"Point","coordinates":[13.42804892,52.53160806]}},{"type":"Feature","properties":{"kind":"accessible","label":"Greifswalder Str. 207","detail":"1 Platz · Mo-Fr 7-20 h"},"geometry":{"type":"Point","coordinates":[13.42866708,52.53270165]}},{"type":"Feature","properties":{"kind":"accessible","label":"Groscurthstr. 3","detail":"2 Plätze · Mo – Fr 9 – 18 h, Sa 9 – 14 h"},"geometry":{"type":"Point","coordinates":[13.495918,52.63398599]}},{"type":"Feature","properties":{"kind":"accessible","label":"Grunowstr. 11","detail":"2 Plätze · Mo – Fr 7 – 18 h"},"geometry":{"type":"Point","coordinates":[13.40974848,52.56725424]}},{"type":"Feature","properties":{"kind":"accessible","label":"Gustav-Adolf-Str.  130","detail":"2 Plätze · ohne"},"geometry":{"type":"Point","coordinates":[13.44236806,52.55701213]}},{"type":"Feature","properties":{"kind":"accessible","label":"Gustav-Adolf-Str. 66","detail":"7 Plätze · ohne"},"geometry":{"type":"Point","coordinates":[13.44948108,52.55920234]}},{"type":"Feature","properties":{"kind":"accessible","label":"Hans-Otto-Str.  11","detail":"4 Plätze · ohne"},"geometry":{"type":"Point","coordinates":[13.43536166,52.53066252]}},{"type":"Feature","properties":{"kind":"accessible","label":"Hanns-Eisler-Str.  2","detail":"1 Platz · Mo-Sa"},"geometry":{"type":"Point","coordinates":[13.44350022,52.54282746]}},{"type":"Feature","properties":{"kind":"accessible","label":"Hadlichstr. 37","detail":"2 Plätze · ohne"},"geometry":{"type":"Point","coordinates":[13.4150425,52.56964764]}},{"type":"Feature","properties":{"kind":"accessible","label":"Hedwigsstr. 4","detail":"1 Platz · ohne"},"geometry":{"type":"Point","coordinates":[13.44882925,52.55431917]}},{"type":"Feature","properties":{"kind":"accessible","label":"Heinrich-Roller-Str.  27","detail":"2 Plätze · Mo-Fr 8-17 h"},"geometry":{"type":"Point","coordinates":[13.42079511,52.53144461]}},{"type":"Feature","properties":{"kind":"accessible","label":"Herbert-Baum-Str. 2","detail":"1 Platz · Mo-Fr. 8-18 h"},"geometry":{"type":"Point","coordinates":[13.45574849,52.54901655]}},{"type":"Feature","properties":{"kind":"accessible","label":"Hermann-Blankenstein-Str.  32","detail":"2 Plätze · ohne"},"geometry":{"type":"Point","coordinates":[13.4601033,52.52468099]}},{"type":"Feature","properties":{"kind":"accessible","label":"Hermann-Hesse-Str.  32","detail":"1 Platz · Mo-Fr, Sa"},"geometry":{"type":"Point","coordinates":[13.39695147,52.57914787]}},{"type":"Feature","properties":{"kind":"accessible","label":"Herthaplatz 9","detail":"1 Platz · Mo-Fr 8-20 h"},"geometry":{"type":"Point","coordinates":[13.40861048,52.58497742]}},{"type":"Feature","properties":{"kind":"accessible","label":"Herthastr. 1","detail":"1 Platz · Mo-Fr 10-18 h"},"geometry":{"type":"Point","coordinates":[13.42953518,52.5529114]}},{"type":"Feature","properties":{"kind":"accessible","label":"Immanuelkirchstr. 6","detail":"2 Plätze · Mo-Fr 8-20 h, Sa 14-17 h"},"geometry":{"type":"Point","coordinates":[13.42338829,52.53272479]}},{"type":"Feature","properties":{"kind":"accessible","label":"Käthe-Niederkirchner-Str. 12","detail":"1 Platz · Mo-Fr 8-18 h"},"geometry":{"type":"Point","coordinates":[13.4311938,52.53071359]}},{"type":"Feature","properties":{"kind":"accessible","label":"Karower Chaussee  135","detail":"1 Platz · ohne"},"geometry":{"type":"Point","coordinates":[13.494944,52.6238835]}},{"type":"Feature","properties":{"kind":"accessible","label":"Kastanienallee 7-9","detail":"1 Platz · täglich 18 - 24 h"},"geometry":{"type":"Point","coordinates":[13.41083306,52.53973837]}},{"type":"Feature","properties":{"kind":"accessible","label":"Knaackstr. 96-98","detail":"2 Plätze · Mo-Sa 9-18.30 h"},"geometry":{"type":"Point","coordinates":[13.41455639,52.54007697]}},{"type":"Feature","properties":{"kind":"accessible","label":"Kollwitzstr.  50","detail":"1 Platz · ohne"},"geometry":{"type":"Point","coordinates":[13.41623537,52.53459641]}},{"type":"Feature","properties":{"kind":"accessible","label":"Kollwitzstr.  89","detail":"1 Platz · Mo-Do 8-22, Fr 8-18"},"geometry":{"type":"Point","coordinates":[13.42031324,52.53844137]}},{"type":"Feature","properties":{"kind":"accessible","label":"Kollwitzstr.  94","detail":"1 Platz · ohne"},"geometry":{"type":"Point","coordinates":[13.42085062,52.53874248]}},{"type":"Feature","properties":{"kind":"accessible","label":"Kolmarer Str./Mühlhauser Str.","detail":"2 Plätze · 10-22 h"},"geometry":{"type":"Point","coordinates":[13.41883822,52.53333647]}},{"type":"Feature","properties":{"kind":"accessible","label":"Kopenhagener Str. 1","detail":"2 Plätze · Mo - Fr 7 - 20 h, Sa 7 - 18 h"},"geometry":{"type":"Point","coordinates":[13.41316797,52.54874741]}},{"type":"Feature","properties":{"kind":"accessible","label":"Kuglerstr. 1","detail":"1 Platz · Mo-Fr 9-18 h"},"geometry":{"type":"Point","coordinates":[13.41498223,52.55282242]}},{"type":"Feature","properties":{"kind":"accessible","label":"Langhansstr. 110","detail":"1 Platz · Mo-Fr 8-20 h"},"geometry":{"type":"Point","coordinates":[13.43888128,52.55225248]}},{"type":"Feature","properties":{"kind":"accessible","label":"Liebermannstr. 45","detail":"2 Plätze · Mo-Fr 8-17 h"},"geometry":{"type":"Point","coordinates":[13.46792102,52.55993552]}},{"type":"Feature","properties":{"kind":"accessible","label":"Lilli-Henoch-Str.","detail":"2 Plätze · Mo-Fr 7-21h,Sa 8-17h, So 8-13h"},"geometry":{"type":"Point","coordinates":[13.4339655,52.54055084]}},{"type":"Feature","properties":{"kind":"accessible","label":"Lohmestr. 57","detail":"1 Platz · Mo-Fr 9-13 h , Do 15-18h"},"geometry":{"type":"Point","coordinates":[13.41625453,52.56636491]}},{"type":"Feature","properties":{"kind":"accessible","label":"Lychener Str. 74","detail":"1 Platz · Mo-Fr 9-18 h"},"geometry":{"type":"Point","coordinates":[13.42046768,52.54622263]}},{"type":"Feature","properties":{"kind":"accessible","label":"Majakowskiring  43","detail":"1 Platz · ohne"},"geometry":{"type":"Point","coordinates":[13.40004183,52.57471947]}},{"type":"Feature","properties":{"kind":"accessible","label":"Mandelstr.  6-8","detail":"1 Platz · Mo-Fr 7-16 h"},"geometry":{"type":"Point","coordinates":[13.44123918,52.54574986]}},{"type":"Feature","properties":{"kind":"accessible","label":"Max-Lingner-Str. 2","detail":"1 Platz · 8-18 h"},"geometry":{"type":"Point","coordinates":[13.4162613,52.55998745]}},{"type":"Feature","properties":{"kind":"accessible","label":"Max-Steinke-Str. 3","detail":"1 Platz · Mo - Fr 9- 20 h"},"geometry":{"type":"Point","coordinates":[13.45107758,52.54897078]}},{"type":"Feature","properties":{"kind":"accessible","label":"Meyerbeerstr. 96","detail":"1 Platz · Mo-Fr 6-18"},"geometry":{"type":"Point","coordinates":[13.46209254,52.54859829]}},{"type":"Feature","properties":{"kind":"accessible","label":"Mühlenstr.  66","detail":"1 Platz · Mo-Fr 9-15 h"},"geometry":{"type":"Point","coordinates":[13.40806487,52.56394934]}},{"type":"Feature","properties":{"kind":"accessible","label":"Neumagener Str. ggü. 19","detail":"1 Platz · ohne"},"geometry":{"type":"Point","coordinates":[13.47166662,52.55892895]}},{"type":"Feature","properties":{"kind":"accessible","label":"Oderberger Str. 34","detail":"2 Plätze · mo - Fr 7 - 18 h"},"geometry":{"type":"Point","coordinates":[13.40527359,52.54017722]}},{"type":"Feature","properties":{"kind":"accessible","label":"Ossietzkystr. vor Breite Str. 3","detail":"1 Platz · ohne"},"geometry":{"type":"Point","coordinates":[13.4087556,52.57130644]}},{"type":"Feature","properties":{"kind":"accessible","label":"Pankower Str. 1","detail":"1 Platz · Mo-Fr 8-18 h, Sa 8-12 h"},"geometry":{"type":"Point","coordinates":[13.42868887,52.58505177]}},{"type":"Feature","properties":{"kind":"accessible","label":"Pasteurstr./Esmarchstr.","detail":"2 Plätze · Mo-Fr 7-19 h"},"geometry":{"type":"Point","coordinates":[13.43341647,52.53346202]}},{"type":"Feature","properties":{"kind":"accessible","label":"Paul-Heyse-Str. 26","detail":"8 Plätze · ohne"},"geometry":{"type":"Point","coordinates":[13.45391895,52.52959511]}},{"type":"Feature","properties":{"kind":"accessible","label":"Pestalozzistr.  30","detail":"1 Platz · ohne"},"geometry":{"type":"Point","coordinates":[13.40599602,52.57259111]}},{"type":"Feature","properties":{"kind":"accessible","label":"Pistoriusstr. 26","detail":"1 Platz · ohne"},"geometry":{"type":"Point","coordinates":[13.45064895,52.55246703]}},{"type":"Feature","properties":{"kind":"accessible","label":"Prenzlauer Allee 35","detail":"1 Platz · ohne"},"geometry":{"type":"Point","coordinates":[13.421749,52.53460044]}},{"type":"Feature","properties":{"kind":"accessible","label":"Prenzlauer Allee 90","detail":"4 Plätze · ohne"},"geometry":{"type":"Point","coordinates":[13.42887728,52.54623574]}},{"type":"Feature","properties":{"kind":"accessible","label":"Prenzlauer Allee 146","detail":"1 Platz · Mo- Fr 7 - 18 h"},"geometry":{"type":"Point","coordinates":[13.42885083,52.54868277]}},{"type":"Feature","properties":{"kind":"accessible","label":"Prenzlauer Berg 17","detail":"1 Platz · ohne"},"geometry":{"type":"Point","coordinates":[13.42247064,52.52843562]}},{"type":"Feature","properties":{"kind":"accessible","label":"Rolandstr.  18/19","detail":"1 Platz · Mo-Fr 7-17 h"},"geometry":{"type":"Point","coordinates":[13.41104217,52.580674]}},{"type":"Feature","properties":{"kind":"accessible","label":"Rykestr.  25","detail":"1 Platz · Mo-Fr 8-19 h"},"geometry":{"type":"Point","coordinates":[13.42225313,52.53851279]}},{"type":"Feature","properties":{"kind":"accessible","label":"S-Bahnhof Buch 2","detail":"2 Plätze · ohne"},"geometry":{"type":"Point","coordinates":[13.49191181,52.63646874]}},{"type":"Feature","properties":{"kind":"accessible","label":"Schliemannstr. 14","detail":"1 Platz · ohne"},"geometry":{"type":"Point","coordinates":[13.41941301,52.54334047]}},{"type":"Feature","properties":{"kind":"accessible","label":"Schönfließer Str.  18","detail":"1 Platz · Mo-Fr 7-17 h"},"geometry":{"type":"Point","coordinates":[13.40810747,52.55129951]}},{"type":"Feature","properties":{"kind":"accessible","label":"Schönhauser Allee  10","detail":"1 Platz · Mo-Fr. 8-18h"},"geometry":{"type":"Point","coordinates":[13.41141455,52.5306287]}},{"type":"Feature","properties":{"kind":"accessible","label":"Schönhauser Allee  175","detail":"2 Plätze · Werktags 7-17h"},"geometry":{"type":"Point","coordinates":[13.41220993,52.53203551]}},{"type":"Feature","properties":{"kind":"accessible","label":"Schönstr. 80","detail":"6 Plätze · ohne"},"geometry":{"type":"Point","coordinates":[13.45250856,52.55502813]}},{"type":"Feature","properties":{"kind":"accessible","label":"Schönstr. 90","detail":"2 Plätze · ohne"},"geometry":{"type":"Point","coordinates":[13.45077562,52.553828]}},{"type":"Feature","properties":{"kind":"accessible","label":"Senefelder Str. 4","detail":"1 Platz · ohne"},"geometry":{"type":"Point","coordinates":[13.4223271,52.54047665]}},{"type":"Feature","properties":{"kind":"accessible","label":"Seelower Str.  6","detail":"1 Platz · Mo,Mi,Fr 6-19 Do;´Do,Sa 6-13 h"},"geometry":{"type":"Point","coordinates":[13.41057462,52.55150992]}},{"type":"Feature","properties":{"kind":"accessible","label":"Smetanastr. 3","detail":"1 Platz · Mo - Fr 9 - 17 h"},"geometry":{"type":"Point","coordinates":[13.45868754,52.54956728]}},{"type":"Feature","properties":{"kind":"accessible","label":"Str. 72/Alt-Karow","detail":"3 Plätze · ohne"},"geometry":{"type":"Point","coordinates":[13.48344381,52.61188562]}},{"type":"Feature","properties":{"kind":"accessible","label":"Storkower Str. 97","detail":"2 Plätze · Mo- Fr 8 - 18 h"},"geometry":{"type":"Point","coordinates":[13.45094186,52.53672828]}},{"type":"Feature","properties":{"kind":"accessible","label":"Storkower Str. 99","detail":"1 Platz · Mo, Di, Mi, Fr 7-13 h, Do 7-18 h"},"geometry":{"type":"Point","coordinates":[13.45110555,52.53708037]}},{"type":"Feature","properties":{"kind":"accessible","label":"Storkower Str. 101","detail":"1 Platz · ohne"},"geometry":{"type":"Point","coordinates":[13.45184587,52.53721632]}},{"type":"Feature","properties":{"kind":"accessible","label":"Storkower Str. 101","detail":"1 Platz · ohne"},"geometry":{"type":"Point","coordinates":[13.45194069,52.53711615]}},{"type":"Feature","properties":{"kind":"accessible","label":"Storkower Str. 120","detail":"3 Plätze · Mo, Di, Mi, Fr 7-13 h, Do 7-18 h"},"geometry":{"type":"Point","coordinates":[13.4518575,52.53468602]}},{"type":"Feature","properties":{"kind":"accessible","label":"Storkower Str. 128","detail":"1 Platz · ohne"},"geometry":{"type":"Point","coordinates":[13.45220811,52.53355378]}},{"type":"Feature","properties":{"kind":"accessible","label":"Storkower Str. 133","detail":"2 Plätze · ohne"},"geometry":{"type":"Point","coordinates":[13.45500917,52.53432557]}},{"type":"Feature","properties":{"kind":"accessible","label":"Storkower Str. ggü. 134","detail":"2 Plätze · Mo-Fr 8-17 h"},"geometry":{"type":"Point","coordinates":[13.45258422,52.53241164]}},{"type":"Feature","properties":{"kind":"accessible","label":"Storkower Str. 139 c","detail":"1 Platz · ohne"},"geometry":{"type":"Point","coordinates":[13.45419472,52.53319822]}},{"type":"Feature","properties":{"kind":"accessible","label":"Thaerstraße  30A","detail":"1 Platz · ohne"},"geometry":{"type":"Point","coordinates":[13.45705175,52.52416919]}},{"type":"Feature","properties":{"kind":"accessible","label":"Thomas-Mann-Str. 2","detail":"2 Plätze · Mo-Fr 7-21 h, Sa 8-17 h, So 8-13 h"},"geometry":{"type":"Point","coordinates":[13.44262355,52.54278161]}},{"type":"Feature","properties":{"kind":"accessible","label":"Thomas-Mann-Str.","detail":"2 Plätze · Mo-Fr 7-21 h, Sa 8-17 h, So 8-13 h"},"geometry":{"type":"Point","coordinates":[13.44670798,52.5421371]}},{"type":"Feature","properties":{"kind":"accessible","label":"Trarbacher Str. 23","detail":"2 Plätze · ohne"},"geometry":{"type":"Point","coordinates":[13.46824181,52.55721208]}},{"type":"Feature","properties":{"kind":"accessible","label":"Treskowstr./Tino-Schwierzina-Str.","detail":"1 Platz · Mo-Fr 8-18 h"},"geometry":{"type":"Point","coordinates":[13.43359633,52.56032349]}},{"type":"Feature","properties":{"kind":"accessible","label":"Uhlandstr.  7","detail":"1 Platz · Mo-Fr. 8-18"},"geometry":{"type":"Point","coordinates":[13.39955201,52.58713592]}},{"type":"Feature","properties":{"kind":"accessible","label":"Wackenbergstr.  35","detail":"1 Platz · Mo-Fr 6-20 h"},"geometry":{"type":"Point","coordinates":[13.41055793,52.58502906]}},{"type":"Feature","properties":{"kind":"accessible","label":"Walter-Friedrich-Str. 3","detail":"2 Plätze · Mo – Fr 8 – 19 h, Sa 8 – 13 h"},"geometry":{"type":"Point","coordinates":[13.49564781,52.63396591]}},{"type":"Feature","properties":{"kind":"accessible","label":"Wichertstr. 15","detail":"1 Platz · Mo - Fr 6 - 18 h"},"geometry":{"type":"Point","coordinates":[13.41932516,52.54910128]}},{"type":"Feature","properties":{"kind":"accessible","label":"Wichertstr. 70","detail":"2 Plätze · Mo-Fr 9-19 h, Sa 9-16 h"},"geometry":{"type":"Point","coordinates":[13.41551253,52.5503558]}},{"type":"Feature","properties":{"kind":"accessible","label":"Wilhelm-Kuhr-Str.  2","detail":"2 Plätze · Mo-Fr 8-18, Sa 8-14"},"geometry":{"type":"Point","coordinates":[13.40011256,52.56927307]}},{"type":"Feature","properties":{"kind":"accessible","label":"Wilhelm-Wolff-Str. 38","detail":"2 Plätze · ohne"},"geometry":{"type":"Point","coordinates":[13.39302815,52.58028535]}},{"type":"Feature","properties":{"kind":"accessible","label":"Wolfgang-Heinz-Str. ggü. Nr. 42","detail":"3 Plätze · 7-22 h"},"geometry":{"type":"Point","coordinates":[13.49286235,52.62894343]}},{"type":"Feature","properties":{"kind":"accessible","label":"Wolfshagener Str./Eintrachtstr.","detail":"1 Platz · ohne"},"geometry":{"type":"Point","coordinates":[13.40997965,52.5724816]}},{"type":"Feature","properties":{"kind":"accessible","label":"Winsstraße 32","detail":"1 Platz · ohne"},"geometry":{"type":"Point","coordinates":[13.42785364,52.5365208]}},{"type":"Feature","properties":{"kind":"accessible","label":"Woelckpromenade  1","detail":"1 Platz · ohne"},"geometry":{"type":"Point","coordinates":[13.4530729,52.55200254]}},{"type":"Feature","properties":{"kind":"accessible","label":"Straße des 17. Juni","detail":"2 Plätze · TU Berlin"},"geometry":{"type":"Point","coordinates":[13.32639349,52.51318547]}},{"type":"Feature","properties":{"kind":"accessible","label":"Alt-Lietzow 28","detail":"2 Plätze · Standesamt Charlottenburg-Wilmersdorf"},"geometry":{"type":"Point","coordinates":[13.3109918,52.51749333]}},{"type":"Feature","properties":{"kind":"accessible","label":"Bismarckstraße 79","detail":"1 Platz · Arztpraxis Dr. Fleig"},"geometry":{"type":"Point","coordinates":[13.30443689,52.51131588]}},{"type":"Feature","properties":{"kind":"accessible","label":"Kaiserdamm 1","detail":"1 Platz · Polizeiabschnitt 24"},"geometry":{"type":"Point","coordinates":[13.29581771,52.51101776]}},{"type":"Feature","properties":{"kind":"accessible","label":"Mierendorffstraße 7-9","detail":"3 Plätze · BA Charlottenburg"},"geometry":{"type":"Point","coordinates":[13.30110454,52.5228022]}},{"type":"Feature","properties":{"kind":"accessible","label":"Kamminer Straße/ Tegler Weg","detail":"4 Plätze · Ärztehaus Tegeler Weg 4"},"geometry":{"type":"Point","coordinates":[13.2993595,52.52433166]}},{"type":"Feature","properties":{"kind":"accessible","label":"Richard-Wagner-Straße 10","detail":"3 Plätze · Deutsche Oper"},"geometry":{"type":"Point","coordinates":[13.30772926,52.51205614]}},{"type":"Feature","properties":{"kind":"accessible","label":"Kaiserin-Augusta-Allee 85","detail":"1 Platz · Praxis Dr. Heidrun Bieda"},"geometry":{"type":"Point","coordinates":[13.30824908,52.52564989]}},{"type":"Feature","properties":{"kind":"accessible","label":"Otto-Suhr-Allee 100","detail":"2 Plätze · BA Charlottenburg"},"geometry":{"type":"Point","coordinates":[13.30822874,52.51700788]}},{"type":"Feature","properties":{"kind":"accessible","label":"Wintersteinstraße 16","detail":"1 Platz · Massagepraxis"},"geometry":{"type":"Point","coordinates":[13.30652833,52.51903962]}},{"type":"Feature","properties":{"kind":"accessible","label":"Nordhauser Straße 22","detail":"1 Platz · Hochschule der Künste"},"geometry":{"type":"Point","coordinates":[13.30392072,52.52464394]}},{"type":"Feature","properties":{"kind":"accessible","label":"Kaiser-Friedrich-Straße 50A","detail":"2 Plätze · Lebenshilfe f. geistig Behinderte e.V."},"geometry":{"type":"Point","coordinates":[13.30229028,52.50642602]}},{"type":"Feature","properties":{"kind":"accessible","label":"Badensche Straße 28","detail":"1 Platz · Physio Team Jager"},"geometry":{"type":"Point","coordinates":[13.32712223,52.48644513]}},{"type":"Feature","properties":{"kind":"accessible","label":"Gierkezeile 48","detail":"1 Platz · 1. Interessengemeinschaft v. Geburt Behindert e.V."},"geometry":{"type":"Point","coordinates":[13.30228192,52.518515]}},{"type":"Feature","properties":{"kind":"accessible","label":"Sophie-Charlotten-Straße 23A","detail":"1 Platz · Firma HörBIZ"},"geometry":{"type":"Point","coordinates":[13.28691219,52.51757384]}},{"type":"Feature","properties":{"kind":"accessible","label":"Pestalozzistraße 79-80","detail":"2 Plätze · BA Charlottenburg"},"geometry":{"type":"Point","coordinates":[13.30749221,52.50785989]}},{"type":"Feature","properties":{"kind":"accessible","label":"Pestalozzistraße 39","detail":"1 Platz · Volkshochschule"},"geometry":{"type":"Point","coordinates":[13.30359809,52.5079714]}},{"type":"Feature","properties":{"kind":"accessible","label":"Fehrbelliner Platz 2","detail":"2 Plätze · Sen Inn"},"geometry":{"type":"Point","coordinates":[13.31544256,52.49030116]}},{"type":"Feature","properties":{"kind":"accessible","label":"Goethestraße 37-38","detail":"2 Plätze · Sen Inn"},"geometry":{"type":"Point","coordinates":[13.30704384,52.50892429]}},{"type":"Feature","properties":{"kind":"accessible","label":"Zillestraße 39","detail":"1 Platz · Arbeitsgemeinschaft für selbstbestimmtes Leben schwerstbehinderter Menschen"},"geometry":{"type":"Point","coordinates":[13.30969406,52.51352398]}},{"type":"Feature","properties":{"kind":"accessible","label":"Kuno-Fischer-Straße 26","detail":"1 Platz · Rollstuhl-Sport-Club Berlin e.V."},"geometry":{"type":"Point","coordinates":[13.28968285,52.50609047]}},{"type":"Feature","properties":{"kind":"accessible","label":"Seesener Straße 16","detail":"1 Platz · Krankengymnastikpraxis Wagner/Lembke"},"geometry":{"type":"Point","coordinates":[13.29598251,52.49308138]}},{"type":"Feature","properties":{"kind":"accessible","label":"Spandauer Damm 20","detail":"3 Plätze · Orangerie Schloß Charlottenburg"},"geometry":{"type":"Point","coordinates":[13.29513632,52.5196611]}},{"type":"Feature","properties":{"kind":"accessible","label":"Joachim-Friedrich-Straße 45","detail":"2 Plätze · Haus der Ärzte"},"geometry":{"type":"Point","coordinates":[13.29622048,52.4974143]}},{"type":"Feature","properties":{"kind":"accessible","label":"Hildegardstraße 31","detail":"2 Plätze · Stiftung Cancer Survivors Home"},"geometry":{"type":"Point","coordinates":[13.32865211,52.48169104]}},{"type":"Feature","properties":{"kind":"accessible","label":"Barstraße 42","detail":"1 Platz · BA Wilmersdorf"},"geometry":{"type":"Point","coordinates":[13.31374922,52.48451569]}},{"type":"Feature","properties":{"kind":"accessible","label":"Kurfürstendamm 152","detail":"1 Platz · Schaubühne Am Lehniner Platz"},"geometry":{"type":"Point","coordinates":[13.3017701,52.49876799]}},{"type":"Feature","properties":{"kind":"accessible","label":"Albrecht-Achilles-Straße 61","detail":"1 Platz · Wohlfahrtsverband SEKIS"},"geometry":{"type":"Point","coordinates":[13.30370209,52.49776899]}},{"type":"Feature","properties":{"kind":"accessible","label":"Hardenbergstraße 33","detail":"4 Plätze · TU und HdK"},"geometry":{"type":"Point","coordinates":[13.32781462,52.50870157]}},{"type":"Feature","properties":{"kind":"accessible","label":"Kurfürstendamm 12","detail":"2 Plätze · BA Charlottenburg-Wilmersdorf"},"geometry":{"type":"Point","coordinates":[13.33351985,52.50439127]}},{"type":"Feature","properties":{"kind":"accessible","label":"Rankestraße 5","detail":"1 Platz · BA Charlottenburg"},"geometry":{"type":"Point","coordinates":[13.3337166,52.50260413]}},{"type":"Feature","properties":{"kind":"accessible","label":"Lietzenburger Straße 62","detail":"1 Platz · Seniorendomizil"},"geometry":{"type":"Point","coordinates":[13.32804608,52.50036012]}},{"type":"Feature","properties":{"kind":"accessible","label":"Einsteinufer 43","detail":"2 Plätze · Universität der Künste"},"geometry":{"type":"Point","coordinates":[13.32265434,52.51744802]}},{"type":"Feature","properties":{"kind":"accessible","label":"Hardenbergplatz","detail":"4 Plätze · Zoo Löwentor"},"geometry":{"type":"Point","coordinates":[13.3344955,52.50788416]}},{"type":"Feature","properties":{"kind":"accessible","label":"Bismarckstraße 110","detail":"1 Platz · Schillertheater"},"geometry":{"type":"Point","coordinates":[13.31780065,52.51167249]}},{"type":"Feature","properties":{"kind":"accessible","label":"Fasanenstraße 78","detail":"3 Plätze · Jüdische Gemeinde (19-23 h)"},"geometry":{"type":"Point","coordinates":[13.32766655,52.50410023]}},{"type":"Feature","properties":{"kind":"accessible","label":"Meinekestraße 3","detail":"1 Platz · Orthopädie-Schuhmachermeister Paul Körting"},"geometry":{"type":"Point","coordinates":[13.32901239,52.50238268]}},{"type":"Feature","properties":{"kind":"accessible","label":"Savignyplatz","detail":"2 Plätze · BA Charlottenburg"},"geometry":{"type":"Point","coordinates":[13.32176296,52.50512337]}},{"type":"Feature","properties":{"kind":"accessible","label":"Carmerstraße 7","detail":"1 Platz · Ärztehaus"},"geometry":{"type":"Point","coordinates":[13.32372848,52.50695587]}},{"type":"Feature","properties":{"kind":"accessible","label":"Straße des 17. Juni","detail":"2 Plätze · Hochschule der Künste"},"geometry":{"type":"Point","coordinates":[13.32704252,52.51322669]}},{"type":"Feature","properties":{"kind":"accessible","label":"Forckenbeckstraße 20","detail":"1 Platz · Harald-Mellerowicz-Sporthalle"},"geometry":{"type":"Point","coordinates":[13.29941661,52.48075403]}},{"type":"Feature","properties":{"kind":"accessible","label":"Forckenbeckstraße 14","detail":"2 Plätze · Sport- und Freizeitpark"},"geometry":{"type":"Point","coordinates":[13.30411371,52.48003377]}},{"type":"Feature","properties":{"kind":"accessible","label":"Forckenbeckstraße 14","detail":"2 Plätze · Sport- und Freizeitpark"},"geometry":{"type":"Point","coordinates":[13.30370182,52.48010017]}},{"type":"Feature","properties":{"kind":"accessible","label":"Bundesallee 33-34A","detail":"2 Plätze · DRK"},"geometry":{"type":"Point","coordinates":[13.33074723,52.48971334]}},{"type":"Feature","properties":{"kind":"accessible","label":"Prinzregentenstraße 70","detail":"1 Platz · Blindenhaus/Seniorenheim"},"geometry":{"type":"Point","coordinates":[13.33324758,52.48485406]}},{"type":"Feature","properties":{"kind":"accessible","label":"Fasanenstraße 82","detail":"2 Plätze · Theater des Westens"},"geometry":{"type":"Point","coordinates":[13.32795329,52.50600811]}},{"type":"Feature","properties":{"kind":"accessible","label":"Meinekestraße 15","detail":"1 Platz · Pro Seniore"},"geometry":{"type":"Point","coordinates":[13.32919072,52.49966565]}},{"type":"Feature","properties":{"kind":"accessible","label":"Aachener Straße 16","detail":"1 Platz · DMSG"},"geometry":{"type":"Point","coordinates":[13.31881316,52.47935504]}},{"type":"Feature","properties":{"kind":"accessible","label":"Düsseldorfer Straße ggü. 30B","detail":"1 Platz · Bäckerei Schäfers"},"geometry":{"type":"Point","coordinates":[13.31187,52.49697968]}},{"type":"Feature","properties":{"kind":"accessible","label":"Lentzeallee 94","detail":"1 Platz · Max-Planck-Institut"},"geometry":{"type":"Point","coordinates":[13.30370162,52.46812311]}},{"type":"Feature","properties":{"kind":"accessible","label":"Blissestraße 13-15","detail":"2 Plätze · Orthopädie Fachgeschäft \"Dittmer\""},"geometry":{"type":"Point","coordinates":[13.32043997,52.48489914]}},{"type":"Feature","properties":{"kind":"accessible","label":"Blissestraße 30","detail":"1 Platz · Krankengymnastikpraxis Reuter"},"geometry":{"type":"Point","coordinates":[13.3202911,52.48254095]}},{"type":"Feature","properties":{"kind":"accessible","label":"Blissestraße 14","detail":"2 Plätze · Donnersmarck-Stiftung"},"geometry":{"type":"Point","coordinates":[13.32026434,52.48505295]}},{"type":"Feature","properties":{"kind":"accessible","label":"Brandenburgische Straße 80","detail":"3 Plätze · dpw-Wohlfahrtsverband e.V."},"geometry":{"type":"Point","coordinates":[13.31850613,52.48757489]}},{"type":"Feature","properties":{"kind":"accessible","label":"Bundesallee 39-40","detail":"1 Platz · Fortbildungsakademie der Wirtschaft"},"geometry":{"type":"Point","coordinates":[13.3307224,52.48780961]}},{"type":"Feature","properties":{"kind":"accessible","label":"Prinzregentenstraße 72","detail":"1 Platz · BA Wilmersdorf/Musikschule"},"geometry":{"type":"Point","coordinates":[13.33324012,52.48530094]}},{"type":"Feature","properties":{"kind":"accessible","label":"Prinzregentenstraße 24","detail":"1 Platz · Fa. Lebenswege"},"geometry":{"type":"Point","coordinates":[13.33307766,52.48644259]}},{"type":"Feature","properties":{"kind":"accessible","label":"Berliner Straße 81","detail":"1 Platz · Friedhof Wilmersdorf"},"geometry":{"type":"Point","coordinates":[13.31012946,52.48730038]}},{"type":"Feature","properties":{"kind":"accessible","label":"Württembergische Straße 6","detail":"1 Platz · SenBauWohn"},"geometry":{"type":"Point","coordinates":[13.31487692,52.49253231]}},{"type":"Feature","properties":{"kind":"accessible","label":"Trautenaustraße 5","detail":"2 Plätze · BA Wilmersdorf Volksschulhaus"},"geometry":{"type":"Point","coordinates":[13.330055,52.49319472]}},{"type":"Feature","properties":{"kind":"accessible","label":"Babelsberger Straße 8","detail":"1 Platz · Krankengymnastikpraxis Großklaus"},"geometry":{"type":"Point","coordinates":[13.3350856,52.48557633]}},{"type":"Feature","properties":{"kind":"accessible","label":"Babelsberger Straße 14-16","detail":"2 Plätze · FU Berlin"},"geometry":{"type":"Point","coordinates":[13.33512731,52.48430058]}},{"type":"Feature","properties":{"kind":"accessible","label":"Sächsische Straße 28","detail":"1 Platz · Versorgungsamt"},"geometry":{"type":"Point","coordinates":[13.31708002,52.49240876]}},{"type":"Feature","properties":{"kind":"accessible","label":"Fürstenbrunner Weg 51","detail":"2 Plätze · Luisenfriedhof III"},"geometry":{"type":"Point","coordinates":[13.27933433,52.52357064]}},{"type":"Feature","properties":{"kind":"accessible","label":"Theodor-Heuss-Platz","detail":"2 Plätze · BA Charlottenburg"},"geometry":{"type":"Point","coordinates":[13.27209921,52.51006705]}},{"type":"Feature","properties":{"kind":"accessible","label":"Epiphanienweg 1","detail":"2 Plätze · Berufsförderungswerkes"},"geometry":{"type":"Point","coordinates":[13.28382545,52.51314755]}},{"type":"Feature","properties":{"kind":"accessible","label":"Reichsstraße 83","detail":"2 Plätze · Einkaufspassage"},"geometry":{"type":"Point","coordinates":[13.26133489,52.51578144]}},{"type":"Feature","properties":{"kind":"accessible","label":"Kaiserdamm 24","detail":"1 Platz · Praxis Dr. Hartmut Rühl"},"geometry":{"type":"Point","coordinates":[13.28291681,52.5102121]}},{"type":"Feature","properties":{"kind":"accessible","label":"Kranzallee 36","detail":"2 Plätze · Spastikerhilfe Berlin e.V."},"geometry":{"type":"Point","coordinates":[13.23421633,52.50549843]}},{"type":"Feature","properties":{"kind":"accessible","label":"Olympischer Platz","detail":"3 Plätze · Messe Berlin GmbH"},"geometry":{"type":"Point","coordinates":[13.24422714,52.51545072]}},{"type":"Feature","properties":{"kind":"accessible","label":"Fredericiastraße 29","detail":"1 Platz · Krankengymnstikpraxis Drongowski"},"geometry":{"type":"Point","coordinates":[13.28260573,52.51101822]}},{"type":"Feature","properties":{"kind":"accessible","label":"Fredericiastraße 3","detail":"1 Platz · Krankengymnastikpraxis Lohrer-Rickenstorf"},"geometry":{"type":"Point","coordinates":[13.28404198,52.51119829]}},{"type":"Feature","properties":{"kind":"accessible","label":"Königin-Elisabeth-Straße 49","detail":"2 Plätze · Arbeitsamt III Berlin"},"geometry":{"type":"Point","coordinates":[13.28078546,52.51562749]}},{"type":"Feature","properties":{"kind":"accessible","label":"Soorstraße 60","detail":"1 Platz · Seniorenheim Isabel GmbH"},"geometry":{"type":"Point","coordinates":[13.27809153,52.50932388]}},{"type":"Feature","properties":{"kind":"accessible","label":"Heerstraße 12-14","detail":"1 Platz · BA Charlottenburg-Wilmersdorf"},"geometry":{"type":"Point","coordinates":[13.26803112,52.50929075]}},{"type":"Feature","properties":{"kind":"accessible","label":"Hammarskjöldplatz","detail":"4 Plätze · BA"},"geometry":{"type":"Point","coordinates":[13.27611981,52.50662665]}},{"type":"Feature","properties":{"kind":"accessible","label":"Hammarskjöldplatz","detail":"2 Plätze · BA"},"geometry":{"type":"Point","coordinates":[13.27518197,52.50716129]}},{"type":"Feature","properties":{"kind":"accessible","label":"Hammarskjöldplatz","detail":"2 Plätze · BA"},"geometry":{"type":"Point","coordinates":[13.27866218,52.50640755]}},{"type":"Feature","properties":{"kind":"accessible","label":"Hammarskjöldplatz","detail":"2 Plätze · BA"},"geometry":{"type":"Point","coordinates":[13.27528183,52.50730885]}},{"type":"Feature","properties":{"kind":"accessible","label":"Am Volkspark 53","detail":"2 Plätze · keine Angabe"},"geometry":{"type":"Point","coordinates":[13.32592304,52.48284801]}},{"type":"Feature","properties":{"kind":"accessible","label":"Augsburger Straße 21","detail":"1 Platz · Orthopädie Fachgeschäft"},"geometry":{"type":"Point","coordinates":[13.33607433,52.50114644]}},{"type":"Feature","properties":{"kind":"accessible","label":"Brienner Straße 16","detail":"3 Plätze · BA Wilmersdorf"},"geometry":{"type":"Point","coordinates":[13.31269403,52.4894118]}},{"type":"Feature","properties":{"kind":"accessible","label":"Harbigstraße 38","detail":"3 Plätze · BA Charlottenburg-Wilmersdorf"},"geometry":{"type":"Point","coordinates":[13.25911407,52.49848436]}},{"type":"Feature","properties":{"kind":"accessible","label":"Heerstraße 2","detail":"2 Plätze · keine Angabe"},"geometry":{"type":"Point","coordinates":[13.27057472,52.50944567]}},{"type":"Feature","properties":{"kind":"accessible","label":"Knesebeckstraße 3","detail":"1 Platz · Renaissance-Theater"},"geometry":{"type":"Point","coordinates":[13.32296453,52.51035767]}},{"type":"Feature","properties":{"kind":"accessible","label":"Königin-Elisabeth-Straße ggü. 31","detail":"1 Platz · Landesversicherungsanstalt Berlin"},"geometry":{"type":"Point","coordinates":[13.28153354,52.5134092]}},{"type":"Feature","properties":{"kind":"accessible","label":"Paretzer Straße 10A","detail":"3 Plätze · St. Gertrauden Krankenhaus"},"geometry":{"type":"Point","coordinates":[13.31660408,52.48134318]}},{"type":"Feature","properties":{"kind":"accessible","label":"Pommernallee 2","detail":"2 Plätze · Theater Die Wühlmäuse"},"geometry":{"type":"Point","coordinates":[13.27119095,52.5089193]}},{"type":"Feature","properties":{"kind":"accessible","label":"Prinzregentenstraße 34","detail":"1 Platz · VHS City West"},"geometry":{"type":"Point","coordinates":[13.33316795,52.48292188]}},{"type":"Feature","properties":{"kind":"accessible","label":"Rognitzstraße 12","detail":"2 Plätze · Berliner Kunstaugen-Institut"},"geometry":{"type":"Point","coordinates":[13.28481069,52.51070191]}},{"type":"Feature","properties":{"kind":"accessible","label":"Windscheidstraße 38A","detail":"1 Platz · Orthopädische Praxisgemeinschaft"},"geometry":{"type":"Point","coordinates":[13.29844503,52.50922439]}},{"type":"Feature","properties":{"kind":"accessible","label":"Zillestraße 14","detail":"2 Plätze · Rheuma-Liga e.V."},"geometry":{"type":"Point","coordinates":[13.31252435,52.5141574]}},{"type":"Feature","properties":{"kind":"accessible","label":"Altstädter Ring auf dem Parkplatz","detail":"6 Plätze · ohne"},"geometry":{"type":"Point","coordinates":[13.202178,52.53934704]}},{"type":"Feature","properties":{"kind":"accessible","label":"Am Kiesteich am Parkplatz, ggü. Nr. 54","detail":"1 Platz · ohne"},"geometry":{"type":"Point","coordinates":[13.164935,52.55061504]}},{"type":"Feature","properties":{"kind":"accessible","label":"Am Wall 3","detail":"1 Platz · 3 Std. mit Parkscheibe"},"geometry":{"type":"Point","coordinates":[13.201701,52.53528004]}},{"type":"Feature","properties":{"kind":"accessible","label":"Blasewitzer Ring 31","detail":"1 Platz · ohne"},"geometry":{"type":"Point","coordinates":[13.174126,52.52265004]}},{"type":"Feature","properties":{"kind":"accessible","label":"Blasewitzer Ring 36","detail":"2 Plätze · Mo-So 10-20 Uhr"},"geometry":{"type":"Point","coordinates":[13.175518,52.52146404]}},{"type":"Feature","properties":{"kind":"accessible","label":"Brunsbütteler Damm 265 - 271","detail":"2 Plätze · Mo-Fr 7-19 Uhr"},"geometry":{"type":"Point","coordinates":[13.156364,52.53280004]}},{"type":"Feature","properties":{"kind":"accessible","label":"Brunsbütteler Damm 276","detail":"1 Platz · ohne"},"geometry":{"type":"Point","coordinates":[13.155327,52.53315404]}},{"type":"Feature","properties":{"kind":"accessible","label":"Brunsbütteler Damm 4","detail":"2 Plätze · ohne"},"geometry":{"type":"Point","coordinates":[13.197328,52.53325604]}},{"type":"Feature","properties":{"kind":"accessible","label":"Charlottenburger Chaussee 75 (Pol Dir 2) öffentlich zugänglicher privater Parkplatz des PolPräs","detail":"2 Plätze · ohne"},"geometry":{"type":"Point","coordinates":[13.227052,52.52824304]}},{"type":"Feature","properties":{"kind":"accessible","label":"Charlottenstr. 14 A","detail":"1 Platz · 3 Std. mit Parkscheibe"},"geometry":{"type":"Point","coordinates":[13.202248,52.53717504]}},{"type":"Feature","properties":{"kind":"accessible","label":"Elsflether Weg/Seeburger Str. (Ärztehaus)","detail":"2 Plätze · Mo-Fr 8-20 Uhr; Sa 9-14 Uhr; Adv.Sa 9-17 Uhr"},"geometry":{"type":"Point","coordinates":[13.192307,52.52879404]}},{"type":"Feature","properties":{"kind":"accessible","label":"Fischerstraße 4","detail":"1 Platz · 3 Std. mit Parkscheibe"},"geometry":{"type":"Point","coordinates":[13.205361,52.53593704]}},{"type":"Feature","properties":{"kind":"accessible","label":"Fischerstraße ggü. 16","detail":"1 Platz · 3 Std. mit Parkscheibe"},"geometry":{"type":"Point","coordinates":[13.206622,52.53702704]}},{"type":"Feature","properties":{"kind":"accessible","label":"Galenstr. 3","detail":"2 Plätze · Mo-Fr 7-18 Uhr; Sa 9-14 Uhr; Adv.Sa 9-17 Uhr"},"geometry":{"type":"Point","coordinates":[13.195329,52.53594204]}},{"type":"Feature","properties":{"kind":"accessible","label":"Galenstr. 40-44","detail":"1 Platz · ohne"},"geometry":{"type":"Point","coordinates":[13.200219,52.54088504]}},{"type":"Feature","properties":{"kind":"accessible","label":"Gatower Str. 7 öffentlicher Parkplatz am Schwimmbad Spandau Süd","detail":"2 Plätze · ohne"},"geometry":{"type":"Point","coordinates":[13.187325,52.51891104]}},{"type":"Feature","properties":{"kind":"accessible","label":"Gatower Str. 19","detail":"1 Platz · ohne"},"geometry":{"type":"Point","coordinates":[13.187738,52.52008304]}},{"type":"Feature","properties":{"kind":"accessible","label":"Goldbeckweg/Daumstr. (Parkplatz)","detail":"1 Platz · ohne"},"geometry":{"type":"Point","coordinates":[13.229893,52.54672304]}},{"type":"Feature","properties":{"kind":"accessible","label":"Grützmacherweg 18","detail":"1 Platz · Mo-Fr"},"geometry":{"type":"Point","coordinates":[13.225026,52.54473804]}},{"type":"Feature","properties":{"kind":"accessible","label":"Hefnersteg 1","detail":"2 Plätze · Mo-Fr 12-21 Uhr"},"geometry":{"type":"Point","coordinates":[13.272088,52.53507904]}},{"type":"Feature","properties":{"kind":"accessible","label":"Hertefeldstr. 2","detail":"2 Plätze · ohne"},"geometry":{"type":"Point","coordinates":[13.272204,52.53529204]}},{"type":"Feature","properties":{"kind":"accessible","label":"Hugo-Cassirer-Str. vor Hans-Poelzig-Str.","detail":"1 Platz · Mo-Fr 8-18 Uhr"},"geometry":{"type":"Point","coordinates":[13.218861,52.55927204]}},{"type":"Feature","properties":{"kind":"accessible","label":"Im Spektefeld 31 - 35","detail":"2 Plätze · ohne"},"geometry":{"type":"Point","coordinates":[13.155888,52.54888704]}},{"type":"Feature","properties":{"kind":"accessible","label":"Imchenallee","detail":"2 Plätze · ohne"},"geometry":{"type":"Point","coordinates":[13.147847,52.45147804]}},{"type":"Feature","properties":{"kind":"accessible","label":"Jagowstr. 9 / 10","detail":"2 Plätze · So 9-12 Uhr"},"geometry":{"type":"Point","coordinates":[13.205846,52.54733004]}},{"type":"Feature","properties":{"kind":"accessible","label":"Jüdenstr. ggü. Nr. 2","detail":"2 Plätze · Mo-Fr 9-21 Uhr; Sa 9-19 Uhr"},"geometry":{"type":"Point","coordinates":[13.201379,52.53671804]}},{"type":"Feature","properties":{"kind":"accessible","label":"Jüdenstr. 18  vor Moritzstr.","detail":"2 Plätze · 3 Std. mit Parkscheibe"},"geometry":{"type":"Point","coordinates":[13.202452,52.53766304]}},{"type":"Feature","properties":{"kind":"accessible","label":"Jüdenstr. 33","detail":"1 Platz · 3 Std. mit Parkscheibe"},"geometry":{"type":"Point","coordinates":[13.203131,52.53849904]}},{"type":"Feature","properties":{"kind":"accessible","label":"Klosterstr. 23","detail":"2 Plätze · ohne"},"geometry":{"type":"Point","coordinates":[13.196247,52.52981104]}},{"type":"Feature","properties":{"kind":"accessible","label":"Klosterstr. 36","detail":"1 Platz · Mo-Fr 8-18 Uhr"},"geometry":{"type":"Point","coordinates":[13.198393,52.53252104]}},{"type":"Feature","properties":{"kind":"accessible","label":"Lindenufer 11","detail":"2 Plätze · ohne"},"geometry":{"type":"Point","coordinates":[13.207415,52.53714304]}},{"type":"Feature","properties":{"kind":"accessible","label":"Lindenufer 4","detail":"2 Plätze · ohne"},"geometry":{"type":"Point","coordinates":[13.208087,52.53798104]}},{"type":"Feature","properties":{"kind":"accessible","label":"Lindenufer / Mauerstraße","detail":"1 Platz · ohne"},"geometry":{"type":"Point","coordinates":[13.203744,52.53488804]}},{"type":"Feature","properties":{"kind":"accessible","label":"Neuendorfer Str am Oranienburger Tor","detail":"8 Plätze · ohne"},"geometry":{"type":"Point","coordinates":[13.205865,52.54050004]}},{"type":"Feature","properties":{"kind":"accessible","label":"Nonnendammallee 97","detail":"2 Plätze · Mo-Fr 8-18 Uhr"},"geometry":{"type":"Point","coordinates":[13.26672,52.53690804]}},{"type":"Feature","properties":{"kind":"accessible","label":"Obstallee 15","detail":"1 Platz · ohne"},"geometry":{"type":"Point","coordinates":[13.168195,52.52078304]}},{"type":"Feature","properties":{"kind":"accessible","label":"Ohmstr. 46","detail":"1 Platz · ohne"},"geometry":{"type":"Point","coordinates":[13.273075,52.53556804]}},{"type":"Feature","properties":{"kind":"accessible","label":"Pichelsdorfer Str. 108","detail":"1 Platz · ohne"},"geometry":{"type":"Point","coordinates":[13.197579,52.52444804]}},{"type":"Feature","properties":{"kind":"accessible","label":"Pichelsdorfer Str. 132","detail":"1 Platz · Mo-Fr 9-18 Uhr; Sa 9-14 Uhr"},"geometry":{"type":"Point","coordinates":[13.19649,52.52645004]}},{"type":"Feature","properties":{"kind":"accessible","label":"Sakrower Landstr. 21 - 29","detail":"1 Platz · Mo-Fr 8-19 Uhr; Sa 8-14 Uhr"},"geometry":{"type":"Point","coordinates":[13.139874,52.45241604]}},{"type":"Feature","properties":{"kind":"accessible","label":"Seegefelder Str. (Nebenfahrbahn) Haupteingang Bahnhof Berlin-Spandau","detail":"4 Plätze · ohne"},"geometry":{"type":"Point","coordinates":[13.195776,52.53511504]}},{"type":"Feature","properties":{"kind":"accessible","label":"Siegener Str. 59","detail":"1 Platz · Mo-Fr 8-20 Uhr"},"geometry":{"type":"Point","coordinates":[13.177195,52.54712804]}},{"type":"Feature","properties":{"kind":"accessible","label":"Siemensdamm Nähe Einkaufszentrum","detail":"2 Plätze · Mo-Fr 8-20 Uhr; Sa 8-16 Uhr"},"geometry":{"type":"Point","coordinates":[13.274133,52.53624204]}},{"type":"Feature","properties":{"kind":"accessible","label":"Sigmund-Bergmann-Str. Parkplatz","detail":"2 Plätze · ohne"},"geometry":{"type":"Point","coordinates":[13.219867,52.55852604]}},{"type":"Feature","properties":{"kind":"accessible","label":"Spandauer Burgwall, Kreuzfahrtliegeplatz Parkplatz","detail":"2 Plätze · ohne"},"geometry":{"type":"Point","coordinates":[13.20052,52.52626004]}},{"type":"Feature","properties":{"kind":"accessible","label":"Stabholzgarten (neben dem privaten Parkhaus) öffentlich zugänglicher privater Parkplatz","detail":"6 Plätze · ohne"},"geometry":{"type":"Point","coordinates":[13.201709,52.53434804]}},{"type":"Feature","properties":{"kind":"accessible","label":"Weißenburger Str. 35","detail":"2 Plätze · Mo-Sa 17-22 Uhr; So 9-22 Uhr"},"geometry":{"type":"Point","coordinates":[13.201304,52.52351704]}},{"type":"Feature","properties":{"kind":"accessible","label":"Wilhelmstr. 9","detail":"2 Plätze · Mo-Fr 15-22 Uhr"},"geometry":{"type":"Point","coordinates":[13.194422,52.52687504]}},{"type":"Feature","properties":{"kind":"accessible","label":"Zitadellenweg Parkplatz","detail":"8 Plätze · ohne"},"geometry":{"type":"Point","coordinates":[13.217666,52.53873604]}},{"type":"Feature","properties":{"kind":"accessible","label":"Lindenufer 17","detail":"1 Platz · ohne"},"geometry":{"type":"Point","coordinates":[13.207002,52.53673104]}},{"type":"Feature","properties":{"kind":"accessible","label":"Klosterstr. 12","detail":"2 Plätze · Mo-Fr 9-19 Uhr; Sa 9-14 Uhr"},"geometry":{"type":"Point","coordinates":[13.196691,52.53135704]}},{"type":"Feature","properties":{"kind":"accessible","label":"Adolf-Martens-Straße 3","detail":"2 Plätze · Mo-Fr 10-17 h"},"geometry":{"type":"Point","coordinates":[13.29272302,52.44377429]}},{"type":"Feature","properties":{"kind":"accessible","label":"Ahlener Weg ggü. 18","detail":"1 Platz · ohne"},"geometry":{"type":"Point","coordinates":[13.30494055,52.41075423]}},{"type":"Feature","properties":{"kind":"accessible","label":"Ahornstraße 3","detail":"2 Plätze · Mo-Fr 9-20 h, Sa 9-16 h"},"geometry":{"type":"Point","coordinates":[13.32317072,52.46072713]}},{"type":"Feature","properties":{"kind":"accessible","label":"Albrechtstraße 81/82","detail":"1 Platz · ohne"},"geometry":{"type":"Point","coordinates":[13.33834724,52.44932485]}},{"type":"Feature","properties":{"kind":"accessible","label":"Altensteinstraße 34","detail":"1 Platz · ohne"},"geometry":{"type":"Point","coordinates":[13.29756508,52.4526628]}},{"type":"Feature","properties":{"kind":"accessible","label":"Am Sandwerder ggü. 2","detail":"2 Plätze · ohne"},"geometry":{"type":"Point","coordinates":[13.17963432,52.42229333]}},{"type":"Feature","properties":{"kind":"accessible","label":"Am Vierling 11","detail":"1 Platz · ohne"},"geometry":{"type":"Point","coordinates":[13.24068303,52.44602154]}},{"type":"Feature","properties":{"kind":"accessible","label":"Auf dem Grat 2","detail":"2 Plätze · ohne"},"geometry":{"type":"Point","coordinates":[13.27410228,52.45552272]}},{"type":"Feature","properties":{"kind":"accessible","label":"Baseler Straße / Hans-Sachs-Straße","detail":"4 Plätze · Mo-Fr 7-18 h, Sa 7-16 h"},"geometry":{"type":"Point","coordinates":[13.2949937,52.44323956]}},{"type":"Feature","properties":{"kind":"accessible","label":"Begonienplatz","detail":"2 Plätze · Mo-Fr 8-20 h"},"geometry":{"type":"Point","coordinates":[13.31095075,52.45181368]}},{"type":"Feature","properties":{"kind":"accessible","label":"Berliner Straße 53","detail":"1 Platz · ohne"},"geometry":{"type":"Point","coordinates":[13.27328668,52.43906467]}},{"type":"Feature","properties":{"kind":"accessible","label":"Bismarckstraße / Lauenburger Platz","detail":"2 Plätze · ohne"},"geometry":{"type":"Point","coordinates":[13.3392128,52.46171734]}},{"type":"Feature","properties":{"kind":"accessible","label":"Brauerstraße ggü. Oberhofer Weg 2","detail":"2 Plätze · ohne"},"geometry":{"type":"Point","coordinates":[13.32596458,52.42759251]}},{"type":"Feature","properties":{"kind":"accessible","label":"Breitenbachplatz","detail":"1 Platz · ohne"},"geometry":{"type":"Point","coordinates":[13.30741749,52.46655639]}},{"type":"Feature","properties":{"kind":"accessible","label":"Breitenbachplatz","detail":"1 Platz · ohne"},"geometry":{"type":"Point","coordinates":[13.30804459,52.46621576]}},{"type":"Feature","properties":{"kind":"accessible","label":"Clayallee 345","detail":"2 Plätze · ohne"},"geometry":{"type":"Point","coordinates":[13.26095541,52.43615925]}},{"type":"Feature","properties":{"kind":"accessible","label":"Düppelstraße (Hermann-Ehlers-Platz)","detail":"2 Plätze · ohne"},"geometry":{"type":"Point","coordinates":[13.32337157,52.45691719]}},{"type":"Feature","properties":{"kind":"accessible","label":"Fischerhüttenstraße 83","detail":"1 Platz · ohne"},"geometry":{"type":"Point","coordinates":[13.24097329,52.44236389]}},{"type":"Feature","properties":{"kind":"accessible","label":"Fischerhüttenstraße 111","detail":"2 Plätze · ohne"},"geometry":{"type":"Point","coordinates":[13.23827875,52.4437485]}},{"type":"Feature","properties":{"kind":"accessible","label":"Fischerhüttenweg (Parkplatz Krumme Lanke)","detail":"3 Plätze · ohne"},"geometry":{"type":"Point","coordinates":[13.22820354,52.44771121]}},{"type":"Feature","properties":{"kind":"accessible","label":"Gallwitzallee  87","detail":"1 Platz · ohne"},"geometry":{"type":"Point","coordinates":[13.3473177,52.42766967]}},{"type":"Feature","properties":{"kind":"accessible","label":"Gartenstraße 16","detail":"1 Platz · Mo-Do 8-19 h, Fr 8-16 h"},"geometry":{"type":"Point","coordinates":[13.26160943,52.43352369]}},{"type":"Feature","properties":{"kind":"accessible","label":"Gartenstraße","detail":"2 Plätze · ohne"},"geometry":{"type":"Point","coordinates":[13.25969513,52.43172812]}},{"type":"Feature","properties":{"kind":"accessible","label":"Geitnerweg 42","detail":"1 Platz · ohne"},"geometry":{"type":"Point","coordinates":[13.32305499,52.41535451]}},{"type":"Feature","properties":{"kind":"accessible","label":"Giesensdorfer Straße 17 A","detail":"1 Platz · ohne"},"geometry":{"type":"Point","coordinates":[13.31371014,52.42616028]}},{"type":"Feature","properties":{"kind":"accessible","label":"Grunewaldstraße 3 (Parkhaus, das Schloss)","detail":"1 Platz · Mo, Di, Do und Fr, 12-20 h, Mi 11-16 h, Sa 10-14 h"},"geometry":{"type":"Point","coordinates":[13.31921887,52.4576466]}},{"type":"Feature","properties":{"kind":"accessible","label":"Habelschwerdter Allee 30","detail":"1 Platz · ohne"},"geometry":{"type":"Point","coordinates":[13.28839615,52.45008277]}},{"type":"Feature","properties":{"kind":"accessible","label":"Habelschwerdter Allee 45","detail":"1 Platz · ohne"},"geometry":{"type":"Point","coordinates":[13.28717075,52.45150173]}},{"type":"Feature","properties":{"kind":"accessible","label":"Halskestraße 1","detail":"1 Platz · Mo-Fr 8-19 h"},"geometry":{"type":"Point","coordinates":[13.34321218,52.44743791]}},{"type":"Feature","properties":{"kind":"accessible","label":"Händelplatz 1","detail":"1 Platz · Mo und Di 8.30-15.30 h, Mi und Fr 8.30-12.30 h, Do 8.30-18.00 h"},"geometry":{"type":"Point","coordinates":[13.31610773,52.44993033]}},{"type":"Feature","properties":{"kind":"accessible","label":"Hanna-Renate-Laurien-Platz 1","detail":"2 Plätze · Mo-Fr 7-18 h"},"geometry":{"type":"Point","coordinates":[13.34333697,52.43849932]}},{"type":"Feature","properties":{"kind":"accessible","label":"Havelchaussee / Große Steinlanke","detail":"2 Plätze · ohne"},"geometry":{"type":"Point","coordinates":[13.19228575,52.45156901]}},{"type":"Feature","properties":{"kind":"accessible","label":"Havelchaussee / Lipaer Bucht","detail":"5 Plätze · ohne"},"geometry":{"type":"Point","coordinates":[13.19780467,52.469218]}},{"type":"Feature","properties":{"kind":"accessible","label":"Heinrichstraße / Ostpreußendamm","detail":"2 Plätze · Mo-Fr 8-19 h"},"geometry":{"type":"Point","coordinates":[13.31345951,52.42294689]}},{"type":"Feature","properties":{"kind":"accessible","label":"Hindenburgdamm (Gutshaus)","detail":"1 Platz · Mo-Fr 9-18 h, Sa 9-14 h"},"geometry":{"type":"Point","coordinates":[13.31628313,52.43909222]}},{"type":"Feature","properties":{"kind":"accessible","label":"Holtheimer Weg 12","detail":"1 Platz · ohne"},"geometry":{"type":"Point","coordinates":[13.30673293,52.41042969]}},{"type":"Feature","properties":{"kind":"accessible","label":"Ihnestraße 26","detail":"3 Plätze · ohne"},"geometry":{"type":"Point","coordinates":[13.27670421,52.44849659]}},{"type":"Feature","properties":{"kind":"accessible","label":"Iltisstraße 1","detail":"2 Plätze · Mo-Fr 8-19 h"},"geometry":{"type":"Point","coordinates":[13.29038229,52.45759183]}},{"type":"Feature","properties":{"kind":"accessible","label":"Kaiser-Wilhelm-Straße 1","detail":"1 Platz · Mo-Fr 7-18 h"},"geometry":{"type":"Point","coordinates":[13.33293677,52.42980226]}},{"type":"Feature","properties":{"kind":"accessible","label":"Karl-Stieler-Straße 19","detail":"1 Platz · ohne"},"geometry":{"type":"Point","coordinates":[13.33902317,52.45016827]}},{"type":"Feature","properties":{"kind":"accessible","label":"Kastanienstraße 6-8","detail":"1 Platz · ohne"},"geometry":{"type":"Point","coordinates":[13.32428973,52.42592793]}},{"type":"Feature","properties":{"kind":"accessible","label":"Kieler Straße 1","detail":"1 Platz · Mo-Fr 8-18 h"},"geometry":{"type":"Point","coordinates":[13.32347646,52.45872325]}},{"type":"Feature","properties":{"kind":"accessible","label":"Kieler Straße 4","detail":"1 Platz · Mo-Fr 8-18 h"},"geometry":{"type":"Point","coordinates":[13.32385637,52.45858402]}},{"type":"Feature","properties":{"kind":"accessible","label":"Kirchstraße 1-3","detail":"1 Platz · ohne"},"geometry":{"type":"Point","coordinates":[13.25812622,52.43342429]}},{"type":"Feature","properties":{"kind":"accessible","label":"Klingsorstraße 121","detail":"1 Platz · ohne"},"geometry":{"type":"Point","coordinates":[13.31658741,52.44312073]}},{"type":"Feature","properties":{"kind":"accessible","label":"Königin-Luise-Straße 55","detail":"1 Platz · ohne"},"geometry":{"type":"Point","coordinates":[13.28627768,52.45834971]}},{"type":"Feature","properties":{"kind":"accessible","label":"Königin-Luise-Straße 98","detail":"1 Platz · ohne"},"geometry":{"type":"Point","coordinates":[13.27622672,52.4601342]}},{"type":"Feature","properties":{"kind":"accessible","label":"Königstraße / Schloß Glienicke","detail":"8 Plätze · ohne"},"geometry":{"type":"Point","coordinates":[13.09802367,52.41354016]}},{"type":"Feature","properties":{"kind":"accessible","label":"Kranoldplatz / Oberhofer Weg 3","detail":"2 Plätze · Mo-Fr 9-18 h, Sa 9-14 h"},"geometry":{"type":"Point","coordinates":[13.32670645,52.4272614]}},{"type":"Feature","properties":{"kind":"accessible","label":"Ladiusstraße 19","detail":"1 Platz · ohne"},"geometry":{"type":"Point","coordinates":[13.26302446,52.41100975]}},{"type":"Feature","properties":{"kind":"accessible","label":"Landoltweg 21","detail":"1 Platz · ohne"},"geometry":{"type":"Point","coordinates":[13.28375697,52.45102516]}},{"type":"Feature","properties":{"kind":"accessible","label":"Lansstraße 10/12","detail":"3 Plätze · ohne"},"geometry":{"type":"Point","coordinates":[13.29125079,52.45638724]}},{"type":"Feature","properties":{"kind":"accessible","label":"Lauenburger Straße 117","detail":"1 Platz · Mo, Di, Do und Fr 9-18 h"},"geometry":{"type":"Point","coordinates":[13.3355546,52.45159922]}},{"type":"Feature","properties":{"kind":"accessible","label":"Lepsiusstraße 117","detail":"2 Plätze · ohne"},"geometry":{"type":"Point","coordinates":[13.31233247,52.45570749]}},{"type":"Feature","properties":{"kind":"accessible","label":"Lindenstraße ggü. 25","detail":"1 Platz · Mo-Fr 8-19 h, Sa 9-13 h"},"geometry":{"type":"Point","coordinates":[13.30639078,52.41755526]}},{"type":"Feature","properties":{"kind":"accessible","label":"Marschnerstraße 12","detail":"1 Platz · Mo-Fr 9-11 h"},"geometry":{"type":"Point","coordinates":[13.31686883,52.44626927]}},{"type":"Feature","properties":{"kind":"accessible","label":"Martin-Buber-Straße 10 (Pauluskirche)","detail":"2 Plätze · ohne"},"geometry":{"type":"Point","coordinates":[13.25778337,52.43408974]}},{"type":"Feature","properties":{"kind":"accessible","label":"Martin-Buber-Straße 12","detail":"3 Plätze · ohne"},"geometry":{"type":"Point","coordinates":[13.25844749,52.43481875]}},{"type":"Feature","properties":{"kind":"accessible","label":"Martin-Buber-Straße 20 (Finanzamt)","detail":"1 Platz · ohne"},"geometry":{"type":"Point","coordinates":[13.2567938,52.43395194]}},{"type":"Feature","properties":{"kind":"accessible","label":"Martin-Buber-Straße 21 (Leo-Borchard-Musikschule)","detail":"2 Plätze · ohne"},"geometry":{"type":"Point","coordinates":[13.25608705,52.43308223]}},{"type":"Feature","properties":{"kind":"accessible","label":"Martin-Buber-Straße (Rathaus Zehlendorf)","detail":"3 Plätze · ohne"},"geometry":{"type":"Point","coordinates":[13.25720144,52.43229217]}},{"type":"Feature","properties":{"kind":"accessible","label":"Mommsenstraße 2","detail":"2 Plätze · Mo-Fr 9-18 h, Sa 10-12 h"},"geometry":{"type":"Point","coordinates":[13.29935817,52.44211018]}},{"type":"Feature","properties":{"kind":"accessible","label":"Moorlakeweg","detail":"2 Plätze · ohne"},"geometry":{"type":"Point","coordinates":[13.10786758,52.42145799]}},{"type":"Feature","properties":{"kind":"accessible","label":"Nentershäuser Platz 1","detail":"1 Platz · ohne"},"geometry":{"type":"Point","coordinates":[13.2558819,52.43208968]}},{"type":"Feature","properties":{"kind":"accessible","label":"Oberhofer Platz 1","detail":"1 Platz · Mo-Fr 8-18 h, Sa 9-13 h"},"geometry":{"type":"Point","coordinates":[13.3281825,52.42558508]}},{"type":"Feature","properties":{"kind":"accessible","label":"Oberlinstraße 16","detail":"1 Platz · Mo-Fr 9-18 h"},"geometry":{"type":"Point","coordinates":[13.31961292,52.45184057]}},{"type":"Feature","properties":{"kind":"accessible","label":"Onkel-Tom-Straße 102","detail":"1 Platz · ohne"},"geometry":{"type":"Point","coordinates":[13.25136613,52.44971578]}},{"type":"Feature","properties":{"kind":"accessible","label":"Otto-von-Simson-Straße 21","detail":"1 Platz · ohne"},"geometry":{"type":"Point","coordinates":[13.2881937,52.45336346]}},{"type":"Feature","properties":{"kind":"accessible","label":"Pacelliallee 23","detail":"2 Plätze · ohne"},"geometry":{"type":"Point","coordinates":[13.28821868,52.46509025]}},{"type":"Feature","properties":{"kind":"accessible","label":"Pfaueninselchaussee","detail":"5 Plätze · ohne"},"geometry":{"type":"Point","coordinates":[13.12463471,52.4281938]}},{"type":"Feature","properties":{"kind":"accessible","label":"Pinnauweg 15-17","detail":"1 Platz · ohne"},"geometry":{"type":"Point","coordinates":[13.27818754,52.42108238]}},{"type":"Feature","properties":{"kind":"accessible","label":"Riemeisterstraße 23","detail":"1 Platz · Mo-Fr 7-18 h"},"geometry":{"type":"Point","coordinates":[13.2617146,52.44199873]}},{"type":"Feature","properties":{"kind":"accessible","label":"Ringstraße 18","detail":"1 Platz · Mo-Fr 8-20 h, Sa 8-14 h"},"geometry":{"type":"Point","coordinates":[13.30408398,52.43957832]}},{"type":"Feature","properties":{"kind":"accessible","label":"Robert-Lück-Straße 5","detail":"1 Platz · Mo-Fr 7-19 h"},"geometry":{"type":"Point","coordinates":[13.32535958,52.45732292]}},{"type":"Feature","properties":{"kind":"accessible","label":"Schädestraße 9-13","detail":"1 Platz · Mo-Fr 9-19 h"},"geometry":{"type":"Point","coordinates":[13.2587238,52.42682336]}},{"type":"Feature","properties":{"kind":"accessible","label":"Schloßstraße 49","detail":"1 Platz · ohne"},"geometry":{"type":"Point","coordinates":[13.3171029,52.45402892]}},{"type":"Feature","properties":{"kind":"accessible","label":"Schloßstraße 58-59 (Finanzamt)","detail":"2 Plätze · ohne"},"geometry":{"type":"Point","coordinates":[13.31292224,52.45290216]}},{"type":"Feature","properties":{"kind":"accessible","label":"Schloßstraße 80","detail":"1 Platz · ohne"},"geometry":{"type":"Point","coordinates":[13.32012998,52.45612306]}},{"type":"Feature","properties":{"kind":"accessible","label":"Schloßstraße 106","detail":"2 Plätze · ohne"},"geometry":{"type":"Point","coordinates":[13.3245419,52.46037387]}},{"type":"Feature","properties":{"kind":"accessible","label":"Schrockstraße ggü. 29","detail":"1 Platz · ohne"},"geometry":{"type":"Point","coordinates":[13.2548051,52.42788333]}},{"type":"Feature","properties":{"kind":"accessible","label":"Schützenstraße 53","detail":"2 Plätze · Mo-Fr 9-20 h, Sa 9-14 h"},"geometry":{"type":"Point","coordinates":[13.32476063,52.45495371]}},{"type":"Feature","properties":{"kind":"accessible","label":"Sembritzkistraße 14","detail":"2 Plätze · Mo-Do 10-17 h, Fr und Sa 15-19 h, So 9-12 h"},"geometry":{"type":"Point","coordinates":[13.3501346,52.4512318]}},{"type":"Feature","properties":{"kind":"accessible","label":"Siemensstraße 2","detail":"1 Platz · Mo-Fr 8.30-20 h, Sa 8.30-13 h"},"geometry":{"type":"Point","coordinates":[13.34178539,52.44658653]}},{"type":"Feature","properties":{"kind":"accessible","label":"Steglitzer Damm 21","detail":"1 Platz · Mo-Fr 8-19 h"},"geometry":{"type":"Point","coordinates":[13.33976778,52.45093937]}},{"type":"Feature","properties":{"kind":"accessible","label":"Steglitzer Damm 23","detail":"1 Platz · Mo-Fr 8-19 h"},"geometry":{"type":"Point","coordinates":[13.3400295,52.4508999]}},{"type":"Feature","properties":{"kind":"accessible","label":"Teltower Damm 46","detail":"2 Plätze · Mo-Fr 9-18 h, Sa 9-13 h"},"geometry":{"type":"Point","coordinates":[13.25962077,52.42979823]}},{"type":"Feature","properties":{"kind":"accessible","label":"Thielallee 38 (FU)","detail":"1 Platz · ohne"},"geometry":{"type":"Point","coordinates":[13.28696686,52.45214215]}},{"type":"Feature","properties":{"kind":"accessible","label":"Tiburtiusbrücke (unterhalb der Brücke)","detail":"2 Plätze · ohne"},"geometry":{"type":"Point","coordinates":[13.32426831,52.46169286]}},{"type":"Feature","properties":{"kind":"accessible","label":"Wrangelstraße 2 (Theater)","detail":"2 Plätze · Mo-So 18-23 h"},"geometry":{"type":"Point","coordinates":[13.31789731,52.45515721]}},{"type":"Feature","properties":{"kind":"accessible","label":"Fritz-Werner-Str. 43","detail":"1 Platz · Mo-Fr 6-18h"},"geometry":{"type":"Point","coordinates":[13.382845,52.43283504]}},{"type":"Feature","properties":{"kind":"accessible","label":"Badensche Straße 2","detail":"1 Platz · Mo-Fr 8-15h"},"geometry":{"type":"Point","coordinates":[13.342492,52.48560304]}},{"type":"Feature","properties":{"kind":"accessible","label":"Strelitzstraße 15, Auffahrt Bezirksamt","detail":"2 Plätze · -"},"geometry":{"type":"Point","coordinates":[13.382999,52.44939704]}},{"type":"Feature","properties":{"kind":"accessible","label":"Mariendorfer Damm 155, Parkplatz Penny","detail":"2 Plätze · -"},"geometry":{"type":"Point","coordinates":[13.38854,52.43782704]}},{"type":"Feature","properties":{"kind":"accessible","label":"Reißeckstraße 14, Parkfläche vor dem Heidefriedhof","detail":"2 Plätze · -"},"geometry":{"type":"Point","coordinates":[13.392369,52.43975104]}},{"type":"Feature","properties":{"kind":"accessible","label":"Mariendorfer Damm 91","detail":"2 Plätze · Mo-Fr 9-19h, Sa 6-20h"},"geometry":{"type":"Point","coordinates":[13.386089,52.44464704]}},{"type":"Feature","properties":{"kind":"accessible","label":"Rixdorfer Straße 130","detail":"2 Plätze · Mo-So 6-20h"},"geometry":{"type":"Point","coordinates":[13.398409,52.44391704]}},{"type":"Feature","properties":{"kind":"accessible","label":"Britzer Straße 91, Behindertenparkplätze der DRK Klinik","detail":"3 Plätze · Mo-Fr 8-20:30h"},"geometry":{"type":"Point","coordinates":[13.396942,52.43920704]}},{"type":"Feature","properties":{"kind":"accessible","label":"Schätzelbergstraße 17, Eingang Tierfriedhof","detail":"1 Platz · Mo-So 8-20h"},"geometry":{"type":"Point","coordinates":[13.399544,52.45367104]}},{"type":"Feature","properties":{"kind":"accessible","label":"Am Mühlenberg 3","detail":"1 Platz · Mo-Fr 6-18h"},"geometry":{"type":"Point","coordinates":[13.339314,52.48502704]}},{"type":"Feature","properties":{"kind":"accessible","label":"Freiherr-Von-Stein-Straße, Rathaus Schöneberg","detail":"3 Plätze · -"},"geometry":{"type":"Point","coordinates":[13.342961,52.48427504]}},{"type":"Feature","properties":{"kind":"accessible","label":"Martin-Luther-Straße 105","detail":"1 Platz · Mo-So 6-18h"},"geometry":{"type":"Point","coordinates":[13.345157,52.48337604]}},{"type":"Feature","properties":{"kind":"accessible","label":"Belziger Straße 63","detail":"2 Plätze · Mo-Fr 8-20h"},"geometry":{"type":"Point","coordinates":[13.34635,52.48487104]}},{"type":"Feature","properties":{"kind":"accessible","label":"Grunewaldstraße, am Bayrischen Platz","detail":"1 Platz · Mo-Fr 8-19h"},"geometry":{"type":"Point","coordinates":[13.340172,52.48847304]}},{"type":"Feature","properties":{"kind":"accessible","label":"Koburger Straße 4","detail":"1 Platz · Mo-Fr 10-19h"},"geometry":{"type":"Point","coordinates":[13.346403,52.48129904]}},{"type":"Feature","properties":{"kind":"accessible","label":"Karl-Schrader-Straße 6","detail":"2 Plätze · Mo-Fr 7-20h"},"geometry":{"type":"Point","coordinates":[13.351195,52.49069004]}},{"type":"Feature","properties":{"kind":"accessible","label":"Grunewaldstraße 82","detail":"1 Platz · Mo-Fr 9-18h"},"geometry":{"type":"Point","coordinates":[13.35477,52.48998204]}},{"type":"Feature","properties":{"kind":"accessible","label":"Goltzstraße 43-44","detail":"1 Platz · Mo-Fr 8-15h"},"geometry":{"type":"Point","coordinates":[13.353195,52.49145104]}},{"type":"Feature","properties":{"kind":"accessible","label":"Apostel-Paulus-Straße 1","detail":"1 Platz · Mo-Fr 7-20h"},"geometry":{"type":"Point","coordinates":[13.351005,52.48846404]}},{"type":"Feature","properties":{"kind":"accessible","label":"Elßholzstraße 30-33","detail":"2 Plätze · Mo-Fr 7-16h"},"geometry":{"type":"Point","coordinates":[13.356623,52.49298604]}},{"type":"Feature","properties":{"kind":"accessible","label":"Grunewaldstraße 2-5","detail":"2 Plätze · Mo-Fr 8-20h"},"geometry":{"type":"Point","coordinates":[13.358848,52.49051904]}},{"type":"Feature","properties":{"kind":"accessible","label":"Goltzstraße 33","detail":"2 Plätze · -"},"geometry":{"type":"Point","coordinates":[13.405362,52.38538304]}},{"type":"Feature","properties":{"kind":"accessible","label":"Martin-Luther-Straße 3-5","detail":"1 Platz · Mo-Fr 7-17h"},"geometry":{"type":"Point","coordinates":[13.346186,52.49985704]}},{"type":"Feature","properties":{"kind":"accessible","label":"Fuggerstraße 37","detail":"1 Platz · Mo-Fr 7-10h, 14-18h"},"geometry":{"type":"Point","coordinates":[13.341825,52.49917904]}},{"type":"Feature","properties":{"kind":"accessible","label":"Bayreuther Straße 36","detail":"2 Plätze · durchgehend"},"geometry":{"type":"Point","coordinates":[13.343672,52.50128204]}},{"type":"Feature","properties":{"kind":"accessible","label":"Hohenstaufenstraße 65","detail":"1 Platz · Mi 16-22h, So 8-12h"},"geometry":{"type":"Point","coordinates":[13.351271,52.49473304]}},{"type":"Feature","properties":{"kind":"accessible","label":"Motzstraße 56","detail":"1 Platz · -"},"geometry":{"type":"Point","coordinates":[13.340637,52.49538904]}},{"type":"Feature","properties":{"kind":"accessible","label":"Passauer Straße 40-41","detail":"2 Plätze · Mo-Sa 9-19h"},"geometry":{"type":"Point","coordinates":[13.340199,52.50159204]}},{"type":"Feature","properties":{"kind":"accessible","label":"Keithstraße 14","detail":"2 Plätze · Mo-Fr 8-18h"},"geometry":{"type":"Point","coordinates":[13.345956,52.50305804]}},{"type":"Feature","properties":{"kind":"accessible","label":"Ansbacher Straße 16","detail":"1 Platz · -"},"geometry":{"type":"Point","coordinates":[13.342552,52.50319604]}},{"type":"Feature","properties":{"kind":"accessible","label":"Wüsthoffstraße ggü. 4","detail":"1 Platz · durchgehend"},"geometry":{"type":"Point","coordinates":[13.37392,52.47886504]}},{"type":"Feature","properties":{"kind":"accessible","label":"General-Pape-Straße 1","detail":"2 Plätze · -"},"geometry":{"type":"Point","coordinates":[13.366589,52.47539404]}},{"type":"Feature","properties":{"kind":"accessible","label":"Gustav-Müller-Platz 4","detail":"1 Platz · Mo-Fr 8-18h"},"geometry":{"type":"Point","coordinates":[13.363075,52.48350304]}},{"type":"Feature","properties":{"kind":"accessible","label":"Gustav-Müller-Platz 1","detail":"1 Platz · So 9-13h"},"geometry":{"type":"Point","coordinates":[13.362599,52.48378904]}},{"type":"Feature","properties":{"kind":"accessible","label":"Ebersstraße 18","detail":"1 Platz · Mo-Fr 7-17h"},"geometry":{"type":"Point","coordinates":[13.353924,52.48153304]}},{"type":"Feature","properties":{"kind":"accessible","label":"Ebersstraße 68","detail":"2 Plätze · Mo-Fr 10-18h"},"geometry":{"type":"Point","coordinates":[13.35012,52.47943604]}},{"type":"Feature","properties":{"kind":"accessible","label":"Eisackstraße 40A","detail":"1 Platz · Mo-Fr 8-18h"},"geometry":{"type":"Point","coordinates":[13.345172,52.47737604]}},{"type":"Feature","properties":{"kind":"accessible","label":"Cranachstraße 7","detail":"2 Plätze · Mo-Fr 8-20h"},"geometry":{"type":"Point","coordinates":[13.342013,52.46800904]}},{"type":"Feature","properties":{"kind":"accessible","label":"Riemenschneiderweg 13","detail":"1 Platz · Mo-Fr 7-10h, 13-16h"},"geometry":{"type":"Point","coordinates":[13.349799,52.46500004]}},{"type":"Feature","properties":{"kind":"accessible","label":"Bahnhofstraße 9","detail":"2 Plätze · Mo-Fr 7-20h"},"geometry":{"type":"Point","coordinates":[13.405429,52.38674504]}},{"type":"Feature","properties":{"kind":"accessible","label":"Bahnhofstraße 50","detail":"1 Platz · Mo-Fr 7-20h, Sa 9-12h"},"geometry":{"type":"Point","coordinates":[13.40266,52.38661304]}},{"type":"Feature","properties":{"kind":"accessible","label":"Bahnhofstraße 61","detail":"1 Platz · Mo-Fr 7-19h"},"geometry":{"type":"Point","coordinates":[13.406908,52.38662204]}},{"type":"Feature","properties":{"kind":"accessible","label":"Rubensstraße 116","detail":"2 Plätze · Mo-Fr 7-20h, Sa 7-16h"},"geometry":{"type":"Point","coordinates":[13.344517,52.46396804]}},{"type":"Feature","properties":{"kind":"accessible","label":"Hedwigstraße 13","detail":"2 Plätze · Mo-Fr 7-17h"},"geometry":{"type":"Point","coordinates":[13.338194,52.47148204]}},{"type":"Feature","properties":{"kind":"accessible","label":"Schmargendorfer Straße 36","detail":"1 Platz · Mo-Fr 8-19h"},"geometry":{"type":"Point","coordinates":[13.33465,52.47144204]}},{"type":"Feature","properties":{"kind":"accessible","label":"Schmargendorfer Straße 35","detail":"1 Platz · Mo-Fr 8-19h"},"geometry":{"type":"Point","coordinates":[13.334262,52.47144104]}},{"type":"Feature","properties":{"kind":"accessible","label":"Albestraße 31","detail":"2 Plätze · Mo-Fr 7-19h"},"geometry":{"type":"Point","coordinates":[13.333852,52.47341904]}},{"type":"Feature","properties":{"kind":"accessible","label":"Illstraße 4-6, an der Wendekehre","detail":"1 Platz · Mo-Fr 7-16h"},"geometry":{"type":"Point","coordinates":[13.332992,52.46799404]}},{"type":"Feature","properties":{"kind":"accessible","label":"Albestraße 26","detail":"1 Platz · Mo-Fr 8-20h"},"geometry":{"type":"Point","coordinates":[13.332007,52.47343904]}},{"type":"Feature","properties":{"kind":"accessible","label":"Fregestraße 23","detail":"1 Platz · Mo-Fr 8-18h, Sa 8-12h"},"geometry":{"type":"Point","coordinates":[13.336608,52.46790404]}},{"type":"Feature","properties":{"kind":"accessible","label":"Fregestraße 52","detail":"1 Platz · Mo-Fr 8-17h"},"geometry":{"type":"Point","coordinates":[13.335749,52.46699504]}},{"type":"Feature","properties":{"kind":"accessible","label":"Bundesallee 117","detail":"1 Platz · Mo-Fr 8-22h, Sa 8-14h"},"geometry":{"type":"Point","coordinates":[13.328478,52.46820304]}},{"type":"Feature","properties":{"kind":"accessible","label":"Bundesallee 108","detail":"2 Plätze · Mo-Fr 9-18h, Sa 9-13h"},"geometry":{"type":"Point","coordinates":[13.328445,52.46657204]}},{"type":"Feature","properties":{"kind":"accessible","label":"Hedwigstraße 1","detail":"1 Platz · Mo-Fr 8-20h"},"geometry":{"type":"Point","coordinates":[13.335889,52.47146404]}},{"type":"Feature","properties":{"kind":"accessible","label":"Bundesallee 114","detail":"1 Platz · Mo-Sa 8-16h"},"geometry":{"type":"Point","coordinates":[13.328456,52.46752604]}},{"type":"Feature","properties":{"kind":"accessible","label":"Odenwaldstraße 18","detail":"1 Platz · Mo-Fr 8-18h"},"geometry":{"type":"Point","coordinates":[13.323414,52.46743104]}},{"type":"Feature","properties":{"kind":"accessible","label":"Südwestkorso 63 - 64","detail":"1 Platz · Mo-Fr 18-24h"},"geometry":{"type":"Point","coordinates":[13.32192,52.47331304]}},{"type":"Feature","properties":{"kind":"accessible","label":"Odenwaldstraße 17","detail":"1 Platz · Mo-Fr 8-22h, Sa 9-14h"},"geometry":{"type":"Point","coordinates":[13.323119,52.46734704]}},{"type":"Feature","properties":{"kind":"accessible","label":"Bornstraße 2","detail":"4 Plätze · Mo-Fr 6 bzw. 8-19h; Sa 8-14h"},"geometry":{"type":"Point","coordinates":[13.327386,52.46482004]}},{"type":"Feature","properties":{"kind":"accessible","label":"Platz der Luftbrücke 6","detail":"2 Plätze · -"},"geometry":{"type":"Point","coordinates":[13.387026,52.48319404]}},{"type":"Feature","properties":{"kind":"accessible","label":"Columbiadamm 37","detail":"3 Plätze · -"},"geometry":{"type":"Point","coordinates":[13.393209,52.48430104]}},{"type":"Feature","properties":{"kind":"accessible","label":"Tempelhofer Damm 28-30, Parkplatz Burger King","detail":"3 Plätze · -"},"geometry":{"type":"Point","coordinates":[13.384595,52.48045604]}},{"type":"Feature","properties":{"kind":"accessible","label":"Ringbahnstraße 76 - 80","detail":"2 Plätze · Mo-Fr 8:30-18:30h"},"geometry":{"type":"Point","coordinates":[13.384543,52.46862904]}},{"type":"Feature","properties":{"kind":"accessible","label":"Tempelhofer Damm 118, Park & Ride Parkplatz","detail":"3 Plätze · durchgehend"},"geometry":{"type":"Point","coordinates":[13.384492,52.46930204]}},{"type":"Feature","properties":{"kind":"accessible","label":"Alt-Tempelhof 17 - 19","detail":"1 Platz · Mo-Fr 8-19h"},"geometry":{"type":"Point","coordinates":[13.38609,52.46568704]}},{"type":"Feature","properties":{"kind":"accessible","label":"Götzstraße 14, Parkplatz Bibliothek bzw. Schwimmbad","detail":"2 Plätze · Mo-Fr 7-22h"},"geometry":{"type":"Point","coordinates":[13.389559,52.46446004]}},{"type":"Feature","properties":{"kind":"accessible","label":"Tempelhofer Damm 165, Eingang Bürgeramt","detail":"3 Plätze · durchgehend"},"geometry":{"type":"Point","coordinates":[13.385471,52.46227604]}},{"type":"Feature","properties":{"kind":"accessible","label":"Albrechtstraße 103","detail":"2 Plätze · -"},"geometry":{"type":"Point","coordinates":[13.377976,52.46140904]}},{"type":"Feature","properties":{"kind":"accessible","label":"Alboinstraße, Parkplatz Bauhaus","detail":"12 Plätze · -"},"geometry":{"type":"Point","coordinates":[13.370245,52.46876504]}},{"type":"Feature","properties":{"kind":"accessible","label":"Theodorstraße 2","detail":"1 Platz · Mo-Fr 8-18h"},"geometry":{"type":"Point","coordinates":[13.386201,52.46024504]}},{"type":"Feature","properties":{"kind":"accessible","label":"Manteuffelstraße 54","detail":"1 Platz · -"},"geometry":{"type":"Point","coordinates":[13.376872,52.46108104]}},{"type":"Feature","properties":{"kind":"accessible","label":"Wolframstraße ggü. 8","detail":"2 Plätze · Mo,Di,Mi,Fr 8-14h, Do 8-18h"},"geometry":{"type":"Point","coordinates":[13.379065,52.45424904]}},{"type":"Feature","properties":{"kind":"accessible","label":"Tempelhofer Damm 234 - 236","detail":"1 Platz · durchgehend"},"geometry":{"type":"Point","coordinates":[13.384,52.45454804]}},{"type":"Feature","properties":{"kind":"accessible","label":"Wenckebachstraße 5, Freie evang. Kirchgemeinde","detail":"2 Plätze · durchgehend"},"geometry":{"type":"Point","coordinates":[13.387605,52.45944204]}},{"type":"Feature","properties":{"kind":"accessible","label":"Kaiserin-Augusta-Straße 75","detail":"1 Platz · Mo-Fr 9-17h"},"geometry":{"type":"Point","coordinates":[13.382609,52.45946804]}},{"type":"Feature","properties":{"kind":"accessible","label":"Wenckebachstraße 7, Wenckebach Krankenhaus","detail":"1 Platz · durchgehend"},"geometry":{"type":"Point","coordinates":[13.387425,52.45870604]}},{"type":"Feature","properties":{"kind":"accessible","label":"Friedrich-Wilhelm-Straße 13","detail":"1 Platz · Mo-Fr 8-18h"},"geometry":{"type":"Point","coordinates":[13.385029,52.45814804]}},{"type":"Feature","properties":{"kind":"accessible","label":"Waldsassener Straße 9","detail":"1 Platz · Mo-Fr 8-22h; So 8-12h"},"geometry":{"type":"Point","coordinates":[13.349899,52.41314504]}},{"type":"Feature","properties":{"kind":"accessible","label":"Hildburghauser Straße 70","detail":"1 Platz · -"},"geometry":{"type":"Point","coordinates":[13.345473,52.41520704]}},{"type":"Feature","properties":{"kind":"accessible","label":"Alt-Marienfelde 57","detail":"1 Platz · -"},"geometry":{"type":"Point","coordinates":[13.363268,52.41327104]}},{"type":"Feature","properties":{"kind":"accessible","label":"Marienfelder Allee 125","detail":"2 Plätze · 8-20h"},"geometry":{"type":"Point","coordinates":[13.364882,52.41529204]}},{"type":"Feature","properties":{"kind":"accessible","label":"Marienfelder Allee 109","detail":"1 Platz · Mo-Fr 13-19h"},"geometry":{"type":"Point","coordinates":[13.366182,52.41686004]}},{"type":"Feature","properties":{"kind":"accessible","label":"Buckower Chaussee ,S-Bhf Buckower Chaussee","detail":"2 Plätze · -"},"geometry":{"type":"Point","coordinates":[13.38395,52.40925104]}},{"type":"Feature","properties":{"kind":"accessible","label":"Steinstraße, Ecke Nuthestraße","detail":"2 Plätze · -"},"geometry":{"type":"Point","coordinates":[13.398326,52.38839004]}},{"type":"Feature","properties":{"kind":"accessible","label":"Hilbertstraße 34","detail":"1 Platz · Mo-Fr 7-19h"},"geometry":{"type":"Point","coordinates":[13.395887,52.38576104]}},{"type":"Feature","properties":{"kind":"accessible","label":"Hilbertstraße 29","detail":"1 Platz · Mo-Fr 8-18:30h"},"geometry":{"type":"Point","coordinates":[13.396278,52.38495104]}},{"type":"Feature","properties":{"kind":"accessible","label":"Briesingstraße 6","detail":"2 Plätze · Mo-Sa 8-18h"},"geometry":{"type":"Point","coordinates":[13.398885,52.38593004]}},{"type":"Feature","properties":{"kind":"accessible","label":"Briesingstraße 22","detail":"2 Plätze · durchgehend"},"geometry":{"type":"Point","coordinates":[13.399391,52.38494204]}},{"type":"Feature","properties":{"kind":"accessible","label":"Lichtenrader Damm 187 - 189","detail":"1 Platz · Mo-Fr 7-18h"},"geometry":{"type":"Point","coordinates":[13.406762,52.39615404]}},{"type":"Feature","properties":{"kind":"accessible","label":"Tauernallee 48","detail":"1 Platz · Mo-So 9-18h"},"geometry":{"type":"Point","coordinates":[13.40254,52.42650104]}},{"type":"Feature","properties":{"kind":"accessible","label":"Kruckenbergstraße 1","detail":"1 Platz · -"},"geometry":{"type":"Point","coordinates":[13.390107,52.43162804]}},{"type":"Feature","properties":{"kind":"accessible","label":"Hundsteinweg 28 - 30, ggü. Straßenseite","detail":"1 Platz · Mo-Fr 6-22h"},"geometry":{"type":"Point","coordinates":[13.395178,52.43239704]}},{"type":"Feature","properties":{"kind":"accessible","label":"Ankogelweg 95","detail":"4 Plätze · -"},"geometry":{"type":"Point","coordinates":[13.400826,52.41948704]}},{"type":"Feature","properties":{"kind":"accessible","label":"Pallasstraße 27, Stadtteilbibliothek","detail":"1 Platz · Mo-Fr 7-17h"},"geometry":{"type":"Point","coordinates":[13.35659,52.49440304]}},{"type":"Feature","properties":{"kind":"accessible","label":"Bülowstraße 6","detail":"1 Platz · Di-So 15-22h"},"geometry":{"type":"Point","coordinates":[13.356037,52.49889104]}},{"type":"Feature","properties":{"kind":"accessible","label":"Potsdamer Straße 182","detail":"2 Plätze · Mo-Fr 8-18h"},"geometry":{"type":"Point","coordinates":[13.360817,52.49349104]}},{"type":"Feature","properties":{"kind":"accessible","label":"Bayreuther Straße 42","detail":"2 Plätze · -"},"geometry":{"type":"Point","coordinates":[13.344356,52.50297304]}},{"type":"Feature","properties":{"kind":"accessible","label":"Varziner Straße 3","detail":"1 Platz · Mo-Fr 9-18h, Sa 9-14h"},"geometry":{"type":"Point","coordinates":[13.331461,52.47735304]}},{"type":"Feature","properties":{"kind":"accessible","label":"Varziner Straße 5","detail":"1 Platz · Mo-Fr 9-14h"},"geometry":{"type":"Point","coordinates":[13.329612,52.47736404]}},{"type":"Feature","properties":{"kind":"accessible","label":"Wünsdorfer Straße 100","detail":"1 Platz · -"},"geometry":{"type":"Point","coordinates":[13.394614,52.38803204]}},{"type":"Feature","properties":{"kind":"accessible","label":"Symeonstraße 4","detail":"1 Platz · Mo-Fr 7-16h"},"geometry":{"type":"Point","coordinates":[13.35866,52.41761604]}},{"type":"Feature","properties":{"kind":"accessible","label":"Tauernallee 11","detail":"1 Platz · Mo-Fr 9-18h"},"geometry":{"type":"Point","coordinates":[13.398215,52.42446504]}},{"type":"Feature","properties":{"kind":"accessible","label":"Königstraße 27","detail":"1 Platz · Mo-Sa 8-18h"},"geometry":{"type":"Point","coordinates":[13.384675,52.44673904]}},{"type":"Feature","properties":{"kind":"accessible","label":"Alarichstraße ggü. 8","detail":"2 Plätze · Mo-Fr 8-18h"},"geometry":{"type":"Point","coordinates":[13.377552,52.45312504]}},{"type":"Feature","properties":{"kind":"accessible","label":"Felixstraße 33","detail":"2 Plätze · Mo-Fr 7-20h; Sa 8-16h"},"geometry":{"type":"Point","coordinates":[13.394373,52.46160004]}},{"type":"Feature","properties":{"kind":"accessible","label":"Wüsthoffstraße ggü. 8","detail":"2 Plätze · durchgehend"},"geometry":{"type":"Point","coordinates":[13.37301,52.47885704]}},{"type":"Feature","properties":{"kind":"accessible","label":"Bayernring ggü. 32","detail":"1 Platz · -"},"geometry":{"type":"Point","coordinates":[13.378962,52.48331704]}},{"type":"Feature","properties":{"kind":"accessible","label":"Alboinstraße, Parkplatz Ikea","detail":"12 Plätze · -"},"geometry":{"type":"Point","coordinates":[13.367935,52.47009404]}},{"type":"Feature","properties":{"kind":"accessible","label":"Bundesallee 73, DRK","detail":"2 Plätze · Mo-Fr 9-19h"},"geometry":{"type":"Point","coordinates":[13.32827,52.47420804]}},{"type":"Feature","properties":{"kind":"accessible","label":"Stierstraße 7","detail":"1 Platz · -"},"geometry":{"type":"Point","coordinates":[13.337553,52.47573604]}},{"type":"Feature","properties":{"kind":"accessible","label":"Vorarlberger Damm 38","detail":"2 Plätze · -"},"geometry":{"type":"Point","coordinates":[13.356333,52.47261404]}},{"type":"Feature","properties":{"kind":"accessible","label":"Ella-Barowsky-Straße 13","detail":"2 Plätze · durchgehend"},"geometry":{"type":"Point","coordinates":[13.358671,52.47766004]}},{"type":"Feature","properties":{"kind":"accessible","label":"Wexstraße 2","detail":"2 Plätze · Mo-Fr 8:30-18:30h"},"geometry":{"type":"Point","coordinates":[13.342562,52.47891304]}},{"type":"Feature","properties":{"kind":"accessible","label":"Winterfeldstraße 56","detail":"1 Platz · -"},"geometry":{"type":"Point","coordinates":[13.351749,52.49678004]}},{"type":"Feature","properties":{"kind":"accessible","label":"Winterfeldstraße 1","detail":"1 Platz · -"},"geometry":{"type":"Point","coordinates":[13.360903,52.49595204]}},{"type":"Feature","properties":{"kind":"accessible","label":"Motzstraße 54","detail":"1 Platz · -"},"geometry":{"type":"Point","coordinates":[13.342973,52.49615104]}},{"type":"Feature","properties":{"kind":"accessible","label":"Welserstraße 22","detail":"1 Platz · -"},"geometry":{"type":"Point","coordinates":[13.342112,52.49871004]}},{"type":"Feature","properties":{"kind":"accessible","label":"Bozener Str. 11/12","detail":"2 Plätze · Mo-Fr 8-18 Uhr"},"geometry":{"type":"Point","coordinates":[13.337996,52.48680704]}},{"type":"Feature","properties":{"kind":"accessible","label":"Feurigstr. 53","detail":"1 Platz · Mo-Fr 8-10h und 15-17h"},"geometry":{"type":"Point","coordinates":[13.354421,52.48354604]}},{"type":"Feature","properties":{"kind":"accessible","label":"Feurigstr. 68","detail":"1 Platz · Mo-Sa 8-20h"},"geometry":{"type":"Point","coordinates":[13.359712,52.48595704]}},{"type":"Feature","properties":{"kind":"accessible","label":"Fregestr. Ggü. Nr. 50","detail":"1 Platz · Mo-Sa 9-20h"},"geometry":{"type":"Point","coordinates":[13.33503569,52.46650802]}},{"type":"Feature","properties":{"kind":"accessible","label":"Goltzstr. ggü. 29","detail":"2 Plätze · -"},"geometry":{"type":"Point","coordinates":[13.354089,52.49580804]}},{"type":"Feature","properties":{"kind":"accessible","label":"Gotenstr. 12","detail":"1 Platz · Mo-Fr 10-17h"},"geometry":{"type":"Point","coordinates":[13.360223,52.48249004]}},{"type":"Feature","properties":{"kind":"accessible","label":"Rheinstr. 10","detail":"1 Platz · Mo-Sa 10-20h"},"geometry":{"type":"Point","coordinates":[13.333832,52.47031504]}},{"type":"Feature","properties":{"kind":"accessible","label":"Südwestkorso 8","detail":"1 Platz · Mo-Fr 8-18h"},"geometry":{"type":"Point","coordinates":[13.324923,52.47588204]}},{"type":"Feature","properties":{"kind":"accessible","label":"Friedrich-Franz-Str. 11B","detail":"2 Plätze · 8-20h"},"geometry":{"type":"Point","coordinates":[13.379017,52.46007904]}},{"type":"Feature","properties":{"kind":"accessible","label":"Götzstr. 18","detail":"2 Plätze · 7-22h"},"geometry":{"type":"Point","coordinates":[13.389559,52.46446004]}},{"type":"Feature","properties":{"kind":"accessible","label":"Manfred-von-Richthofen-Str. 11","detail":"1 Platz · Mo-Fr 8-19h; Sa 8-16h"},"geometry":{"type":"Point","coordinates":[13.383477,52.48366304]}},{"type":"Feature","properties":{"kind":"accessible","label":"Manfred-von-Richthofen-Str. 14","detail":"1 Platz · Mo-Fr 8-19h, Sa 8-16h"},"geometry":{"type":"Point","coordinates":[13.382916,52.48356004]}},{"type":"Feature","properties":{"kind":"accessible","label":"Ringbahnstr. 101-103","detail":"1 Platz · Mo-Sa 6-18h"},"geometry":{"type":"Point","coordinates":[13.381172,52.46858604]}},{"type":"Feature","properties":{"kind":"accessible","label":"Ullsteinstr. 138","detail":"2 Plätze · -"},"geometry":{"type":"Point","coordinates":[13.385577,52.45288104]}},{"type":"Feature","properties":{"kind":"accessible","label":"Schichauweg Park & Ride","detail":"5 Plätze · -"},"geometry":{"type":"Point","coordinates":[13.388898,52.39863504]}},{"type":"Feature","properties":{"kind":"accessible","label":"Anzengruber Straße 1","detail":"2 Plätze · Mo-Sa 8-20 h"},"geometry":{"type":"Point","coordinates":[13.43721076,52.48006849]}},{"type":"Feature","properties":{"kind":"accessible","label":"Donaustraße 29","detail":"2 Plätze · Mo,Mi,Fr 9-15h, Di,Do 11-18h"},"geometry":{"type":"Point","coordinates":[13.43681869,52.4816762]}},{"type":"Feature","properties":{"kind":"accessible","label":"Donaustraße 52","detail":"1 Platz · Mo-Fr 9-18h, Sa 9-13h"},"geometry":{"type":"Point","coordinates":[13.44156024,52.47881987]}},{"type":"Feature","properties":{"kind":"accessible","label":"Ganghoferstraße 3","detail":"2 Plätze · Mo-Fr 9-18h, Sa 9-14h"},"geometry":{"type":"Point","coordinates":[13.43961497,52.47929141]}},{"type":"Feature","properties":{"kind":"accessible","label":"Hobrechtstraße 32","detail":"1 Platz · Durchgehend"},"geometry":{"type":"Point","coordinates":[13.42596559,52.49191536]}},{"type":"Feature","properties":{"kind":"accessible","label":"Herrnhuter Weg 17","detail":"2 Plätze · Mo-Fr 8-20h, Sa 8-16h"},"geometry":{"type":"Point","coordinates":[13.44048107,52.47585693]}},{"type":"Feature","properties":{"kind":"accessible","label":"Pflügerstraße 29/31 (Quartierssporthalle Campus Rütli)","detail":"5 Plätze · Durchgehend"},"geometry":{"type":"Point","coordinates":[13.43539154,52.48922312]}},{"type":"Feature","properties":{"kind":"accessible","label":"Richardstraße 1","detail":"1 Platz · Durchgehend"},"geometry":{"type":"Point","coordinates":[13.43815423,52.47873212]}},{"type":"Feature","properties":{"kind":"accessible","label":"Richardstraße 13","detail":"2 Plätze · Mo-So 12-01h"},"geometry":{"type":"Point","coordinates":[13.43998675,52.47759303]}},{"type":"Feature","properties":{"kind":"accessible","label":"Roseggerstraße 50","detail":"1 Platz · Mo-Fr 15-19h"},"geometry":{"type":"Point","coordinates":[13.44330649,52.47806608]}},{"type":"Feature","properties":{"kind":"accessible","label":"Harzer Straße 73/74 (Sinsheimer Weg)","detail":"2 Plätze · Mo-Fr 7-14h"},"geometry":{"type":"Point","coordinates":[13.45171941,52.4839946]}},{"type":"Feature","properties":{"kind":"accessible","label":"Spremberger Straße 1","detail":"2 Plätze · Mo-Fr 8-19h"},"geometry":{"type":"Point","coordinates":[13.42339047,52.49328581]}},{"type":"Feature","properties":{"kind":"accessible","label":"Sonnenallee 61","detail":"1 Platz · Mo-Fr 9-18h"},"geometry":{"type":"Point","coordinates":[13.43428695,52.48474437]}},{"type":"Feature","properties":{"kind":"accessible","label":"Sonnenallee 282","detail":"3 Plätze · Mo-Do 8-17h, Fr 8-12h"},"geometry":{"type":"Point","coordinates":[13.46474586,52.46982139]}},{"type":"Feature","properties":{"kind":"accessible","label":"Boddinstraße 1","detail":"3 Plätze · Mo-Sa 8-20h"},"geometry":{"type":"Point","coordinates":[13.43421384,52.48107831]}},{"type":"Feature","properties":{"kind":"accessible","label":"Bornsdorfer Straße 15","detail":"1 Platz · Mo-Fr 6-17h"},"geometry":{"type":"Point","coordinates":[13.43689387,52.4768076]}},{"type":"Feature","properties":{"kind":"accessible","label":"Briesestraße 1","detail":"1 Platz · Mo-Fr 9-18h"},"geometry":{"type":"Point","coordinates":[13.43750396,52.47817163]}},{"type":"Feature","properties":{"kind":"accessible","label":"Bruno-Bauer-Straße 10","detail":"1 Platz · Mo-So 7-17h"},"geometry":{"type":"Point","coordinates":[13.43874379,52.46417768]}},{"type":"Feature","properties":{"kind":"accessible","label":"Columbiadamm (Haupteingang Tempelhofer Feld)","detail":"4 Plätze · Durchgehend"},"geometry":{"type":"Point","coordinates":[13.40722242,52.48250423]}},{"type":"Feature","properties":{"kind":"accessible","label":"Columbiadamm 122","detail":"2 Plätze · Durchgehend"},"geometry":{"type":"Point","coordinates":[13.40835747,52.48046434]}},{"type":"Feature","properties":{"kind":"accessible","label":"Columbiadamm 160","detail":"2 Plätze · Durchgehend"},"geometry":{"type":"Point","coordinates":[13.41589007,52.48023774]}},{"type":"Feature","properties":{"kind":"accessible","label":"Erlanger Straße 6","detail":"1 Platz · Mo-So 7-19h"},"geometry":{"type":"Point","coordinates":[13.43023429,52.48214283]}},{"type":"Feature","properties":{"kind":"accessible","label":"Glasower Straße/Ecke Hermannstraße (Kino)","detail":"2 Plätze · Durchgehend"},"geometry":{"type":"Point","coordinates":[13.4335803,52.4640263]}},{"type":"Feature","properties":{"kind":"accessible","label":"Hermannstraße 254","detail":"1 Platz · Mo-Fr 8-18h"},"geometry":{"type":"Point","coordinates":[13.42440186,52.48534828]}},{"type":"Feature","properties":{"kind":"accessible","label":"Herrfurthstraße (Haupteingang Main Entrance)","detail":"2 Plätze · Durchgehend"},"geometry":{"type":"Point","coordinates":[13.41866755,52.47673388]}},{"type":"Feature","properties":{"kind":"accessible","label":"Juliusstraße 67","detail":"1 Platz · Mo,Di,Mi,Fr 9-15h, Do 13-18h"},"geometry":{"type":"Point","coordinates":[13.44245033,52.4640327]}},{"type":"Feature","properties":{"kind":"accessible","label":"Karl-Marx-Straße  197","detail":"1 Platz · Durchgehend"},"geometry":{"type":"Point","coordinates":[13.44125249,52.47270211]}},{"type":"Feature","properties":{"kind":"accessible","label":"Karl-Marx-Straße 27","detail":"2 Plätze · Mo-Sa 8-20h"},"geometry":{"type":"Point","coordinates":[13.42843466,52.4846266]}},{"type":"Feature","properties":{"kind":"accessible","label":"Leinestraße 51","detail":"2 Plätze · Mo-Fr 9-18h"},"geometry":{"type":"Point","coordinates":[13.42605691,52.47314184]}},{"type":"Feature","properties":{"kind":"accessible","label":"Morusstraße 29","detail":"1 Platz · Mo-Fr 8-18h"},"geometry":{"type":"Point","coordinates":[13.43363738,52.47591589]}},{"type":"Feature","properties":{"kind":"accessible","label":"Neckarstraße 1","detail":"2 Plätze · Mo-Sa 8-20h"},"geometry":{"type":"Point","coordinates":[13.4353908,52.48042129]}},{"type":"Feature","properties":{"kind":"accessible","label":"Oderstraße 174","detail":"2 Plätze · Durchgehend"},"geometry":{"type":"Point","coordinates":[13.42031464,52.47047005]}},{"type":"Feature","properties":{"kind":"accessible","label":"Rollbergstraße 9","detail":"1 Platz · Durchgehend"},"geometry":{"type":"Point","coordinates":[13.43467484,52.47922718]}},{"type":"Feature","properties":{"kind":"accessible","label":"Rollbergstraße gegenüber 1","detail":"2 Plätze · Mo-Sa 8-20h"},"geometry":{"type":"Point","coordinates":[13.43665389,52.47956261]}},{"type":"Feature","properties":{"kind":"accessible","label":"Saltykowstraße 2","detail":"4 Plätze · Mo-Fr 8-20h, Sa. 8-16h"},"geometry":{"type":"Point","coordinates":[13.43853942,52.47666192]}},{"type":"Feature","properties":{"kind":"accessible","label":"Silbersteinstraße 42/46","detail":"2 Plätze · Durchgehend"},"geometry":{"type":"Point","coordinates":[13.43488899,52.46681856]}},{"type":"Feature","properties":{"kind":"accessible","label":"Suderoder Straße 31","detail":"1 Platz · Mo-Fr 7-18h"},"geometry":{"type":"Point","coordinates":[13.43310424,52.4612672]}},{"type":"Feature","properties":{"kind":"accessible","label":"Wissmannstraße Ecke Hasenheide 1","detail":"1 Platz · Durchgehend"},"geometry":{"type":"Point","coordinates":[13.42326557,52.48632317]}},{"type":"Feature","properties":{"kind":"accessible","label":"Bat-Yam-Platz (Gemeinschaftshaus)","detail":"8 Plätze · Durchgehend"},"geometry":{"type":"Point","coordinates":[13.46364375,52.42574115]}},{"type":"Feature","properties":{"kind":"accessible","label":"Britzer Damm  108","detail":"1 Platz · Mo-So 8-18h"},"geometry":{"type":"Point","coordinates":[13.43820797,52.45332396]}},{"type":"Feature","properties":{"kind":"accessible","label":"Blaschkoallee 32","detail":"2 Plätze · Durchgehend"},"geometry":{"type":"Point","coordinates":[13.44625898,52.45250109]}},{"type":"Feature","properties":{"kind":"accessible","label":"Buckower Damm 146/148","detail":"3 Plätze · Durchgehend"},"geometry":{"type":"Point","coordinates":[13.42440864,52.43328868]}},{"type":"Feature","properties":{"kind":"accessible","label":"Buckower Damm 151","detail":"1 Platz · Durchgehend"},"geometry":{"type":"Point","coordinates":[13.43513962,52.43002668]}},{"type":"Feature","properties":{"kind":"accessible","label":"Elfriede-Kuhr-Straße (Gymnasium)","detail":"1 Platz · Durchgehend"},"geometry":{"type":"Point","coordinates":[13.50768508,52.40412287]}},{"type":"Feature","properties":{"kind":"accessible","label":"Gradestraße 36","detail":"1 Platz · Durchgehend"},"geometry":{"type":"Point","coordinates":[13.43135957,52.45251872]}},{"type":"Feature","properties":{"kind":"accessible","label":"Goldammerstraße 1","detail":"2 Plätze · Mo-So 8-18h"},"geometry":{"type":"Point","coordinates":[13.47244682,52.43117768]}},{"type":"Feature","properties":{"kind":"accessible","label":"Gutschmidtstraße 31","detail":"1 Platz · Durchgehend"},"geometry":{"type":"Point","coordinates":[13.44649411,52.43684697]}},{"type":"Feature","properties":{"kind":"accessible","label":"Lieselotte-Berger-Platz 8","detail":"1 Platz · Durchgehend"},"geometry":{"type":"Point","coordinates":[13.50681675,52.40376019]}},{"type":"Feature","properties":{"kind":"accessible","label":"Lipschitzallee 20/22","detail":"2 Plätze · Durchgehend"},"geometry":{"type":"Point","coordinates":[13.47046406,52.42926588]}},{"type":"Feature","properties":{"kind":"accessible","label":"Lipschitzallee 68/70","detail":"3 Plätze · Durchgehend"},"geometry":{"type":"Point","coordinates":[13.46372188,52.42522521]}},{"type":"Feature","properties":{"kind":"accessible","label":"Mohriner Allee 151/153","detail":"5 Plätze · Durchgehend"},"geometry":{"type":"Point","coordinates":[13.41291707,52.4390926]}},{"type":"Feature","properties":{"kind":"accessible","label":"Sangerhauserweg/ Sonnengarten","detail":"4 Plätze · Durchgehend"},"geometry":{"type":"Point","coordinates":[13.41268593,52.4317797]}},{"type":"Feature","properties":{"kind":"accessible","label":"Ursulinenstraße  27","detail":"1 Platz · Durchgehend"},"geometry":{"type":"Point","coordinates":[13.50374431,52.40409499]}},{"type":"Feature","properties":{"kind":"accessible","label":"Waltersdorfer Chaussee (Gymnasium)","detail":"3 Plätze · Durchgehend"},"geometry":{"type":"Point","coordinates":[13.5089455,52.40559043]}},{"type":"Feature","properties":{"kind":"accessible","label":"Zwickauer Damm 52","detail":"2 Plätze · Durchgehend"},"geometry":{"type":"Point","coordinates":[13.47951849,52.41953505]}},{"type":"Feature","properties":{"kind":"accessible","label":"Zwickauer Damm 27","detail":"1 Platz · Durchgehend"},"geometry":{"type":"Point","coordinates":[13.48211732,52.42139236]}},{"type":"Feature","properties":{"kind":"accessible","label":"Albert-Einstein-Str. 1","detail":"2 Plätze"},"geometry":{"type":"Point","coordinates":[13.53702,52.43135004]}},{"type":"Feature","properties":{"kind":"accessible","label":"Albert-Einstein-Str. 2","detail":"3 Plätze · ohne"},"geometry":{"type":"Point","coordinates":[13.53764,52.43186004]}},{"type":"Feature","properties":{"kind":"accessible","label":"Alfred-Randt-Straße 23","detail":"1 Platz · ohne"},"geometry":{"type":"Point","coordinates":[13.60594,52.44077004]}},{"type":"Feature","properties":{"kind":"accessible","label":"Alter Markt 2","detail":"3 Plätze · Mo-Fr 10-20 Uhr, Sa 10-14 Uhr"},"geometry":{"type":"Point","coordinates":[13.57894,52.44598004]}},{"type":"Feature","properties":{"kind":"accessible","label":"Alter Schönefelder Weg 1","detail":"2 Plätze · Mo-Fr 9-18 Uhr, Sa 9-12 Uhr"},"geometry":{"type":"Point","coordinates":[13.5382,52.42043004]}},{"type":"Feature","properties":{"kind":"accessible","label":"Alt-Treptow 15","detail":"2 Plätze"},"geometry":{"type":"Point","coordinates":[13.47687,52.48783004]}},{"type":"Feature","properties":{"kind":"accessible","label":"Am Bahndamm 33","detail":"2 Plätze · ohne"},"geometry":{"type":"Point","coordinates":[13.57869,52.45923004]}},{"type":"Feature","properties":{"kind":"accessible","label":"Am Berg 2","detail":"1 Platz · Mo-Fr 8-16 Uhr"},"geometry":{"type":"Point","coordinates":[13.58674,52.44481004]}},{"type":"Feature","properties":{"kind":"accessible","label":"Am Falkenberg 128","detail":"1 Platz · Mo-Fr 8-12 und Mo u. Do 16-19"},"geometry":{"type":"Point","coordinates":[13.57095,52.41016004]}},{"type":"Feature","properties":{"kind":"accessible","label":"Am Goldmannpark ggü. 2","detail":"1 Platz"},"geometry":{"type":"Point","coordinates":[13.62558,52.45578004]}},{"type":"Feature","properties":{"kind":"accessible","label":"Am Studio 2","detail":"1 Platz · ohne"},"geometry":{"type":"Point","coordinates":[13.53844,52.43165004]}},{"type":"Feature","properties":{"kind":"accessible","label":"An der Wuhlheide 232a","detail":"1 Platz · Mo-Fr 9-18 Uhr"},"geometry":{"type":"Point","coordinates":[13.55296,52.45586004]}},{"type":"Feature","properties":{"kind":"accessible","label":"Arndtstraße 28","detail":"1 Platz · Mo-Fr 8-19 Uhr"},"geometry":{"type":"Point","coordinates":[13.55209,52.43628004]}},{"type":"Feature","properties":{"kind":"accessible","label":"Aßmannstraße 66","detail":"1 Platz"},"geometry":{"type":"Point","coordinates":[13.62738,52.45039004]}},{"type":"Feature","properties":{"kind":"accessible","label":"Aßmannstraße 10","detail":"1 Platz"},"geometry":{"type":"Point","coordinates":[13.6179,52.45096004]}},{"type":"Feature","properties":{"kind":"accessible","label":"Aßmannstr. 46","detail":"1 Platz · Mo-Fr 8-20 Uhr"},"geometry":{"type":"Point","coordinates":[13.62414,52.45055004]}},{"type":"Feature","properties":{"kind":"accessible","label":"Bahnhofstraße 33-38","detail":"2 Plätze · Mo-Fr 8-20 Uhr, Sa 8-16 Uhr"},"geometry":{"type":"Point","coordinates":[13.57833,52.45756004]}},{"type":"Feature","properties":{"kind":"accessible","label":"Bahnhofstraße 2b","detail":"1 Platz · Mo-Fr 9-19 Uhr, Sa-So 10-14 Uhr"},"geometry":{"type":"Point","coordinates":[13.5753,52.45358004]}},{"type":"Feature","properties":{"kind":"accessible","label":"Bahnhofstraße 4","detail":"1 Platz"},"geometry":{"type":"Point","coordinates":[13.57588,52.45411004]}},{"type":"Feature","properties":{"kind":"accessible","label":"Bahnhofstraße 50","detail":"2 Plätze · Mo-Fr 7-18 Uhr"},"geometry":{"type":"Point","coordinates":[13.57659,52.45516004]}},{"type":"Feature","properties":{"kind":"accessible","label":"Beermannstraße 5","detail":"1 Platz · ohne"},"geometry":{"type":"Point","coordinates":[13.45681,52.49008004]}},{"type":"Feature","properties":{"kind":"accessible","label":"Bölschestraße 35","detail":"2 Plätze"},"geometry":{"type":"Point","coordinates":[13.62489,52.45134004]}},{"type":"Feature","properties":{"kind":"accessible","label":"Bölschestraße 87","detail":"1 Platz · begrenzt auf 2h"},"geometry":{"type":"Point","coordinates":[13.62502,52.45442004]}},{"type":"Feature","properties":{"kind":"accessible","label":"Böttcherstraße 1","detail":"3 Plätze · ohne"},"geometry":{"type":"Point","coordinates":[13.57541,52.44520004]}},{"type":"Feature","properties":{"kind":"accessible","label":"Schönblicker Str.","detail":"1 Platz · ohne"},"geometry":{"type":"Point","coordinates":[13.72011,52.43891004]}},{"type":"Feature","properties":{"kind":"accessible","label":"Ernst-Grube-Straße 7","detail":"1 Platz · ohne"},"geometry":{"type":"Point","coordinates":[13.56189,52.44730004]}},{"type":"Feature","properties":{"kind":"accessible","label":"Fennstraße 29-30","detail":"2 Plätze · Mo-Fr 8-18 Uhr"},"geometry":{"type":"Point","coordinates":[13.51553,52.45330004]}},{"type":"Feature","properties":{"kind":"accessible","label":"Firlstraße 25","detail":"1 Platz · ohne"},"geometry":{"type":"Point","coordinates":[13.52274,52.46214004]}},{"type":"Feature","properties":{"kind":"accessible","label":"Flutstr. 2","detail":"1 Platz · Mo-Fr 7-19 Uhr, begrenzt auf 1h"},"geometry":{"type":"Point","coordinates":[13.51352,52.45592004]}},{"type":"Feature","properties":{"kind":"accessible","label":"Freiheit 1a","detail":"2 Plätze · ohne"},"geometry":{"type":"Point","coordinates":[13.57598,52.44744004]}},{"type":"Feature","properties":{"kind":"accessible","label":"Fürstenwalder Damm 838","detail":"2 Plätze"},"geometry":{"type":"Point","coordinates":[13.67775,52.44462004]}},{"type":"Feature","properties":{"kind":"accessible","label":"Fürstenwalder Damm 880","detail":"8 Plätze"},"geometry":{"type":"Point","coordinates":[13.68407,52.44256004]}},{"type":"Feature","properties":{"kind":"accessible","label":"Fürstenwalder Damm 838","detail":"2 Plätze"},"geometry":{"type":"Point","coordinates":[13.67021,52.44739004]}},{"type":"Feature","properties":{"kind":"accessible","label":"Gartenstraße 39a","detail":"1 Platz · täglich 6-22 Uhr"},"geometry":{"type":"Point","coordinates":[13.57622,52.44112004]}},{"type":"Feature","properties":{"kind":"accessible","label":"Genossenschaftsstraße 68","detail":"1 Platz"},"geometry":{"type":"Point","coordinates":[13.54686,52.43814004]}},{"type":"Feature","properties":{"kind":"accessible","label":"Glienicker Straße 36","detail":"1 Platz · ohne"},"geometry":{"type":"Point","coordinates":[13.56588,52.43946004]}},{"type":"Feature","properties":{"kind":"accessible","label":"Griechische Allee 21","detail":"1 Platz · Mo-Fr 6-18 Uhr"},"geometry":{"type":"Point","coordinates":[13.51878,52.46454004]}},{"type":"Feature","properties":{"kind":"accessible","label":"Groß-Berliner-Damm 73a-b","detail":"2 Plätze · ohne"},"geometry":{"type":"Point","coordinates":[13.51585,52.44562004]}},{"type":"Feature","properties":{"kind":"accessible","label":"Karlstraße 9","detail":"1 Platz · tägl. 7-19 Uhr (2h begrenzt parken)"},"geometry":{"type":"Point","coordinates":[13.57984,52.44227004]}},{"type":"Feature","properties":{"kind":"accessible","label":"Karlstraße ggü. 7","detail":"2 Plätze · Mo-Fr 8-19 Uhr, Sa 8-13 Uhr; begrenzt auf 2h"},"geometry":{"type":"Point","coordinates":[13.58032,52.44291004]}},{"type":"Feature","properties":{"kind":"accessible","label":"Kiefholzstraße 179","detail":"1 Platz · Mo-Fr 7-18 Uhr"},"geometry":{"type":"Point","coordinates":[13.48566,52.46651004]}},{"type":"Feature","properties":{"kind":"accessible","label":"Kiefholzstraße 259-260","detail":"2 Plätze · Mo-Fr 8-19 Uhr, Sa 8-14 Uhr"},"geometry":{"type":"Point","coordinates":[13.48644,52.46613004]}},{"type":"Feature","properties":{"kind":"accessible","label":"Kiefholzstraße 221","detail":"4 Plätze"},"geometry":{"type":"Point","coordinates":[13.49369,52.46032004]}},{"type":"Feature","properties":{"kind":"accessible","label":"Klingerstr. 1","detail":"1 Platz · Mo-Fr 7-18 Uhr"},"geometry":{"type":"Point","coordinates":[13.4695,52.48331004]}},{"type":"Feature","properties":{"kind":"accessible","label":"Köllnische Straße ggü. 68","detail":"1 Platz · Di-So 10-18 Uhr"},"geometry":{"type":"Point","coordinates":[13.51852,52.45341004]}},{"type":"Feature","properties":{"kind":"accessible","label":"Köpenicker Landstraße 38 (S-Bhf. Plänterwald)","detail":"2 Plätze · ohne"},"geometry":{"type":"Point","coordinates":[13.47415,52.47904004]}},{"type":"Feature","properties":{"kind":"accessible","label":"Köpenicker Straße/Rudolf-Rühl-Allee","detail":"1 Platz · ohne"},"geometry":{"type":"Point","coordinates":[13.55343,52.46927004]}},{"type":"Feature","properties":{"kind":"accessible","label":"Martin-Hoffmann-Str. 14","detail":"2 Plätze · Mo-Fr 7-19 Uhr"},"geometry":{"type":"Point","coordinates":[13.46002,52.49412004]}},{"type":"Feature","properties":{"kind":"accessible","label":"Martin-Hoffmann-Str. 18","detail":"1 Platz · Mo-Fr 9-18 Uhr"},"geometry":{"type":"Point","coordinates":[13.45844,52.49492004]}},{"type":"Feature","properties":{"kind":"accessible","label":"Mathildenstraße 5a","detail":"3 Plätze · Mo-Do 7-20 Uhr, Fr 7-18 Uhr, Sa 9-13 Uhr"},"geometry":{"type":"Point","coordinates":[13.5266,52.46003004]}},{"type":"Feature","properties":{"kind":"accessible","label":"Merlitzstraße ggü. 8","detail":"1 Platz · Mo-Fr 7-19 Uhr, Sa 7-14 Uhr, (2h begrenzt parken)"},"geometry":{"type":"Point","coordinates":[13.53675,52.43449004]}},{"type":"Feature","properties":{"kind":"accessible","label":"Mörickestraße 7","detail":"1 Platz"},"geometry":{"type":"Point","coordinates":[13.48493,52.46588004]}},{"type":"Feature","properties":{"kind":"accessible","label":"Müggelheimer Damm 143","detail":"3 Plätze"},"geometry":{"type":"Point","coordinates":[13.63004,52.42611004]}},{"type":"Feature","properties":{"kind":"accessible","label":"Myliusgarten ggü. 20","detail":"1 Platz · Mo-Fr 8-19 Uhr"},"geometry":{"type":"Point","coordinates":[13.62333,52.45200004]}},{"type":"Feature","properties":{"kind":"accessible","label":"Neue Krugallee 4","detail":"2 Plätze"},"geometry":{"type":"Point","coordinates":[13.47997,52.48386004]}},{"type":"Feature","properties":{"kind":"accessible","label":"Nipkowstraße 23","detail":"1 Platz · Mo-Fr 8-17 Uhr"},"geometry":{"type":"Point","coordinates":[13.54967,52.43656004]}},{"type":"Feature","properties":{"kind":"accessible","label":"Ostendstraße 1-14","detail":"2 Plätze · Mo-Fr 9-18 Uhr"},"geometry":{"type":"Point","coordinates":[13.53498,52.45723004]}},{"type":"Feature","properties":{"kind":"accessible","label":"Pablo-Neruda-Straße 2-4","detail":"2 Plätze · ohne"},"geometry":{"type":"Point","coordinates":[13.58651,52.44158004]}},{"type":"Feature","properties":{"kind":"accessible","label":"Paradiesstraße 202","detail":"4 Plätze · ohne"},"geometry":{"type":"Point","coordinates":[13.55806,52.40629004]}},{"type":"Feature","properties":{"kind":"accessible","label":"Parrisiusstraße 18","detail":"1 Platz · Mo-Fr 8-20 Uhr"},"geometry":{"type":"Point","coordinates":[13.58078,52.45665004]}},{"type":"Feature","properties":{"kind":"accessible","label":"Pfarrer-Goosmann-Str. 19","detail":"1 Platz · Mo-Fr 8-18 Uhr"},"geometry":{"type":"Point","coordinates":[13.53286,52.43531004]}},{"type":"Feature","properties":{"kind":"accessible","label":"Puchanstraße 12","detail":"1 Platz · Mo-Mi,Fr 8-15 Uhr, Do 8-18 Uhr"},"geometry":{"type":"Point","coordinates":[13.57926,52.45486004]}},{"type":"Feature","properties":{"kind":"accessible","label":"Puschkinallee","detail":"4 Plätze"},"geometry":{"type":"Point","coordinates":[13.4677,52.49100004]}},{"type":"Feature","properties":{"kind":"accessible","label":"Bruno-Taut-Str.","detail":"2 Plätze · Mo-Fr 9-19 Uhr, Sa 9-14 Uhr"},"geometry":{"type":"Point","coordinates":[13.57156,52.41294004]}},{"type":"Feature","properties":{"kind":"accessible","label":"Salvador-Allende-Straße 2-8","detail":"3 Plätze · ohne"},"geometry":{"type":"Point","coordinates":[13.59361,52.44064004]}},{"type":"Feature","properties":{"kind":"accessible","label":"Scharnweberstraße 104","detail":"1 Platz"},"geometry":{"type":"Point","coordinates":[13.62754,52.44935004]}},{"type":"Feature","properties":{"kind":"accessible","label":"Schnellerstraße 21","detail":"3 Plätze · 2h begrenzt parken"},"geometry":{"type":"Point","coordinates":[13.50951,52.45629004]}},{"type":"Feature","properties":{"kind":"accessible","label":"Schnellerstraße 94","detail":"4 Plätze · Mo-Fr 8-17 Uhr"},"geometry":{"type":"Point","coordinates":[13.52509,52.45292004]}},{"type":"Feature","properties":{"kind":"accessible","label":"Dahlwitzer Landstraße 2","detail":"2 Plätze"},"geometry":{"type":"Point","coordinates":[13.62589,52.45786004]}},{"type":"Feature","properties":{"kind":"accessible","label":"Seelenbinderstraße 26","detail":"1 Platz · Mo-Fr 9-16 Uhr"},"geometry":{"type":"Point","coordinates":[13.57934,52.45553004]}},{"type":"Feature","properties":{"kind":"accessible","label":"Seelenbinderstraße 99","detail":"2 Plätze · Mo-Fr 8-17 Uhr"},"geometry":{"type":"Point","coordinates":[13.58899,52.45558004]}},{"type":"Feature","properties":{"kind":"accessible","label":"Segelfliegerdamm 65","detail":"1 Platz"},"geometry":{"type":"Point","coordinates":[13.50828,52.44099004]}},{"type":"Feature","properties":{"kind":"accessible","label":"Slabystraße ggü. 7","detail":"1 Platz · ohne"},"geometry":{"type":"Point","coordinates":[13.53213,52.45788004]}},{"type":"Feature","properties":{"kind":"accessible","label":"Schnellerstraße ggü. 126","detail":"1 Platz · Mo-Fr 9-18 Uhr"},"geometry":{"type":"Point","coordinates":[13.51126,52.45609004]}},{"type":"Feature","properties":{"kind":"accessible","label":"Sterndamm 1-13","detail":"1 Platz"},"geometry":{"type":"Point","coordinates":[13.5101,52.45314004]}},{"type":"Feature","properties":{"kind":"accessible","label":"Sterndamm 9","detail":"1 Platz · Mo-Fr 8-17 Uhr"},"geometry":{"type":"Point","coordinates":[13.50967,52.45285004]}},{"type":"Feature","properties":{"kind":"accessible","label":"Sterndamm 73","detail":"1 Platz · Mo-Fr 7-12 Uhr und 16-18 Uhr (2h begrenzt parken)"},"geometry":{"type":"Point","coordinates":[13.50619,52.44610004]}},{"type":"Feature","properties":{"kind":"accessible","label":"Straße zum FEZ 2","detail":"10 Plätze · ohne"},"geometry":{"type":"Point","coordinates":[13.55023,52.45973004]}},{"type":"Feature","properties":{"kind":"accessible","label":"Straße zum Müggelhort","detail":"1 Platz"},"geometry":{"type":"Point","coordinates":[13.6753,52.43222004]}},{"type":"Feature","properties":{"kind":"accessible","label":"Südostallee 212","detail":"3 Plätze · ohne"},"geometry":{"type":"Point","coordinates":[13.50524,52.45327004]}},{"type":"Feature","properties":{"kind":"accessible","label":"Treskowallee 207","detail":"2 Plätze"},"geometry":{"type":"Point","coordinates":[13.51802,52.47113004]}},{"type":"Feature","properties":{"kind":"accessible","label":"Winckelmannstr. 7","detail":"1 Platz · Mo-Fr 7-19 Uhr"},"geometry":{"type":"Point","coordinates":[13.50544,52.44453004]}},{"type":"Feature","properties":{"kind":"accessible","label":"Puschkinallee 49","detail":"1 Platz"},"geometry":{"type":"Point","coordinates":[13.457,52.49300004]}},{"type":"Feature","properties":{"kind":"accessible","label":"Alter Fischerweg 1","detail":"1 Platz"},"geometry":{"type":"Point","coordinates":[13.691336,52.45171604]}},{"type":"Feature","properties":{"kind":"accessible","label":"Helene-Weigel-Platz 7","detail":"1 Platz"},"geometry":{"type":"Point","coordinates":[13.5375816,52.52834667]}},{"type":"Feature","properties":{"kind":"accessible","label":"Märkische Allee 174","detail":"1 Platz · Mo - Fr 8 - 17 Uhr"},"geometry":{"type":"Point","coordinates":[13.53772588,52.53597984]}},{"type":"Feature","properties":{"kind":"accessible","label":"Allee der Kosmonauten 97","detail":"1 Platz"},"geometry":{"type":"Point","coordinates":[13.54688967,52.5267443]}},{"type":"Feature","properties":{"kind":"accessible","label":"Helene-Weigel-Platz 10","detail":"3 Plätze"},"geometry":{"type":"Point","coordinates":[13.5414605,52.52711424]}},{"type":"Feature","properties":{"kind":"accessible","label":"Helene-Weigel-Platz 11","detail":"3 Plätze"},"geometry":{"type":"Point","coordinates":[13.54206508,52.52712492]}},{"type":"Feature","properties":{"kind":"accessible","label":"Helene-Weigel-Platz","detail":"3 Plätze"},"geometry":{"type":"Point","coordinates":[13.53971787,52.52623846]}},{"type":"Feature","properties":{"kind":"accessible","label":"Helene-Weigel-Platz 1/2","detail":"2 Plätze"},"geometry":{"type":"Point","coordinates":[13.53885971,52.5270536]}},{"type":"Feature","properties":{"kind":"accessible","label":"Helene-Weigel-Platz 1/2","detail":"2 Plätze"},"geometry":{"type":"Point","coordinates":[13.53869223,52.52715561]}},{"type":"Feature","properties":{"kind":"accessible","label":"Helene-Weigel-Platz 9","detail":"3 Plätze"},"geometry":{"type":"Point","coordinates":[13.54264764,52.52839774]}},{"type":"Feature","properties":{"kind":"accessible","label":"Alt-Marzahn 51","detail":"1 Platz"},"geometry":{"type":"Point","coordinates":[13.56097529,52.54336234]}},{"type":"Feature","properties":{"kind":"accessible","label":"Alt-Marzahn 19","detail":"2 Plätze"},"geometry":{"type":"Point","coordinates":[13.55748964,52.54446177]}},{"type":"Feature","properties":{"kind":"accessible","label":"Scheibenbergstraße 20","detail":"5 Plätze"},"geometry":{"type":"Point","coordinates":[13.55620534,52.53913695]}},{"type":"Feature","properties":{"kind":"accessible","label":"Scheibenbergstraße 23","detail":"3 Plätze"},"geometry":{"type":"Point","coordinates":[13.55605065,52.53911065]}},{"type":"Feature","properties":{"kind":"accessible","label":"Blumberger Damm 132","detail":"3 Plätze"},"geometry":{"type":"Point","coordinates":[13.57077613,52.54281424]}},{"type":"Feature","properties":{"kind":"accessible","label":"Pritzhagener Weg 21","detail":"3 Plätze · Mo - Fr 9 - 18 Uhr"},"geometry":{"type":"Point","coordinates":[13.57219832,52.54248593]}},{"type":"Feature","properties":{"kind":"accessible","label":"Pritzhagener Weg 21","detail":"2 Plätze · Mo - Sa 6 - 21 Uhr"},"geometry":{"type":"Point","coordinates":[13.57203842,52.54270113]}},{"type":"Feature","properties":{"kind":"accessible","label":"Pritzhagener Weg 21","detail":"2 Plätze"},"geometry":{"type":"Point","coordinates":[13.5722954,52.54273786]}},{"type":"Feature","properties":{"kind":"accessible","label":"Blumberger Damm 139","detail":"2 Plätze · Mo - Fr 6 - 18 Uhr"},"geometry":{"type":"Point","coordinates":[13.56833904,52.54343732]}},{"type":"Feature","properties":{"kind":"accessible","label":"Eisenacher Straße 99","detail":"9 Plätze"},"geometry":{"type":"Point","coordinates":[13.57608667,52.54007399]}},{"type":"Feature","properties":{"kind":"accessible","label":"Eisenacher Straße 99","detail":"12 Plätze"},"geometry":{"type":"Point","coordinates":[13.57760219,52.53979597]}},{"type":"Feature","properties":{"kind":"accessible","label":"Krummenseer Straße 32","detail":"2 Plätze"},"geometry":{"type":"Point","coordinates":[13.57596403,52.54132276]}},{"type":"Feature","properties":{"kind":"accessible","label":"Blumberger Damm 235","detail":"7 Plätze · Mo - Fr 7 - 16 Uhr"},"geometry":{"type":"Point","coordinates":[13.57094798,52.55271076]}},{"type":"Feature","properties":{"kind":"accessible","label":"Mehrower Allee 22","detail":"4 Plätze"},"geometry":{"type":"Point","coordinates":[13.56172589,52.55564471]}},{"type":"Feature","properties":{"kind":"accessible","label":"Wörlitzer Straße 3A","detail":"2 Plätze · Mo - Fr 8 - 19 Uhr , Sa 8 - 14 Uhr"},"geometry":{"type":"Point","coordinates":[13.56890105,52.56844587]}},{"type":"Feature","properties":{"kind":"accessible","label":"Adele-Sandrock-Straße 8","detail":"2 Plätze · Mo - Fr 8 - 20 Uhr"},"geometry":{"type":"Point","coordinates":[13.62086668,52.53324485]}},{"type":"Feature","properties":{"kind":"accessible","label":"Adele-Sandrock-Straße 75","detail":"1 Platz · Mo - Fr 11 - 18 Uhr"},"geometry":{"type":"Point","coordinates":[13.61875284,52.53515022]}},{"type":"Feature","properties":{"kind":"accessible","label":"Böhlener Straße (U-Bhf. Hönow)","detail":"3 Plätze"},"geometry":{"type":"Point","coordinates":[13.6337258,52.53877899]}},{"type":"Feature","properties":{"kind":"accessible","label":"Kummerower Ring 42","detail":"2 Plätze"},"geometry":{"type":"Point","coordinates":[13.58565653,52.52758109]}},{"type":"Feature","properties":{"kind":"accessible","label":"Bansiner Straße 21","detail":"2 Plätze"},"geometry":{"type":"Point","coordinates":[13.5850578,52.51827485]}},{"type":"Feature","properties":{"kind":"accessible","label":"Ehm-Welk-Straße 29","detail":"1 Platz · Mo - Fr 9 - 19 Uhr"},"geometry":{"type":"Point","coordinates":[13.58651768,52.52519093]}},{"type":"Feature","properties":{"kind":"accessible","label":"Fritz-Lang-Platz 1","detail":"2 Plätze"},"geometry":{"type":"Point","coordinates":[13.60306723,52.53747389]}},{"type":"Feature","properties":{"kind":"accessible","label":"Frohburger Straße 8","detail":"1 Platz"},"geometry":{"type":"Point","coordinates":[13.61726511,52.53113012]}},{"type":"Feature","properties":{"kind":"accessible","label":"Glauchauer Straße 12","detail":"1 Platz"},"geometry":{"type":"Point","coordinates":[13.60597486,52.53000778]}},{"type":"Feature","properties":{"kind":"accessible","label":"Frohburger Straße 8 / Risaer Straße","detail":"4 Plätze"},"geometry":{"type":"Point","coordinates":[13.61717843,52.53131247]}},{"type":"Feature","properties":{"kind":"accessible","label":"Heidenauer Straße 10","detail":"1 Platz"},"geometry":{"type":"Point","coordinates":[13.60919085,52.53609166]}},{"type":"Feature","properties":{"kind":"accessible","label":"Janusz-Korczak-Straße 12","detail":"3 Plätze"},"geometry":{"type":"Point","coordinates":[13.60189129,52.53792906]}},{"type":"Feature","properties":{"kind":"accessible","label":"Kokoschkastraße 32","detail":"2 Plätze"},"geometry":{"type":"Point","coordinates":[13.60586016,52.53839986]}},{"type":"Feature","properties":{"kind":"accessible","label":"Kastanienallee 53","detail":"1 Platz · Mo - Fr 8 - 18 Uhr"},"geometry":{"type":"Point","coordinates":[13.60022022,52.54005975]}},{"type":"Feature","properties":{"kind":"accessible","label":"U-Bhf. Wuhletal / Altentreptower Straße","detail":"4 Plätze"},"geometry":{"type":"Point","coordinates":[13.5747094,52.51296182]}},{"type":"Feature","properties":{"kind":"accessible","label":"Marzahner Promenade 55","detail":"2 Plätze"},"geometry":{"type":"Point","coordinates":[13.55745144,52.54695413]}},{"type":"Feature","properties":{"kind":"accessible","label":"Marzahner Promenade 12","detail":"1 Platz · Mo - Fr 8 - 19 Uhr"},"geometry":{"type":"Point","coordinates":[13.54503063,52.54233931]}},{"type":"Feature","properties":{"kind":"accessible","label":"Marzahner Promenade 1 (S-Bhf Marzahn)","detail":"1 Platz"},"geometry":{"type":"Point","coordinates":[13.54196717,52.54398551]}},{"type":"Feature","properties":{"kind":"accessible","label":"Marzahner Promenade 1 (S-Bhf Marzahn)","detail":"1 Platz"},"geometry":{"type":"Point","coordinates":[13.54215235,52.54391657]}},{"type":"Feature","properties":{"kind":"accessible","label":"Marzahner Promenade 1 (S-Bhf Marzahn)","detail":"1 Platz"},"geometry":{"type":"Point","coordinates":[13.54189533,52.54387222]}},{"type":"Feature","properties":{"kind":"accessible","label":"Marzahner Promenade 1 (S-Bhf Marzahn)","detail":"1 Platz"},"geometry":{"type":"Point","coordinates":[13.54208951,52.54381421]}},{"type":"Feature","properties":{"kind":"accessible","label":"Marzahner Promenade 1 (S-Bhf Marzahn)","detail":"1 Platz"},"geometry":{"type":"Point","coordinates":[13.54119979,52.5430568]}},{"type":"Feature","properties":{"kind":"accessible","label":"Lily-Braun-Straße 54","detail":"2 Plätze"},"geometry":{"type":"Point","coordinates":[13.59381478,52.52067857]}},{"type":"Feature","properties":{"kind":"accessible","label":"Clara-Zetkin-Weg 13","detail":"2 Plätze · Die Do Sa 7 - 22 Uhr"},"geometry":{"type":"Point","coordinates":[13.58603892,52.5210013]}},{"type":"Feature","properties":{"kind":"accessible","label":"Nelly-Sachs-Straße 5","detail":"2 Plätze"},"geometry":{"type":"Point","coordinates":[13.60688507,52.53694798]}},{"type":"Feature","properties":{"kind":"accessible","label":"Quedlinburger Straße 11","detail":"2 Plätze"},"geometry":{"type":"Point","coordinates":[13.60665943,52.53947676]}},{"type":"Feature","properties":{"kind":"accessible","label":"Suhler Straße 47","detail":"1 Platz"},"geometry":{"type":"Point","coordinates":[13.58833547,52.53691143]}},{"type":"Feature","properties":{"kind":"accessible","label":"Torgauer Straße 44","detail":"1 Platz"},"geometry":{"type":"Point","coordinates":[13.62454347,52.54138309]}},{"type":"Feature","properties":{"kind":"accessible","label":"Marzahner Promenade 9","detail":"2 Plätze · werktags 9 - 18 Uhr"},"geometry":{"type":"Point","coordinates":[13.54407077,52.54251571]}},{"type":"Feature","properties":{"kind":"accessible","label":"Meeraner Straße 5","detail":"2 Plätze · Mo - Sa 8 - 18 Uhr"},"geometry":{"type":"Point","coordinates":[13.52231736,52.52883207]}},{"type":"Feature","properties":{"kind":"accessible","label":"Fichtelbergstraße 18A","detail":"2 Plätze"},"geometry":{"type":"Point","coordinates":[13.55289588,52.53593911]}},{"type":"Feature","properties":{"kind":"accessible","label":"Franz-Stenzer-Straße 23","detail":"2 Plätze · Mo - Fr 6 - 21 Uhr"},"geometry":{"type":"Point","coordinates":[13.54934431,52.5449997]}},{"type":"Feature","properties":{"kind":"accessible","label":"Karl-Holtz-Straße 35","detail":"1 Platz"},"geometry":{"type":"Point","coordinates":[13.56830474,52.55319129]}},{"type":"Feature","properties":{"kind":"accessible","label":"Köthener Straße 4","detail":"1 Platz"},"geometry":{"type":"Point","coordinates":[13.55515836,52.56822282]}},{"type":"Feature","properties":{"kind":"accessible","label":"Premnitzer Straße 13","detail":"3 Plätze"},"geometry":{"type":"Point","coordinates":[13.55274552,52.55766635]}},{"type":"Feature","properties":{"kind":"accessible","label":"Mehrower Allee 20","detail":"2 Plätze"},"geometry":{"type":"Point","coordinates":[13.55943101,52.55547051]}},{"type":"Feature","properties":{"kind":"accessible","label":"Schwarzburger Straße 15 - 23","detail":"1 Platz"},"geometry":{"type":"Point","coordinates":[13.56939533,52.55829264]}},{"type":"Feature","properties":{"kind":"accessible","label":"Schwarzburger Straße 15 - 23","detail":"1 Platz"},"geometry":{"type":"Point","coordinates":[13.56988411,52.55813734]}},{"type":"Feature","properties":{"kind":"accessible","label":"Schwarzburger Straße 15 - 23","detail":"1 Platz"},"geometry":{"type":"Point","coordinates":[13.57033659,52.55815747]}},{"type":"Feature","properties":{"kind":"accessible","label":"Wittenberger Straße 21","detail":"2 Plätze"},"geometry":{"type":"Point","coordinates":[13.56667175,52.56539933]}},{"type":"Feature","properties":{"kind":"accessible","label":"Wittenberger Straße 23","detail":"2 Plätze"},"geometry":{"type":"Point","coordinates":[13.56782679,52.56494816]}},{"type":"Feature","properties":{"kind":"accessible","label":"Gutenbergstraße 5","detail":"1 Platz"},"geometry":{"type":"Point","coordinates":[13.58688276,52.51256152]}},{"type":"Feature","properties":{"kind":"accessible","label":"Myslowitzer Straße 59","detail":"2 Plätze"},"geometry":{"type":"Point","coordinates":[13.59137039,52.50605741]}},{"type":"Feature","properties":{"kind":"accessible","label":"Hultschiner Damm 100","detail":"1 Platz · Mo - Sa 8 - 20 Uhr"},"geometry":{"type":"Point","coordinates":[13.60262878,52.48394681]}},{"type":"Feature","properties":{"kind":"accessible","label":"Hultschiner Damm 83","detail":"2 Plätze"},"geometry":{"type":"Point","coordinates":[13.60130142,52.48266232]}},{"type":"Feature","properties":{"kind":"accessible","label":"Hönower Straße 97","detail":"1 Platz · Mo - Fr 8 - 18 Uhr, Sa 8 - 14 Uhr"},"geometry":{"type":"Point","coordinates":[13.6121162,52.5134667]}},{"type":"Feature","properties":{"kind":"accessible","label":"Apollofalterallee / Köpenicker Straße (P+R Elsterwerdaer Platz)","detail":"7 Plätze"},"geometry":{"type":"Point","coordinates":[13.56220886,52.50444415]}},{"type":"Feature","properties":{"kind":"accessible","label":"Weißenhöher Straße 64","detail":"3 Plätze · Mo - Fr 7 - 20 Uhr"},"geometry":{"type":"Point","coordinates":[13.5531933,52.50739673]}},{"type":"Feature","properties":{"kind":"accessible","label":"Parkweg 8","detail":"3 Plätze · Mo - So 6 - 23 Uhr"},"geometry":{"type":"Point","coordinates":[13.55647543,52.51019354]}},{"type":"Feature","properties":{"kind":"accessible","label":"Balzer Straße 17 - 21","detail":"2 Plätze"},"geometry":{"type":"Point","coordinates":[13.56003008,52.48766754]}},{"type":"Feature","properties":{"kind":"accessible","label":"Frankenholzer Weg / Blumberger Damm","detail":"2 Plätze"},"geometry":{"type":"Point","coordinates":[13.56306133,52.51119491]}},{"type":"Feature","properties":{"kind":"accessible","label":"Oberfeldstraße 6","detail":"1 Platz · Mo - Do 7 - 20 Uhr, Fr 7 -15 Uhr"},"geometry":{"type":"Point","coordinates":[13.55465969,52.514711]}},{"type":"Feature","properties":{"kind":"accessible","label":"Oberfeldstraße 31","detail":"1 Platz"},"geometry":{"type":"Point","coordinates":[13.55595036,52.52055735]}},{"type":"Feature","properties":{"kind":"accessible","label":"Burghardweg 44","detail":"2 Plätze"},"geometry":{"type":"Point","coordinates":[13.56922989,52.53331148]}},{"type":"Feature","properties":{"kind":"accessible","label":"Wuhlegartenweg","detail":"2 Plätze"},"geometry":{"type":"Point","coordinates":[13.55576228,52.51348229]}},{"type":"Feature","properties":{"kind":"accessible","label":"Feldberger Ring 7A","detail":"2 Plätze"},"geometry":{"type":"Point","coordinates":[13.58724653,52.52808836]}},{"type":"Feature","properties":{"kind":"accessible","label":"Bärensteinstraße 44","detail":"1 Platz"},"geometry":{"type":"Point","coordinates":[13.56833875,52.54061828]}},{"type":"Feature","properties":{"kind":"accessible","label":"Bärensteinstraße 44","detail":"1 Platz"},"geometry":{"type":"Point","coordinates":[13.5683369,52.54045159]}},{"type":"Feature","properties":{"kind":"accessible","label":"Paul-Schwenk-Straße 28","detail":"1 Platz"},"geometry":{"type":"Point","coordinates":[13.5430789,52.53848875]}},{"type":"Feature","properties":{"kind":"accessible","label":"Marzahner Promenade 12","detail":"6 Plätze"},"geometry":{"type":"Point","coordinates":[13.54579589,52.5421234]}},{"type":"Feature","properties":{"kind":"accessible","label":"Landsberger Allee 545","detail":"1 Platz"},"geometry":{"type":"Point","coordinates":[13.57505293,52.54740815]}},{"type":"Feature","properties":{"kind":"accessible","label":"Märkische Allee 262","detail":"1 Platz"},"geometry":{"type":"Point","coordinates":[13.55407251,52.55589911]}},{"type":"Feature","properties":{"kind":"accessible","label":"Märkische Allee 262","detail":"1 Platz"},"geometry":{"type":"Point","coordinates":[13.55403464,52.55564977]}},{"type":"Feature","properties":{"kind":"accessible","label":"Cecilienstraße 234","detail":"1 Platz"},"geometry":{"type":"Point","coordinates":[13.59059236,52.52283835]}},{"type":"Feature","properties":{"kind":"accessible","label":"Blumberger Damm 10","detail":"2 Plätze"},"geometry":{"type":"Point","coordinates":[13.56702704,52.52711893]}},{"type":"Feature","properties":{"kind":"accessible","label":"Hönower Straße 94","detail":"2 Plätze"},"geometry":{"type":"Point","coordinates":[13.61252954,52.5133995]}},{"type":"Feature","properties":{"kind":"accessible","label":"Alt-Biesdorf 58","detail":"2 Plätze"},"geometry":{"type":"Point","coordinates":[13.5562575,52.50903348]}},{"type":"Feature","properties":{"kind":"accessible","label":"Alt-Reinickendorf 60","detail":"1 Platz · ohne"},"geometry":{"type":"Point","coordinates":[13.35816389,52.5743466]}},{"type":"Feature","properties":{"kind":"accessible","label":"Alt-Reinickendorf 29","detail":"1 Platz · ohne"},"geometry":{"type":"Point","coordinates":[13.34928062,52.57599083]}},{"type":"Feature","properties":{"kind":"accessible","label":"Alt-Tegel 43","detail":"3 Plätze · ohne"},"geometry":{"type":"Point","coordinates":[13.2764058,52.58754308]}},{"type":"Feature","properties":{"kind":"accessible","label":"Am Borsigturm 3/ (Stichstr.)","detail":"4 Plätze · ohne"},"geometry":{"type":"Point","coordinates":[13.28769599,52.58374873]}},{"type":"Feature","properties":{"kind":"accessible","label":"Am Borsigturm 2/ Hallen Am Borsigturm","detail":"1 Platz · ohne"},"geometry":{"type":"Point","coordinates":[13.28668826,52.58385134]}},{"type":"Feature","properties":{"kind":"accessible","label":"Am Freibad/ vor Eingang","detail":"1 Platz · ohne"},"geometry":{"type":"Point","coordinates":[13.33610704,52.61841366]}},{"type":"Feature","properties":{"kind":"accessible","label":"Am Nordgraben 2","detail":"2 Plätze · ohne"},"geometry":{"type":"Point","coordinates":[13.32506578,52.58740239]}},{"type":"Feature","properties":{"kind":"accessible","label":"Am Nordgraben 6","detail":"1 Platz · ohne"},"geometry":{"type":"Point","coordinates":[13.3262839,52.58736326]}},{"type":"Feature","properties":{"kind":"accessible","label":"Am Ried/ Zugang Sportplatz","detail":"1 Platz · ohne"},"geometry":{"type":"Point","coordinates":[13.32207281,52.61626086]}},{"type":"Feature","properties":{"kind":"accessible","label":"Am Tegeler Hafen/ ggü. 44","detail":"1 Platz · 8-20 h"},"geometry":{"type":"Point","coordinates":[13.27525903,52.58898168]}},{"type":"Feature","properties":{"kind":"accessible","label":"Am Tegeler Hafen 27","detail":"1 Platz · 8-20 h"},"geometry":{"type":"Point","coordinates":[13.27633564,52.58923248]}},{"type":"Feature","properties":{"kind":"accessible","label":"Am Tegeler Hafen 4","detail":"1 Platz · 8-20 h"},"geometry":{"type":"Point","coordinates":[13.28076909,52.59051892]}},{"type":"Feature","properties":{"kind":"accessible","label":"An der Mühle 5-9","detail":"1 Platz · Mo-Fr 8-18 h"},"geometry":{"type":"Point","coordinates":[13.27919155,52.59390167]}},{"type":"Feature","properties":{"kind":"accessible","label":"Auguste-Victoria-Allee 46","detail":"1 Platz · ohne"},"geometry":{"type":"Point","coordinates":[13.31145037,52.57171983]}},{"type":"Feature","properties":{"kind":"accessible","label":"Auguste-Viktoria-Allee 99","detail":"1 Platz · ohne"},"geometry":{"type":"Point","coordinates":[13.32869715,52.56933618]}},{"type":"Feature","properties":{"kind":"accessible","label":"Bad-Steben-Straße/ hinter Rathaus","detail":"2 Plätze · ohne"},"geometry":{"type":"Point","coordinates":[13.32315103,52.58826551]}},{"type":"Feature","properties":{"kind":"accessible","label":"Berliner Straße 91","detail":"2 Plätze · Mo-Sa 8-20 h"},"geometry":{"type":"Point","coordinates":[13.28591986,52.58757677]}},{"type":"Feature","properties":{"kind":"accessible","label":"Berliner Straße 98","detail":"3 Plätze · Mo-Sa 8-20 h"},"geometry":{"type":"Point","coordinates":[13.28414085,52.58924275]}},{"type":"Feature","properties":{"kind":"accessible","label":"Berliner Straße/ vor Borsighallen","detail":"1 Platz · 9-20 h"},"geometry":{"type":"Point","coordinates":[13.28716738,52.58567668]}},{"type":"Feature","properties":{"kind":"accessible","label":"Eichborndamm/ Rathausparkplatz","detail":"1 Platz · ohne"},"geometry":{"type":"Point","coordinates":[13.32500302,52.58946333]}},{"type":"Feature","properties":{"kind":"accessible","label":"Eichborndamm 292 - 296","detail":"1 Platz · ohne"},"geometry":{"type":"Point","coordinates":[13.3322701,52.59515188]}},{"type":"Feature","properties":{"kind":"accessible","label":"Ernststraße 66","detail":"1 Platz · Mo-Fr 8-20 h"},"geometry":{"type":"Point","coordinates":[13.30215595,52.58395862]}},{"type":"Feature","properties":{"kind":"accessible","label":"Friedrich-Wilhelm-Straße 75-76","detail":"1 Platz · Mo-Fr 7-17 h"},"geometry":{"type":"Point","coordinates":[13.36420086,52.56946353]}},{"type":"Feature","properties":{"kind":"accessible","label":"Grußdorfstraße 3","detail":"1 Platz · Mo-Sa 8-20 h"},"geometry":{"type":"Point","coordinates":[13.28718872,52.58887768]}},{"type":"Feature","properties":{"kind":"accessible","label":"Grußdorfstraße 12","detail":"1 Platz · Mo-Sa 8-20 h"},"geometry":{"type":"Point","coordinates":[13.2853688,52.58865608]}},{"type":"Feature","properties":{"kind":"accessible","label":"Hatzfeldtallee 14","detail":"1 Platz · Mo-Fr 9-18 h"},"geometry":{"type":"Point","coordinates":[13.29087223,52.59223319]}},{"type":"Feature","properties":{"kind":"accessible","label":"Heinsestraße 38","detail":"1 Platz · Mo-Fr 8-18 h, Sa 8-12 h"},"geometry":{"type":"Point","coordinates":[13.30626466,52.61766475]}},{"type":"Feature","properties":{"kind":"accessible","label":"Heinsestraße 47","detail":"1 Platz · Mo-Fr 8-18 h, Sa 8-12 h"},"geometry":{"type":"Point","coordinates":[13.3054876,52.61842201]}},{"type":"Feature","properties":{"kind":"accessible","label":"Heinsestraße 27/ Fellbacher Platz","detail":"1 Platz · Mo-Fr 8-18 h, Sa 8-14 h"},"geometry":{"type":"Point","coordinates":[13.30766547,52.61622807]}},{"type":"Feature","properties":{"kind":"accessible","label":"Hemmingstedter Weg/ Vereinsgel. Sportverein","detail":"2 Plätze · 10-19 h von April-September"},"geometry":{"type":"Point","coordinates":[13.22097667,52.60648157]}},{"type":"Feature","properties":{"kind":"accessible","label":"Humboldtstraße 5 - 7","detail":"3 Plätze · Mo-Fr 7-17 h"},"geometry":{"type":"Point","coordinates":[13.34484113,52.57401289]}},{"type":"Feature","properties":{"kind":"accessible","label":"Jean-Jaurès-Straße/ S-Bahnhof Waidmannslust","detail":"2 Plätze · ohne"},"geometry":{"type":"Point","coordinates":[13.32046823,52.60657821]}},{"type":"Feature","properties":{"kind":"accessible","label":"Kapweg 3/ Giebelseite Kapweg 3","detail":"1 Platz · Mo-Fr 8-18 h"},"geometry":{"type":"Point","coordinates":[13.33077537,52.56230165]}},{"type":"Feature","properties":{"kind":"accessible","label":"Klemkestraße 4","detail":"1 Platz · Mo-Fr 9-18 h"},"geometry":{"type":"Point","coordinates":[13.35998484,52.57419963]}},{"type":"Feature","properties":{"kind":"accessible","label":"Ludolfingerplatz 2/ Frohnauer Brücke","detail":"1 Platz · 8-20 h"},"geometry":{"type":"Point","coordinates":[13.28888992,52.63297818]}},{"type":"Feature","properties":{"kind":"accessible","label":"Ollenhauerstraße 20","detail":"1 Platz · Mo-Fr 8-19 h, Sa 8-12 h"},"geometry":{"type":"Point","coordinates":[13.32933434,52.56716122]}},{"type":"Feature","properties":{"kind":"accessible","label":"Ollenhauerstraße 104","detail":"1 Platz · Mo-Fr 8-20h, Sa 9-15h"},"geometry":{"type":"Point","coordinates":[13.33028563,52.57077445]}},{"type":"Feature","properties":{"kind":"accessible","label":"Residenzstraße 24 / 23/ B96","detail":"1 Platz · 8-20 h"},"geometry":{"type":"Point","coordinates":[13.36111474,52.5696126]}},{"type":"Feature","properties":{"kind":"accessible","label":"Residenzstraße 37 - 38/ B96","detail":"1 Platz · Mo-Fr 8-20, Sa 8-18 h"},"geometry":{"type":"Point","coordinates":[13.36282071,52.56629979]}},{"type":"Feature","properties":{"kind":"accessible","label":"Residenzstraße 97 / 98","detail":"2 Plätze · Mo-Fr 10-17 h"},"geometry":{"type":"Point","coordinates":[13.36806679,52.56126741]}},{"type":"Feature","properties":{"kind":"accessible","label":"Scharnweberstraße 22","detail":"1 Platz · Mo-Fr 8-20 h, Sa 8-18 h"},"geometry":{"type":"Point","coordinates":[13.32632663,52.56456928]}},{"type":"Feature","properties":{"kind":"accessible","label":"Scharnweberstraße 139","detail":"1 Platz · Mo-Sa 6-20 h"},"geometry":{"type":"Point","coordinates":[13.3286645,52.56352059]}},{"type":"Feature","properties":{"kind":"accessible","label":"Schloßstraße 25","detail":"2 Plätze · Mo-Sa 8-20 h"},"geometry":{"type":"Point","coordinates":[13.28302523,52.5912779]}},{"type":"Feature","properties":{"kind":"accessible","label":"Schmiedepfad 2","detail":"1 Platz · Mo-Fr 8-18 h"},"geometry":{"type":"Point","coordinates":[13.33581362,52.59232678]}},{"type":"Feature","properties":{"kind":"accessible","label":"Schwarzer Weg/ Freibad Tegelsee","detail":"3 Plätze · ohne"},"geometry":{"type":"Point","coordinates":[13.24351946,52.57854975]}},{"type":"Feature","properties":{"kind":"accessible","label":"Sommerstraße 18","detail":"1 Platz · Mo-Fr 6-18 h"},"geometry":{"type":"Point","coordinates":[13.37586306,52.57350281]}},{"type":"Feature","properties":{"kind":"accessible","label":"Stegeweg 11","detail":"2 Plätze · ohne"},"geometry":{"type":"Point","coordinates":[13.35474542,52.57581161]}},{"type":"Feature","properties":{"kind":"accessible","label":"Stegeweg 3","detail":"1 Platz · ohne"},"geometry":{"type":"Point","coordinates":[13.35431996,52.575032]}},{"type":"Feature","properties":{"kind":"accessible","label":"Straupitzer Steig/ Parkplatz am Stadtbad","detail":"2 Plätze · ohne"},"geometry":{"type":"Point","coordinates":[13.35304378,52.59985878]}},{"type":"Feature","properties":{"kind":"accessible","label":"Tile-Brügge-Weg 8","detail":"1 Platz · ohne"},"geometry":{"type":"Point","coordinates":[13.28980716,52.59118225]}},{"type":"Feature","properties":{"kind":"accessible","label":"Treskowstraße 17 / 18","detail":"1 Platz · Mo, Mi,Fr 8-15h, Di, Do 8-19 h"},"geometry":{"type":"Point","coordinates":[13.28391882,52.58591192]}},{"type":"Feature","properties":{"kind":"accessible","label":"Treuenbrietzener Straße 28","detail":"1 Platz · Mo-Fr 7-14 h"},"geometry":{"type":"Point","coordinates":[13.36435229,52.60120465]}},{"type":"Feature","properties":{"kind":"accessible","label":"Uranusweg 3/ vor Supermarkt","detail":"2 Plätze · Mo-Fr 8-19 h, Sa 8-15 h"},"geometry":{"type":"Point","coordinates":[13.31720855,52.5664592]}},{"type":"Feature","properties":{"kind":"accessible","label":"Veitstraße 36","detail":"1 Platz · Mo-Fr 7-21 h"},"geometry":{"type":"Point","coordinates":[13.28540368,52.58597107]}},{"type":"Feature","properties":{"kind":"accessible","label":"Veitstraße/ Ecke Berliner Str., ggü. 4b","detail":"2 Plätze · Mo-Sa 8-20 h"},"geometry":{"type":"Point","coordinates":[13.28731938,52.58619282]}},{"type":"Feature","properties":{"kind":"accessible","label":"Waldseeweg 6","detail":"1 Platz · Mo-Fr 8-18 h, Sa 8-12 h"},"geometry":{"type":"Point","coordinates":[13.30867548,52.61914175]}},{"type":"Feature","properties":{"kind":"accessible","label":"Zeltinger Platz 7","detail":"1 Platz · ohne"},"geometry":{"type":"Point","coordinates":[13.28980829,52.63393962]}},{"type":"Feature","properties":{"kind":"accessible","label":"Zeltinger Straße/ zw. Zelt. Pl. u. Senheimer Str.","detail":"1 Platz · Mo-Sa 8-20 h"},"geometry":{"type":"Point","coordinates":[13.29229865,52.6350055]}},{"type":"Feature","properties":{"kind":"accessible","label":"Zeltinger Straße/ zw. Zelt. Pl. u. Senheimer Str.","detail":"1 Platz · Mo-Sa 8-20 h"},"geometry":{"type":"Point","coordinates":[13.29144149,52.63433421]}},{"type":"Feature","properties":{"kind":"accessible","label":"Zeltinger Straße/ zw. Zelt. Pl. u. Senheimer Str.","detail":"1 Platz · Mo-Sa 8-20 h"},"geometry":{"type":"Point","coordinates":[13.2913575,52.63446405]}},{"type":"Feature","properties":{"kind":"accessible","label":"Zeltinger Straße/ zw. Zelt. Pl. u. Senheimer Str.","detail":"1 Platz · Mo-Sa 8-20 h"},"geometry":{"type":"Point","coordinates":[13.2917973,52.63485267]}}]}