{"type":"FeatureCollection","features":[{"type":"Feature","id":"1","properties":{"zone":"1","district":"Mitte","rawHours":"Mo-Sa 9-22 Uhr","rawFee":"4,00 Euro","note":"Gebührenhöhe und Bewirtschaftungszeiten können auf lokal begrenzten Abschnitten bisweilen abweichen. Die Höchstparkdauer rund um den Gendarmenmarkt ist auf 4 Stunden begrenzt.","windows":[{"weekdays":[1,2,3,4,5,6],"fromMinute":540,"toMinute":1320}],"fee":{"kind":"exact","centsPerHour":400},"unmodelledRules":[],"sourceDefect":null,"spaces":1033,"maxStay":"4h","maxStayShare":0.022,"maxStayValues":["4h","2h"],"chargingPoints":2,"carsharing":0},"geometry":{"type":"MultiPolygon","coordinates":[[[[13.391479,52.522658],[13.391479,52.522667],[13.391363,52.522669],[13.390828,52.522651],[13.390486,52.522631],[13.389715,52.522592],[13.388923,52.522545],[13.388089,52.522487],[13.387675,52.522492],[13.387711,52.522294],[13.387802,52.521723],[13.387862,52.521434],[13.387825,52.521465],[13.387716,52.521473],[13.387162,52.521134],[13.386396,52.52068],[13.387025,52.520553],[13.387684,52.520407],[13.388116,52.520301],[13.388195,52.519826],[13.388133,52.519743],[13.388264,52.51878],[13.388426,52.518619],[13.388671,52.517269],[13.388745,52.516725],[13.38868,52.516737],[13.388867,52.51554],[13.388977,52.514866],[13.39284,52.515106],[13.395292,52.515265],[13.396607,52.515341],[13.39678,52.515317],[13.397485,52.515439],[13.398569,52.515674],[13.399227,52.515842],[13.399765,52.515987],[13.3998,52.515941],[13.400562,52.516132],[13.401044,52.516259],[13.401962,52.516484],[13.402405,52.516602],[13.402906,52.51675],[13.403262,52.516876],[13.403552,52.517002],[13.403512,52.51703],[13.404074,52.517258],[13.40401,52.517325],[13.403712,52.517579],[13.403485,52.517817],[13.40321,52.518091],[13.402709,52.518627],[13.402627,52.518704],[13.402612,52.518766],[13.402506,52.518897],[13.402386,52.518981],[13.402318,52.519037],[13.40199,52.519391],[13.401614,52.51979],[13.401358,52.520042],[13.401016,52.520407],[13.40078,52.520619],[13.400254,52.52099],[13.399763,52.521288],[13.399077,52.521535],[13.398309,52.521717],[13.397881,52.521816],[13.397526,52.521893],[13.397193,52.521969],[13.397138,52.521958],[13.396831,52.522033],[13.396881,52.522055],[13.396538,52.522141],[13.396059,52.522236],[13.395363,52.52234],[13.394634,52.522416],[13.394244,52.522474],[13.39423,52.522455],[13.394001,52.522484],[13.394014,52.522492],[13.39326,52.522568],[13.392589,52.522613],[13.39204,52.522651],[13.391763,52.522661],[13.39175,52.522655],[13.391479,52.522658]]]]}},{"type":"Feature","id":"10","properties":{"zone":"10","district":"Spandau","rawHours":"Mo-Fr 9-17 Uhr, Sa 9 -14 Uhr/ Advents-Sa 9 -17 Uhr","rawFee":"2,00 Euro","note":"Gebührenhöhe und Bewirtschaftungszeiten können auf lokal begrenzten Abschnitten bisweilen abweichen","windows":[{"weekdays":[1,2,3,4,5],"fromMinute":540,"toMinute":1020},{"weekdays":[6],"fromMinute":540,"toMinute":840}],"fee":{"kind":"exact","centsPerHour":200},"unmodelledRules":["Advents-Sa 9 -17 Uhr"],"sourceDefect":null,"spaces":null,"maxStay":null,"maxStayShare":0,"maxStayValues":[],"chargingPoints":0,"carsharing":0},"geometry":{"type":"MultiPolygon","coordinates":[[[[13.199768,52.534413],[13.200807,52.534167],[13.202026,52.533822],[13.202516,52.5337],[13.202945,52.533525],[13.203725,52.533908],[13.204566,52.534299],[13.204847,52.53441],[13.205006,52.534458],[13.206298,52.535196],[13.206089,52.535391],[13.206566,52.535702],[13.206896,52.535873],[13.207781,52.536616],[13.208418,52.537331],[13.208998,52.538064],[13.209057,52.538202],[13.209074,52.538383],[13.209134,52.539456],[13.208745,52.540346],[13.207682,52.540433],[13.20724,52.540422],[13.207813,52.540758],[13.207888,52.540882],[13.208092,52.541399],[13.207958,52.54193],[13.207904,52.542267],[13.207926,52.542317],[13.208007,52.542895],[13.207135,52.543005],[13.206396,52.543028],[13.206324,52.542347],[13.206141,52.541958],[13.205867,52.541689],[13.205493,52.541411],[13.204582,52.540889],[13.204413,52.540788],[13.204285,52.540574],[13.204256,52.540369],[13.204324,52.540219],[13.203959,52.540032],[13.20373,52.539861],[13.202889,52.539765],[13.202214,52.539566],[13.201678,52.5393],[13.200863,52.538591],[13.200715,52.538255],[13.200574,52.537753],[13.200527,52.537086],[13.200366,52.536144],[13.20017,52.535475],[13.199862,52.534804],[13.199768,52.534413]]]]}},{"type":"Feature","id":"100","properties":{"zone":"100","district":"Neukölln","rawHours":"Mo-Fr 9-20 Uhr","rawFee":"4,00 Euro","note":"Gebührenhöhe und Bewirtschaftungszeiten können auf lokal begrenzten Abschnitten bisweilen abweichen.","windows":[{"weekdays":[1,2,3,4,5],"fromMinute":540,"toMinute":1200}],"fee":{"kind":"exact","centsPerHour":400},"unmodelledRules":[],"sourceDefect":null,"spaces":2327,"maxStay":"1h","maxStayShare":0.034,"maxStayValues":["1h","4h"],"chargingPoints":3,"carsharing":1},"geometry":{"type":"MultiPolygon","coordinates":[[[[13.440132,52.481401],[13.440335,52.481541],[13.433718,52.48485],[13.430257,52.486108],[13.425126,52.487904],[13.424938,52.487784],[13.423678,52.486377],[13.422184,52.486782],[13.422342,52.482525],[13.42084,52.482344],[13.420895,52.480404],[13.425154,52.480884],[13.433758,52.481885],[13.435517,52.480685],[13.440132,52.481401]]]]}},{"type":"Feature","id":"101","properties":{"zone":"101","district":"Neukölln","rawHours":"Mo-Fr 9-20 Uhr","rawFee":"4,00 Euro","note":"Gebührenhöhe und Bewirtschaftungszeiten können auf lokal begrenzten Abschnitten bisweilen abweichen.","windows":[{"weekdays":[1,2,3,4,5],"fromMinute":540,"toMinute":1200}],"fee":{"kind":"exact","centsPerHour":400},"unmodelledRules":[],"sourceDefect":null,"spaces":null,"maxStay":null,"maxStayShare":0,"maxStayValues":[],"chargingPoints":0,"carsharing":0},"geometry":{"type":"MultiPolygon","coordinates":[[[[13.435517,52.480685],[13.433758,52.481885],[13.425154,52.480884],[13.425515,52.479775],[13.425987,52.478179],[13.426202,52.477566],[13.42682,52.476077],[13.427091,52.475495],[13.427422,52.474774],[13.43126,52.475252],[13.433805,52.474694],[13.434163,52.474652],[13.435005,52.474467],[13.436351,52.474396],[13.437335,52.474519],[13.439655,52.473836],[13.439708,52.473684],[13.440569,52.473776],[13.439144,52.47669],[13.439037,52.476894],[13.437113,52.479528],[13.435517,52.480685]]]]}},{"type":"Feature","id":"105","properties":{"zone":"105","district":"Neukölln","rawHours":"Mo-Fr 9-20 Uhr","rawFee":"4,00 Euro","note":"Gebührenhöhe und Bewirtschaftungszeiten können auf lokal begrenzten Abschnitten bisweilen abweichen.","windows":[{"weekdays":[1,2,3,4,5],"fromMinute":540,"toMinute":1200}],"fee":{"kind":"exact","centsPerHour":400},"unmodelledRules":[],"sourceDefect":null,"spaces":2426,"maxStay":"4h","maxStayShare":0.013,"maxStayValues":["4h","1h"],"chargingPoints":3,"carsharing":0},"geometry":{"type":"MultiPolygon","coordinates":[[[[13.425508,52.488119],[13.425126,52.487904],[13.430257,52.486108],[13.435412,52.491418],[13.42843,52.493648],[13.423181,52.49534],[13.421828,52.495755],[13.420459,52.495925],[13.42086,52.495538],[13.422375,52.493095],[13.425508,52.488119]]]]}},{"type":"Feature","id":"106","properties":{"zone":"106","district":"Neukölln","rawHours":"Mo-Fr 9-20 Uhr","rawFee":"4,00 Euro","note":"Gebührenhöhe und Bewirtschaftungszeiten können auf lokal begrenzten Abschnitten bisweilen abweichen.","windows":[{"weekdays":[1,2,3,4,5],"fromMinute":540,"toMinute":1200}],"fee":{"kind":"exact","centsPerHour":400},"unmodelledRules":[],"sourceDefect":null,"spaces":1828,"maxStay":"4h","maxStayShare":0.011,"maxStayValues":["4h"],"chargingPoints":3,"carsharing":0},"geometry":{"type":"MultiPolygon","coordinates":[[[[13.435412,52.491418],[13.430257,52.486108],[13.433718,52.48485],[13.440335,52.481541],[13.444661,52.484838],[13.440425,52.487051],[13.439015,52.490457],[13.435412,52.491418]]]]}},{"type":"Feature","id":"11","properties":{"zone":"11","district":"Spandau","rawHours":"Mo-Fr 9-17 Uhr, Sa 9 -14 Uhr/ Advents-Sa 9 -17 Uhr","rawFee":"2,00 Euro","note":"Gebührenhöhe und Bewirtschaftungszeiten können auf lokal begrenzten Abschnitten bisweilen abweichen","windows":[{"weekdays":[1,2,3,4,5],"fromMinute":540,"toMinute":1020},{"weekdays":[6],"fromMinute":540,"toMinute":840}],"fee":{"kind":"exact","centsPerHour":200},"unmodelledRules":["Advents-Sa 9 -17 Uhr"],"sourceDefect":null,"spaces":null,"maxStay":null,"maxStayShare":0,"maxStayValues":[],"chargingPoints":0,"carsharing":0},"geometry":{"type":"MultiPolygon","coordinates":[[[[13.206396,52.543028],[13.206095,52.543106],[13.205753,52.543228],[13.205531,52.543347],[13.205407,52.543448],[13.205188,52.543695],[13.204715,52.544255],[13.203942,52.543739],[13.201778,52.542253],[13.200535,52.541441],[13.200863,52.541274],[13.200331,52.540933],[13.199012,52.540013],[13.198737,52.539852],[13.198313,52.539434],[13.19759,52.538645],[13.197264,52.538772],[13.196221,52.537772],[13.195286,52.538071],[13.193967,52.538516],[13.193366,52.538669],[13.192192,52.537936],[13.190104,52.538349],[13.190115,52.538673],[13.189867,52.538654],[13.189827,52.53787],[13.189653,52.537026],[13.18953,52.536877],[13.190986,52.53641],[13.192552,52.536027],[13.193865,52.535719],[13.195121,52.53543],[13.195238,52.535114],[13.196232,52.534962],[13.196403,52.535107],[13.1979,52.534812],[13.199155,52.534559],[13.199768,52.534413],[13.199862,52.534804],[13.20017,52.535475],[13.200366,52.536144],[13.200527,52.537086],[13.200574,52.537753],[13.200715,52.538255],[13.200863,52.538591],[13.201678,52.5393],[13.202214,52.539566],[13.202889,52.539765],[13.20373,52.539861],[13.203959,52.540032],[13.204324,52.540219],[13.204256,52.540369],[13.204285,52.540574],[13.204413,52.540788],[13.204582,52.540889],[13.205493,52.541411],[13.205867,52.541689],[13.206141,52.541958],[13.206324,52.542347],[13.206396,52.543028]]]]}},{"type":"Feature","id":"12","properties":{"zone":"12","district":"Spandau","rawHours":"Mo-Fr 9-17 Uhr, Sa 9 -14 Uhr/ Advents-Sa 9 -17 Uhr","rawFee":"2,00 Euro","note":"Gebührenhöhe und Bewirtschaftungszeiten können auf lokal begrenzten Abschnitten bisweilen abweichen","windows":[{"weekdays":[1,2,3,4,5],"fromMinute":540,"toMinute":1020},{"weekdays":[6],"fromMinute":540,"toMinute":840}],"fee":{"kind":"exact","centsPerHour":200},"unmodelledRules":["Advents-Sa 9 -17 Uhr"],"sourceDefect":null,"spaces":null,"maxStay":null,"maxStayShare":0,"maxStayValues":[],"chargingPoints":0,"carsharing":0},"geometry":{"type":"MultiPolygon","coordinates":[[[[13.201132,52.532129],[13.202097,52.531713],[13.203367,52.531081],[13.205031,52.53022],[13.205742,52.530706],[13.205698,52.530999],[13.206914,52.531693],[13.207298,52.531909],[13.207828,52.532294],[13.207723,52.532508],[13.20779,52.532637],[13.207847,52.532819],[13.207898,52.532947],[13.20803,52.533061],[13.208175,52.533244],[13.208399,52.533654],[13.208461,52.533709],[13.208536,52.533847],[13.208654,52.534089],[13.208755,52.534389],[13.208951,52.534891],[13.208676,52.534936],[13.208601,52.534813],[13.208165,52.53486],[13.208223,52.535032],[13.208419,52.535544],[13.20829,52.535733],[13.207378,52.53547],[13.206986,52.535229],[13.206805,52.535143],[13.206531,52.534977],[13.206298,52.535196],[13.205006,52.534458],[13.204847,52.53441],[13.204566,52.534299],[13.203725,52.533908],[13.202945,52.533525],[13.20257,52.533277],[13.201906,52.53282],[13.201751,52.532659],[13.201487,52.532427],[13.201132,52.532129]]]]}},{"type":"Feature","id":"120","properties":{"zone":"120","district":"Charlottenburg-Wilmersdorf","rawHours":"Mo-Fr 09-22 Uhr / Sa 09-18 Uhr","rawFee":"3,00 Euro","note":"Gebührenhöhe und Bewirtschaftungszeiten können auf lokal begrenzten Abschnitten bisweilen abweichen.","windows":[{"weekdays":[1,2,3,4,5],"fromMinute":540,"toMinute":1320},{"weekdays":[6],"fromMinute":540,"toMinute":1080}],"fee":{"kind":"exact","centsPerHour":300},"unmodelledRules":[],"sourceDefect":null,"spaces":1342,"maxStay":"4h","maxStayShare":0.004,"maxStayValues":["4h"],"chargingPoints":1,"carsharing":0},"geometry":{"type":"MultiPolygon","coordinates":[[[[13.331369,52.487617],[13.33137,52.48758],[13.331682,52.487634],[13.332206,52.487616],[13.335399,52.48816],[13.335736,52.488201],[13.336129,52.488268],[13.337147,52.488368],[13.337087,52.488453],[13.33707,52.488463],[13.337056,52.488475],[13.337046,52.488491],[13.337027,52.488564],[13.336979,52.488781],[13.336942,52.489002],[13.336902,52.489409],[13.336905,52.489414],[13.336912,52.489416],[13.336971,52.489418],[13.336966,52.489663],[13.336917,52.489668],[13.336907,52.489672],[13.336901,52.489677],[13.336897,52.489684],[13.336906,52.489917],[13.336929,52.490155],[13.336963,52.490366],[13.33697,52.49038],[13.336982,52.490394],[13.337004,52.490406],[13.337041,52.490418],[13.337325,52.490483],[13.337533,52.490716],[13.337087,52.49101],[13.337171,52.492101],[13.337197,52.4923],[13.337101,52.492288],[13.337348,52.494076],[13.337447,52.494072],[13.337457,52.494189],[13.337473,52.494293],[13.336904,52.494425],[13.336831,52.494443],[13.335596,52.494772],[13.335452,52.494808],[13.335254,52.494852],[13.335088,52.494886],[13.334923,52.494915],[13.334727,52.494945],[13.333583,52.493527],[13.332993,52.493514],[13.33291,52.493515],[13.332878,52.493513],[13.332815,52.493507],[13.332754,52.493495],[13.332695,52.493479],[13.332668,52.493469],[13.332615,52.493446],[13.332569,52.493419],[13.332528,52.493389],[13.332494,52.493355],[13.33236,52.493309],[13.332367,52.493039],[13.331234,52.493028],[13.331191,52.492618],[13.331243,52.490621],[13.331284,52.489109],[13.331334,52.488903],[13.331369,52.487617]]]]}},{"type":"Feature","id":"121","properties":{"zone":"121","district":"Charlottenburg-Wilmersdorf","rawHours":"Mo-Fr 09-22 Uhr / Sa 09-18 Uhr","rawFee":"3,00 Euro","note":"Gebührenhöhe und Bewirtschaftungszeiten können auf lokal begrenzten Abschnitten bisweilen abweichen.","windows":[{"weekdays":[1,2,3,4,5],"fromMinute":540,"toMinute":1320},{"weekdays":[6],"fromMinute":540,"toMinute":1080}],"fee":{"kind":"exact","centsPerHour":300},"unmodelledRules":[],"sourceDefect":null,"spaces":2573,"maxStay":"4h","maxStayShare":0.007,"maxStayValues":["4h","2h"],"chargingPoints":2,"carsharing":0},"geometry":{"type":"MultiPolygon","coordinates":[[[[13.337151,52.488036],[13.337176,52.488048],[13.33721,52.488051],[13.33721,52.488062],[13.337147,52.488368],[13.336129,52.488268],[13.335736,52.488201],[13.335399,52.48816],[13.332206,52.487616],[13.331682,52.487634],[13.33137,52.48758],[13.331346,52.487212],[13.330593,52.487084],[13.330657,52.485183],[13.330737,52.484964],[13.330742,52.484791],[13.330746,52.484725],[13.330745,52.484685],[13.330746,52.484605],[13.330673,52.484605],[13.330668,52.48436],[13.330654,52.484225],[13.330624,52.484048],[13.330611,52.484002],[13.330528,52.483743],[13.330462,52.483583],[13.330382,52.483421],[13.330312,52.4833],[13.3302,52.483126],[13.329707,52.482507],[13.329008,52.481572],[13.327821,52.479971],[13.327773,52.479796],[13.327767,52.479476],[13.32813,52.478336],[13.32817,52.478276],[13.32816,52.477433],[13.32832,52.477428],[13.328653,52.477442],[13.328818,52.477441],[13.328825,52.478012],[13.329015,52.478011],[13.32925,52.478017],[13.330517,52.478006],[13.331167,52.478014],[13.331887,52.478046],[13.332174,52.478065],[13.33255,52.478095],[13.332548,52.477795],[13.332595,52.477795],[13.332593,52.477726],[13.332655,52.477726],[13.332648,52.477416],[13.332868,52.477415],[13.332873,52.477535],[13.332873,52.477719],[13.332895,52.477718],[13.332895,52.477722],[13.332941,52.477721],[13.332943,52.477798],[13.332979,52.4778],[13.33298,52.477797],[13.332985,52.477798],[13.332986,52.477847],[13.334682,52.477973],[13.335389,52.478023],[13.336074,52.478069],[13.337067,52.478132],[13.337066,52.478681],[13.337064,52.478875],[13.337062,52.47988],[13.337164,52.480122],[13.337164,52.480356],[13.33705,52.480707],[13.337051,52.480974],[13.337058,52.481318],[13.337048,52.481521],[13.337047,52.482087],[13.337203,52.482529],[13.337119,52.482528],[13.337089,52.485679],[13.337172,52.485673],[13.337123,52.485917],[13.337053,52.485921],[13.337134,52.487904],[13.337145,52.487904],[13.337151,52.488036]]]]}},{"type":"Feature","id":"126","properties":{"zone":"126","district":"Charlottenburg-Wilmersdorf","rawHours":"Mo-Fr 09-20 Uhr / Sa 09-18 Uhr","rawFee":"2,00 Euro","note":"Gebührenhöhe und Bewirtschaftungszeiten können auf lokal begrenzten Abschnitten bisweilen abweichen.","windows":[{"weekdays":[1,2,3,4,5],"fromMinute":540,"toMinute":1200},{"weekdays":[6],"fromMinute":540,"toMinute":1080}],"fee":{"kind":"exact","centsPerHour":200},"unmodelledRules":[],"sourceDefect":null,"spaces":null,"maxStay":null,"maxStayShare":0,"maxStayValues":[],"chargingPoints":0,"carsharing":0},"geometry":{"type":"MultiPolygon","coordinates":[[[[13.314232,52.490147],[13.312241,52.491564],[13.310891,52.492556],[13.310237,52.49316],[13.310117,52.493148],[13.309654,52.492098],[13.30927,52.49221],[13.309378,52.492462],[13.309458,52.492659],[13.309496,52.492758],[13.309568,52.492956],[13.30959,52.493023],[13.309616,52.493108],[13.309637,52.493183],[13.309653,52.493245],[13.309661,52.493293],[13.309664,52.493321],[13.309666,52.493364],[13.309666,52.493403],[13.309662,52.493452],[13.309654,52.493503],[13.309584,52.493597],[13.309533,52.493699],[13.309579,52.493708],[13.309558,52.493743],[13.309525,52.49379],[13.309497,52.493827],[13.309468,52.493862],[13.30942,52.493914],[13.309385,52.493947],[13.308846,52.494445],[13.308731,52.49462],[13.308356,52.495209],[13.308245,52.495479],[13.308151,52.49574],[13.308074,52.49597],[13.30718,52.498537],[13.306665,52.498266],[13.303598,52.495995],[13.303187,52.495785],[13.303041,52.495712],[13.296773,52.492599],[13.296437,52.492467],[13.295744,52.492116],[13.296055,52.491866],[13.296278,52.491693],[13.296505,52.49151],[13.296968,52.491161],[13.297442,52.490817],[13.297922,52.490475],[13.298329,52.490183],[13.299286,52.489624],[13.300711,52.488565],[13.300591,52.488504],[13.30073,52.488395],[13.300819,52.488329],[13.300891,52.488365],[13.300929,52.488327],[13.300929,52.488313],[13.301024,52.488227],[13.301061,52.488242],[13.301315,52.487998],[13.301485,52.488083],[13.301513,52.488062],[13.301556,52.488082],[13.301599,52.488099],[13.301639,52.488113],[13.301697,52.488129],[13.301757,52.488141],[13.301818,52.488151],[13.301881,52.488157],[13.301939,52.48816],[13.302016,52.488159],[13.302241,52.488152],[13.302899,52.48816],[13.306402,52.488052],[13.307617,52.488238],[13.307627,52.488261],[13.31345,52.489946],[13.314232,52.490147]]]]}},{"type":"Feature","id":"127","properties":{"zone":"127","district":"Charlottenburg-Wilmersdorf","rawHours":"Mo-Fr 09-20 Uhr / Sa 09-18 Uhr","rawFee":"2,00 Euro","note":"Gebührenhöhe und Bewirtschaftungszeiten können auf lokal begrenzten Abschnitten bisweilen abweichen.","windows":[{"weekdays":[1,2,3,4,5],"fromMinute":540,"toMinute":1200},{"weekdays":[6],"fromMinute":540,"toMinute":1080}],"fee":{"kind":"exact","centsPerHour":200},"unmodelledRules":[],"sourceDefect":null,"spaces":null,"maxStay":null,"maxStayShare":0,"maxStayValues":[],"chargingPoints":0,"carsharing":0},"geometry":{"type":"MultiPolygon","coordinates":[[[[13.300612,52.494506],[13.303041,52.495712],[13.303187,52.495785],[13.303598,52.495995],[13.306665,52.498266],[13.30718,52.498537],[13.306983,52.498999],[13.306785,52.499699],[13.305146,52.499392],[13.305136,52.499413],[13.305046,52.499396],[13.305056,52.499375],[13.304909,52.499347],[13.304898,52.499369],[13.304808,52.499352],[13.304819,52.49933],[13.304338,52.49924],[13.304328,52.499262],[13.304095,52.499218],[13.304106,52.499197],[13.296722,52.497812],[13.295958,52.497681],[13.295729,52.497646],[13.295707,52.497644],[13.295699,52.497663],[13.295615,52.497652],[13.295624,52.49763],[13.295246,52.497571],[13.295238,52.497592],[13.295173,52.497582],[13.295182,52.497562],[13.29508,52.497547],[13.295072,52.497566],[13.295009,52.497557],[13.295017,52.497537],[13.294868,52.497515],[13.294859,52.497536],[13.294713,52.497514],[13.294722,52.497492],[13.294615,52.497477],[13.294609,52.497474],[13.294602,52.497479],[13.294586,52.49747],[13.294576,52.497469],[13.2942,52.497412],[13.294125,52.497398],[13.293614,52.497324],[13.293591,52.497323],[13.293578,52.497329],[13.293559,52.49733],[13.293553,52.497326],[13.293488,52.497317],[13.293463,52.497298],[13.293453,52.497303],[13.293433,52.497301],[13.293434,52.497294],[13.293399,52.497289],[13.293393,52.4973],[13.293353,52.497294],[13.293355,52.497288],[13.293327,52.497283],[13.293329,52.497278],[13.293319,52.497276],[13.293316,52.497281],[13.293295,52.497278],[13.293297,52.497273],[13.293264,52.497268],[13.293255,52.497278],[13.293214,52.497272],[13.293217,52.497261],[13.292265,52.497116],[13.292253,52.497138],[13.291912,52.497087],[13.291918,52.497063],[13.291821,52.497048],[13.291793,52.497066],[13.29174,52.49706],[13.291717,52.497036],[13.291719,52.49703],[13.290968,52.496913],[13.290616,52.496856],[13.290556,52.4969],[13.289925,52.496789],[13.290403,52.496433],[13.290543,52.496399],[13.29081,52.496201],[13.290821,52.496207],[13.292307,52.495102],[13.292374,52.495137],[13.294286,52.493716],[13.294301,52.493724],[13.294305,52.49372],[13.294318,52.493724],[13.294889,52.493188],[13.29485,52.493168],[13.295018,52.492973],[13.295557,52.492337],[13.295466,52.492231],[13.295744,52.492116],[13.296437,52.492467],[13.296773,52.492599],[13.300612,52.494506]]]]}},{"type":"Feature","id":"128","properties":{"zone":"128","district":"Charlottenburg-Wilmersdorf","rawHours":"Mo-Fr 09-20 Uhr / Sa 09-18 Uhr","rawFee":"2,00 Euro","note":"Gebührenhöhe und Bewirtschaftungszeiten können auf lokal begrenzten Abschnitten bisweilen abweichen.","windows":[{"weekdays":[1,2,3,4,5],"fromMinute":540,"toMinute":1200},{"weekdays":[6],"fromMinute":540,"toMinute":1080}],"fee":{"kind":"exact","centsPerHour":200},"unmodelledRules":[],"sourceDefect":null,"spaces":null,"maxStay":null,"maxStayShare":0,"maxStayValues":[],"chargingPoints":0,"carsharing":0},"geometry":{"type":"MultiPolygon","coordinates":[[[[13.286064,52.495133],[13.286247,52.495118],[13.286188,52.494987],[13.289455,52.494711],[13.289606,52.494828],[13.289405,52.494968],[13.288522,52.49566],[13.288425,52.495731],[13.288415,52.495726],[13.287964,52.496061],[13.287968,52.496088],[13.288163,52.496183],[13.28836,52.496273],[13.288603,52.496376],[13.288826,52.496464],[13.289488,52.496667],[13.289925,52.496789],[13.290556,52.4969],[13.290616,52.496856],[13.290968,52.496913],[13.291719,52.49703],[13.291717,52.497036],[13.29174,52.49706],[13.291793,52.497066],[13.291821,52.497048],[13.291918,52.497063],[13.291912,52.497087],[13.292253,52.497138],[13.292265,52.497116],[13.293217,52.497261],[13.293214,52.497272],[13.293255,52.497278],[13.293264,52.497268],[13.293297,52.497273],[13.293295,52.497278],[13.293316,52.497281],[13.293319,52.497276],[13.293329,52.497278],[13.293327,52.497283],[13.293355,52.497288],[13.293353,52.497294],[13.293393,52.4973],[13.293399,52.497289],[13.293434,52.497294],[13.293433,52.497301],[13.293453,52.497303],[13.293463,52.497298],[13.293488,52.497317],[13.293553,52.497326],[13.293559,52.49733],[13.293578,52.497329],[13.293591,52.497323],[13.293614,52.497324],[13.294125,52.497398],[13.2942,52.497412],[13.294576,52.497469],[13.294586,52.49747],[13.294602,52.497479],[13.294609,52.497474],[13.294615,52.497477],[13.294722,52.497492],[13.294713,52.497514],[13.294859,52.497536],[13.294868,52.497515],[13.295017,52.497537],[13.295009,52.497557],[13.295072,52.497566],[13.29508,52.497547],[13.295182,52.497562],[13.295173,52.497582],[13.295238,52.497592],[13.295246,52.497571],[13.295624,52.49763],[13.295615,52.497652],[13.295699,52.497663],[13.295707,52.497644],[13.295958,52.497681],[13.296722,52.497812],[13.30163,52.498732],[13.301759,52.49965],[13.295306,52.501758],[13.294858,52.501905],[13.295992,52.502238],[13.295364,52.503297],[13.295302,52.503317],[13.291547,52.502762],[13.289932,52.502548],[13.289797,52.502527],[13.289068,52.502461],[13.288234,52.502373],[13.287893,52.50235],[13.287465,52.502368],[13.284874,52.50147],[13.285287,52.500978],[13.28436,52.500688],[13.284623,52.500374],[13.284251,52.500258],[13.284121,52.500415],[13.283988,52.500571],[13.283148,52.500309],[13.282735,52.500801],[13.281645,52.500481],[13.281197,52.500345],[13.281265,52.499672],[13.281295,52.499621],[13.281329,52.499572],[13.281384,52.499501],[13.281423,52.499456],[13.281919,52.498919],[13.281968,52.49887],[13.282345,52.498469],[13.282485,52.498331],[13.282991,52.497857],[13.283085,52.497766],[13.283202,52.497687],[13.283246,52.497653],[13.283267,52.497636],[13.283415,52.497492],[13.283495,52.497383],[13.283508,52.497323],[13.283683,52.497124],[13.283741,52.497055],[13.283837,52.496937],[13.28393,52.496819],[13.28402,52.4967],[13.284079,52.496618],[13.284136,52.496536],[13.284178,52.496468],[13.284215,52.496398],[13.284231,52.496362],[13.284259,52.496291],[13.284273,52.496249],[13.284311,52.49611],[13.28433,52.496069],[13.284412,52.495903],[13.284509,52.495785],[13.284532,52.495762],[13.28469,52.495582],[13.285177,52.495142],[13.285323,52.495128],[13.285416,52.495175],[13.286064,52.495133]]]]}},{"type":"Feature","id":"129","properties":{"zone":"129","district":"Charlottenburg-Wilmersdorf","rawHours":"Mo-Fr 09-20 Uhr / Sa 09-18 Uhr","rawFee":"2,00 Euro","note":"Gebührenhöhe und Bewirtschaftungszeiten können auf lokal begrenzten Abschnitten bisweilen abweichen.","windows":[{"weekdays":[1,2,3,4,5],"fromMinute":540,"toMinute":1200},{"weekdays":[6],"fromMinute":540,"toMinute":1080}],"fee":{"kind":"exact","centsPerHour":200},"unmodelledRules":[],"sourceDefect":null,"spaces":null,"maxStay":null,"maxStayShare":0,"maxStayValues":[],"chargingPoints":0,"carsharing":0},"geometry":{"type":"MultiPolygon","coordinates":[[[[13.30349,52.499081],[13.304106,52.499197],[13.304095,52.499218],[13.304328,52.499262],[13.304338,52.49924],[13.304819,52.49933],[13.304808,52.499352],[13.304898,52.499369],[13.304909,52.499347],[13.305056,52.499375],[13.305046,52.499396],[13.305136,52.499413],[13.305146,52.499392],[13.306609,52.499666],[13.306802,52.499638],[13.306785,52.499699],[13.306661,52.500167],[13.306442,52.500606],[13.306313,52.500853],[13.306264,52.500939],[13.306217,52.501019],[13.30617,52.501092],[13.306111,52.50118],[13.306036,52.501283],[13.305997,52.501335],[13.305894,52.501464],[13.304401,52.503196],[13.304183,52.503454],[13.303744,52.50402],[13.303518,52.504315],[13.303519,52.504316],[13.303488,52.504358],[13.303486,52.504358],[13.303336,52.504562],[13.303195,52.50476],[13.303072,52.504937],[13.302943,52.505148],[13.302797,52.505366],[13.30212,52.505257],[13.300876,52.504983],[13.30012,52.504826],[13.300655,52.503701],[13.300344,52.503645],[13.300356,52.503536],[13.299335,52.503297],[13.298792,52.503175],[13.298789,52.503181],[13.298378,52.503085],[13.298235,52.503055],[13.29824,52.503047],[13.297752,52.502909],[13.29731,52.502792],[13.295847,52.502481],[13.295992,52.502238],[13.294858,52.501905],[13.295306,52.501758],[13.301759,52.49965],[13.30163,52.498732],[13.30349,52.499081]]]]}},{"type":"Feature","id":"13","properties":{"zone":"13","district":"Spandau","rawHours":"Mo-Fr 9-17 Uhr, Sa 9 -14 Uhr/ Advents-Sa 9 -17 Uhr","rawFee":"2,00 Euro","note":"Gebührenhöhe und Bewirtschaftungszeiten können auf lokal begrenzten Abschnitten bisweilen abweichen","windows":[{"weekdays":[1,2,3,4,5],"fromMinute":540,"toMinute":1020},{"weekdays":[6],"fromMinute":540,"toMinute":840}],"fee":{"kind":"exact","centsPerHour":200},"unmodelledRules":["Advents-Sa 9 -17 Uhr"],"sourceDefect":null,"spaces":null,"maxStay":null,"maxStayShare":0,"maxStayValues":[],"chargingPoints":0,"carsharing":0},"geometry":{"type":"MultiPolygon","coordinates":[[[[13.199155,52.534559],[13.199086,52.534463],[13.198154,52.533107],[13.194794,52.533819],[13.194646,52.533705],[13.193732,52.533857],[13.193407,52.533177],[13.192997,52.532407],[13.192778,52.531894],[13.192261,52.530212],[13.192123,52.529466],[13.19229,52.52871],[13.192577,52.528758],[13.192479,52.529383],[13.193326,52.529479],[13.193743,52.529496],[13.194799,52.529766],[13.195628,52.529715],[13.195923,52.530351],[13.197327,52.530182],[13.197859,52.530136],[13.199379,52.530047],[13.19942,52.53063],[13.199535,52.530954],[13.199746,52.531281],[13.2,52.531564],[13.200484,52.53209],[13.200772,52.53231],[13.201132,52.532129],[13.201487,52.532427],[13.201751,52.532659],[13.201906,52.53282],[13.20257,52.533277],[13.202945,52.533525],[13.202516,52.5337],[13.202026,52.533822],[13.200807,52.534167],[13.199155,52.534559]]]]}},{"type":"Feature","id":"130","properties":{"zone":"130","district":"Charlottenburg-Wilmersdorf","rawHours":"Mo-Fr 09-20 Uhr / Sa 09-18 Uhr","rawFee":"2,00 Euro","note":"Gebührenhöhe und Bewirtschaftungszeiten können auf lokal begrenzten Abschnitten bisweilen abweichen.","windows":[{"weekdays":[1,2,3,4,5],"fromMinute":540,"toMinute":1200},{"weekdays":[6],"fromMinute":540,"toMinute":1080}],"fee":{"kind":"exact","centsPerHour":200},"unmodelledRules":[],"sourceDefect":null,"spaces":null,"maxStay":null,"maxStayShare":0,"maxStayValues":[],"chargingPoints":0,"carsharing":0},"geometry":{"type":"MultiPolygon","coordinates":[[[[13.298378,52.503085],[13.298789,52.503181],[13.298792,52.503175],[13.299335,52.503297],[13.300356,52.503536],[13.300344,52.503645],[13.300655,52.503701],[13.30012,52.504826],[13.300143,52.505001],[13.30079,52.505136],[13.302267,52.505463],[13.301341,52.511017],[13.298104,52.510796],[13.295945,52.510659],[13.291752,52.510395],[13.29177,52.510288],[13.293682,52.508911],[13.293842,52.508918],[13.293601,52.508672],[13.292843,52.507904],[13.292787,52.5078],[13.292752,52.507725],[13.292715,52.507636],[13.292684,52.507549],[13.292658,52.507464],[13.292637,52.507379],[13.29262,52.507292],[13.292606,52.507189],[13.292602,52.507135],[13.292598,52.507059],[13.292598,52.507001],[13.2926,52.506935],[13.292671,52.506542],[13.292691,52.506479],[13.29272,52.506399],[13.292749,52.50633],[13.292782,52.506258],[13.292827,52.506172],[13.292851,52.50613],[13.2929,52.506049],[13.292926,52.506009],[13.292982,52.50593],[13.293072,52.505814],[13.29316,52.505714],[13.293254,52.505617],[13.293354,52.505521],[13.293439,52.505448],[13.293497,52.5054],[13.293493,52.505331],[13.291533,52.504029],[13.291162,52.50373],[13.290261,52.503132],[13.28993,52.502895],[13.290175,52.502749],[13.290342,52.502602],[13.291547,52.502762],[13.295302,52.503317],[13.295364,52.503297],[13.295847,52.502481],[13.29731,52.502792],[13.297752,52.502909],[13.29824,52.503047],[13.298235,52.503055],[13.298378,52.503085]]]]}},{"type":"Feature","id":"131","properties":{"zone":"131","district":"Charlottenburg-Wilmersdorf","rawHours":"Mo-Fr 09-20 Uhr / Sa 09-18 Uhr","rawFee":"2,00 Euro","note":"Gebührenhöhe und Bewirtschaftungszeiten können auf lokal begrenzten Abschnitten bisweilen abweichen.","windows":[{"weekdays":[1,2,3,4,5],"fromMinute":540,"toMinute":1200},{"weekdays":[6],"fromMinute":540,"toMinute":1080}],"fee":{"kind":"exact","centsPerHour":200},"unmodelledRules":[],"sourceDefect":null,"spaces":null,"maxStay":null,"maxStayShare":0,"maxStayValues":[],"chargingPoints":0,"carsharing":0},"geometry":{"type":"MultiPolygon","coordinates":[[[[13.283891,52.500541],[13.283988,52.500571],[13.284121,52.500415],[13.284251,52.500258],[13.284623,52.500374],[13.28436,52.500688],[13.285287,52.500978],[13.284874,52.50147],[13.287465,52.502368],[13.287893,52.50235],[13.288234,52.502373],[13.289068,52.502461],[13.289797,52.502527],[13.289932,52.502548],[13.290375,52.502607],[13.290175,52.502749],[13.28993,52.502895],[13.290261,52.503132],[13.291162,52.50373],[13.291533,52.504029],[13.293493,52.505331],[13.293497,52.5054],[13.293439,52.505448],[13.293354,52.505521],[13.293254,52.505617],[13.29316,52.505714],[13.293072,52.505814],[13.292982,52.50593],[13.292926,52.506009],[13.2929,52.506049],[13.292851,52.50613],[13.292827,52.506172],[13.292782,52.506258],[13.292749,52.50633],[13.29272,52.506399],[13.292691,52.506479],[13.292671,52.506542],[13.2926,52.506935],[13.292598,52.507001],[13.292598,52.507059],[13.292602,52.507135],[13.292606,52.507189],[13.29262,52.507292],[13.292637,52.507379],[13.292658,52.507464],[13.292684,52.507549],[13.292715,52.507636],[13.292752,52.507725],[13.292787,52.5078],[13.292843,52.507904],[13.293601,52.508672],[13.293842,52.508918],[13.293682,52.508911],[13.29177,52.510288],[13.291752,52.510395],[13.286537,52.510074],[13.284769,52.509962],[13.284758,52.509957],[13.284632,52.509783],[13.284489,52.50959],[13.284472,52.509595],[13.284248,52.50929],[13.284094,52.509088],[13.283971,52.508931],[13.28373,52.508633],[13.283248,52.508054],[13.283258,52.50805],[13.282846,52.507491],[13.282737,52.507336],[13.282668,52.507232],[13.282602,52.507127],[13.282467,52.506899],[13.282247,52.506417],[13.2822,52.506308],[13.282161,52.50621],[13.281641,52.503628],[13.281355,52.50311],[13.281307,52.502995],[13.281318,52.502877],[13.281357,52.502682],[13.281321,52.502653],[13.281466,52.502478],[13.281503,52.502492],[13.28157,52.502429],[13.281552,52.502418],[13.281537,52.502406],[13.281528,52.502396],[13.281514,52.502376],[13.28151,52.502365],[13.281506,52.502343],[13.28151,52.50232],[13.281514,52.50231],[13.281517,52.50231],[13.281658,52.502098],[13.281707,52.502016],[13.281751,52.501934],[13.28179,52.50185],[13.281824,52.501766],[13.281853,52.501681],[13.281877,52.501595],[13.281946,52.501562],[13.28207,52.501567],[13.282065,52.501449],[13.281909,52.50144],[13.281809,52.50143],[13.281709,52.501418],[13.281654,52.501376],[13.281653,52.501342],[13.281647,52.501275],[13.281634,52.501208],[13.281616,52.501141],[13.281591,52.501073],[13.281576,52.501039],[13.281543,52.50097],[13.281501,52.500893],[13.28145,52.500809],[13.281322,52.500602],[13.281275,52.500521],[13.281247,52.500465],[13.281287,52.500372],[13.281197,52.500345],[13.281645,52.500481],[13.282735,52.500801],[13.283148,52.500309],[13.283891,52.500541]]]]}},{"type":"Feature","id":"132","properties":{"zone":"132","district":"Charlottenburg-Wilmersdorf","rawHours":"Mo-Fr 09-20 Uhr / Sa 09-18 Uhr","rawFee":"2,00 Euro","note":"Gebührenhöhe und Bewirtschaftungszeiten können auf lokal begrenzten Abschnitten bisweilen abweichen.","windows":[{"weekdays":[1,2,3,4,5],"fromMinute":540,"toMinute":1200},{"weekdays":[6],"fromMinute":540,"toMinute":1080}],"fee":{"kind":"exact","centsPerHour":200},"unmodelledRules":[],"sourceDefect":null,"spaces":2675,"maxStay":"4h","maxStayShare":0.02,"maxStayValues":["4h","2h"],"chargingPoints":6,"carsharing":1},"geometry":{"type":"MultiPolygon","coordinates":[[[[13.301341,52.511017],[13.301267,52.511466],[13.301765,52.511499],[13.301426,52.51354],[13.30084,52.517036],[13.300774,52.517482],[13.300509,52.518041],[13.300256,52.518396],[13.299984,52.518852],[13.300027,52.519263],[13.299404,52.519335],[13.297987,52.519248],[13.297974,52.519319],[13.296859,52.519248],[13.296851,52.5193],[13.295462,52.519215],[13.295714,52.517521],[13.295857,52.517528],[13.295884,52.517512],[13.296507,52.513678],[13.294288,52.513518],[13.290996,52.513314],[13.288704,52.513172],[13.288054,52.513163],[13.286971,52.513095],[13.286383,52.513034],[13.285592,52.513001],[13.285607,52.512788],[13.285595,52.51225],[13.285548,52.511677],[13.28535,52.511056],[13.285029,52.510433],[13.285951,52.510491],[13.285776,52.510025],[13.286537,52.510074],[13.291752,52.510395],[13.295945,52.510659],[13.298104,52.510796],[13.301352,52.510954],[13.301341,52.511017]]]]}},{"type":"Feature","id":"133","properties":{"zone":"133","district":"Charlottenburg-Wilmersdorf","rawHours":"Mo-Fr 09-20 Uhr / Sa 09-18 Uhr","rawFee":"2,00 Euro","note":"Gebührenhöhe und Bewirtschaftungszeiten können auf lokal begrenzten Abschnitten bisweilen abweichen.","windows":[{"weekdays":[1,2,3,4,5],"fromMinute":540,"toMinute":1200},{"weekdays":[6],"fromMinute":540,"toMinute":1080}],"fee":{"kind":"exact","centsPerHour":200},"unmodelledRules":[],"sourceDefect":null,"spaces":1245,"maxStay":null,"maxStayShare":0,"maxStayValues":[],"chargingPoints":0,"carsharing":1},"geometry":{"type":"MultiPolygon","coordinates":[[[[13.294288,52.513518],[13.296507,52.513678],[13.295884,52.517512],[13.295857,52.517528],[13.295714,52.517521],[13.295462,52.519215],[13.292542,52.51904],[13.28996,52.518875],[13.285056,52.518583],[13.285032,52.518521],[13.283725,52.518429],[13.284412,52.516773],[13.284202,52.51669],[13.284639,52.516075],[13.284916,52.515455],[13.285184,52.514737],[13.285457,52.513817],[13.285592,52.513001],[13.286383,52.513034],[13.286971,52.513095],[13.288054,52.513163],[13.288704,52.513172],[13.294288,52.513518]]]]}},{"type":"Feature","id":"134","properties":{"zone":"134","district":"Charlottenburg-Wilmersdorf","rawHours":"Mo-Fr 09-20 Uhr / Sa 09-18 Uhr","rawFee":"2,00 Euro","note":"Gebührenhöhe und Bewirtschaftungszeiten können auf lokal begrenzten Abschnitten bisweilen abweichen.","windows":[{"weekdays":[1,2,3,4,5],"fromMinute":540,"toMinute":1200},{"weekdays":[6],"fromMinute":540,"toMinute":1080}],"fee":{"kind":"exact","centsPerHour":200},"unmodelledRules":[],"sourceDefect":null,"spaces":775,"maxStay":"2h","maxStayShare":0.036,"maxStayValues":["2h","4h"],"chargingPoints":1,"carsharing":0},"geometry":{"type":"MultiPolygon","coordinates":[[[[13.296851,52.5193],[13.296859,52.519248],[13.297974,52.519319],[13.297987,52.519248],[13.299404,52.519335],[13.300027,52.519263],[13.299813,52.519868],[13.299676,52.520762],[13.299952,52.521033],[13.300227,52.521413],[13.300173,52.521614],[13.30045,52.522053],[13.300057,52.522125],[13.299539,52.522193],[13.299131,52.522255],[13.29872,52.522348],[13.298343,52.522477],[13.298081,52.52262],[13.297849,52.522849],[13.297426,52.523589],[13.297334,52.524084],[13.296967,52.526214],[13.29673,52.527241],[13.296479,52.527883],[13.296196,52.528628],[13.295956,52.529196],[13.29577,52.529571],[13.295688,52.529878],[13.294439,52.529702],[13.294287,52.529901],[13.294149,52.529982],[13.293326,52.530269],[13.29301,52.530311],[13.292259,52.530353],[13.291208,52.530271],[13.290544,52.530168],[13.289269,52.529881],[13.287555,52.52947],[13.28632,52.529216],[13.285076,52.529043],[13.284455,52.529044],[13.283508,52.52919],[13.283063,52.52853],[13.285102,52.528654],[13.28479,52.528545],[13.284148,52.528178],[13.283831,52.527967],[13.28329,52.527487],[13.283011,52.527156],[13.282576,52.526547],[13.282335,52.526037],[13.282023,52.526602],[13.281752,52.525835],[13.281499,52.525087],[13.281394,52.524261],[13.281585,52.524097],[13.2819,52.522217],[13.283725,52.518429],[13.285032,52.518521],[13.285056,52.518583],[13.28996,52.518875],[13.292542,52.51904],[13.295462,52.519215],[13.296851,52.5193]]]]}},{"type":"Feature","id":"135","properties":{"zone":"135","district":"Charlottenburg-Wilmersdorf","rawHours":"Mo-Fr 09-20 Uhr / Sa 09-18 Uhr","rawFee":"2,00 Euro","note":"Gebührenhöhe und Bewirtschaftungszeiten können auf lokal begrenzten Abschnitten bisweilen abweichen.","windows":[{"weekdays":[1,2,3,4,5],"fromMinute":540,"toMinute":1200},{"weekdays":[6],"fromMinute":540,"toMinute":1080}],"fee":{"kind":"exact","centsPerHour":200},"unmodelledRules":[],"sourceDefect":null,"spaces":2386,"maxStay":"2h","maxStayShare":0.017,"maxStayValues":["2h","4h","3h"],"chargingPoints":2,"carsharing":2},"geometry":{"type":"MultiPolygon","coordinates":[[[[13.305849,52.526225],[13.305899,52.526492],[13.306111,52.526987],[13.306342,52.527508],[13.306436,52.527947],[13.306448,52.528254],[13.306394,52.528661],[13.306344,52.528971],[13.306171,52.529806],[13.306125,52.53005],[13.306112,52.53078],[13.306094,52.530871],[13.306166,52.530882],[13.305959,52.53145],[13.305894,52.531445],[13.305378,52.531343],[13.302738,52.531001],[13.299744,52.530618],[13.296851,52.530231],[13.296856,52.530212],[13.2963,52.530126],[13.296469,52.529659],[13.296571,52.529425],[13.295885,52.529339],[13.295956,52.529196],[13.296196,52.528628],[13.296479,52.527883],[13.29673,52.527241],[13.296967,52.526214],[13.297334,52.524084],[13.297426,52.523589],[13.297849,52.522849],[13.298081,52.52262],[13.298343,52.522477],[13.29872,52.522348],[13.299131,52.522255],[13.299539,52.522193],[13.300057,52.522125],[13.30045,52.522053],[13.300885,52.522032],[13.301575,52.522012],[13.302162,52.521971],[13.302191,52.522179],[13.300945,52.522234],[13.300942,52.522346],[13.30501,52.525547],[13.305819,52.525554],[13.305849,52.526225]]]]}},{"type":"Feature","id":"136","properties":{"zone":"136","district":"Charlottenburg-Wilmersdorf","rawHours":"Mo-Fr 09-18 Uhr","rawFee":"2,00 Euro","note":"Gebührenhöhe und Bewirtschaftungszeiten können auf lokal begrenzten Abschnitten bisweilen abweichen.","windows":[{"weekdays":[1,2,3,4,5],"fromMinute":540,"toMinute":1080}],"fee":{"kind":"exact","centsPerHour":200},"unmodelledRules":[],"sourceDefect":null,"spaces":2273,"maxStay":"4h","maxStayShare":0.008,"maxStayValues":["4h"],"chargingPoints":1,"carsharing":0},"geometry":{"type":"MultiPolygon","coordinates":[[[[13.312096,52.520482],[13.312712,52.520447],[13.313282,52.520358],[13.314549,52.520056],[13.314999,52.519968],[13.315267,52.519986],[13.315301,52.519934],[13.316215,52.519922],[13.316716,52.519964],[13.31731,52.51999],[13.317689,52.519973],[13.317947,52.519921],[13.318194,52.51982],[13.318995,52.519421],[13.319368,52.519602],[13.31665,52.520962],[13.313369,52.530222],[13.313974,52.530355],[13.314472,52.530477],[13.316748,52.530905],[13.316614,52.531163],[13.316741,52.531186],[13.316976,52.531302],[13.317305,52.531545],[13.317052,52.53205],[13.317512,52.532374],[13.317188,52.532328],[13.317035,52.53235],[13.313397,52.53188],[13.31297,52.531893],[13.312877,52.532162],[13.312514,52.532235],[13.311554,52.5321],[13.31064,52.531989],[13.307537,52.531579],[13.305981,52.53139],[13.306166,52.530882],[13.306094,52.530871],[13.306112,52.53078],[13.306125,52.53005],[13.306171,52.529806],[13.306344,52.528971],[13.306394,52.528661],[13.306448,52.528254],[13.306436,52.527947],[13.306342,52.527508],[13.306111,52.526987],[13.305899,52.526492],[13.305849,52.526225],[13.305819,52.525554],[13.30501,52.525547],[13.300942,52.522346],[13.300945,52.522234],[13.302191,52.522179],[13.302162,52.521971],[13.301575,52.522012],[13.300885,52.522032],[13.30045,52.522053],[13.300173,52.521614],[13.300929,52.521587],[13.302081,52.521528],[13.303013,52.521399],[13.304012,52.521194],[13.304587,52.521009],[13.305326,52.52073],[13.305756,52.520591],[13.3065,52.520411],[13.307272,52.520323],[13.308369,52.520316],[13.311398,52.520469],[13.312096,52.520482]]]]}},{"type":"Feature","id":"137","properties":{"zone":"137","district":"Charlottenburg-Wilmersdorf","rawHours":"Mo-Fr 09-20 Uhr / Sa 09-18 Uhr","rawFee":"2,00 Euro","note":"Gebührenhöhe und Bewirtschaftungszeiten können auf lokal begrenzten Abschnitten bisweilen abweichen.","windows":[{"weekdays":[1,2,3,4,5],"fromMinute":540,"toMinute":1200},{"weekdays":[6],"fromMinute":540,"toMinute":1080}],"fee":{"kind":"exact","centsPerHour":200},"unmodelledRules":[],"sourceDefect":null,"spaces":1961,"maxStay":"1h","maxStayShare":0.04,"maxStayValues":["1h","4h"],"chargingPoints":4,"carsharing":0},"geometry":{"type":"MultiPolygon","coordinates":[[[[13.315348,52.514362],[13.315671,52.514777],[13.318094,52.517853],[13.317899,52.517918],[13.318789,52.519085],[13.319225,52.519307],[13.318194,52.51982],[13.317947,52.519921],[13.317689,52.519973],[13.31731,52.51999],[13.316716,52.519964],[13.316215,52.519922],[13.315301,52.519934],[13.315267,52.519986],[13.314999,52.519968],[13.314549,52.520056],[13.313282,52.520358],[13.312712,52.520447],[13.312096,52.520482],[13.311398,52.520469],[13.308369,52.520316],[13.307272,52.520323],[13.3065,52.520411],[13.305756,52.520591],[13.305326,52.52073],[13.304587,52.521009],[13.304012,52.521194],[13.303013,52.521399],[13.302081,52.521528],[13.300929,52.521587],[13.300173,52.521614],[13.300227,52.521413],[13.299952,52.521033],[13.299676,52.520762],[13.299813,52.519868],[13.300027,52.519263],[13.301299,52.518855],[13.304318,52.517897],[13.30494,52.517731],[13.306852,52.517086],[13.310345,52.515958],[13.310478,52.515912],[13.313213,52.515036],[13.315348,52.514362]]]]}},{"type":"Feature","id":"138","properties":{"zone":"138","district":"Charlottenburg-Wilmersdorf","rawHours":"Mo-Fr 09-20 Uhr / Sa 09-18 Uhr","rawFee":"2,00 Euro","note":"Gebührenhöhe und Bewirtschaftungszeiten können auf lokal begrenzten Abschnitten bisweilen abweichen.","windows":[{"weekdays":[1,2,3,4,5],"fromMinute":540,"toMinute":1200},{"weekdays":[6],"fromMinute":540,"toMinute":1080}],"fee":{"kind":"exact","centsPerHour":200},"unmodelledRules":[],"sourceDefect":null,"spaces":1685,"maxStay":"4h","maxStayShare":0.015,"maxStayValues":["4h","2h"],"chargingPoints":2,"carsharing":1},"geometry":{"type":"MultiPolygon","coordinates":[[[[13.314995,52.512374],[13.315132,52.513451],[13.315213,52.51421],[13.315348,52.514362],[13.313213,52.515036],[13.310478,52.515912],[13.310345,52.515958],[13.306852,52.517086],[13.30494,52.517731],[13.304318,52.517897],[13.301299,52.518855],[13.300027,52.519263],[13.299984,52.518852],[13.300256,52.518396],[13.300509,52.518041],[13.300774,52.517482],[13.30084,52.517036],[13.301426,52.51354],[13.301765,52.511499],[13.304971,52.511719],[13.314995,52.512374]]]]}},{"type":"Feature","id":"14","properties":{"zone":"14","district":"Mitte","rawHours":"Mo-Fr 9-20 Uhr / Sa 9-18 Uhr","rawFee":"3,00 Euro","note":"Gebührenhöhe und Bewirtschaftungszeiten können auf lokal begrenzten Abschnitten bisweilen abweichen","windows":[{"weekdays":[1,2,3,4,5],"fromMinute":540,"toMinute":1200},{"weekdays":[6],"fromMinute":540,"toMinute":1080}],"fee":{"kind":"exact","centsPerHour":300},"unmodelledRules":[],"sourceDefect":null,"spaces":3276,"maxStay":"4h","maxStayShare":0.011,"maxStayValues":["4h","2h"],"chargingPoints":3,"carsharing":0},"geometry":{"type":"MultiPolygon","coordinates":[[[[13.428504,52.518965],[13.429519,52.521167],[13.429275,52.521313],[13.429329,52.521553],[13.429423,52.522943],[13.429131,52.522996],[13.428115,52.522989],[13.427465,52.522943],[13.426814,52.52293],[13.426409,52.52291],[13.426565,52.523248],[13.425778,52.523329],[13.425248,52.523453],[13.424586,52.523654],[13.423931,52.523892],[13.423265,52.524125],[13.42267,52.524445],[13.421997,52.524685],[13.421128,52.52496],[13.42063,52.525179],[13.419833,52.525517],[13.416188,52.527052],[13.415703,52.526669],[13.412906,52.524373],[13.4173,52.522515],[13.415553,52.520825],[13.416193,52.520276],[13.417301,52.519244],[13.418005,52.518382],[13.418336,52.517586],[13.418495,52.516752],[13.418437,52.515888],[13.418059,52.514236],[13.418389,52.514143],[13.41981,52.5138],[13.420762,52.513528],[13.42152,52.513295],[13.422226,52.513042],[13.423404,52.512643],[13.425955,52.515125],[13.426933,52.516214],[13.427324,52.51673],[13.428099,52.518119],[13.428504,52.518965]]]]}},{"type":"Feature","id":"15","properties":{"zone":"15","district":"Mitte","rawHours":"Mo-Sa 9-22 Uhr","rawFee":"4,00 Euro","note":"Gebührenhöhe und Bewirtschaftungszeiten können auf lokal begrenzten Abschnitten bisweilen abweichen. Die Höchstparkdauer rund um den Gendarmenmarkt ist auf 4 Stunden begrenzt.","windows":[{"weekdays":[1,2,3,4,5,6],"fromMinute":540,"toMinute":1320}],"fee":{"kind":"exact","centsPerHour":400},"unmodelledRules":[],"sourceDefect":null,"spaces":1609,"maxStay":"4h","maxStayShare":0.018,"maxStayValues":["4h","2h"],"chargingPoints":5,"carsharing":0},"geometry":{"type":"MultiPolygon","coordinates":[[[[13.388671,52.517269],[13.3867,52.517146],[13.384056,52.516974],[13.38274,52.516885],[13.380543,52.51674],[13.380837,52.516137],[13.3813,52.515231],[13.379988,52.514969],[13.378835,52.514894],[13.377826,52.514836],[13.377961,52.515748],[13.377457,52.515742],[13.377313,52.515239],[13.37702,52.513955],[13.376883,52.513369],[13.376739,52.512809],[13.376809,52.512572],[13.377358,52.512586],[13.377004,52.51095],[13.376864,52.51048],[13.37679,52.510153],[13.376882,52.509792],[13.377079,52.509324],[13.377122,52.509058],[13.377158,52.508889],[13.377631,52.508514],[13.379266,52.508598],[13.379367,52.507971],[13.379268,52.507189],[13.379532,52.506991],[13.380102,52.507039],[13.383391,52.507237],[13.385566,52.507379],[13.39018,52.507646],[13.38994,52.509078],[13.389753,52.510162],[13.389599,52.511141],[13.389452,52.512019],[13.389314,52.512877],[13.38916,52.51376],[13.389046,52.514495],[13.388977,52.514866],[13.388867,52.51554],[13.38868,52.516737],[13.388745,52.516725],[13.388671,52.517269]]]]}},{"type":"Feature","id":"16","properties":{"zone":"16","district":"Charlottenburg-Wilmersdorf","rawHours":"Mo-Fr 9-20 Uhr / Sa 9-18 Uhr","rawFee":"2,00 Euro","note":"Gebührenhöhe und Bewirtschaftungszeiten können auf lokal begrenzten Abschnitten bisweilen abweichen","windows":[{"weekdays":[1,2,3,4,5],"fromMinute":540,"toMinute":1200},{"weekdays":[6],"fromMinute":540,"toMinute":1080}],"fee":{"kind":"exact","centsPerHour":200},"unmodelledRules":[],"sourceDefect":null,"spaces":1847,"maxStay":"4h","maxStayShare":0.013,"maxStayValues":["4h"],"chargingPoints":4,"carsharing":0},"geometry":{"type":"MultiPolygon","coordinates":[[[[13.324557,52.493826],[13.325011,52.494038],[13.325497,52.494208],[13.325723,52.494282],[13.325914,52.49434],[13.326011,52.494367],[13.326206,52.494419],[13.326305,52.494443],[13.326504,52.49449],[13.32562,52.494757],[13.320522,52.495851],[13.311695,52.496923],[13.311195,52.496955],[13.30833,52.497047],[13.307704,52.497033],[13.308074,52.49597],[13.308151,52.49574],[13.308245,52.495479],[13.308356,52.495209],[13.308731,52.49462],[13.308846,52.494445],[13.309385,52.493947],[13.30942,52.493914],[13.309468,52.493862],[13.309497,52.493827],[13.309525,52.49379],[13.309558,52.493743],[13.309579,52.493708],[13.309533,52.493699],[13.309584,52.493597],[13.309654,52.493503],[13.309662,52.493452],[13.309666,52.493403],[13.309666,52.493364],[13.309664,52.493321],[13.309661,52.493293],[13.309653,52.493245],[13.309637,52.493183],[13.309616,52.493108],[13.30959,52.493023],[13.309568,52.492956],[13.309496,52.492758],[13.309458,52.492659],[13.309378,52.492462],[13.30927,52.49221],[13.309654,52.492098],[13.310117,52.493148],[13.310237,52.49316],[13.310891,52.492556],[13.312241,52.491564],[13.314232,52.490147],[13.315637,52.490626],[13.315641,52.490622],[13.315772,52.490667],[13.315755,52.490685],[13.321428,52.492618],[13.321856,52.492758],[13.322292,52.492929],[13.322772,52.49312],[13.324557,52.493826]]]]}},{"type":"Feature","id":"17-CW","properties":{"zone":"17-CW","district":"Charlottenburg-Wilmersdorf","rawHours":"Mo-Fr 9-20 Uhr / Sa 9-20 Uhr","rawFee":"2,00 Euro","note":"Gebührenhöhe und Bewirtschaftungszeiten können auf lokal begrenzten Abschnitten bisweilen abweichen","windows":[{"weekdays":[1,2,3,4,5],"fromMinute":540,"toMinute":1200},{"weekdays":[6],"fromMinute":540,"toMinute":1200}],"fee":{"kind":"exact","centsPerHour":200},"unmodelledRules":[],"sourceDefect":null,"spaces":824,"maxStay":"4h","maxStayShare":0.008,"maxStayValues":["4h"],"chargingPoints":1,"carsharing":0},"geometry":{"type":"MultiPolygon","coordinates":[[[[13.33236,52.493309],[13.332494,52.493355],[13.332528,52.493389],[13.332569,52.493419],[13.332615,52.493446],[13.332641,52.493458],[13.332695,52.493479],[13.332754,52.493495],[13.332784,52.493501],[13.332847,52.493511],[13.33291,52.493515],[13.332993,52.493514],[13.333583,52.493527],[13.334727,52.494945],[13.334923,52.494915],[13.335088,52.494886],[13.335254,52.494852],[13.335452,52.494808],[13.335596,52.494772],[13.336831,52.494443],[13.336904,52.494425],[13.337473,52.494293],[13.337436,52.494782],[13.337343,52.494785],[13.337284,52.495857],[13.337378,52.495853],[13.337385,52.495982],[13.337307,52.495986],[13.337802,52.49734],[13.33788,52.497383],[13.338021,52.497739],[13.338085,52.497871],[13.338906,52.499273],[13.338974,52.499415],[13.337514,52.499169],[13.337207,52.499129],[13.337087,52.499116],[13.336965,52.499105],[13.336843,52.499096],[13.336721,52.499089],[13.336567,52.499084],[13.336414,52.499081],[13.336273,52.499082],[13.335978,52.499093],[13.335697,52.499114],[13.335396,52.499049],[13.334696,52.498493],[13.334411,52.498269],[13.33424,52.498139],[13.334076,52.498016],[13.333947,52.497924],[13.333711,52.497758],[13.333454,52.497581],[13.333179,52.497416],[13.333209,52.497397],[13.332548,52.496998],[13.332517,52.497017],[13.331561,52.496442],[13.33152,52.49642],[13.331415,52.496325],[13.331415,52.496248],[13.331381,52.496188],[13.331358,52.496132],[13.331342,52.496075],[13.331333,52.496018],[13.331331,52.49599],[13.331334,52.495687],[13.331257,52.494976],[13.33124,52.494795],[13.331233,52.494678],[13.331228,52.494561],[13.331225,52.494444],[13.331227,52.49429],[13.331253,52.493298],[13.33236,52.493309]]]]}},{"type":"Feature","id":"17-TS","properties":{"zone":"17-TS","district":"Tempelhof-Schöneberg","rawHours":"Mo-Fr 9-19 Uhr / Sa 9-14 Uhr","rawFee":"3,00 Euro","note":"Gebührenhöhe und Bewirtschaftungszeiten können auf lokal begrenzten Abschnitten bisweilen abweichen","windows":[{"weekdays":[1,2,3,4,5],"fromMinute":540,"toMinute":1140},{"weekdays":[6],"fromMinute":540,"toMinute":840}],"fee":{"kind":"exact","centsPerHour":300},"unmodelledRules":[],"sourceDefect":null,"spaces":928,"maxStay":"4h","maxStayShare":0.015,"maxStayValues":["4h"],"chargingPoints":3,"carsharing":0},"geometry":{"type":"MultiPolygon","coordinates":[[[[13.337473,52.494293],[13.337894,52.494212],[13.338804,52.494584],[13.340834,52.495238],[13.341633,52.49522],[13.342081,52.495242],[13.342993,52.495538],[13.343025,52.495944],[13.345757,52.496837],[13.346355,52.497041],[13.346338,52.497619],[13.346296,52.498718],[13.346274,52.49898],[13.346249,52.499731],[13.346289,52.499929],[13.345479,52.499896],[13.344826,52.49986],[13.343915,52.499805],[13.342919,52.49975],[13.342483,52.499735],[13.341873,52.49973],[13.341325,52.499697],[13.3406,52.49962],[13.339804,52.499522],[13.338974,52.499415],[13.338906,52.499273],[13.338085,52.497871],[13.338021,52.497739],[13.33788,52.497383],[13.337802,52.49734],[13.337307,52.495986],[13.337385,52.495982],[13.337378,52.495853],[13.337284,52.495857],[13.337343,52.494785],[13.337436,52.494782],[13.337473,52.494293]]]]}},{"type":"Feature","id":"18","properties":{"zone":"18","district":"Friedrichshain-Kreuzberg","rawHours":"Mo-Sa 9-22 Uhr","rawFee":"3,00 Euro","note":"Gebührenhöhe und Bewirtschaftungszeiten können auf lokal begrenzten Abschnitten bisweilen abweichen","windows":[{"weekdays":[1,2,3,4,5,6],"fromMinute":540,"toMinute":1320}],"fee":{"kind":"exact","centsPerHour":300},"unmodelledRules":[],"sourceDefect":null,"spaces":2105,"maxStay":"4h","maxStayShare":0.01,"maxStayValues":["4h"],"chargingPoints":3,"carsharing":0},"geometry":{"type":"MultiPolygon","coordinates":[[[[13.440936,52.517135],[13.432932,52.517958],[13.432836,52.517931],[13.432147,52.518014],[13.430072,52.518236],[13.428296,52.518531],[13.428099,52.518119],[13.427324,52.51673],[13.426933,52.516214],[13.425955,52.515125],[13.423404,52.512643],[13.422923,52.512169],[13.423027,52.51212],[13.423081,52.512126],[13.428394,52.509065],[13.428666,52.508992],[13.428856,52.508978],[13.428888,52.508967],[13.428905,52.50897],[13.428916,52.508968],[13.429126,52.508902],[13.429134,52.508896],[13.429137,52.508889],[13.429136,52.508885],[13.429123,52.508867],[13.429156,52.508852],[13.429172,52.50884],[13.429183,52.508827],[13.429187,52.508819],[13.429206,52.508726],[13.42924,52.508671],[13.429402,52.508572],[13.429772,52.508895],[13.433576,52.507262],[13.434048,52.507576],[13.437218,52.510449],[13.439584,52.513505],[13.439777,52.513844],[13.440936,52.517135]]]]}},{"type":"Feature","id":"19","properties":{"zone":"19","district":"Charlottenburg-Wilmersdorf","rawHours":"Mo-Fr 9-20 Uhr / Sa 9-18 Uhr","rawFee":"2,00 Euro","note":"Gebührenhöhe und Bewirtschaftungszeiten können auf lokal begrenzten Abschnitten bisweilen abweichen.","windows":[{"weekdays":[1,2,3,4,5],"fromMinute":540,"toMinute":1200},{"weekdays":[6],"fromMinute":540,"toMinute":1080}],"fee":{"kind":"exact","centsPerHour":200},"unmodelledRules":[],"sourceDefect":null,"spaces":3135,"maxStay":"4h","maxStayShare":0.005,"maxStayValues":["4h"],"chargingPoints":5,"carsharing":0},"geometry":{"type":"MultiPolygon","coordinates":[[[[13.315453,52.490564],[13.314232,52.490147],[13.313732,52.490018],[13.313809,52.48992],[13.31383,52.489906],[13.313845,52.489913],[13.313961,52.489845],[13.313947,52.489837],[13.314078,52.489783],[13.31415,52.48976],[13.314224,52.489741],[13.314301,52.489726],[13.31438,52.489714],[13.31446,52.489707],[13.314564,52.489703],[13.314659,52.489706],[13.314654,52.489722],[13.31475,52.489731],[13.314754,52.489714],[13.314847,52.489728],[13.314908,52.489741],[13.315495,52.489209],[13.318108,52.487721],[13.31891,52.487271],[13.319747,52.486726],[13.320188,52.486305],[13.320855,52.486268],[13.322126,52.486276],[13.322909,52.486318],[13.323431,52.486327],[13.323431,52.486344],[13.324354,52.486364],[13.324354,52.486384],[13.324922,52.486374],[13.324924,52.486422],[13.325277,52.486416],[13.325275,52.486368],[13.326372,52.486354],[13.327331,52.486282],[13.327926,52.486557],[13.328591,52.486712],[13.328987,52.486811],[13.331346,52.487212],[13.33137,52.48758],[13.331334,52.488903],[13.331284,52.489109],[13.331243,52.490621],[13.331191,52.492618],[13.331234,52.493028],[13.332367,52.493039],[13.33236,52.493309],[13.331253,52.493298],[13.331228,52.49424],[13.331225,52.494409],[13.331228,52.494561],[13.331233,52.494678],[13.33124,52.494795],[13.33125,52.494912],[13.330265,52.494951],[13.329181,52.494838],[13.328789,52.494795],[13.328399,52.494749],[13.328087,52.494709],[13.327836,52.49467],[13.327648,52.494647],[13.327054,52.494598],[13.326868,52.494564],[13.326604,52.494512],[13.326504,52.49449],[13.326305,52.494443],[13.326206,52.494419],[13.326011,52.494367],[13.325818,52.494311],[13.325628,52.494252],[13.325497,52.494208],[13.325011,52.494038],[13.324557,52.493826],[13.322772,52.49312],[13.322292,52.492929],[13.321856,52.492758],[13.321428,52.492618],[13.315755,52.490685],[13.315772,52.490667],[13.315641,52.490622],[13.315637,52.490626],[13.315453,52.490564]]]]}},{"type":"Feature","id":"2","properties":{"zone":"2","district":"Mitte","rawHours":"Mo-Sa 9-22 Uhr","rawFee":"4,00 Euro","note":"Gebührenhöhe und Bewirtschaftungszeiten können auf lokal begrenzten Abschnitten bisweilen abweichen. Die Höchstparkdauer rund um den Gendarmenmarkt ist auf 4 Stunden begrenzt.","windows":[{"weekdays":[1,2,3,4,5,6],"fromMinute":540,"toMinute":1320}],"fee":{"kind":"exact","centsPerHour":400},"unmodelledRules":[],"sourceDefect":null,"spaces":2811,"maxStay":"4h","maxStayShare":0.032,"maxStayValues":["4h","2h"],"chargingPoints":8,"carsharing":0},"geometry":{"type":"MultiPolygon","coordinates":[[[[13.406414,52.515685],[13.405518,52.516091],[13.404959,52.516497],[13.404518,52.516864],[13.404074,52.517258],[13.403512,52.51703],[13.403552,52.517002],[13.403262,52.516876],[13.402906,52.51675],[13.402405,52.516602],[13.401962,52.516484],[13.401044,52.516259],[13.400562,52.516132],[13.3998,52.515941],[13.399765,52.515987],[13.399227,52.515842],[13.398569,52.515674],[13.397485,52.515439],[13.39678,52.515317],[13.396607,52.515341],[13.395292,52.515265],[13.39284,52.515106],[13.388977,52.514866],[13.389046,52.514495],[13.38916,52.51376],[13.389314,52.512877],[13.389452,52.512019],[13.389599,52.511141],[13.389753,52.510162],[13.38994,52.509078],[13.39018,52.507646],[13.392233,52.507768],[13.395783,52.507993],[13.398699,52.508168],[13.398742,52.50815],[13.398843,52.508149],[13.398111,52.507162],[13.398285,52.5071],[13.399668,52.507216],[13.400269,52.50805],[13.40107,52.509121],[13.400113,52.509437],[13.40122,52.510351],[13.401556,52.510635],[13.401484,52.511119],[13.401749,52.511205],[13.402387,52.5115],[13.402698,52.511664],[13.402997,52.511868],[13.403226,52.512029],[13.403837,52.511603],[13.404517,52.511525],[13.405617,52.511616],[13.407107,52.511957],[13.408479,52.512506],[13.409622,52.51291],[13.410244,52.513184],[13.412035,52.514236],[13.412111,52.514819],[13.411072,52.514832],[13.410105,52.514839],[13.40934,52.514908],[13.408006,52.515059],[13.407819,52.515084],[13.407421,52.51527],[13.407381,52.515245],[13.406912,52.515465],[13.406414,52.515685]]]]}},{"type":"Feature","id":"20","properties":{"zone":"20","district":"Mitte","rawHours":"Mo-Sa 9-22 Uhr","rawFee":"3,00 Euro","note":"Gebührenhöhe und Bewirtschaftungszeiten können auf lokal begrenzten Abschnitten bisweilen abweichen","windows":[{"weekdays":[1,2,3,4,5,6],"fromMinute":540,"toMinute":1320}],"fee":{"kind":"exact","centsPerHour":300},"unmodelledRules":[],"sourceDefect":null,"spaces":1174,"maxStay":"4h","maxStayShare":0.011,"maxStayValues":["4h"],"chargingPoints":2,"carsharing":0},"geometry":{"type":"MultiPolygon","coordinates":[[[[13.338986,52.505477],[13.339068,52.505344],[13.338942,52.505321],[13.339068,52.505074],[13.339188,52.5051],[13.339346,52.505126],[13.339465,52.50514],[13.339586,52.50515],[13.339739,52.505157],[13.339889,52.505157],[13.34001,52.505153],[13.340131,52.505144],[13.34025,52.505131],[13.340368,52.505113],[13.340484,52.505092],[13.340541,52.50508],[13.341411,52.50487],[13.341519,52.504992],[13.343967,52.504413],[13.344833,52.504216],[13.345762,52.504024],[13.3468,52.503813],[13.349035,52.503323],[13.350064,52.503197],[13.350858,52.504119],[13.351261,52.504611],[13.351819,52.50525],[13.352089,52.50569],[13.352097,52.505955],[13.352085,52.506411],[13.351939,52.507234],[13.351767,52.508086],[13.351587,52.508739],[13.35131,52.509801],[13.351069,52.509765],[13.351069,52.509711],[13.350696,52.509663],[13.350379,52.509604],[13.350158,52.50954],[13.350013,52.509485],[13.349855,52.5094],[13.349744,52.509412],[13.348916,52.509521],[13.348989,52.509545],[13.349027,52.509572],[13.349047,52.509595],[13.349043,52.509631],[13.349022,52.509671],[13.348967,52.5097],[13.348901,52.509715],[13.348829,52.509709],[13.348786,52.509688],[13.348689,52.509659],[13.34853,52.509658],[13.346594,52.509923],[13.346433,52.509954],[13.345688,52.510858],[13.345466,52.51095],[13.344633,52.510273],[13.343794,52.509595],[13.342997,52.508957],[13.343211,52.508911],[13.343514,52.509156],[13.34377,52.509106],[13.344053,52.509048],[13.344268,52.508973],[13.344448,52.508906],[13.344145,52.508689],[13.343533,52.508228],[13.343446,52.507932],[13.343966,52.506546],[13.343999,52.506465],[13.342098,52.506092],[13.338986,52.505477]]]]}},{"type":"Feature","id":"21","properties":{"zone":"21","district":"Mitte","rawHours":"Mo-Sa 9-22 Uhr","rawFee":"3,00 Euro","note":"Gebührenhöhe und Bewirtschaftungszeiten können auf lokal begrenzten Abschnitten bisweilen abweichen","windows":[{"weekdays":[1,2,3,4,5,6],"fromMinute":540,"toMinute":1320}],"fee":{"kind":"exact","centsPerHour":300},"unmodelledRules":[],"sourceDefect":null,"spaces":1177,"maxStay":"4h","maxStayShare":0.02,"maxStayValues":["4h","1h","2h"],"chargingPoints":3,"carsharing":0},"geometry":{"type":"MultiPolygon","coordinates":[[[[13.377358,52.512586],[13.376809,52.512572],[13.375641,52.511966],[13.375217,52.511863],[13.373789,52.511527],[13.373241,52.51145],[13.371749,52.511244],[13.371632,52.511257],[13.370877,52.511154],[13.369031,52.510846],[13.366957,52.510495],[13.365319,52.510226],[13.363307,52.509884],[13.362899,52.509824],[13.361432,52.509858],[13.359612,52.509905],[13.359004,52.509925],[13.358389,52.509949],[13.357757,52.509943],[13.357329,52.509946],[13.356866,52.509924],[13.356431,52.509893],[13.355122,52.509776],[13.353671,52.509651],[13.353312,52.50965],[13.353095,52.509662],[13.35279,52.50972],[13.352417,52.509774],[13.352196,52.509795],[13.351912,52.509786],[13.351609,52.509764],[13.351565,52.509823],[13.35131,52.509801],[13.351587,52.508739],[13.351767,52.508086],[13.351939,52.507234],[13.352085,52.506411],[13.352097,52.505955],[13.352089,52.50569],[13.352609,52.505632],[13.352833,52.505636],[13.353035,52.505666],[13.353456,52.505756],[13.355311,52.506203],[13.356204,52.50642],[13.356682,52.506534],[13.356872,52.50657],[13.357083,52.5066],[13.357307,52.506614],[13.357641,52.506612],[13.357976,52.506578],[13.358281,52.506514],[13.358554,52.506437],[13.358867,52.50633],[13.359291,52.506194],[13.359485,52.506135],[13.360326,52.505942],[13.36071,52.505856],[13.361337,52.505713],[13.36164,52.505668],[13.361944,52.505636],[13.362216,52.505634],[13.362496,52.505624],[13.36281,52.505625],[13.362993,52.505631],[13.36326,52.505662],[13.363561,52.505712],[13.363905,52.505798],[13.364148,52.505856],[13.364407,52.505898],[13.364653,52.505922],[13.36515,52.505947],[13.365708,52.505979],[13.366359,52.506009],[13.366746,52.506007],[13.367268,52.505993],[13.367805,52.505973],[13.367864,52.505974],[13.368003,52.506279],[13.368564,52.50618],[13.368424,52.505925],[13.368772,52.505876],[13.369049,52.505822],[13.36935,52.505769],[13.369891,52.505589],[13.37091,52.505217],[13.371306,52.505042],[13.371736,52.504838],[13.372027,52.504711],[13.372248,52.504582],[13.372508,52.504412],[13.37268,52.504261],[13.372859,52.504082],[13.372996,52.503917],[13.37311,52.503773],[13.37342,52.504205],[13.373747,52.503822],[13.373942,52.503607],[13.374122,52.503464],[13.37433,52.503364],[13.375289,52.505055],[13.375809,52.505966],[13.376208,52.506653],[13.377015,52.508087],[13.377437,52.508],[13.377882,52.507639],[13.378785,52.506924],[13.379532,52.506991],[13.379268,52.507189],[13.379367,52.507971],[13.379266,52.508598],[13.377631,52.508514],[13.377158,52.508889],[13.377122,52.509058],[13.377079,52.509324],[13.376882,52.509792],[13.37679,52.510153],[13.376864,52.51048],[13.377004,52.51095],[13.377358,52.512586]]]]}},{"type":"Feature","id":"22","properties":{"zone":"22","district":"Mitte","rawHours":"Mo-Fr 9-20 Uhr / Sa 9-18 Uhr","rawFee":"3,00 Euro","note":"Gebührenhöhe und Bewirtschaftungszeiten können auf lokal begrenzten Abschnitten bisweilen abweichen","windows":[{"weekdays":[1,2,3,4,5],"fromMinute":540,"toMinute":1200},{"weekdays":[6],"fromMinute":540,"toMinute":1080}],"fee":{"kind":"exact","centsPerHour":300},"unmodelledRules":[],"sourceDefect":null,"spaces":1872,"maxStay":"4h","maxStayShare":0.01,"maxStayValues":["4h"],"chargingPoints":4,"carsharing":0},"geometry":{"type":"MultiPolygon","coordinates":[[[[13.352089,52.50569],[13.351819,52.50525],[13.351261,52.504611],[13.350858,52.504119],[13.350064,52.503197],[13.352006,52.502738],[13.352714,52.502525],[13.353205,52.502373],[13.353251,52.502219],[13.354795,52.50183],[13.356279,52.501478],[13.357095,52.501278],[13.357686,52.501114],[13.359591,52.500574],[13.360916,52.500193],[13.362459,52.499762],[13.362952,52.499657],[13.367437,52.499047],[13.36919,52.498806],[13.370146,52.499538],[13.370662,52.499952],[13.370738,52.500037],[13.37084,52.500402],[13.371214,52.501626],[13.371248,52.501681],[13.371998,52.502502],[13.372843,52.503402],[13.37311,52.503773],[13.372996,52.503917],[13.372859,52.504082],[13.37268,52.504261],[13.372508,52.504412],[13.372248,52.504582],[13.372027,52.504711],[13.371736,52.504838],[13.371306,52.505042],[13.37091,52.505217],[13.369891,52.505589],[13.36935,52.505769],[13.369049,52.505822],[13.368772,52.505876],[13.368424,52.505925],[13.368564,52.50618],[13.368003,52.506279],[13.367864,52.505974],[13.367805,52.505973],[13.367268,52.505993],[13.366746,52.506007],[13.366359,52.506009],[13.365708,52.505979],[13.36515,52.505947],[13.364653,52.505922],[13.364407,52.505898],[13.364148,52.505856],[13.363905,52.505798],[13.363561,52.505712],[13.36326,52.505662],[13.362993,52.505631],[13.36281,52.505625],[13.362496,52.505624],[13.362216,52.505634],[13.361944,52.505636],[13.36164,52.505668],[13.361337,52.505713],[13.36071,52.505856],[13.360326,52.505942],[13.359485,52.506135],[13.359291,52.506194],[13.358867,52.50633],[13.358554,52.506437],[13.358281,52.506514],[13.357976,52.506578],[13.357641,52.506612],[13.357307,52.506614],[13.357083,52.5066],[13.356872,52.50657],[13.356682,52.506534],[13.356204,52.50642],[13.355311,52.506203],[13.353456,52.505756],[13.353035,52.505666],[13.352833,52.505636],[13.352609,52.505632],[13.352089,52.50569]]]]}},{"type":"Feature","id":"23","properties":{"zone":"23","district":"Steglitz-Zehlendorf","rawHours":"Mo-Fr 9-20 Uhr / Sa 9-18 Uhr","rawFee":"2,00 Euro","note":"Gebührenhöhe und Bewirtschaftungszeiten können auf lokal begrenzten Abschnitten bisweilen abweichen","windows":[{"weekdays":[1,2,3,4,5],"fromMinute":540,"toMinute":1200},{"weekdays":[6],"fromMinute":540,"toMinute":1080}],"fee":{"kind":"exact","centsPerHour":200},"unmodelledRules":[],"sourceDefect":null,"spaces":1670,"maxStay":"4h","maxStayShare":0.009,"maxStayValues":["4h"],"chargingPoints":3,"carsharing":0},"geometry":{"type":"MultiPolygon","coordinates":[[[[13.312968,52.459504],[13.312709,52.45926],[13.314437,52.458803],[13.31506,52.458575],[13.314509,52.458016],[13.313691,52.457242],[13.312909,52.456523],[13.312577,52.456127],[13.31187,52.455411],[13.311631,52.455286],[13.310677,52.454869],[13.310401,52.454724],[13.310218,52.454583],[13.31013,52.45443],[13.310116,52.4543],[13.310127,52.454136],[13.310175,52.454036],[13.310274,52.453936],[13.31044,52.453838],[13.310829,52.453682],[13.311329,52.453465],[13.311711,52.453366],[13.312095,52.453225],[13.312384,52.453076],[13.312549,52.452938],[13.312924,52.452606],[13.313355,52.452307],[13.314692,52.452714],[13.315448,52.452932],[13.315284,52.452203],[13.315221,52.451733],[13.315195,52.451465],[13.315176,52.450832],[13.315113,52.450413],[13.31623,52.450221],[13.316377,52.450334],[13.317024,52.450649],[13.317593,52.450907],[13.317956,52.451096],[13.318369,52.451298],[13.319342,52.4518],[13.319614,52.451953],[13.319848,52.452126],[13.320054,52.452296],[13.320463,52.451791],[13.320719,52.451596],[13.321079,52.451295],[13.32145,52.450998],[13.322004,52.450576],[13.322416,52.450265],[13.323065,52.449758],[13.323394,52.450019],[13.32426,52.450819],[13.32478,52.451315],[13.325225,52.451703],[13.326537,52.452912],[13.32725,52.453585],[13.327977,52.454229],[13.326997,52.454613],[13.325903,52.455073],[13.324216,52.455741],[13.323926,52.455819],[13.322406,52.456284],[13.321088,52.456619],[13.320376,52.45683],[13.319973,52.457041],[13.319639,52.457187],[13.317799,52.457841],[13.315951,52.458521],[13.315227,52.458863],[13.314965,52.458961],[13.313995,52.459223],[13.312968,52.459504]]]]}},{"type":"Feature","id":"24","properties":{"zone":"24","district":"Steglitz-Zehlendorf","rawHours":"Mo-Fr 9-20 Uhr / Sa 9-18 Uhr","rawFee":"2,00 Euro","note":"Gebührenhöhe und Bewirtschaftungszeiten können auf lokal begrenzten Abschnitten bisweilen abweichen","windows":[{"weekdays":[1,2,3,4,5],"fromMinute":540,"toMinute":1200},{"weekdays":[6],"fromMinute":540,"toMinute":1080}],"fee":{"kind":"exact","centsPerHour":200},"unmodelledRules":[],"sourceDefect":null,"spaces":2272,"maxStay":null,"maxStayShare":0,"maxStayValues":[],"chargingPoints":0,"carsharing":0},"geometry":{"type":"MultiPolygon","coordinates":[[[[13.312968,52.459504],[13.313995,52.459223],[13.314965,52.458961],[13.315227,52.458863],[13.315951,52.458521],[13.317799,52.457841],[13.319639,52.457187],[13.319973,52.457041],[13.320376,52.45683],[13.321088,52.456619],[13.322406,52.456284],[13.323926,52.455819],[13.324216,52.455741],[13.325903,52.455073],[13.326997,52.454613],[13.327977,52.454229],[13.328397,52.454072],[13.32922,52.453738],[13.329772,52.454278],[13.330344,52.45485],[13.331211,52.455729],[13.332257,52.455598],[13.332291,52.45683],[13.332311,52.457377],[13.332261,52.457829],[13.331683,52.458366],[13.332357,52.458478],[13.331658,52.459093],[13.330052,52.459763],[13.32931,52.459778],[13.328802,52.460018],[13.328206,52.460281],[13.32767,52.460521],[13.326352,52.461005],[13.324364,52.461715],[13.32334,52.462058],[13.322941,52.462181],[13.322338,52.462329],[13.321782,52.462443],[13.320906,52.46274],[13.31971,52.463187],[13.31814,52.463734],[13.316863,52.464219],[13.316095,52.463341],[13.315411,52.462648],[13.3147,52.46188],[13.315937,52.461434],[13.315356,52.460821],[13.314281,52.459692],[13.313401,52.459912],[13.312968,52.459504]]]]}},{"type":"Feature","id":"25","properties":{"zone":"25","district":"Steglitz-Zehlendorf","rawHours":"Mo-Fr 9-20 Uhr / Sa 9-18 Uhr","rawFee":"2,00 Euro","note":"Gebührenhöhe und Bewirtschaftungszeiten können auf lokal begrenzten Abschnitten bisweilen abweichen","windows":[{"weekdays":[1,2,3,4,5],"fromMinute":540,"toMinute":1200},{"weekdays":[6],"fromMinute":540,"toMinute":1080}],"fee":{"kind":"exact","centsPerHour":200},"unmodelledRules":[],"sourceDefect":null,"spaces":2232,"maxStay":"4h","maxStayShare":0.007,"maxStayValues":["4h"],"chargingPoints":1,"carsharing":0},"geometry":{"type":"MultiPolygon","coordinates":[[[[13.334777,52.466315],[13.333448,52.466145],[13.331368,52.465887],[13.331263,52.465776],[13.330795,52.465297],[13.329347,52.465783],[13.328954,52.465374],[13.328074,52.464624],[13.327865,52.464676],[13.325361,52.465579],[13.324045,52.466048],[13.322739,52.466505],[13.3217,52.466864],[13.321508,52.46687],[13.319967,52.4669],[13.319381,52.466909],[13.318567,52.465975],[13.317845,52.465235],[13.316863,52.464219],[13.31814,52.463734],[13.31971,52.463187],[13.320906,52.46274],[13.321782,52.462443],[13.322338,52.462329],[13.322941,52.462181],[13.32334,52.462058],[13.324364,52.461715],[13.326352,52.461005],[13.32767,52.460521],[13.328206,52.460281],[13.328802,52.460018],[13.32931,52.459778],[13.330052,52.459763],[13.331658,52.459093],[13.332357,52.458478],[13.333359,52.458645],[13.333317,52.4594],[13.333726,52.460083],[13.334137,52.46064],[13.33437,52.46104],[13.333832,52.461123],[13.333498,52.461191],[13.333271,52.461251],[13.333553,52.461489],[13.334391,52.462184],[13.334908,52.462217],[13.334819,52.46277],[13.334639,52.464317],[13.332748,52.464082],[13.333029,52.464284],[13.334069,52.465124],[13.335494,52.466237],[13.334955,52.466465],[13.334777,52.466315]]]]}},{"type":"Feature","id":"26","properties":{"zone":"26","district":"Tempelhof-Schöneberg","rawHours":"Mo-Fr 9-20 Uhr/ Sa 9-18 Uhr","rawFee":"2,00 Euro","note":"Gebührenhöhe und Bewirtschaftungszeiten können auf lokal begrenzten Abschnitten bisweilen abweichen","windows":[{"weekdays":[1,2,3,4,5],"fromMinute":540,"toMinute":1200},{"weekdays":[6],"fromMinute":540,"toMinute":1080}],"fee":{"kind":"exact","centsPerHour":200},"unmodelledRules":[],"sourceDefect":null,"spaces":1356,"maxStay":"4h","maxStayShare":0.008,"maxStayValues":["4h"],"chargingPoints":6,"carsharing":0},"geometry":{"type":"MultiPolygon","coordinates":[[[[13.321508,52.46687],[13.3217,52.466864],[13.322739,52.466505],[13.324045,52.466048],[13.325361,52.465579],[13.327865,52.464676],[13.328074,52.464624],[13.328954,52.465374],[13.329347,52.465783],[13.330795,52.465297],[13.331263,52.465776],[13.331368,52.465887],[13.333448,52.466145],[13.334777,52.466315],[13.334955,52.466465],[13.335225,52.466351],[13.335922,52.466902],[13.336485,52.467416],[13.336165,52.467514],[13.334844,52.468026],[13.33333,52.468606],[13.332793,52.468834],[13.332601,52.468909],[13.331845,52.469345],[13.330824,52.47],[13.329765,52.470657],[13.328902,52.471209],[13.328616,52.471135],[13.328249,52.471144],[13.328072,52.471221],[13.32374,52.468744],[13.323308,52.468749],[13.322386,52.468755],[13.321548,52.468747],[13.321508,52.46687]]]]}},{"type":"Feature","id":"27","properties":{"zone":"27","district":"Tempelhof-Schöneberg","rawHours":"Mo-Fr 9-20 Uhr/ Sa 9-18 Uhr","rawFee":"2,00 Euro","note":"Gebührenhöhe und Bewirtschaftungszeiten können auf lokal begrenzten Abschnitten bisweilen abweichen","windows":[{"weekdays":[1,2,3,4,5],"fromMinute":540,"toMinute":1200},{"weekdays":[6],"fromMinute":540,"toMinute":1080}],"fee":{"kind":"exact","centsPerHour":200},"unmodelledRules":[],"sourceDefect":null,"spaces":1352,"maxStay":"4h","maxStayShare":0.008,"maxStayValues":["4h"],"chargingPoints":4,"carsharing":0},"geometry":{"type":"MultiPolygon","coordinates":[[[[13.331845,52.469345],[13.332601,52.468909],[13.332793,52.468834],[13.333543,52.469608],[13.334325,52.470362],[13.335162,52.47115],[13.335947,52.471901],[13.33633,52.472232],[13.336987,52.472747],[13.337927,52.473499],[13.340732,52.4759],[13.341388,52.476402],[13.343394,52.477901],[13.341222,52.477916],[13.340047,52.47792],[13.338748,52.477907],[13.338154,52.477878],[13.337057,52.477812],[13.334126,52.477612],[13.332873,52.477535],[13.332868,52.477415],[13.328653,52.477442],[13.328576,52.473891],[13.328694,52.473434],[13.329053,52.473042],[13.329091,52.471822],[13.32938,52.471333],[13.328902,52.471209],[13.329765,52.470657],[13.330824,52.47],[13.331845,52.469345]]]]}},{"type":"Feature","id":"28","properties":{"zone":"28","district":"Tempelhof-Schöneberg","rawHours":"Mo-Fr 9-20 Uhr/ Sa 9-18 Uhr","rawFee":"2,00 Euro","note":"Gebührenhöhe und Bewirtschaftungszeiten können auf lokal begrenzten Abschnitten bisweilen abweichen","windows":[{"weekdays":[1,2,3,4,5],"fromMinute":540,"toMinute":1200},{"weekdays":[6],"fromMinute":540,"toMinute":1080}],"fee":{"kind":"exact","centsPerHour":200},"unmodelledRules":[],"sourceDefect":null,"spaces":1030,"maxStay":"4h","maxStayShare":0.007,"maxStayValues":["4h"],"chargingPoints":2,"carsharing":0},"geometry":{"type":"MultiPolygon","coordinates":[[[[13.336485,52.467416],[13.337037,52.467228],[13.341968,52.471308],[13.34758,52.475855],[13.346911,52.476485],[13.345979,52.477179],[13.344913,52.477891],[13.343394,52.477901],[13.341388,52.476402],[13.340732,52.4759],[13.337927,52.473499],[13.336987,52.472747],[13.33633,52.472232],[13.335947,52.471901],[13.335162,52.47115],[13.334325,52.470362],[13.333543,52.469608],[13.332747,52.468852],[13.332793,52.468834],[13.33333,52.468606],[13.334844,52.468026],[13.336165,52.467514],[13.336485,52.467416]]]]}},{"type":"Feature","id":"29","properties":{"zone":"29","district":"Mitte","rawHours":"Mo-So 9-24 Uhr","rawFee":"4,00 Euro","note":"Gebührenhöhe und Bewirtschaftungszeiten können auf lokal begrenzten Abschnitten bisweilen abweichen","windows":[{"weekdays":[1,2,3,4,5,6,0],"fromMinute":540,"toMinute":1440}],"fee":{"kind":"exact","centsPerHour":400},"unmodelledRules":[],"sourceDefect":null,"spaces":3664,"maxStay":"4h","maxStayShare":0.009,"maxStayValues":["4h"],"chargingPoints":6,"carsharing":0},"geometry":{"type":"MultiPolygon","coordinates":[[[[13.415703,52.526669],[13.416188,52.527052],[13.415352,52.527461],[13.412728,52.528219],[13.411962,52.52843],[13.411475,52.528557],[13.410872,52.528669],[13.410454,52.528753],[13.410013,52.528794],[13.40927,52.528977],[13.408249,52.529215],[13.407878,52.529271],[13.407159,52.529383],[13.406462,52.529495],[13.405302,52.52969],[13.404653,52.529802],[13.404072,52.529929],[13.403655,52.529998],[13.403237,52.529955],[13.402588,52.529926],[13.401916,52.529882],[13.401187,52.529848],[13.400735,52.529724],[13.399275,52.529637],[13.397583,52.529504],[13.397291,52.529463],[13.395697,52.529077],[13.393841,52.528631],[13.393425,52.528524],[13.392151,52.528266],[13.391421,52.528109],[13.390815,52.527991],[13.389139,52.527644],[13.387964,52.527406],[13.387369,52.527279],[13.387283,52.526998],[13.386896,52.526957],[13.387054,52.526132],[13.387228,52.525057],[13.38717,52.524998],[13.386418,52.524814],[13.386257,52.524845],[13.386205,52.524921],[13.38611,52.524921],[13.38609,52.524716],[13.385981,52.5246],[13.386149,52.5246],[13.386565,52.52465],[13.387266,52.524785],[13.387447,52.52373],[13.387675,52.522492],[13.388089,52.522487],[13.388923,52.522545],[13.389715,52.522592],[13.390486,52.522631],[13.390828,52.522651],[13.391363,52.522669],[13.391479,52.522667],[13.391479,52.522658],[13.39175,52.522655],[13.391763,52.522661],[13.39204,52.522651],[13.392589,52.522613],[13.39326,52.522568],[13.394014,52.522492],[13.394001,52.522484],[13.39423,52.522455],[13.394244,52.522474],[13.394634,52.522416],[13.395363,52.52234],[13.396059,52.522236],[13.396538,52.522141],[13.396881,52.522055],[13.396831,52.522033],[13.397138,52.521958],[13.397193,52.521969],[13.397526,52.521893],[13.397881,52.521816],[13.398309,52.521717],[13.399077,52.521535],[13.399763,52.521288],[13.400254,52.52099],[13.40078,52.520619],[13.401016,52.520407],[13.401358,52.520042],[13.401614,52.51979],[13.40199,52.519391],[13.402318,52.519037],[13.402386,52.518981],[13.402506,52.518897],[13.402612,52.518766],[13.405166,52.519948],[13.409513,52.522077],[13.412147,52.52375],[13.415703,52.526669]]]]}},{"type":"Feature","id":"3","properties":{"zone":"3","district":"Mitte","rawHours":"Mo-Sa 9-22 Uhr","rawFee":"4,00 Euro","note":"Gebührenhöhe und Bewirtschaftungszeiten können auf lokal begrenzten Abschnitten bisweilen abweichen","windows":[{"weekdays":[1,2,3,4,5,6],"fromMinute":540,"toMinute":1320}],"fee":{"kind":"exact","centsPerHour":400},"unmodelledRules":[],"sourceDefect":null,"spaces":925,"maxStay":"4h","maxStayShare":0.027,"maxStayValues":["4h"],"chargingPoints":3,"carsharing":0},"geometry":{"type":"MultiPolygon","coordinates":[[[[13.418437,52.515888],[13.418495,52.516752],[13.418336,52.517586],[13.418005,52.518382],[13.417301,52.519244],[13.416193,52.520276],[13.415553,52.520825],[13.4173,52.522515],[13.412906,52.524373],[13.412147,52.52375],[13.409513,52.522077],[13.405166,52.519948],[13.402612,52.518766],[13.402627,52.518704],[13.402709,52.518627],[13.40321,52.518091],[13.403485,52.517817],[13.403712,52.517579],[13.40401,52.517325],[13.404074,52.517258],[13.404518,52.516864],[13.404959,52.516497],[13.405518,52.516091],[13.406414,52.515685],[13.406912,52.515465],[13.407381,52.515245],[13.407421,52.51527],[13.407819,52.515084],[13.408006,52.515059],[13.40934,52.514908],[13.410105,52.514839],[13.411072,52.514832],[13.412111,52.514819],[13.413002,52.51483],[13.413604,52.514887],[13.413998,52.514916],[13.414554,52.514946],[13.414925,52.514975],[13.415728,52.515001],[13.416528,52.514973],[13.417016,52.514825],[13.417357,52.514665],[13.41755,52.514385],[13.417595,52.514607],[13.418131,52.514552],[13.418437,52.515888]]]]}},{"type":"Feature","id":"30","properties":{"zone":"30","district":"Friedrichshain-Kreuzberg","rawHours":"Mo-Sa 9-24 Uhr","rawFee":"3,00 Euro","note":"Gebührenhöhe und Bewirtschaftungszeiten können auf lokal begrenzten Abschnitten bisweilen abweichen","windows":[{"weekdays":[1,2,3,4,5,6],"fromMinute":540,"toMinute":1440}],"fee":{"kind":"exact","centsPerHour":300},"unmodelledRules":[],"sourceDefect":null,"spaces":1062,"maxStay":"4h","maxStayShare":0.006,"maxStayValues":["4h"],"chargingPoints":1,"carsharing":1},"geometry":{"type":"MultiPolygon","coordinates":[[[[13.473589,52.514015],[13.473532,52.514674],[13.473633,52.514714],[13.474403,52.514499],[13.474396,52.514513],[13.474317,52.51471],[13.474171,52.514749],[13.473731,52.515502],[13.473888,52.515631],[13.473549,52.516171],[13.473249,52.51664],[13.473124,52.516832],[13.473015,52.516853],[13.473003,52.516869],[13.472729,52.517307],[13.472632,52.517452],[13.472255,52.518034],[13.472187,52.518141],[13.471863,52.518618],[13.471322,52.519385],[13.471008,52.519803],[13.470682,52.52031],[13.470598,52.520365],[13.469328,52.520262],[13.469337,52.520257],[13.469352,52.520254],[13.469376,52.520246],[13.469387,52.520241],[13.469405,52.520229],[13.46942,52.520214],[13.469428,52.520197],[13.46943,52.520188],[13.469429,52.520171],[13.469419,52.520128],[13.469403,52.520129],[13.468828,52.517729],[13.468734,52.517428],[13.468022,52.515954],[13.467298,52.514444],[13.473533,52.513806],[13.473589,52.514015]]]]}},{"type":"Feature","id":"33","properties":{"zone":"33","district":"Mitte","rawHours":"Mo-Fr 9-20 Uhr / Sa 9-18 Uhr","rawFee":"3,00 Euro","note":"Gebührenhöhe und Bewirtschaftungszeiten können auf lokal begrenzten Abschnitten bisweilen abweichen","windows":[{"weekdays":[1,2,3,4,5],"fromMinute":540,"toMinute":1200},{"weekdays":[6],"fromMinute":540,"toMinute":1080}],"fee":{"kind":"exact","centsPerHour":300},"unmodelledRules":[],"sourceDefect":null,"spaces":1847,"maxStay":"4h","maxStayShare":0.017,"maxStayValues":["4h"],"chargingPoints":5,"carsharing":0},"geometry":{"type":"MultiPolygon","coordinates":[[[[13.357678,52.538533],[13.36608,52.535793],[13.3684,52.533645],[13.369692,52.532283],[13.370478,52.531337],[13.371183,52.530323],[13.372323,52.529213],[13.373752,52.527942],[13.374006,52.528017],[13.379949,52.529834],[13.385067,52.531207],[13.38654,52.53149],[13.389444,52.531845],[13.387235,52.533493],[13.386304,52.534227],[13.385141,52.535268],[13.383547,52.536469],[13.382635,52.537309],[13.379672,52.540197],[13.374883,52.537351],[13.368531,52.541202],[13.366284,52.542524],[13.366104,52.542445],[13.357678,52.538533]]]]}},{"type":"Feature","id":"34","properties":{"zone":"34","district":"Mitte","rawHours":"Mo-Sa 9-22 Uhr","rawFee":"3,00 Euro","note":"Gebührenhöhe und Bewirtschaftungszeiten können auf lokal begrenzten Abschnitten bisweilen abweichen","windows":[{"weekdays":[1,2,3,4,5,6],"fromMinute":540,"toMinute":1320}],"fee":{"kind":"exact","centsPerHour":300},"unmodelledRules":[],"sourceDefect":null,"spaces":2005,"maxStay":"1h","maxStayShare":0.034,"maxStayValues":["1h","4h"],"chargingPoints":6,"carsharing":0},"geometry":{"type":"MultiPolygon","coordinates":[[[[13.363749,52.519566],[13.363296,52.51945],[13.363776,52.519407],[13.370651,52.519256],[13.370641,52.517806],[13.369585,52.515588],[13.376507,52.516048],[13.376643,52.515862],[13.376899,52.515728],[13.377171,52.515667],[13.377457,52.515742],[13.377961,52.515748],[13.377826,52.514836],[13.378835,52.514894],[13.379988,52.514969],[13.3813,52.515231],[13.380837,52.516137],[13.380543,52.51674],[13.38274,52.516885],[13.384056,52.516974],[13.3867,52.517146],[13.388671,52.517269],[13.388426,52.518619],[13.388264,52.51878],[13.388133,52.519743],[13.388195,52.519826],[13.388116,52.520301],[13.387684,52.520407],[13.387025,52.520553],[13.386396,52.52068],[13.387162,52.521134],[13.387716,52.521473],[13.387825,52.521465],[13.387862,52.521434],[13.387802,52.521723],[13.387711,52.522294],[13.387447,52.52373],[13.387266,52.524785],[13.386565,52.52465],[13.386149,52.5246],[13.385981,52.5246],[13.38609,52.524716],[13.38611,52.524921],[13.386205,52.524921],[13.386257,52.524845],[13.386418,52.524814],[13.38717,52.524998],[13.387228,52.525057],[13.387054,52.526132],[13.386896,52.526957],[13.386619,52.527413],[13.386446,52.527648],[13.384735,52.529068],[13.382737,52.530583],[13.379949,52.529834],[13.374006,52.528017],[13.373752,52.527942],[13.374077,52.527428],[13.374079,52.527016],[13.373832,52.526581],[13.373229,52.526221],[13.372232,52.526208],[13.37225,52.523047],[13.370416,52.52288],[13.369169,52.522269],[13.368884,52.521977],[13.368655,52.52177],[13.368164,52.521239],[13.367854,52.520995],[13.367804,52.520963],[13.367651,52.520868],[13.367492,52.520776],[13.367383,52.520716],[13.367216,52.52063],[13.367044,52.520547],[13.366927,52.520494],[13.366808,52.520442],[13.366687,52.520392],[13.366564,52.520344],[13.366377,52.520275],[13.366186,52.52021],[13.366056,52.520168],[13.365859,52.52011],[13.365659,52.520056],[13.363749,52.519566]]]]}},{"type":"Feature","id":"35","properties":{"zone":"35","district":"Mitte","rawHours":"Mo-Sa 9-22 Uhr","rawFee":"4,00 Euro","note":"Gebührenhöhe und Bewirtschaftungszeiten können auf lokal begrenzten Abschnitten bisweilen abweichen","windows":[{"weekdays":[1,2,3,4,5,6],"fromMinute":540,"toMinute":1320}],"fee":{"kind":"exact","centsPerHour":400},"unmodelledRules":[],"sourceDefect":null,"spaces":285,"maxStay":"1h","maxStayShare":0.175,"maxStayValues":["1h","4h"],"chargingPoints":2,"carsharing":0},"geometry":{"type":"MultiPolygon","coordinates":[[[[13.370598,52.526969],[13.365657,52.525448],[13.359411,52.523389],[13.366047,52.522723],[13.367887,52.522494],[13.368884,52.521977],[13.369169,52.522269],[13.370416,52.52288],[13.37225,52.523047],[13.372232,52.526208],[13.373229,52.526221],[13.373832,52.526581],[13.374079,52.527016],[13.374077,52.527428],[13.373752,52.527942],[13.373528,52.527876],[13.373531,52.527871],[13.371001,52.527091],[13.370598,52.526969]]]]}},{"type":"Feature","id":"36","properties":{"zone":"36","district":"Mitte","rawHours":"Mo-Fr 9-20 Uhr / Sa 9-18 Uhr","rawFee":"3,00 Euro","note":"Gebührenhöhe und Bewirtschaftungszeiten können auf lokal begrenzten Abschnitten bisweilen abweichen","windows":[{"weekdays":[1,2,3,4,5],"fromMinute":540,"toMinute":1200},{"weekdays":[6],"fromMinute":540,"toMinute":1080}],"fee":{"kind":"exact","centsPerHour":300},"unmodelledRules":[],"sourceDefect":null,"spaces":2021,"maxStay":"4h","maxStayShare":0.017,"maxStayValues":["4h"],"chargingPoints":5,"carsharing":0},"geometry":{"type":"MultiPolygon","coordinates":[[[[13.404093,52.50797],[13.404434,52.507775],[13.40458,52.507886],[13.404707,52.507738],[13.405373,52.508146],[13.40641,52.507382],[13.406601,52.507233],[13.407361,52.506648],[13.407395,52.506664],[13.407844,52.506323],[13.40784,52.506305],[13.408029,52.50618],[13.409971,52.506926],[13.409889,52.506492],[13.410396,52.505695],[13.410936,52.50566],[13.411521,52.504891],[13.41166,52.504844],[13.413073,52.506645],[13.414141,52.507944],[13.415346,52.509568],[13.416455,52.51102],[13.417463,52.510739],[13.421186,52.50978],[13.422561,52.511687],[13.423027,52.51212],[13.422923,52.512169],[13.423404,52.512643],[13.422226,52.513042],[13.42152,52.513295],[13.420762,52.513528],[13.41981,52.5138],[13.418389,52.514143],[13.418059,52.514236],[13.418131,52.514552],[13.417595,52.514607],[13.41755,52.514385],[13.417357,52.514665],[13.417016,52.514825],[13.416528,52.514973],[13.415728,52.515001],[13.414925,52.514975],[13.414554,52.514946],[13.413998,52.514916],[13.413604,52.514887],[13.413002,52.51483],[13.412111,52.514819],[13.412035,52.514236],[13.410244,52.513184],[13.409622,52.51291],[13.408479,52.512506],[13.407107,52.511957],[13.405617,52.511616],[13.404517,52.511525],[13.403837,52.511603],[13.403226,52.512029],[13.402997,52.511868],[13.402698,52.511664],[13.402387,52.5115],[13.401749,52.511205],[13.401484,52.511119],[13.401556,52.510635],[13.40122,52.510351],[13.400113,52.509437],[13.40107,52.509121],[13.400269,52.50805],[13.4025,52.507289],[13.403442,52.507544],[13.404093,52.50797]]]]}},{"type":"Feature","id":"37","properties":{"zone":"37","district":"Mitte","rawHours":"Mo-Fr 9-20 Uhr / Sa 9-18 Uhr","rawFee":"3,00 Euro","note":"Gebührenhöhe und Bewirtschaftungszeiten können auf lokal begrenzten Abschnitten bisweilen abweichen","windows":[{"weekdays":[1,2,3,4,5],"fromMinute":540,"toMinute":1200},{"weekdays":[6],"fromMinute":540,"toMinute":1080}],"fee":{"kind":"exact","centsPerHour":300},"unmodelledRules":[],"sourceDefect":null,"spaces":1781,"maxStay":"4h","maxStayShare":0.019,"maxStayValues":["4h"],"chargingPoints":5,"carsharing":0},"geometry":{"type":"MultiPolygon","coordinates":[[[[13.41166,52.504844],[13.41181,52.504792],[13.414073,52.504038],[13.41414,52.504246],[13.414548,52.504791],[13.414918,52.504911],[13.415668,52.504833],[13.416631,52.504516],[13.416753,52.504408],[13.417601,52.50417],[13.418096,52.504853],[13.418213,52.505018],[13.418402,52.504993],[13.418519,52.504987],[13.418532,52.50497],[13.418943,52.50506],[13.418924,52.50508],[13.418974,52.505107],[13.419034,52.505145],[13.419102,52.505199],[13.41912,52.505219],[13.419208,52.505344],[13.419431,52.505649],[13.419535,52.505623],[13.420009,52.505491],[13.420322,52.505402],[13.420903,52.505243],[13.421132,52.505176],[13.421234,52.50515],[13.421389,52.505115],[13.421542,52.505076],[13.421811,52.505043],[13.422095,52.505025],[13.422203,52.505015],[13.422421,52.505],[13.42264,52.504989],[13.422859,52.504982],[13.423078,52.504981],[13.423187,52.504983],[13.423406,52.504989],[13.423625,52.505],[13.423734,52.505008],[13.423951,52.505027],[13.424166,52.50505],[13.424354,52.505075],[13.424596,52.505112],[13.424745,52.505139],[13.424951,52.50518],[13.425316,52.505273],[13.425497,52.505322],[13.425821,52.505425],[13.426588,52.505748],[13.426874,52.505756],[13.4272,52.505666],[13.42843,52.507424],[13.428816,52.50798],[13.429028,52.508035],[13.429402,52.508572],[13.42924,52.508671],[13.429206,52.508726],[13.429187,52.508819],[13.429183,52.508827],[13.429172,52.50884],[13.429156,52.508852],[13.429123,52.508867],[13.429136,52.508885],[13.429137,52.508889],[13.429134,52.508896],[13.429126,52.508902],[13.428916,52.508968],[13.428905,52.50897],[13.428888,52.508967],[13.428856,52.508978],[13.428666,52.508992],[13.428394,52.509065],[13.423081,52.512126],[13.423027,52.51212],[13.422923,52.512169],[13.422561,52.511687],[13.421186,52.50978],[13.417463,52.510739],[13.416455,52.51102],[13.415346,52.509568],[13.414141,52.507944],[13.413073,52.506645],[13.411582,52.50487],[13.41166,52.504844]]]]}},{"type":"Feature","id":"38","properties":{"zone":"38","district":"Mitte","rawHours":"Mo-Sa 9-22 Uhr","rawFee":"3,00 Euro","note":"Gebührenhöhe und Bewirtschaftungszeiten können auf lokal begrenzten Abschnitten bisweilen abweichen","windows":[{"weekdays":[1,2,3,4,5,6],"fromMinute":540,"toMinute":1320}],"fee":{"kind":"exact","centsPerHour":300},"unmodelledRules":[],"sourceDefect":null,"spaces":2217,"maxStay":"4h","maxStayShare":0.016,"maxStayValues":["4h"],"chargingPoints":8,"carsharing":0},"geometry":{"type":"MultiPolygon","coordinates":[[[[13.395916,52.53838],[13.393109,52.537569],[13.389858,52.53548],[13.387963,52.533817],[13.387235,52.533493],[13.389444,52.531845],[13.38654,52.53149],[13.385067,52.531207],[13.382737,52.530583],[13.384735,52.529068],[13.386446,52.527648],[13.386619,52.527413],[13.386896,52.526957],[13.387283,52.526998],[13.387369,52.527279],[13.387964,52.527406],[13.389139,52.527644],[13.390815,52.527991],[13.391421,52.528109],[13.392151,52.528266],[13.393425,52.528524],[13.393841,52.528631],[13.395697,52.529077],[13.397291,52.529463],[13.397583,52.529504],[13.399275,52.529637],[13.400735,52.529724],[13.401187,52.529848],[13.399152,52.532273],[13.398973,52.532552],[13.398841,52.532803],[13.39868,52.533213],[13.397591,52.536062],[13.39741,52.536423],[13.397241,52.536682],[13.397005,52.536961],[13.395916,52.53838]]]]}},{"type":"Feature","id":"4","properties":{"zone":"4","district":"Charlottenburg-Wilmersdorf","rawHours":"Mo-Fr 9-20 Uhr / Sa 9-20 Uhr","rawFee":"2,00 Euro","note":"Gebührenhöhe und Bewirtschaftungszeiten können auf lokal begrenzten Abschnitten bisweilen abweichen","windows":[{"weekdays":[1,2,3,4,5],"fromMinute":540,"toMinute":1200},{"weekdays":[6],"fromMinute":540,"toMinute":1200}],"fee":{"kind":"exact","centsPerHour":200},"unmodelledRules":[],"sourceDefect":null,"spaces":2205,"maxStay":"4h","maxStayShare":0.006,"maxStayValues":["4h","2h"],"chargingPoints":2,"carsharing":0},"geometry":{"type":"MultiPolygon","coordinates":[[[[13.314995,52.512374],[13.304971,52.511719],[13.301267,52.511466],[13.302267,52.505463],[13.30079,52.505136],[13.300143,52.505001],[13.30012,52.504826],[13.300876,52.504983],[13.30212,52.505257],[13.302797,52.505366],[13.303293,52.505469],[13.303573,52.505048],[13.30371,52.505079],[13.303711,52.505077],[13.304292,52.505198],[13.304644,52.505268],[13.306813,52.505552],[13.307196,52.505586],[13.307804,52.505661],[13.308188,52.505712],[13.308434,52.505741],[13.308654,52.505756],[13.309,52.505777],[13.309354,52.505782],[13.310403,52.505733],[13.310406,52.505738],[13.312212,52.505636],[13.312206,52.505596],[13.312558,52.505576],[13.312557,52.505571],[13.312757,52.50556],[13.312752,52.505527],[13.313967,52.505458],[13.31475,52.510634],[13.314773,52.510806],[13.314933,52.511918],[13.314995,52.512374]]]]}},{"type":"Feature","id":"40","properties":{"zone":"40","district":"Friedrichshain-Kreuzberg","rawHours":"Mo-Fr 9-20 Uhr / Sa 9-18 Uhr","rawFee":"2,00 Euro","note":"Gebührenhöhe und Bewirtschaftungszeiten können auf lokal begrenzten Abschnitten bisweilen abweichen","windows":[{"weekdays":[1,2,3,4,5],"fromMinute":540,"toMinute":1200},{"weekdays":[6],"fromMinute":540,"toMinute":1080}],"fee":{"kind":"exact","centsPerHour":200},"unmodelledRules":[],"sourceDefect":null,"spaces":891,"maxStay":"4h","maxStayShare":0.008,"maxStayValues":["4h"],"chargingPoints":1,"carsharing":0},"geometry":{"type":"MultiPolygon","coordinates":[[[[13.426814,52.52293],[13.427465,52.522943],[13.428115,52.522989],[13.429131,52.522996],[13.429423,52.522943],[13.429329,52.521553],[13.429275,52.521313],[13.429686,52.521068],[13.429718,52.521165],[13.429819,52.521132],[13.430101,52.521181],[13.430471,52.52115],[13.430649,52.521067],[13.431577,52.5219],[13.431304,52.521997],[13.431592,52.522278],[13.431832,52.522543],[13.432857,52.522516],[13.433243,52.522862],[13.433267,52.523595],[13.432653,52.523928],[13.431574,52.52452],[13.427515,52.527136],[13.425334,52.527978],[13.424997,52.528097],[13.424865,52.527899],[13.424541,52.527934],[13.423995,52.527907],[13.423776,52.527915],[13.423565,52.52795],[13.419833,52.525517],[13.42063,52.525179],[13.421128,52.52496],[13.421997,52.524685],[13.42267,52.524445],[13.423265,52.524125],[13.423931,52.523892],[13.424586,52.523654],[13.425248,52.523453],[13.425778,52.523329],[13.426565,52.523248],[13.426409,52.52291],[13.426814,52.52293]]]]}},{"type":"Feature","id":"41-Mitte","properties":{"zone":"41-Mitte","district":"Mitte","rawHours":"Mo-Sa 9-22 Uhr","rawFee":"3,00 Euro","note":"Gebührenhöhe und Bewirtschaftungszeiten können auf lokal begrenzten Abschnitten bisweilen abweichen","windows":[{"weekdays":[1,2,3,4,5,6],"fromMinute":540,"toMinute":1320}],"fee":{"kind":"exact","centsPerHour":300},"unmodelledRules":[],"sourceDefect":null,"spaces":3114,"maxStay":"4h","maxStayShare":0.017,"maxStayValues":["4h"],"chargingPoints":5,"carsharing":0},"geometry":{"type":"MultiPolygon","coordinates":[[[[13.40557,52.529645],[13.405916,52.530355],[13.406063,52.530572],[13.406019,52.530729],[13.40609,52.531112],[13.406426,52.532347],[13.40835,52.534348],[13.407486,52.53469],[13.405885,52.537797],[13.405814,52.537784],[13.405462,52.538503],[13.405519,52.538514],[13.405423,52.538704],[13.405363,52.538712],[13.405303,52.538826],[13.405355,52.53884],[13.404705,52.540188],[13.404191,52.540401],[13.403528,52.540213],[13.403365,52.540533],[13.395916,52.53838],[13.397005,52.536961],[13.397241,52.536682],[13.39741,52.536423],[13.397591,52.536062],[13.39868,52.533213],[13.398841,52.532803],[13.398973,52.532552],[13.399152,52.532273],[13.401187,52.529848],[13.401916,52.529882],[13.402588,52.529926],[13.403237,52.529955],[13.403655,52.529998],[13.404072,52.529929],[13.404653,52.529802],[13.40557,52.529645]]]]}},{"type":"Feature","id":"41-Pankow","properties":{"zone":"41-Pankow","district":"Pankow","rawHours":"Mo-Sa 9-24 Uhr","rawFee":"2,00-3,00 Euro","note":"Gebührenhöhe und Bewirtschaftungszeiten können auf lokal begrenzten Abschnitten bisweilen abweichen","windows":[{"weekdays":[1,2,3,4,5,6],"fromMinute":540,"toMinute":1440}],"fee":{"kind":"range","minCentsPerHour":200,"maxCentsPerHour":300},"unmodelledRules":[],"sourceDefect":null,"spaces":1631,"maxStay":"4h","maxStayShare":0.008,"maxStayValues":["4h"],"chargingPoints":2,"carsharing":2},"geometry":{"type":"MultiPolygon","coordinates":[[[[13.40557,52.529645],[13.406462,52.529495],[13.407159,52.529383],[13.407878,52.529271],[13.408249,52.529215],[13.40927,52.528977],[13.409613,52.528893],[13.410159,52.529702],[13.410823,52.530367],[13.412202,52.531433],[13.412353,52.531996],[13.412692,52.532685],[13.412876,52.533498],[13.412789,52.533853],[13.412368,52.535961],[13.41217,52.538077],[13.412062,52.541074],[13.408147,52.54139],[13.404333,52.540813],[13.403365,52.540533],[13.403528,52.540213],[13.404191,52.540401],[13.404705,52.540188],[13.405355,52.53884],[13.405303,52.538826],[13.405363,52.538712],[13.405423,52.538704],[13.405519,52.538514],[13.405462,52.538503],[13.405814,52.537784],[13.405885,52.537797],[13.407486,52.53469],[13.40835,52.534348],[13.406426,52.532347],[13.40609,52.531112],[13.406019,52.530729],[13.406063,52.530572],[13.405916,52.530355],[13.40557,52.529645]]]]}},{"type":"Feature","id":"42","properties":{"zone":"42","district":"Pankow","rawHours":"Mo-Sa 9-24 Uhr","rawFee":"2,00-3,00 Euro","note":"Gebührenhöhe und Bewirtschaftungszeiten können auf lokal begrenzten Abschnitten bisweilen abweichen","windows":[{"weekdays":[1,2,3,4,5,6],"fromMinute":540,"toMinute":1440}],"fee":{"kind":"range","minCentsPerHour":200,"maxCentsPerHour":300},"unmodelledRules":[],"sourceDefect":null,"spaces":6128,"maxStay":"4h","maxStayShare":0.011,"maxStayValues":["4h"],"chargingPoints":10,"carsharing":6},"geometry":{"type":"MultiPolygon","coordinates":[[[[13.419833,52.525517],[13.423565,52.52795],[13.423645,52.528373],[13.428433,52.532453],[13.432805,52.536263],[13.425802,52.538659],[13.424142,52.539198],[13.412062,52.541074],[13.41217,52.538077],[13.412368,52.535961],[13.412789,52.533853],[13.412876,52.533498],[13.412692,52.532685],[13.412353,52.531996],[13.412202,52.531433],[13.410823,52.530367],[13.410159,52.529702],[13.409613,52.528893],[13.410013,52.528794],[13.410454,52.528753],[13.410872,52.528669],[13.411475,52.528557],[13.411962,52.52843],[13.412728,52.528219],[13.415352,52.527461],[13.416188,52.527052],[13.419833,52.525517]]]]}},{"type":"Feature","id":"43","properties":{"zone":"43","district":"Pankow","rawHours":"Mo-Sa 9-24 Uhr","rawFee":"2,00-3,00 Euro","note":"Gebührenhöhe und Bewirtschaftungszeiten können auf lokal begrenzten Abschnitten bisweilen abweichen","windows":[{"weekdays":[1,2,3,4,5,6],"fromMinute":540,"toMinute":1440}],"fee":{"kind":"range","minCentsPerHour":200,"maxCentsPerHour":300},"unmodelledRules":[],"sourceDefect":null,"spaces":6741,"maxStay":"4h","maxStayShare":0.012,"maxStayValues":["4h"],"chargingPoints":9,"carsharing":12},"geometry":{"type":"MultiPolygon","coordinates":[[[[13.424142,52.539198],[13.425802,52.538659],[13.432805,52.536263],[13.436022,52.539051],[13.436572,52.538825],[13.4384,52.540358],[13.437815,52.540605],[13.433312,52.542239],[13.427345,52.544133],[13.42549,52.544863],[13.420666,52.547405],[13.416448,52.548847],[13.414206,52.54934],[13.40861,52.549541],[13.404056,52.549251],[13.402877,52.549319],[13.40158,52.549669],[13.400421,52.550258],[13.399562,52.550976],[13.400386,52.548172],[13.402208,52.544427],[13.404015,52.540721],[13.404333,52.540813],[13.408147,52.54139],[13.412062,52.541074],[13.424142,52.539198]]]]}},{"type":"Feature","id":"44","properties":{"zone":"44","district":"Pankow","rawHours":"Mo-Sa 9-24 Uhr","rawFee":"2,00 Euro","note":"Gebührenhöhe und Bewirtschaftungszeiten können auf lokal begrenzten Abschnitten bisweilen abweichen","windows":[{"weekdays":[1,2,3,4,5,6],"fromMinute":540,"toMinute":1440}],"fee":{"kind":"exact","centsPerHour":200},"unmodelledRules":[],"sourceDefect":null,"spaces":4033,"maxStay":"4h","maxStayShare":0.015,"maxStayValues":["4h"],"chargingPoints":6,"carsharing":2},"geometry":{"type":"MultiPolygon","coordinates":[[[[13.434376,52.529198],[13.436441,52.529409],[13.437482,52.529548],[13.438311,52.528801],[13.438748,52.528778],[13.442277,52.531026],[13.44209,52.531181],[13.442694,52.53142],[13.441852,52.532193],[13.444032,52.53357],[13.445948,52.534777],[13.443229,52.53596],[13.438745,52.537914],[13.436572,52.538825],[13.436022,52.539051],[13.432805,52.536263],[13.428433,52.532453],[13.423645,52.528373],[13.423565,52.52795],[13.423776,52.527915],[13.423995,52.527907],[13.424541,52.527934],[13.424865,52.527899],[13.424997,52.528097],[13.430035,52.528682],[13.431061,52.528807],[13.434376,52.529198]]]]}},{"type":"Feature","id":"45","properties":{"zone":"45","district":"Pankow","rawHours":"Mo-Sa 9-24 Uhr","rawFee":"2,00 Euro","note":"Gebührenhöhe und Bewirtschaftungszeiten können auf lokal begrenzten Abschnitten bisweilen abweichen","windows":[{"weekdays":[1,2,3,4,5,6],"fromMinute":540,"toMinute":1440}],"fee":{"kind":"exact","centsPerHour":200},"unmodelledRules":[],"sourceDefect":null,"spaces":6081,"maxStay":"4h","maxStayShare":0.011,"maxStayValues":["4h"],"chargingPoints":6,"carsharing":3},"geometry":{"type":"MultiPolygon","coordinates":[[[[13.399562,52.550976],[13.400421,52.550258],[13.40158,52.549669],[13.402877,52.549319],[13.404056,52.549251],[13.40861,52.549541],[13.414206,52.54934],[13.416448,52.548847],[13.420666,52.547405],[13.42549,52.544863],[13.427207,52.544187],[13.427893,52.545804],[13.428304,52.546852],[13.430155,52.550925],[13.43037,52.551382],[13.427392,52.552511],[13.426753,52.552633],[13.424063,52.552938],[13.422234,52.553132],[13.420829,52.553285],[13.420827,52.553341],[13.41846,52.553579],[13.41489,52.55397],[13.414376,52.554006],[13.411149,52.554184],[13.411333,52.555403],[13.409128,52.55553],[13.40891,52.555546],[13.406713,52.555648],[13.402588,52.555814],[13.402384,52.554701],[13.402436,52.554208],[13.398677,52.554429],[13.399562,52.550976]]]]}},{"type":"Feature","id":"46","properties":{"zone":"46","district":"Pankow","rawHours":"Mo-Sa / 9-20 Uhr","rawFee":"2,00 Euro","note":"Gebührenhöhe und Bewirtschaftungszeiten können auf lokal begrenzten Abschnitten bisweilen abweichen","windows":[{"weekdays":[1,2,3,4,5,6],"fromMinute":540,"toMinute":1200}],"fee":{"kind":"exact","centsPerHour":200},"unmodelledRules":[],"sourceDefect":null,"spaces":2423,"maxStay":"4h","maxStayShare":0.028,"maxStayValues":["4h","2h"],"chargingPoints":5,"carsharing":0},"geometry":{"type":"MultiPolygon","coordinates":[[[[13.439575,52.54189],[13.439904,52.542166],[13.44081,52.542963],[13.441209,52.543306],[13.441416,52.543441],[13.442235,52.544171],[13.442396,52.544334],[13.442586,52.544494],[13.442662,52.544554],[13.442869,52.544695],[13.443107,52.544848],[13.443596,52.545117],[13.444271,52.545411],[13.44206,52.546271],[13.442016,52.54629],[13.4419,52.546312],[13.441749,52.546334],[13.441623,52.54635],[13.441451,52.546369],[13.441192,52.546405],[13.439086,52.547225],[13.439041,52.547298],[13.438995,52.547428],[13.438894,52.547525],[13.436774,52.548347],[13.435883,52.548684],[13.434127,52.549408],[13.431905,52.550302],[13.430155,52.550925],[13.428304,52.546852],[13.427893,52.545804],[13.427207,52.544187],[13.427345,52.544133],[13.433312,52.542239],[13.437815,52.540605],[13.438292,52.54076],[13.439575,52.54189]]]]}},{"type":"Feature","id":"49","properties":{"zone":"49","district":"Friedrichshain-Kreuzberg","rawHours":"Mo-Sa 9-22 Uhr","rawFee":"3,00 Euro","note":"Gebührenhöhe und Bewirtschaftungszeiten können auf lokal begrenzten Abschnitten bisweilen abweichen","windows":[{"weekdays":[1,2,3,4,5,6],"fromMinute":540,"toMinute":1320}],"fee":{"kind":"exact","centsPerHour":300},"unmodelledRules":[],"sourceDefect":null,"spaces":2907,"maxStay":"4h","maxStayShare":0.009,"maxStayValues":["4h"],"chargingPoints":4,"carsharing":1},"geometry":{"type":"MultiPolygon","coordinates":[[[[13.454064,52.515795],[13.440936,52.517135],[13.439777,52.513844],[13.439584,52.513505],[13.437218,52.510449],[13.436902,52.510162],[13.440807,52.508728],[13.443403,52.507906],[13.449631,52.506691],[13.449937,52.507292],[13.450786,52.508475],[13.454064,52.515795]]]]}},{"type":"Feature","id":"5","properties":{"zone":"5","district":"Charlottenburg-Wilmersdorf","rawHours":"Mo-Sa 9-22 Uhr","rawFee":"2,00 Euro","note":"Gebührenhöhe und Bewirtschaftungszeiten können auf lokal begrenzten Abschnitten bisweilen abweichen","windows":[{"weekdays":[1,2,3,4,5,6],"fromMinute":540,"toMinute":1320}],"fee":{"kind":"exact","centsPerHour":200},"unmodelledRules":[],"sourceDefect":null,"spaces":2341,"maxStay":"4h","maxStayShare":0.009,"maxStayValues":["4h"],"chargingPoints":5,"carsharing":0},"geometry":{"type":"MultiPolygon","coordinates":[[[[13.31655,52.505359],[13.316556,52.505397],[13.31717,52.505345],[13.31767,52.505323],[13.319812,52.505205],[13.320142,52.505181],[13.321407,52.505057],[13.322094,52.505017],[13.322089,52.504987],[13.326338,52.50475],[13.326603,52.50474],[13.326864,52.504738],[13.32713,52.504746],[13.327261,52.504752],[13.327524,52.504769],[13.327894,52.504813],[13.32815,52.504852],[13.328276,52.504874],[13.328402,52.504899],[13.328527,52.504925],[13.32865,52.504953],[13.328893,52.505015],[13.32902,52.505051],[13.329253,52.505124],[13.329482,52.505203],[13.329654,52.505271],[13.329688,52.505287],[13.33013,52.505532],[13.330256,52.505614],[13.330371,52.505697],[13.330456,52.505765],[13.330549,52.505844],[13.330633,52.505923],[13.330709,52.506],[13.330782,52.506078],[13.330852,52.506157],[13.33112,52.506468],[13.331116,52.506469],[13.331125,52.506479],[13.331129,52.506478],[13.331143,52.506495],[13.331445,52.506866],[13.331194,52.506982],[13.331217,52.507],[13.330842,52.507143],[13.327221,52.508804],[13.327191,52.508828],[13.327183,52.508836],[13.327178,52.508846],[13.327169,52.508877],[13.327162,52.508887],[13.327146,52.508906],[13.327123,52.508921],[13.327079,52.508939],[13.326601,52.509092],[13.32654,52.509117],[13.326152,52.509295],[13.323094,52.511446],[13.3233,52.511565],[13.32264,52.511908],[13.322789,52.512015],[13.322875,52.51197],[13.323333,52.512299],[13.323516,52.513129],[13.323392,52.513211],[13.323365,52.513364],[13.3229,52.513333],[13.321912,52.513354],[13.32182,52.513353],[13.321729,52.513348],[13.321638,52.51334],[13.321549,52.513328],[13.321518,52.513326],[13.321487,52.513327],[13.321457,52.513333],[13.32066,52.513084],[13.320674,52.513079],[13.320698,52.513065],[13.320708,52.513057],[13.320723,52.513039],[13.320732,52.51302],[13.320735,52.513002],[13.320727,52.51298],[13.320721,52.512971],[13.320674,52.512917],[13.32064,52.51287],[13.320625,52.512847],[13.320594,52.512789],[13.320587,52.51278],[13.320569,52.512764],[13.320546,52.512751],[13.320519,52.512741],[13.320489,52.512735],[13.314995,52.512374],[13.314933,52.511918],[13.314773,52.510806],[13.31475,52.510634],[13.313973,52.505501],[13.31655,52.505359]]]]}},{"type":"Feature","id":"50","properties":{"zone":"50","district":"Friedrichshain-Kreuzberg","rawHours":"Mo-Sa 9-24 Uhr","rawFee":"4,00 Euro","note":"Gebührenhöhe und Bewirtschaftungszeiten können auf lokal begrenzten Abschnitten bisweilen abweichen","windows":[{"weekdays":[1,2,3,4,5,6],"fromMinute":540,"toMinute":1440}],"fee":{"kind":"exact","centsPerHour":400},"unmodelledRules":[],"sourceDefect":null,"spaces":6313,"maxStay":"4h","maxStayShare":0.006,"maxStayValues":["4h"],"chargingPoints":6,"carsharing":4},"geometry":{"type":"MultiPolygon","coordinates":[[[[13.454064,52.515795],[13.450786,52.508475],[13.449937,52.507292],[13.449631,52.506691],[13.458016,52.505042],[13.469882,52.502978],[13.470328,52.50448],[13.472488,52.507182],[13.473112,52.507824],[13.473201,52.508014],[13.473417,52.508267],[13.4737,52.508524],[13.473853,52.508653],[13.474131,52.508953],[13.474559,52.509382],[13.474605,52.509367],[13.474746,52.509514],[13.474884,52.509673],[13.475001,52.509815],[13.475223,52.510131],[13.475361,52.510361],[13.475296,52.510382],[13.475401,52.510684],[13.475434,52.510873],[13.475458,52.511055],[13.475467,52.511247],[13.475545,52.511393],[13.475489,52.511787],[13.475364,52.512037],[13.475214,52.512715],[13.475081,52.513192],[13.475195,52.513636],[13.454064,52.515795]]]]}},{"type":"Feature","id":"51-Arena Süd","properties":{"zone":"51-Arena Süd","district":"Friedrichshain-Kreuzberg","rawHours":"Mo-Sa 9-24 Uhr","rawFee":"4,00Euro","note":"Gebührenhöhe und Bewirtschaftungszeiten können auf lokal begrenzten Abschnitten bisweilen abweichen","windows":[{"weekdays":[1,2,3,4,5,6],"fromMinute":540,"toMinute":1440}],"fee":{"kind":"exact","centsPerHour":400},"unmodelledRules":[],"sourceDefect":null,"spaces":602,"maxStay":null,"maxStayShare":0,"maxStayValues":[],"chargingPoints":0,"carsharing":0},"geometry":{"type":"MultiPolygon","coordinates":[[[[13.449631,52.506691],[13.443403,52.507906],[13.440807,52.508728],[13.436902,52.510162],[13.434048,52.507576],[13.433576,52.507262],[13.445692,52.501787],[13.446386,52.502326],[13.448929,52.505404],[13.449631,52.506691]]]]}},{"type":"Feature","id":"51-OberbaumCity","properties":{"zone":"51-OberbaumCity","district":"Friedrichshain-Kreuzberg","rawHours":"Mo-Sa 9-24 Uhr","rawFee":"3,00 Euro","note":"Gebührenhöhe und Bewirtschaftungszeiten können auf lokal begrenzten Abschnitten bisweilen abweichen","windows":[{"weekdays":[1,2,3,4,5,6],"fromMinute":540,"toMinute":1440}],"fee":{"kind":"exact","centsPerHour":300},"unmodelledRules":[],"sourceDefect":null,"spaces":1820,"maxStay":"4h","maxStayShare":0.012,"maxStayValues":["4h"],"chargingPoints":3,"carsharing":2},"geometry":{"type":"MultiPolygon","coordinates":[[[[13.445692,52.501787],[13.445849,52.501724],[13.450978,52.500118],[13.454067,52.499165],[13.463552,52.495676],[13.464067,52.495794],[13.466878,52.497623],[13.467607,52.498472],[13.468487,52.49953],[13.468852,52.500157],[13.469882,52.502978],[13.458016,52.505042],[13.449631,52.506691],[13.448929,52.505404],[13.446386,52.502326],[13.445692,52.501787]]]]}},{"type":"Feature","id":"54","properties":{"zone":"54","district":"Friedrichshain-Kreuzberg","rawHours":"Mo-Sa 9-22 UhrMo-Sa 9-22 Uhr","rawFee":"3,00 Euro","note":null,"windows":[{"weekdays":[1,2,3,4,5,6],"fromMinute":540,"toMinute":1320}],"fee":{"kind":"exact","centsPerHour":300},"unmodelledRules":[],"sourceDefect":"source string was duplicated","spaces":null,"maxStay":null,"maxStayShare":0,"maxStayValues":[],"chargingPoints":0,"carsharing":0},"geometry":{"type":"MultiPolygon","coordinates":[[[[13.432836,52.517931],[13.432932,52.517958],[13.440671,52.517162],[13.440936,52.518279],[13.441535,52.518848],[13.443557,52.521162],[13.440425,52.524419],[13.438514,52.523865],[13.438246,52.52379],[13.436417,52.523542],[13.43558,52.523431],[13.433709,52.523393],[13.43326,52.523394],[13.433243,52.522862],[13.432857,52.522516],[13.431832,52.522543],[13.431592,52.522278],[13.431304,52.521997],[13.431577,52.5219],[13.430649,52.521067],[13.430471,52.52115],[13.430101,52.521181],[13.429819,52.521132],[13.429718,52.521165],[13.429686,52.521068],[13.429519,52.521167],[13.428504,52.518965],[13.428296,52.518531],[13.430072,52.518236],[13.432147,52.518014],[13.432836,52.517931]]]]}},{"type":"Feature","id":"55","properties":{"zone":"55","district":"Tempelhof-Schöneberg","rawHours":"Mo-Fr 9-20 / Sa 9-18 Uhr","rawFee":"3,00 Euro","note":"Gebührenhöhe und Bewirtschaftungszeiten können auf lokal begrenzten Abschnitten bisweilen abweichen","windows":[{"weekdays":[1,2,3,4,5],"fromMinute":540,"toMinute":1200},{"weekdays":[6],"fromMinute":540,"toMinute":1080}],"fee":{"kind":"exact","centsPerHour":300},"unmodelledRules":[],"sourceDefect":null,"spaces":4406,"maxStay":"4h","maxStayShare":0.015,"maxStayValues":["4h"],"chargingPoints":10,"carsharing":0},"geometry":{"type":"MultiPolygon","coordinates":[[[[13.368354,52.497716],[13.368515,52.497853],[13.368606,52.498307],[13.36919,52.498806],[13.367437,52.499047],[13.362952,52.499657],[13.362459,52.499762],[13.360916,52.500193],[13.359591,52.500574],[13.357686,52.501114],[13.357095,52.501278],[13.356279,52.501478],[13.354795,52.50183],[13.353251,52.502219],[13.353205,52.502373],[13.352714,52.502525],[13.352006,52.502738],[13.35038,52.503122],[13.350089,52.502789],[13.349985,52.502674],[13.34974,52.502443],[13.349548,52.502295],[13.34926,52.502152],[13.349171,52.502097],[13.348986,52.502017],[13.348827,52.501957],[13.348484,52.501801],[13.34819,52.501633],[13.347923,52.501456],[13.347485,52.501135],[13.34691,52.50069],[13.346575,52.500358],[13.346412,52.500173],[13.346289,52.499929],[13.346249,52.499731],[13.346274,52.49898],[13.346296,52.498718],[13.346338,52.497619],[13.346355,52.497041],[13.345757,52.496837],[13.343025,52.495944],[13.342993,52.495538],[13.342081,52.495242],[13.341633,52.49522],[13.340834,52.495238],[13.338804,52.494584],[13.337894,52.494212],[13.340347,52.494165],[13.341832,52.494246],[13.342991,52.494255],[13.345814,52.494199],[13.349757,52.49464],[13.352308,52.494839],[13.355255,52.494647],[13.360632,52.49411],[13.362577,52.493945],[13.366759,52.493182],[13.367209,52.493696],[13.36652,52.49525],[13.366869,52.496976],[13.367242,52.497293],[13.367916,52.497802],[13.368354,52.497716]]]]}},{"type":"Feature","id":"6","properties":{"zone":"6","district":"Charlottenburg-Wilmersdorf","rawHours":"Mo-Fr 9-20 Uhr / Sa 9-20 Uhr","rawFee":"2,00 Euro","note":"Gebührenhöhe und Bewirtschaftungszeiten können auf lokal begrenzten Abschnitten bisweilen abweichen","windows":[{"weekdays":[1,2,3,4,5],"fromMinute":540,"toMinute":1200},{"weekdays":[6],"fromMinute":540,"toMinute":1200}],"fee":{"kind":"exact","centsPerHour":200},"unmodelledRules":[],"sourceDefect":null,"spaces":3341,"maxStay":"4h","maxStayShare":0.006,"maxStayValues":["4h"],"chargingPoints":3,"carsharing":0},"geometry":{"type":"MultiPolygon","coordinates":[[[[13.307704,52.497033],[13.30833,52.497047],[13.311195,52.496955],[13.311695,52.496923],[13.314987,52.496524],[13.315356,52.496478],[13.315564,52.496454],[13.316187,52.498585],[13.316256,52.498757],[13.316346,52.499349],[13.31636,52.499633],[13.316565,52.500978],[13.31657,52.5014],[13.31717,52.505345],[13.316556,52.505397],[13.31655,52.505359],[13.313973,52.505501],[13.313967,52.505458],[13.312752,52.505527],[13.312757,52.50556],[13.312557,52.505571],[13.312558,52.505576],[13.312206,52.505596],[13.312212,52.505636],[13.310406,52.505738],[13.310403,52.505733],[13.309354,52.505782],[13.309,52.505777],[13.308654,52.505756],[13.308434,52.505741],[13.308188,52.505712],[13.307804,52.505661],[13.307196,52.505586],[13.306813,52.505552],[13.304644,52.505268],[13.304292,52.505198],[13.303711,52.505077],[13.30371,52.505079],[13.303573,52.505048],[13.303293,52.505469],[13.302797,52.505366],[13.302943,52.505148],[13.303072,52.504937],[13.303195,52.50476],[13.303336,52.504562],[13.303486,52.504358],[13.303488,52.504358],[13.303519,52.504316],[13.303518,52.504315],[13.303744,52.50402],[13.304183,52.503454],[13.304401,52.503196],[13.305894,52.501464],[13.305997,52.501335],[13.306074,52.501232],[13.30617,52.501092],[13.306256,52.500954],[13.306325,52.50083],[13.306411,52.500667],[13.306502,52.500486],[13.306661,52.500167],[13.306785,52.499699],[13.306983,52.498999],[13.30718,52.498537],[13.307704,52.497033]]]]}},{"type":"Feature","id":"60","properties":{"zone":"60","district":"Friedrichshain-Kreuzberg","rawHours":"Mo-Sa 9-22 Uhr","rawFee":"3,00 Euro","note":"Gebührenhöhe und Bewirtschaftungszeiten können auf lokal begrenzten Abschnitten bisweilen abweichen","windows":[{"weekdays":[1,2,3,4,5,6],"fromMinute":540,"toMinute":1320}],"fee":{"kind":"exact","centsPerHour":300},"unmodelledRules":[],"sourceDefect":null,"spaces":1885,"maxStay":"4h","maxStayShare":0.007,"maxStayValues":["4h"],"chargingPoints":3,"carsharing":2},"geometry":{"type":"MultiPolygon","coordinates":[[[[13.387914,52.49258],[13.388224,52.493085],[13.387544,52.493217],[13.386809,52.493359],[13.386747,52.493369],[13.386722,52.493376],[13.386644,52.493391],[13.384766,52.493749],[13.384766,52.493747],[13.384296,52.493838],[13.383809,52.49393],[13.38342,52.493952],[13.38241,52.493623],[13.381806,52.493431],[13.381787,52.493453],[13.379848,52.492836],[13.379348,52.4926],[13.376434,52.491676],[13.376404,52.491433],[13.375475,52.490456],[13.375451,52.49015],[13.375399,52.489432],[13.374731,52.48938],[13.373536,52.487982],[13.373502,52.487746],[13.371643,52.485184],[13.371606,52.485121],[13.371662,52.485121],[13.371569,52.484951],[13.386269,52.484864],[13.386291,52.485827],[13.386373,52.485949],[13.386383,52.486441],[13.386393,52.486865],[13.386414,52.487398],[13.386438,52.487718],[13.386463,52.487974],[13.386523,52.488407],[13.386575,52.488714],[13.386604,52.488868],[13.386662,52.489142],[13.386694,52.489279],[13.386861,52.489961],[13.386938,52.490203],[13.38704,52.490506],[13.387132,52.490771],[13.387242,52.491056],[13.387302,52.491225],[13.387368,52.491392],[13.387438,52.491555],[13.387557,52.491827],[13.387651,52.492045],[13.387757,52.492269],[13.387914,52.49258]]]]}},{"type":"Feature","id":"61","properties":{"zone":"61","district":"Friedrichshain-Kreuzberg","rawHours":"Mo-Sa 9-22 Uhr","rawFee":"4,00 Euro","note":"Gebührenhöhe und Bewirtschaftungszeiten können auf lokal begrenzten Abschnitten bisweilen abweichen","windows":[{"weekdays":[1,2,3,4,5,6],"fromMinute":540,"toMinute":1320}],"fee":{"kind":"exact","centsPerHour":400},"unmodelledRules":[],"sourceDefect":null,"spaces":2817,"maxStay":"4h","maxStayShare":0.015,"maxStayValues":["4h"],"chargingPoints":7,"carsharing":0},"geometry":{"type":"MultiPolygon","coordinates":[[[[13.39424,52.484105],[13.394518,52.484105],[13.394639,52.484028],[13.400229,52.483905],[13.40046,52.483813],[13.401547,52.485001],[13.402853,52.484996],[13.404392,52.484997],[13.407459,52.486149],[13.408529,52.487142],[13.407906,52.488479],[13.407843,52.488487],[13.40772,52.488752],[13.407912,52.48886],[13.407998,52.489111],[13.40759,52.48932],[13.406732,52.489516],[13.406034,52.489775],[13.406042,52.489824],[13.405738,52.489733],[13.405669,52.489797],[13.405307,52.489898],[13.40495,52.490111],[13.404831,52.490033],[13.404231,52.490416],[13.404154,52.490379],[13.403881,52.490541],[13.403819,52.490504],[13.403626,52.490628],[13.403503,52.490663],[13.403435,52.490688],[13.403509,52.490725],[13.403192,52.490891],[13.403122,52.490859],[13.401927,52.491097],[13.401545,52.490571],[13.401055,52.490667],[13.400946,52.490538],[13.40038,52.49065],[13.398172,52.491096],[13.397863,52.491161],[13.397355,52.491265],[13.397327,52.491269],[13.397286,52.491279],[13.396877,52.491362],[13.39522,52.491694],[13.394347,52.491867],[13.392939,52.492148],[13.392146,52.492305],[13.391102,52.492517],[13.388224,52.493085],[13.387914,52.49258],[13.387757,52.492269],[13.387651,52.492045],[13.387368,52.491392],[13.387302,52.491225],[13.387242,52.491056],[13.387132,52.490771],[13.38704,52.490506],[13.386938,52.490203],[13.386861,52.489961],[13.386694,52.489279],[13.386662,52.489142],[13.386604,52.488868],[13.386575,52.488714],[13.386523,52.488407],[13.386463,52.487974],[13.386438,52.487718],[13.386414,52.487398],[13.386393,52.486865],[13.386383,52.486441],[13.386373,52.485949],[13.386291,52.485827],[13.39174,52.48579],[13.394253,52.485772],[13.394251,52.485493],[13.394243,52.485332],[13.394247,52.48493],[13.39424,52.484105]]]]}},{"type":"Feature","id":"63","properties":{"zone":"63","district":"Friedrichshain-Kreuzberg","rawHours":"Mo-Sa 9-22 Uhr","rawFee":"3,00 Euro","note":"Gebührenhöhe und Bewirtschaftungszeiten können auf lokal begrenzten Abschnitten bisweilen abweichen","windows":[{"weekdays":[1,2,3,4,5,6],"fromMinute":540,"toMinute":1320}],"fee":{"kind":"exact","centsPerHour":300},"unmodelledRules":[],"sourceDefect":null,"spaces":3312,"maxStay":"2h","maxStayShare":0.008,"maxStayValues":["2h","4h"],"chargingPoints":2,"carsharing":5},"geometry":{"type":"MultiPolygon","coordinates":[[[[13.422184,52.486782],[13.423678,52.486377],[13.424938,52.487784],[13.425126,52.487904],[13.425508,52.488119],[13.422375,52.493095],[13.42086,52.495538],[13.420459,52.495925],[13.420025,52.49598],[13.41818,52.495964],[13.417075,52.495552],[13.416169,52.495391],[13.415161,52.495252],[13.413688,52.495226],[13.411903,52.49533],[13.409328,52.49567],[13.405457,52.496499],[13.405221,52.496548],[13.405101,52.496369],[13.405293,52.496044],[13.405413,52.495779],[13.405025,52.495352],[13.404857,52.495044],[13.403913,52.493934],[13.403596,52.493696],[13.403277,52.493576],[13.402845,52.492218],[13.402289,52.492562],[13.402114,52.492331],[13.402217,52.492266],[13.402175,52.492174],[13.402185,52.492104],[13.402206,52.491739],[13.402192,52.491686],[13.402068,52.491308],[13.401927,52.491097],[13.403122,52.490859],[13.403192,52.490891],[13.403509,52.490725],[13.403435,52.490688],[13.403503,52.490663],[13.403626,52.490628],[13.403819,52.490504],[13.403881,52.490541],[13.404154,52.490379],[13.404231,52.490416],[13.404831,52.490033],[13.40495,52.490111],[13.405307,52.489898],[13.405669,52.489797],[13.405738,52.489733],[13.406042,52.489824],[13.406034,52.489775],[13.406732,52.489516],[13.40759,52.48932],[13.407998,52.489111],[13.407912,52.48886],[13.40772,52.488752],[13.407768,52.488647],[13.418401,52.487229],[13.42081,52.486497],[13.422184,52.486782]]]]}},{"type":"Feature","id":"64","properties":{"zone":"64","district":"Friedrichshain-Kreuzberg","rawHours":"Mo-Sa 9-22 Uhr","rawFee":"3,00 Euro","note":"Gebührenhöhe und Bewirtschaftungszeiten können auf lokal begrenzten Abschnitten bisweilen abweichen","windows":[{"weekdays":[1,2,3,4,5,6],"fromMinute":540,"toMinute":1320}],"fee":{"kind":"exact","centsPerHour":300},"unmodelledRules":[],"sourceDefect":null,"spaces":2500,"maxStay":"4h","maxStayShare":0.009,"maxStayValues":["4h"],"chargingPoints":4,"carsharing":0},"geometry":{"type":"MultiPolygon","coordinates":[[[[13.423181,52.49534],[13.42843,52.493648],[13.435412,52.491418],[13.439015,52.490457],[13.440485,52.491195],[13.444562,52.494102],[13.439888,52.495831],[13.439237,52.496033],[13.433672,52.497739],[13.432739,52.498021],[13.432047,52.498749],[13.431972,52.499389],[13.431274,52.499305],[13.42996,52.499389],[13.426752,52.499164],[13.422344,52.499121],[13.422343,52.499118],[13.418405,52.499001],[13.418566,52.498661],[13.419367,52.497195],[13.41973,52.496535],[13.420025,52.49598],[13.421828,52.495755],[13.423181,52.49534]]]]}},{"type":"Feature","id":"65","properties":{"zone":"65","district":"Friedrichshain-Kreuzberg","rawHours":"Mo-Sa, 9-22 Uhr","rawFee":"4,00 Euro","note":"Gebührenhöhe und Bewirtschaftungszeiten können auf lokal begrenzten Abschnitten bisweilen abweichen","windows":[{"weekdays":[1,2,3,4,5,6],"fromMinute":540,"toMinute":1320}],"fee":{"kind":"exact","centsPerHour":400},"unmodelledRules":[],"sourceDefect":null,"spaces":1608,"maxStay":"4h","maxStayShare":0.003,"maxStayValues":["4h"],"chargingPoints":2,"carsharing":2},"geometry":{"type":"MultiPolygon","coordinates":[[[[13.445849,52.501724],[13.445692,52.501787],[13.444825,52.501107],[13.444481,52.50083],[13.442427,52.501104],[13.441375,52.500823],[13.440174,52.500598],[13.436172,52.50001],[13.431972,52.499389],[13.432047,52.498749],[13.432739,52.498021],[13.433672,52.497739],[13.439237,52.496033],[13.439888,52.495831],[13.444419,52.494155],[13.445076,52.494607],[13.445774,52.494719],[13.446193,52.494729],[13.446627,52.49467],[13.44748,52.49467],[13.449122,52.495774],[13.450688,52.496911],[13.451267,52.49727],[13.452673,52.49757],[13.454067,52.499165],[13.450978,52.500118],[13.445849,52.501724]]]]}},{"type":"Feature","id":"66","properties":{"zone":"66","district":"Friedrichshain-Kreuzberg","rawHours":"Mo-Sa 9-22 Uhr","rawFee":"4,00 Euro","note":"Gebührenhöhe und Bewirtschaftungszeiten können auf lokal begrenzten Abschnitten bisweilen abweichen","windows":[{"weekdays":[1,2,3,4,5,6],"fromMinute":540,"toMinute":1320}],"fee":{"kind":"exact","centsPerHour":400},"unmodelledRules":[],"sourceDefect":null,"spaces":2326,"maxStay":"4h","maxStayShare":0.01,"maxStayValues":["4h","2h"],"chargingPoints":2,"carsharing":1},"geometry":{"type":"MultiPolygon","coordinates":[[[[13.422121,52.499111],[13.420816,52.499073],[13.422343,52.499118],[13.422344,52.499121],[13.426752,52.499164],[13.42996,52.499389],[13.431274,52.499305],[13.431972,52.499389],[13.436172,52.50001],[13.440174,52.500598],[13.441375,52.500823],[13.442427,52.501104],[13.444481,52.50083],[13.444825,52.501107],[13.445692,52.501787],[13.433576,52.507262],[13.429772,52.508895],[13.429402,52.508572],[13.429028,52.508035],[13.428816,52.50798],[13.42843,52.507424],[13.4272,52.505666],[13.426874,52.505756],[13.426989,52.505621],[13.427064,52.50556],[13.42709,52.505445],[13.426732,52.504946],[13.426366,52.504391],[13.425323,52.502781],[13.424887,52.50216],[13.423683,52.502494],[13.423607,52.50235],[13.423477,52.502024],[13.423662,52.501847],[13.423732,52.501726],[13.422956,52.500626],[13.422519,52.500517],[13.422352,52.500206],[13.422584,52.499979],[13.422121,52.499111]]]]}},{"type":"Feature","id":"67","properties":{"zone":"67","district":"Friedrichshain-Kreuzberg","rawHours":"Mo-Sa 9-22 Uhr","rawFee":"3,00 Euro","note":"Gebührenhöhe und Bewirtschaftungszeiten können auf lokal begrenzten Abschnitten bisweilen abweichen","windows":[{"weekdays":[1,2,3,4,5,6],"fromMinute":540,"toMinute":1320}],"fee":{"kind":"exact","centsPerHour":300},"unmodelledRules":[],"sourceDefect":null,"spaces":2527,"maxStay":"2h","maxStayShare":0.005,"maxStayValues":["2h","4h"],"chargingPoints":1,"carsharing":0},"geometry":{"type":"MultiPolygon","coordinates":[[[[13.41818,52.495964],[13.420025,52.49598],[13.41973,52.496535],[13.419367,52.497195],[13.418566,52.498661],[13.418405,52.499001],[13.422121,52.499111],[13.422584,52.499979],[13.422352,52.500206],[13.422519,52.500517],[13.422956,52.500626],[13.423732,52.501726],[13.423662,52.501847],[13.423477,52.502024],[13.423607,52.50235],[13.423683,52.502494],[13.424887,52.50216],[13.425323,52.502781],[13.426366,52.504391],[13.426732,52.504946],[13.42709,52.505445],[13.427064,52.50556],[13.426989,52.505621],[13.426874,52.505756],[13.426588,52.505748],[13.425821,52.505425],[13.425497,52.505322],[13.425316,52.505273],[13.424951,52.50518],[13.424745,52.505139],[13.424515,52.505099],[13.424301,52.505067],[13.424059,52.505038],[13.423842,52.505017],[13.423625,52.505],[13.423406,52.504989],[13.423187,52.504983],[13.423078,52.504981],[13.422859,52.504982],[13.42264,52.504989],[13.422421,52.505],[13.422203,52.505015],[13.422095,52.505025],[13.421811,52.505043],[13.421542,52.505076],[13.421389,52.505115],[13.421234,52.50515],[13.421132,52.505176],[13.420903,52.505243],[13.420322,52.505402],[13.420009,52.505491],[13.419535,52.505623],[13.419431,52.505649],[13.419208,52.505344],[13.41912,52.505219],[13.419102,52.505199],[13.419034,52.505145],[13.418974,52.505107],[13.418924,52.50508],[13.418943,52.50506],[13.418532,52.50497],[13.418519,52.504987],[13.418402,52.504993],[13.418213,52.505018],[13.418096,52.504853],[13.417601,52.50417],[13.416753,52.504408],[13.416631,52.504516],[13.415668,52.504833],[13.414918,52.504911],[13.414548,52.504791],[13.41414,52.504246],[13.414073,52.504038],[13.41181,52.504792],[13.411661,52.504527],[13.411776,52.504364],[13.411469,52.503904],[13.411549,52.503674],[13.411294,52.503351],[13.410551,52.502788],[13.409861,52.501856],[13.40846,52.500051],[13.40801,52.499584],[13.407212,52.498633],[13.40705,52.49828],[13.406703,52.498239],[13.405284,52.496535],[13.405457,52.496499],[13.409328,52.49567],[13.411903,52.49533],[13.413688,52.495226],[13.415161,52.495252],[13.416169,52.495391],[13.417075,52.495552],[13.41818,52.495964]]]]}},{"type":"Feature","id":"68","properties":{"zone":"68","district":"Friedrichshain-Kreuzberg","rawHours":"Mo-Sa, 9-22 Uhr","rawFee":"3,00 Euro","note":null,"windows":[{"weekdays":[1,2,3,4,5,6],"fromMinute":540,"toMinute":1320}],"fee":{"kind":"exact","centsPerHour":300},"unmodelledRules":[],"sourceDefect":null,"spaces":null,"maxStay":null,"maxStayShare":0,"maxStayValues":[],"chargingPoints":0,"carsharing":0},"geometry":{"type":"MultiPolygon","coordinates":[[[[13.403706,52.496612],[13.405221,52.496548],[13.405284,52.496535],[13.406703,52.498239],[13.40705,52.49828],[13.407212,52.498633],[13.40801,52.499584],[13.40846,52.500051],[13.409861,52.501856],[13.410551,52.502788],[13.411294,52.503351],[13.411549,52.503674],[13.411469,52.503904],[13.411776,52.504364],[13.411661,52.504527],[13.41181,52.504792],[13.411521,52.504891],[13.410936,52.50566],[13.410396,52.505695],[13.409889,52.506492],[13.409971,52.506926],[13.408029,52.50618],[13.40784,52.506305],[13.407844,52.506323],[13.407395,52.506664],[13.407361,52.506648],[13.406601,52.507233],[13.40641,52.507382],[13.405373,52.508146],[13.404707,52.507738],[13.40458,52.507886],[13.404434,52.507775],[13.404093,52.50797],[13.403442,52.507544],[13.4025,52.507289],[13.400269,52.50805],[13.399668,52.507216],[13.398285,52.5071],[13.396835,52.505161],[13.395355,52.503233],[13.394653,52.502518],[13.394491,52.502181],[13.394384,52.501818],[13.394357,52.501327],[13.394478,52.500955],[13.394663,52.500588],[13.394896,52.500232],[13.395442,52.499328],[13.395664,52.498905],[13.395859,52.49843],[13.39575,52.497845],[13.398025,52.497466],[13.398681,52.497229],[13.399118,52.497146],[13.400193,52.496981],[13.403706,52.496612]]]]}},{"type":"Feature","id":"69","properties":{"zone":"69","district":"Friedrichshain-Kreuzberg","rawHours":"Mo-Sa, 9-22 Uhr","rawFee":"4,00 Euro","note":null,"windows":[{"weekdays":[1,2,3,4,5,6],"fromMinute":540,"toMinute":1320}],"fee":{"kind":"exact","centsPerHour":400},"unmodelledRules":[],"sourceDefect":null,"spaces":null,"maxStay":null,"maxStayShare":0,"maxStayValues":[],"chargingPoints":0,"carsharing":0},"geometry":{"type":"MultiPolygon","coordinates":[[[[13.394748,52.497901],[13.39575,52.497845],[13.395859,52.49843],[13.395664,52.498905],[13.395442,52.499328],[13.394896,52.500232],[13.394663,52.500588],[13.394478,52.500955],[13.394357,52.501328],[13.394384,52.501818],[13.394491,52.502181],[13.394653,52.502518],[13.395355,52.503233],[13.396835,52.505161],[13.398285,52.5071],[13.398111,52.507162],[13.398843,52.508149],[13.398742,52.50815],[13.398699,52.508168],[13.395783,52.507993],[13.392233,52.507768],[13.389738,52.50762],[13.387684,52.507502],[13.385566,52.507379],[13.385694,52.507157],[13.386195,52.506127],[13.386447,52.5057],[13.386688,52.505205],[13.387,52.504625],[13.387273,52.504079],[13.387976,52.502728],[13.388492,52.501747],[13.388591,52.501452],[13.388668,52.501078],[13.388809,52.499727],[13.388812,52.499284],[13.388857,52.498706],[13.388979,52.497824],[13.389648,52.497698],[13.390694,52.497601],[13.391396,52.497605],[13.393315,52.497761],[13.394748,52.497901]]]]}},{"type":"Feature","id":"7","properties":{"zone":"7","district":"Charlottenburg-Wilmersdorf","rawHours":"Mo-Sa 9-22 Uhr","rawFee":"2,00 Euro","note":"Gebührenhöhe und Bewirtschaftungszeiten können auf lokal begrenzten Abschnitten bisweilen abweichen","windows":[{"weekdays":[1,2,3,4,5,6],"fromMinute":540,"toMinute":1320}],"fee":{"kind":"exact","centsPerHour":200},"unmodelledRules":[],"sourceDefect":null,"spaces":1950,"maxStay":"30min","maxStayShare":0.02,"maxStayValues":["30min","4h"],"chargingPoints":4,"carsharing":0},"geometry":{"type":"MultiPolygon","coordinates":[[[[13.316712,52.499419],[13.324633,52.499876],[13.325071,52.499843],[13.325103,52.499858],[13.328483,52.500128],[13.328545,52.50014],[13.328546,52.500138],[13.328634,52.500155],[13.329092,52.500165],[13.329181,52.500182],[13.329186,52.500173],[13.329333,52.500201],[13.329336,52.500196],[13.330599,52.500297],[13.331102,52.500332],[13.331088,52.500739],[13.331115,52.501029],[13.331418,52.502818],[13.331475,52.503158],[13.331476,52.503174],[13.331549,52.503599],[13.331644,52.504177],[13.331795,52.505134],[13.332013,52.505427],[13.330383,52.505518],[13.330256,52.505614],[13.330193,52.505528],[13.33013,52.505532],[13.329688,52.505287],[13.329654,52.505271],[13.329482,52.505203],[13.329253,52.505124],[13.32902,52.505051],[13.328893,52.505015],[13.328772,52.504983],[13.32865,52.504953],[13.328527,52.504925],[13.328402,52.504899],[13.328276,52.504874],[13.32815,52.504852],[13.327894,52.504813],[13.327524,52.504769],[13.327393,52.50476],[13.32713,52.504746],[13.326864,52.504738],[13.326603,52.50474],[13.326338,52.50475],[13.322089,52.504987],[13.322094,52.505017],[13.321407,52.505057],[13.320142,52.505181],[13.319812,52.505205],[13.31767,52.505323],[13.31717,52.505345],[13.31657,52.5014],[13.316565,52.500978],[13.31636,52.499633],[13.316348,52.499373],[13.316712,52.499419]]]]}},{"type":"Feature","id":"70","properties":{"zone":"70","district":"Mitte","rawHours":"Mo-Fr 9-20 Uhr / Sa 9-18 Uhr","rawFee":"3,00 Euro","note":"Gebührenhöhe und Bewirtschaftungszeiten können auf lokal begrenzten Abschnitten bisweilen abweichen","windows":[{"weekdays":[1,2,3,4,5],"fromMinute":540,"toMinute":1200},{"weekdays":[6],"fromMinute":540,"toMinute":1080}],"fee":{"kind":"exact","centsPerHour":300},"unmodelledRules":[],"sourceDefect":null,"spaces":2217,"maxStay":"4h","maxStayShare":0.015,"maxStayValues":["4h","2h"],"chargingPoints":1,"carsharing":0},"geometry":{"type":"MultiPolygon","coordinates":[[[[13.351314,52.519289],[13.354822,52.517587],[13.355567,52.517389],[13.356336,52.517291],[13.357101,52.51731],[13.358039,52.51744],[13.358839,52.517601],[13.359772,52.517872],[13.360579,52.518225],[13.361261,52.518618],[13.361903,52.519011],[13.362669,52.519289],[13.365659,52.520056],[13.365793,52.520091],[13.365925,52.520129],[13.366056,52.520168],[13.366186,52.52021],[13.366314,52.520253],[13.36644,52.520297],[13.366564,52.520344],[13.366687,52.520392],[13.366808,52.520442],[13.366927,52.520494],[13.367102,52.520574],[13.367272,52.520658],[13.367383,52.520716],[13.367492,52.520776],[13.367598,52.520836],[13.367702,52.520899],[13.367854,52.520995],[13.368164,52.521239],[13.368655,52.52177],[13.368884,52.521977],[13.367887,52.522494],[13.366047,52.522723],[13.35694,52.523636],[13.35717,52.524359],[13.357117,52.524624],[13.356401,52.525489],[13.355354,52.526716],[13.353525,52.526513],[13.351667,52.526383],[13.350235,52.526301],[13.348734,52.526248],[13.346948,52.526223],[13.34529,52.526247],[13.343182,52.526309],[13.342205,52.523596],[13.342005,52.522795],[13.342937,52.522873],[13.343744,52.522868],[13.344717,52.522807],[13.345513,52.522701],[13.346424,52.52248],[13.347272,52.5221],[13.348232,52.521655],[13.348875,52.521264],[13.349566,52.52069],[13.350511,52.519928],[13.351314,52.519289]]]]}},{"type":"Feature","id":"71","properties":{"zone":"71","district":"Mitte","rawHours":"Mo-Fr 9-20 Uhr / Sa 9-18 Uhr","rawFee":"3,00 Euro","note":"Gebührenhöhe und Bewirtschaftungszeiten können auf lokal begrenzten Abschnitten bisweilen abweichen","windows":[{"weekdays":[1,2,3,4,5],"fromMinute":540,"toMinute":1200},{"weekdays":[6],"fromMinute":540,"toMinute":1080}],"fee":{"kind":"exact","centsPerHour":300},"unmodelledRules":[],"sourceDefect":null,"spaces":1375,"maxStay":"4h","maxStayShare":0.024,"maxStayValues":["4h"],"chargingPoints":4,"carsharing":0},"geometry":{"type":"MultiPolygon","coordinates":[[[[13.343337,52.515588],[13.343514,52.515724],[13.344106,52.515752],[13.344101,52.515882],[13.345251,52.51596],[13.345627,52.51619],[13.348736,52.514852],[13.349071,52.515179],[13.344856,52.516954],[13.345347,52.517677],[13.34571,52.517679],[13.34743,52.517791],[13.347526,52.519079],[13.348298,52.519702],[13.351027,52.519517],[13.350511,52.519928],[13.349566,52.52069],[13.348875,52.521264],[13.348232,52.521655],[13.347272,52.5221],[13.346424,52.52248],[13.345513,52.522701],[13.344717,52.522807],[13.343744,52.522868],[13.342937,52.522873],[13.342005,52.522795],[13.341037,52.522653],[13.340469,52.522468],[13.339907,52.522152],[13.339574,52.521913],[13.339373,52.521452],[13.339179,52.520799],[13.33874,52.520126],[13.337958,52.519473],[13.336193,52.518064],[13.335489,52.517546],[13.334751,52.517185],[13.334072,52.517017],[13.334189,52.516768],[13.334215,52.516772],[13.334793,52.515504],[13.335109,52.515231],[13.335332,52.51504],[13.335379,52.51486],[13.336032,52.514444],[13.335584,52.513537],[13.33827,52.513699],[13.338029,52.514296],[13.338042,52.51468],[13.338352,52.51516],[13.338844,52.5155],[13.33922,52.515314],[13.343337,52.515588]]]]}},{"type":"Feature","id":"72","properties":{"zone":"72","district":"Mitte","rawHours":"Mo-Fr 9-20 Uhr / Sa 9-18 Uhr","rawFee":"3,00 Euro","note":"Gebührenhöhe und Bewirtschaftungszeiten können auf lokal begrenzten Abschnitten bisweilen abweichen","windows":[{"weekdays":[1,2,3,4,5],"fromMinute":540,"toMinute":1200},{"weekdays":[6],"fromMinute":540,"toMinute":1080}],"fee":{"kind":"exact","centsPerHour":300},"unmodelledRules":[],"sourceDefect":null,"spaces":2280,"maxStay":"4h","maxStayShare":0.006,"maxStayValues":["4h"],"chargingPoints":2,"carsharing":0},"geometry":{"type":"MultiPolygon","coordinates":[[[[13.332556,52.516951],[13.33335,52.516929],[13.334072,52.517017],[13.334751,52.517185],[13.335489,52.517546],[13.336193,52.518064],[13.337958,52.519473],[13.33874,52.520126],[13.339179,52.520799],[13.339373,52.521452],[13.339574,52.521913],[13.339907,52.522152],[13.340469,52.522468],[13.341037,52.522653],[13.342005,52.522795],[13.342205,52.523596],[13.343182,52.526309],[13.341002,52.526341],[13.339107,52.526406],[13.339145,52.526103],[13.339287,52.525747],[13.336203,52.524965],[13.334625,52.524633],[13.332382,52.524221],[13.329757,52.523775],[13.329618,52.522933],[13.329557,52.522762],[13.32904,52.522564],[13.329372,52.522279],[13.329605,52.52197],[13.329764,52.521628],[13.329908,52.521197],[13.32991,52.520774],[13.329805,52.520298],[13.329596,52.519686],[13.329491,52.519209],[13.329549,52.518768],[13.329773,52.518271],[13.330282,52.517828],[13.330899,52.51742],[13.331703,52.517123],[13.332556,52.516951]]]]}},{"type":"Feature","id":"73","properties":{"zone":"73","district":"Mitte","rawHours":"Mo-Fr 9-18 Uhr","rawFee":"3,00 Euro","note":"Gebührenhöhe und Bewirtschaftungszeiten können auf lokal begrenzten Abschnitten bisweilen abweichen","windows":[{"weekdays":[1,2,3,4,5],"fromMinute":540,"toMinute":1080}],"fee":{"kind":"exact","centsPerHour":300},"unmodelledRules":[],"sourceDefect":null,"spaces":2185,"maxStay":"4h","maxStayShare":0.006,"maxStayValues":["4h"],"chargingPoints":3,"carsharing":0},"geometry":{"type":"MultiPolygon","coordinates":[[[[13.322184,52.524842],[13.32329,52.524891],[13.32415,52.524904],[13.324921,52.524764],[13.325723,52.524534],[13.326542,52.524204],[13.327295,52.523798],[13.327939,52.523398],[13.328473,52.523014],[13.32904,52.522564],[13.329557,52.522762],[13.329618,52.522933],[13.329757,52.523775],[13.327502,52.524359],[13.32867,52.527381],[13.328333,52.534105],[13.316833,52.532564],[13.316933,52.532339],[13.317033,52.532352],[13.317186,52.53233],[13.317515,52.532377],[13.317052,52.53205],[13.317305,52.531545],[13.316976,52.531302],[13.316741,52.531186],[13.316614,52.531163],[13.316748,52.530905],[13.314472,52.530477],[13.313974,52.530355],[13.313741,52.530304],[13.317112,52.520935],[13.317835,52.520962],[13.31819,52.521342],[13.318394,52.522429],[13.318626,52.523166],[13.319096,52.523748],[13.319721,52.524207],[13.320488,52.524518],[13.321341,52.524722],[13.322184,52.524842]]]]}},{"type":"Feature","id":"74","properties":{"zone":"74","district":"Mitte","rawHours":"Mo-Fr 9-20 Uhr / Sa 9-18 Uhr","rawFee":"3,00 Euro","note":"Gebührenhöhe und Bewirtschaftungszeiten können auf lokal begrenzten Abschnitten bisweilen abweichen","windows":[{"weekdays":[1,2,3,4,5],"fromMinute":540,"toMinute":1200},{"weekdays":[6],"fromMinute":540,"toMinute":1080}],"fee":{"kind":"exact","centsPerHour":300},"unmodelledRules":[],"sourceDefect":null,"spaces":3615,"maxStay":"4h","maxStayShare":0.006,"maxStayValues":["4h"],"chargingPoints":4,"carsharing":0},"geometry":{"type":"MultiPolygon","coordinates":[[[[13.336203,52.524965],[13.339287,52.525747],[13.339145,52.526103],[13.339107,52.526406],[13.341002,52.526341],[13.343182,52.526309],[13.343275,52.526876],[13.343258,52.528051],[13.343254,52.529986],[13.343254,52.531795],[13.34333,52.533422],[13.34344,52.534857],[13.343617,52.53596],[13.328333,52.534105],[13.32867,52.527381],[13.327502,52.524359],[13.329757,52.523775],[13.332382,52.524221],[13.334625,52.524633],[13.336203,52.524965]]]]}},{"type":"Feature","id":"75","properties":{"zone":"75","district":"Mitte","rawHours":"Mo-Fr 9-20 Uhr / Sa 9-18 Uhr","rawFee":"3,00 Euro","note":"Gebührenhöhe und Bewirtschaftungszeiten können auf lokal begrenzten Abschnitten bisweilen abweichen","windows":[{"weekdays":[1,2,3,4,5],"fromMinute":540,"toMinute":1200},{"weekdays":[6],"fromMinute":540,"toMinute":1080}],"fee":{"kind":"exact","centsPerHour":300},"unmodelledRules":[],"sourceDefect":null,"spaces":3588,"maxStay":"4h","maxStayShare":0.004,"maxStayValues":["4h"],"chargingPoints":4,"carsharing":0},"geometry":{"type":"MultiPolygon","coordinates":[[[[13.351667,52.526383],[13.353525,52.526513],[13.355354,52.526716],[13.356401,52.525489],[13.357117,52.524624],[13.35717,52.524359],[13.35694,52.523636],[13.359411,52.523389],[13.365657,52.525448],[13.367256,52.525939],[13.367348,52.527603],[13.366247,52.528987],[13.359263,52.535596],[13.358089,52.536283],[13.356382,52.53683],[13.354762,52.537016],[13.353029,52.536917],[13.343617,52.53596],[13.34344,52.534857],[13.34333,52.533422],[13.343254,52.531795],[13.343254,52.529986],[13.343258,52.528051],[13.343275,52.526876],[13.343182,52.526309],[13.34529,52.526247],[13.346948,52.526223],[13.348734,52.526248],[13.350235,52.526301],[13.351667,52.526383]]]]}},{"type":"Feature","id":"76","properties":{"zone":"76","district":"Mitte","rawHours":"Mo-Fr 9-20 Uhr / Sa 9-18 Uhr","rawFee":"3,00 Euro","note":"Gebührenhöhe und Bewirtschaftungszeiten können auf lokal begrenzten Abschnitten bisweilen abweichen","windows":[{"weekdays":[1,2,3,4,5],"fromMinute":540,"toMinute":1200},{"weekdays":[6],"fromMinute":540,"toMinute":1080}],"fee":{"kind":"exact","centsPerHour":300},"unmodelledRules":[],"sourceDefect":null,"spaces":396,"maxStay":"4h","maxStayShare":0.009,"maxStayValues":["4h"],"chargingPoints":1,"carsharing":0},"geometry":{"type":"MultiPolygon","coordinates":[[[[13.367348,52.527603],[13.367256,52.525939],[13.370598,52.526969],[13.371001,52.527091],[13.373531,52.527871],[13.373528,52.527876],[13.373752,52.527942],[13.372323,52.529213],[13.371183,52.530323],[13.370478,52.531337],[13.369692,52.532283],[13.3684,52.533645],[13.36608,52.535793],[13.36078,52.537522],[13.358089,52.536283],[13.359263,52.535596],[13.366247,52.528987],[13.367348,52.527603]]]]}},{"type":"Feature","id":"77","properties":{"zone":"77","district":"Mitte","rawHours":"Mo-Fr 9-20 Uhr / Sa 9-18 Uhr","rawFee":"3,00 Euro","note":"Gebührenhöhe und Bewirtschaftungszeiten können auf lokal begrenzten Abschnitten bisweilen abweichen","windows":[{"weekdays":[1,2,3,4,5],"fromMinute":540,"toMinute":1200},{"weekdays":[6],"fromMinute":540,"toMinute":1080}],"fee":{"kind":"exact","centsPerHour":300},"unmodelledRules":[],"sourceDefect":null,"spaces":4787,"maxStay":"1h","maxStayShare":0.035,"maxStayValues":["1h","4h"],"chargingPoints":5,"carsharing":3},"geometry":{"type":"MultiPolygon","coordinates":[[[[13.35114,52.550014],[13.349251,52.549014],[13.346667,52.547663],[13.343227,52.545859],[13.339395,52.543846],[13.335601,52.541873],[13.334138,52.541158],[13.334456,52.541108],[13.334835,52.541018],[13.335226,52.540911],[13.337959,52.540115],[13.338645,52.539919],[13.338821,52.539871],[13.338991,52.53983],[13.339351,52.539755],[13.339621,52.539708],[13.339851,52.539674],[13.346565,52.538789],[13.346716,52.538772],[13.346944,52.53875],[13.347097,52.538739],[13.347251,52.538731],[13.347484,52.538724],[13.347629,52.538722],[13.347756,52.538723],[13.34801,52.538729],[13.348137,52.538735],[13.348302,52.538745],[13.348533,52.538765],[13.348667,52.538779],[13.34881,52.538797],[13.348953,52.538816],[13.349094,52.538838],[13.349234,52.538863],[13.349373,52.53889],[13.350902,52.539213],[13.352583,52.539574],[13.353117,52.539601],[13.35367,52.539703],[13.354112,52.539694],[13.354234,52.539683],[13.354355,52.539668],[13.354474,52.53965],[13.354591,52.539627],[13.357552,52.538836],[13.357983,52.538675],[13.366104,52.542445],[13.365648,52.542714],[13.363892,52.543712],[13.360878,52.545417],[13.358487,52.546778],[13.355121,52.548662],[13.3536,52.549518],[13.352859,52.549911],[13.35196,52.550443],[13.35114,52.550014]]]]}},{"type":"Feature","id":"78","properties":{"zone":"78","district":"Mitte","rawHours":"Mo-Fr 9-20 Uhr / Sa 9-18 Uhr","rawFee":"2,00 Euro","note":"Gebührenhöhe und Bewirtschaftungszeiten können auf lokal begrenzten Abschnitten bisweilen abweichen","windows":[{"weekdays":[1,2,3,4,5],"fromMinute":540,"toMinute":1200},{"weekdays":[6],"fromMinute":540,"toMinute":1080}],"fee":{"kind":"exact","centsPerHour":200},"unmodelledRules":[],"sourceDefect":null,"spaces":4049,"maxStay":"1h","maxStayShare":0.065,"maxStayValues":["1h","4h","2h"],"chargingPoints":2,"carsharing":1},"geometry":{"type":"MultiPolygon","coordinates":[[[[13.346667,52.547663],[13.349251,52.549014],[13.35114,52.550014],[13.352204,52.550569],[13.350525,52.551514],[13.353285,52.553331],[13.352847,52.553554],[13.3486,52.555938],[13.34747,52.556584],[13.343695,52.558726],[13.343141,52.559043],[13.342949,52.559037],[13.342555,52.558798],[13.339831,52.557577],[13.339382,52.557368],[13.34056,52.556702],[13.341821,52.555979],[13.340421,52.555068],[13.337096,52.55289],[13.336487,52.552542],[13.336747,52.552385],[13.338863,52.550351],[13.338309,52.549994],[13.337258,52.549278],[13.336217,52.548594],[13.337023,52.548207],[13.33736,52.548041],[13.33772,52.547839],[13.33802,52.547669],[13.338288,52.547497],[13.339098,52.54694],[13.339899,52.546363],[13.342076,52.547434],[13.343792,52.546155],[13.346667,52.547663]]]]}},{"type":"Feature","id":"79","properties":{"zone":"79","district":"Mitte","rawHours":"Mo-Fr 9-20 Uhr / Sa 9-18 Uhr","rawFee":"3,00 Euro","note":"Gebührenhöhe und Bewirtschaftungszeiten können auf lokal begrenzten Abschnitten bisweilen abweichen","windows":[{"weekdays":[1,2,3,4,5],"fromMinute":540,"toMinute":1200},{"weekdays":[6],"fromMinute":540,"toMinute":1080}],"fee":{"kind":"exact","centsPerHour":300},"unmodelledRules":[],"sourceDefect":null,"spaces":3300,"maxStay":"1h","maxStayShare":0.025,"maxStayValues":["1h","4h","3h"],"chargingPoints":4,"carsharing":3},"geometry":{"type":"MultiPolygon","coordinates":[[[[13.363892,52.543712],[13.365648,52.542714],[13.366104,52.542445],[13.3698,52.544065],[13.37051,52.545231],[13.369861,52.545356],[13.369694,52.545413],[13.369573,52.545474],[13.369413,52.545644],[13.36915,52.548276],[13.36683,52.552354],[13.36602,52.554193],[13.365735,52.557023],[13.364932,52.556927],[13.364539,52.55687],[13.364335,52.556825],[13.364135,52.556762],[13.363928,52.556679],[13.36369,52.556563],[13.363137,52.556256],[13.361358,52.555321],[13.358846,52.554013],[13.355036,52.55204],[13.353057,52.551011],[13.35196,52.550443],[13.352859,52.549911],[13.3536,52.549518],[13.355121,52.548662],[13.358487,52.546778],[13.360878,52.545417],[13.363892,52.543712]]]]}},{"type":"Feature","id":"8","properties":{"zone":"8","district":"Charlottenburg-Wilmersdorf","rawHours":"Mo-Sa 9-22 Uhr","rawFee":"2,00 Euro","note":"Gebührenhöhe und Bewirtschaftungszeiten können auf lokal begrenzten Abschnitten bisweilen abweichen","windows":[{"weekdays":[1,2,3,4,5,6],"fromMinute":540,"toMinute":1320}],"fee":{"kind":"exact","centsPerHour":200},"unmodelledRules":[],"sourceDefect":null,"spaces":2610,"maxStay":"4h","maxStayShare":0.009,"maxStayValues":["4h"],"chargingPoints":4,"carsharing":0},"geometry":{"type":"MultiPolygon","coordinates":[[[[13.330265,52.494951],[13.33125,52.494912],[13.331334,52.495687],[13.331331,52.49599],[13.331333,52.496018],[13.331342,52.496075],[13.331358,52.496132],[13.331381,52.496188],[13.331415,52.496248],[13.331415,52.496325],[13.33152,52.49642],[13.331561,52.496442],[13.332517,52.497017],[13.332548,52.496998],[13.333209,52.497397],[13.333179,52.497416],[13.333454,52.497581],[13.333711,52.497758],[13.333947,52.497924],[13.334076,52.498016],[13.33424,52.498139],[13.334411,52.498269],[13.334696,52.498493],[13.335396,52.499049],[13.334818,52.499172],[13.334769,52.499241],[13.333483,52.499718],[13.333482,52.499718],[13.332233,52.50018],[13.332168,52.500202],[13.332107,52.500221],[13.332036,52.500241],[13.331924,52.500267],[13.331852,52.500281],[13.331723,52.500303],[13.331505,52.500337],[13.33138,52.500341],[13.331272,52.50034],[13.331102,52.500332],[13.330599,52.500297],[13.329336,52.500196],[13.329333,52.500201],[13.329186,52.500173],[13.329181,52.500182],[13.329092,52.500165],[13.328634,52.500155],[13.328546,52.500138],[13.328545,52.50014],[13.328483,52.500128],[13.325103,52.499858],[13.325071,52.499843],[13.324633,52.499876],[13.316712,52.499419],[13.316348,52.499373],[13.316346,52.499349],[13.316256,52.498757],[13.316187,52.498585],[13.315564,52.496454],[13.320522,52.495851],[13.32562,52.494757],[13.326504,52.49449],[13.326705,52.494532],[13.32693,52.494576],[13.327054,52.494598],[13.327648,52.494647],[13.327836,52.49467],[13.328087,52.494709],[13.328399,52.494749],[13.328789,52.494795],[13.329181,52.494838],[13.330265,52.494951]]]]}},{"type":"Feature","id":"80","properties":{"zone":"80","district":"Mitte","rawHours":"Mo-Fr 9-20 Uhr / Sa 9-18 Uhr","rawFee":"3,00 Euro","note":"Gebührenhöhe und Bewirtschaftungszeiten können auf lokal begrenzten Abschnitten bisweilen abweichen","windows":[{"weekdays":[1,2,3,4,5],"fromMinute":540,"toMinute":1200},{"weekdays":[6],"fromMinute":540,"toMinute":1080}],"fee":{"kind":"exact","centsPerHour":300},"unmodelledRules":[],"sourceDefect":null,"spaces":4064,"maxStay":"1h","maxStayShare":0.015,"maxStayValues":["1h","4h","2h"],"chargingPoints":4,"carsharing":0},"geometry":{"type":"MultiPolygon","coordinates":[[[[13.365735,52.557023],[13.36602,52.554193],[13.36683,52.552354],[13.36915,52.548276],[13.369413,52.545644],[13.369573,52.545474],[13.369694,52.545413],[13.369861,52.545356],[13.37051,52.545231],[13.3698,52.544065],[13.366284,52.542524],[13.368531,52.541202],[13.374883,52.537351],[13.379672,52.540197],[13.379461,52.540656],[13.379181,52.541864],[13.378906,52.543874],[13.379686,52.545279],[13.38114,52.546449],[13.382764,52.54764],[13.385944,52.5485],[13.387918,52.548701],[13.383035,52.551612],[13.380392,52.552782],[13.379403,52.552979],[13.37877,52.553075],[13.377977,52.553318],[13.377373,52.553616],[13.37385,52.556694],[13.367938,52.557158],[13.365735,52.557023]]]]}},{"type":"Feature","id":"81","properties":{"zone":"81","district":"Mitte","rawHours":"Mo-Fr 9-20 Uhr","rawFee":"2,00 Euro","note":"Gebührenhöhe und Bewirtschaftungszeiten können auf lokal begrenzten Abschnitten bisweilen abweichen","windows":[{"weekdays":[1,2,3,4,5],"fromMinute":540,"toMinute":1200}],"fee":{"kind":"exact","centsPerHour":200},"unmodelledRules":[],"sourceDefect":null,"spaces":3603,"maxStay":"4h","maxStayShare":0.004,"maxStayValues":["4h"],"chargingPoints":2,"carsharing":0},"geometry":{"type":"MultiPolygon","coordinates":[[[[13.37668,52.556481],[13.377096,52.55645],[13.377793,52.55639],[13.378852,52.556303],[13.381343,52.556111],[13.381702,52.556088],[13.384023,52.555898],[13.384428,52.555868],[13.3876,52.55561],[13.388029,52.555584],[13.389894,52.555432],[13.391224,52.555322],[13.392478,52.55519],[13.394733,52.554977],[13.395808,52.554891],[13.39693,52.554805],[13.397555,52.554777],[13.39742,52.555219],[13.397309,52.555656],[13.397177,52.556344],[13.397176,52.556792],[13.397156,52.557242],[13.397137,52.557889],[13.397167,52.557888],[13.397098,52.558268],[13.397007,52.558441],[13.396958,52.558813],[13.396784,52.559431],[13.396686,52.559838],[13.396643,52.560024],[13.396536,52.560433],[13.396399,52.560863],[13.396319,52.561077],[13.396216,52.56129],[13.395905,52.561822],[13.395226,52.562582],[13.395207,52.562611],[13.395029,52.562806],[13.394901,52.562952],[13.394765,52.563097],[13.394628,52.563245],[13.394522,52.563354],[13.394357,52.563518],[13.394202,52.563665],[13.394042,52.563808],[13.393726,52.564087],[13.39338,52.564343],[13.393334,52.564374],[13.39339,52.564405],[13.393334,52.56445],[13.39319,52.564557],[13.392861,52.564762],[13.391342,52.565621],[13.391067,52.565649],[13.391032,52.565624],[13.39071,52.565796],[13.390742,52.565821],[13.390629,52.566022],[13.388918,52.567001],[13.388955,52.567068],[13.388793,52.567157],[13.389051,52.567323],[13.389057,52.567377],[13.388654,52.567659],[13.388512,52.567608],[13.3884,52.567668],[13.387889,52.567309],[13.384548,52.567736],[13.384298,52.567713],[13.38116,52.566423],[13.378676,52.566139],[13.378585,52.566193],[13.378,52.563934],[13.377148,52.560662],[13.376836,52.560669],[13.370831,52.560541],[13.370332,52.560212],[13.370333,52.560189],[13.370223,52.560117],[13.370231,52.560117],[13.369936,52.559929],[13.36992,52.559941],[13.369558,52.559729],[13.369078,52.559479],[13.366657,52.558228],[13.3656,52.558153],[13.365735,52.557023],[13.367938,52.557158],[13.37385,52.556694],[13.37668,52.556481]]]]}},{"type":"Feature","id":"82","properties":{"zone":"82","district":"Mitte","rawHours":"Mo-Fr 9-20 Uhr / Sa 9-18 Uhr","rawFee":"3,00 Euro","note":"Gebührenhöhe und Bewirtschaftungszeiten können auf lokal begrenzten Abschnitten bisweilen abweichen","windows":[{"weekdays":[1,2,3,4,5],"fromMinute":540,"toMinute":1200},{"weekdays":[6],"fromMinute":540,"toMinute":1080}],"fee":{"kind":"exact","centsPerHour":300},"unmodelledRules":[],"sourceDefect":null,"spaces":2325,"maxStay":"1h","maxStayShare":0.042,"maxStayValues":["1h","4h"],"chargingPoints":2,"carsharing":0},"geometry":{"type":"MultiPolygon","coordinates":[[[[13.380392,52.552782],[13.383035,52.551612],[13.387918,52.548701],[13.393931,52.549313],[13.399202,52.549254],[13.399138,52.549538],[13.398942,52.550655],[13.398902,52.550881],[13.3989,52.550886],[13.398567,52.55086],[13.396846,52.550704],[13.397224,52.551006],[13.397355,52.55112],[13.39745,52.551216],[13.397537,52.551309],[13.39763,52.551418],[13.397725,52.551599],[13.397806,52.551768],[13.397896,52.551978],[13.397981,52.552196],[13.398025,52.552378],[13.398063,52.5526],[13.398067,52.552806],[13.397982,52.553228],[13.397831,52.553762],[13.397718,52.554112],[13.397555,52.554777],[13.39693,52.554805],[13.395808,52.554891],[13.394733,52.554977],[13.392478,52.55519],[13.391224,52.555322],[13.389894,52.555432],[13.388029,52.555584],[13.3876,52.55561],[13.384428,52.555868],[13.384023,52.555898],[13.381702,52.556088],[13.381343,52.556111],[13.378852,52.556303],[13.377793,52.55639],[13.377096,52.55645],[13.37385,52.556694],[13.377373,52.553616],[13.377977,52.553318],[13.37877,52.553075],[13.379403,52.552979],[13.380392,52.552782]]]]}},{"type":"Feature","id":"83","properties":{"zone":"83","district":"Mitte","rawHours":"Mo-Fr 9-20 Uhr / Sa 9-18 Uhr","rawFee":"3,00 Euro","note":"Gebührenhöhe und Bewirtschaftungszeiten können auf lokal begrenzten Abschnitten bisweilen abweichen","windows":[{"weekdays":[1,2,3,4,5],"fromMinute":540,"toMinute":1200},{"weekdays":[6],"fromMinute":540,"toMinute":1080}],"fee":{"kind":"exact","centsPerHour":300},"unmodelledRules":[],"sourceDefect":null,"spaces":4465,"maxStay":"4h","maxStayShare":0.016,"maxStayValues":["4h","1h"],"chargingPoints":6,"carsharing":0},"geometry":{"type":"MultiPolygon","coordinates":[[[[13.383547,52.536469],[13.385141,52.535268],[13.386304,52.534227],[13.387235,52.533493],[13.387963,52.533817],[13.389858,52.53548],[13.393109,52.537569],[13.40205,52.540153],[13.400983,52.541947],[13.40039,52.543247],[13.399852,52.545143],[13.399353,52.54654],[13.400316,52.546643],[13.399653,52.548203],[13.399419,52.549251],[13.393931,52.549313],[13.385944,52.5485],[13.382764,52.54764],[13.38114,52.546449],[13.379686,52.545279],[13.378906,52.543874],[13.379181,52.541864],[13.379461,52.540656],[13.379672,52.540197],[13.382635,52.537309],[13.383547,52.536469]]]]}},{"type":"Feature","id":"84","properties":{"zone":"84","district":"Tempelhof-Schöneberg","rawHours":"Mo-Fr 9-22 Uhr / Sa 9-18 Uhr","rawFee":"3,00 Euro","note":"Gebührenhöhe und Bewirtschaftungszeiten können auf lokal begrenzten Abschnitten bisweilen abweichen","windows":[{"weekdays":[1,2,3,4,5],"fromMinute":540,"toMinute":1320},{"weekdays":[6],"fromMinute":540,"toMinute":1080}],"fee":{"kind":"exact","centsPerHour":300},"unmodelledRules":[],"sourceDefect":null,"spaces":3142,"maxStay":"1h","maxStayShare":0.017,"maxStayValues":["1h","4h","2h"],"chargingPoints":3,"carsharing":1},"geometry":{"type":"MultiPolygon","coordinates":[[[[13.345277,52.490503],[13.345335,52.492143],[13.345344,52.493142],[13.346098,52.49423],[13.345814,52.494199],[13.342991,52.494255],[13.341832,52.494246],[13.340347,52.494165],[13.337894,52.494212],[13.337473,52.494293],[13.337457,52.494189],[13.337447,52.494072],[13.337348,52.494076],[13.337101,52.492288],[13.337197,52.4923],[13.337171,52.492101],[13.337087,52.49101],[13.337533,52.490716],[13.337325,52.490483],[13.337041,52.490418],[13.337004,52.490406],[13.336982,52.490394],[13.33697,52.49038],[13.336963,52.490366],[13.336929,52.490155],[13.336906,52.489917],[13.336897,52.489684],[13.336901,52.489677],[13.336907,52.489672],[13.336917,52.489668],[13.336966,52.489663],[13.336971,52.489418],[13.336912,52.489416],[13.336905,52.489414],[13.336902,52.489409],[13.336942,52.489002],[13.336979,52.488781],[13.337027,52.488564],[13.337046,52.488491],[13.337056,52.488475],[13.33707,52.488463],[13.337087,52.488453],[13.337147,52.488368],[13.33721,52.488062],[13.33721,52.488051],[13.337176,52.488048],[13.337151,52.488036],[13.337145,52.487904],[13.337134,52.487904],[13.337053,52.485921],[13.337123,52.485917],[13.337172,52.485673],[13.337089,52.485679],[13.337119,52.482528],[13.337203,52.482529],[13.337118,52.482285],[13.337924,52.482555],[13.338772,52.48288],[13.339362,52.483093],[13.340356,52.483395],[13.341653,52.483727],[13.343451,52.484129],[13.344945,52.484135],[13.345522,52.484337],[13.345274,52.48478],[13.345305,52.486292],[13.345221,52.488944],[13.345277,52.490503]]]]}},{"type":"Feature","id":"85","properties":{"zone":"85","district":"Tempelhof-Schöneberg","rawHours":"Mo-Fr 9-22 Uhr / Sa 9-18 Uhr","rawFee":"3,00 Euro","note":"Gebührenhöhe und Bewirtschaftungszeiten können auf lokal begrenzten Abschnitten bisweilen abweichen.","windows":[{"weekdays":[1,2,3,4,5],"fromMinute":540,"toMinute":1320},{"weekdays":[6],"fromMinute":540,"toMinute":1080}],"fee":{"kind":"exact","centsPerHour":300},"unmodelledRules":[],"sourceDefect":null,"spaces":2124,"maxStay":"4h","maxStayShare":0.012,"maxStayValues":["4h","2h"],"chargingPoints":2,"carsharing":0},"geometry":{"type":"MultiPolygon","coordinates":[[[[13.34523,52.489183],[13.360302,52.490627],[13.360585,52.491827],[13.360632,52.49411],[13.355255,52.494647],[13.352308,52.494839],[13.349757,52.49464],[13.346098,52.49423],[13.345344,52.493142],[13.345335,52.492143],[13.34523,52.489183]]]]}},{"type":"Feature","id":"86","properties":{"zone":"86","district":"Tempelhof-Schöneberg","rawHours":"Mo-Fr 9-22 Uhr / Sa 9-18 Uhr","rawFee":"3,00 Euro","note":"Gebührenhöhe und Bewirtschaftungszeiten können auf lokal begrenzten Abschnitten bisweilen abweichen.","windows":[{"weekdays":[1,2,3,4,5],"fromMinute":540,"toMinute":1320},{"weekdays":[6],"fromMinute":540,"toMinute":1080}],"fee":{"kind":"exact","centsPerHour":300},"unmodelledRules":[],"sourceDefect":null,"spaces":1417,"maxStay":"4h","maxStayShare":0.029,"maxStayValues":["4h","1h"],"chargingPoints":3,"carsharing":1},"geometry":{"type":"MultiPolygon","coordinates":[[[[13.360632,52.49411],[13.360585,52.491827],[13.360302,52.490627],[13.360203,52.490375],[13.361258,52.489741],[13.362467,52.489017],[13.363385,52.488649],[13.36408,52.488392],[13.365048,52.488349],[13.368445,52.488377],[13.370325,52.488136],[13.371888,52.488024],[13.37276,52.488036],[13.373536,52.487982],[13.374731,52.48938],[13.375399,52.489432],[13.375451,52.49015],[13.375475,52.490456],[13.376404,52.491433],[13.376434,52.491676],[13.371069,52.492757],[13.371077,52.492913],[13.369238,52.493281],[13.369164,52.49314],[13.368215,52.493331],[13.368329,52.493501],[13.367209,52.493696],[13.366759,52.493182],[13.362577,52.493945],[13.360632,52.49411]]]]}},{"type":"Feature","id":"87","properties":{"zone":"87","district":"Tempelhof-Schöneberg","rawHours":"Mo-Fr 9-22 Uhr / Sa 9-18 Uhr","rawFee":"3,00 Euro","note":"Gebührenhöhe und Bewirtschaftungszeiten können auf lokal begrenzten Abschnitten bisweilen abweichen","windows":[{"weekdays":[1,2,3,4,5],"fromMinute":540,"toMinute":1320},{"weekdays":[6],"fromMinute":540,"toMinute":1080}],"fee":{"kind":"exact","centsPerHour":300},"unmodelledRules":[],"sourceDefect":null,"spaces":1771,"maxStay":"4h","maxStayShare":0.028,"maxStayValues":["4h","1h"],"chargingPoints":1,"carsharing":0},"geometry":{"type":"MultiPolygon","coordinates":[[[[13.345522,52.484337],[13.344945,52.484135],[13.343451,52.484129],[13.341653,52.483727],[13.340356,52.483395],[13.339362,52.483093],[13.338772,52.48288],[13.337924,52.482555],[13.337118,52.482285],[13.337047,52.482087],[13.337048,52.481521],[13.337058,52.481318],[13.337051,52.480974],[13.33705,52.480707],[13.337164,52.480356],[13.337164,52.480122],[13.337062,52.47988],[13.337064,52.478875],[13.337066,52.478681],[13.337067,52.478132],[13.337061,52.478131],[13.337057,52.477812],[13.338154,52.477878],[13.338748,52.477907],[13.340047,52.47792],[13.341222,52.477916],[13.343394,52.477901],[13.343749,52.478154],[13.343822,52.478111],[13.345767,52.478107],[13.346734,52.477374],[13.347108,52.477033],[13.347207,52.476786],[13.347985,52.476164],[13.34897,52.476914],[13.349818,52.477688],[13.350606,52.478404],[13.351396,52.479071],[13.352452,52.479256],[13.353573,52.479483],[13.352607,52.48011],[13.352224,52.480269],[13.34967,52.481372],[13.348715,52.481791],[13.347821,52.482225],[13.346951,52.482652],[13.345522,52.484337]]]]}},{"type":"Feature","id":"88","properties":{"zone":"88","district":"Tempelhof-Schöneberg","rawHours":"Mo-Fr 9-22 Uhr / Sa 9-18 Uhr","rawFee":"3,00 Euro","note":"Gebührenhöhe und Bewirtschaftungszeiten können auf lokal begrenzten Abschnitten bisweilen abweichen.","windows":[{"weekdays":[1,2,3,4,5],"fromMinute":540,"toMinute":1320},{"weekdays":[6],"fromMinute":540,"toMinute":1080}],"fee":{"kind":"exact","centsPerHour":300},"unmodelledRules":[],"sourceDefect":null,"spaces":2872,"maxStay":"1h","maxStayShare":0.045,"maxStayValues":["1h","4h","2h"],"chargingPoints":5,"carsharing":0},"geometry":{"type":"MultiPolygon","coordinates":[[[[13.360302,52.490627],[13.34523,52.489183],[13.345221,52.488944],[13.345305,52.486292],[13.345274,52.48478],[13.345522,52.484337],[13.346951,52.482652],[13.347821,52.482225],[13.348715,52.481791],[13.34967,52.481372],[13.352224,52.480269],[13.352607,52.48011],[13.354704,52.481487],[13.357579,52.483811],[13.359245,52.485109],[13.363385,52.488649],[13.362467,52.489017],[13.361258,52.489741],[13.360203,52.490375],[13.360302,52.490627]]]]}},{"type":"Feature","id":"89","properties":{"zone":"89","district":"Tempelhof-Schöneberg","rawHours":"Mo-Fr 9-22 Uhr / Sa 9-18 Uhr","rawFee":"3,00 Euro","note":"Gebührenhöhe und Bewirtschaftungszeiten können auf lokal begrenzten Abschnitten bisweilen abweichen.","windows":[{"weekdays":[1,2,3,4,5],"fromMinute":540,"toMinute":1320},{"weekdays":[6],"fromMinute":540,"toMinute":1080}],"fee":{"kind":"exact","centsPerHour":300},"unmodelledRules":[],"sourceDefect":null,"spaces":2179,"maxStay":"4h","maxStayShare":0.003,"maxStayValues":["4h"],"chargingPoints":4,"carsharing":0},"geometry":{"type":"MultiPolygon","coordinates":[[[[13.373536,52.487982],[13.37276,52.488036],[13.371888,52.488024],[13.370325,52.488136],[13.368445,52.488377],[13.365048,52.488349],[13.36408,52.488392],[13.363385,52.488649],[13.359245,52.485109],[13.357579,52.483811],[13.354704,52.481487],[13.352607,52.48011],[13.353573,52.479483],[13.354368,52.478799],[13.356061,52.477719],[13.35763,52.47658],[13.359848,52.475602],[13.360297,52.475456],[13.361774,52.474943],[13.362881,52.474502],[13.363795,52.474229],[13.365759,52.473381],[13.366706,52.473051],[13.368545,52.472666],[13.367198,52.473654],[13.366399,52.474608],[13.365861,52.475685],[13.371569,52.484951],[13.371662,52.485121],[13.371606,52.485121],[13.371643,52.485184],[13.373502,52.487746],[13.373536,52.487982]]]]}},{"type":"Feature","id":"90","properties":{"zone":"90","district":"Tempelhof-Schöneberg","rawHours":"Mo-Fr 9-22 Uhr / Sa 9-18 Uhr","rawFee":"3,00 Euro","note":"Gebührenhöhe und Bewirtschaftungszeiten können auf lokal begrenzten Abschnitten bisweilen abweichen","windows":[{"weekdays":[1,2,3,4,5],"fromMinute":540,"toMinute":1320},{"weekdays":[6],"fromMinute":540,"toMinute":1080}],"fee":{"kind":"exact","centsPerHour":300},"unmodelledRules":[],"sourceDefect":null,"spaces":null,"maxStay":null,"maxStayShare":0,"maxStayValues":[],"chargingPoints":0,"carsharing":0},"geometry":{"type":"MultiPolygon","coordinates":[[[[13.377187,52.483205],[13.376875,52.483829],[13.376847,52.48406],[13.376711,52.48492],[13.371569,52.484951],[13.365861,52.475685],[13.366399,52.474608],[13.367198,52.473654],[13.368545,52.472666],[13.370107,52.472138],[13.371753,52.471945],[13.375029,52.47199],[13.377439,52.471984],[13.37834,52.471957],[13.378299,52.472403],[13.378032,52.474677],[13.377924,52.475405],[13.377468,52.476216],[13.377026,52.4771],[13.376951,52.47914],[13.377162,52.479601],[13.377676,52.481004],[13.377608,52.48225],[13.377187,52.483205]]]]}},{"type":"Feature","id":"91","properties":{"zone":"91","district":"Tempelhof-Schöneberg","rawHours":"Mo-Fr 9-22 Uhr / Sa 9-18 Uhr","rawFee":"3,00 Euro","note":"Gebührenhöhe und Bewirtschaftungszeiten können auf lokal begrenzten Abschnitten bisweilen abweichen","windows":[{"weekdays":[1,2,3,4,5],"fromMinute":540,"toMinute":1320},{"weekdays":[6],"fromMinute":540,"toMinute":1080}],"fee":{"kind":"exact","centsPerHour":300},"unmodelledRules":[],"sourceDefect":null,"spaces":null,"maxStay":null,"maxStayShare":0,"maxStayValues":[],"chargingPoints":0,"carsharing":0},"geometry":{"type":"MultiPolygon","coordinates":[[[[13.386173,52.480954],[13.386356,52.482997],[13.38735,52.48305],[13.387851,52.48343],[13.38832,52.48377],[13.388468,52.484279],[13.388798,52.484254],[13.388805,52.484211],[13.39307,52.483978],[13.393734,52.483924],[13.394539,52.483846],[13.398067,52.483755],[13.398654,52.483739],[13.399038,52.483715],[13.400334,52.483587],[13.400406,52.48357],[13.400627,52.483545],[13.401002,52.483497],[13.401246,52.483461],[13.401844,52.48338],[13.402106,52.483342],[13.402411,52.483301],[13.402788,52.483247],[13.402939,52.483217],[13.403281,52.483156],[13.403992,52.483017],[13.404294,52.482956],[13.405346,52.482727],[13.40622,52.482539],[13.406356,52.482507],[13.406395,52.482771],[13.406058,52.48284],[13.404121,52.483258],[13.403744,52.483336],[13.403332,52.483415],[13.402979,52.483479],[13.40267,52.483531],[13.40236,52.48358],[13.401953,52.483639],[13.401579,52.48369],[13.401267,52.483728],[13.400798,52.48378],[13.40046,52.483813],[13.400229,52.483905],[13.394639,52.484028],[13.394518,52.484105],[13.39424,52.484105],[13.394242,52.484343],[13.388838,52.484591],[13.388839,52.484552],[13.388458,52.484565],[13.38845,52.484615],[13.387987,52.484962],[13.387403,52.485111],[13.387046,52.485224],[13.386692,52.485239],[13.386277,52.485235],[13.386269,52.484864],[13.376711,52.48492],[13.376847,52.48406],[13.376875,52.483829],[13.377187,52.483205],[13.377608,52.48225],[13.377676,52.481004],[13.377162,52.479601],[13.376951,52.47914],[13.377026,52.4771],[13.377468,52.476216],[13.377924,52.475405],[13.378032,52.474677],[13.378299,52.472403],[13.37834,52.471957],[13.379399,52.471991],[13.382921,52.47149],[13.384055,52.471231],[13.385909,52.470825],[13.385975,52.471433],[13.386095,52.475203],[13.386173,52.480954]]]]}},{"type":"Feature","id":"92","properties":{"zone":"92","district":"Tempelhof-Schöneberg","rawHours":"Mo-Fr 9-20 / Sa 9-18 Uhr","rawFee":"2,00 Euro","note":"Gebührenhöhe und Bewirtschaftungszeiten können auf lokal begrenzten Abschnitten bisweilen abweichen","windows":[{"weekdays":[1,2,3,4,5],"fromMinute":540,"toMinute":1200},{"weekdays":[6],"fromMinute":540,"toMinute":1080}],"fee":{"kind":"exact","centsPerHour":200},"unmodelledRules":[],"sourceDefect":null,"spaces":5127,"maxStay":"4h","maxStayShare":0.014,"maxStayValues":["4h","2h","1h","30min"],"chargingPoints":9,"carsharing":10},"geometry":{"type":"MultiPolygon","coordinates":[[[[13.395988,52.45981],[13.396799,52.463456],[13.395627,52.463979],[13.39445,52.464184],[13.394529,52.465503],[13.394807,52.467086],[13.391832,52.468384],[13.390388,52.468902],[13.389136,52.469202],[13.387634,52.469463],[13.38607,52.469595],[13.383987,52.46968],[13.380655,52.469772],[13.377765,52.46985],[13.377741,52.468638],[13.378103,52.467589],[13.378093,52.466829],[13.377872,52.466431],[13.377573,52.466056],[13.377034,52.463452],[13.375224,52.455456],[13.37556,52.455126],[13.375996,52.454717],[13.37683,52.453802],[13.377098,52.453501],[13.377759,52.452359],[13.383898,52.453919],[13.384556,52.454073],[13.388112,52.45496],[13.394562,52.456471],[13.399983,52.457736],[13.400258,52.459398],[13.395988,52.45981]]]]}},{"type":"Feature","id":"9-CW","properties":{"zone":"9-CW","district":"Charlottenburg-Wilmersdorf","rawHours":"Mo-Sa 9-22 Uhr","rawFee":"3,00 Euro","note":"Gebührenhöhe und Bewirtschaftungszeiten können auf lokal begrenzten Abschnitten bisweilen abweichen","windows":[{"weekdays":[1,2,3,4,5,6],"fromMinute":540,"toMinute":1320}],"fee":{"kind":"exact","centsPerHour":300},"unmodelledRules":[],"sourceDefect":null,"spaces":1359,"maxStay":"30min","maxStayShare":0.066,"maxStayValues":["30min","4h","2h","1h"],"chargingPoints":4,"carsharing":0},"geometry":{"type":"MultiPolygon","coordinates":[[[[13.338648,52.49936],[13.338974,52.499415],[13.338823,52.499744],[13.338923,52.499913],[13.336978,52.500691],[13.337145,52.500907],[13.338864,52.5025],[13.341411,52.50487],[13.340541,52.50508],[13.340484,52.505092],[13.340368,52.505113],[13.34025,52.505131],[13.340131,52.505144],[13.34001,52.505153],[13.339889,52.505157],[13.339739,52.505157],[13.339586,52.50515],[13.339465,52.50514],[13.339346,52.505126],[13.339188,52.5051],[13.339068,52.505074],[13.338942,52.505321],[13.339068,52.505344],[13.338986,52.505477],[13.338725,52.505393],[13.338536,52.50536],[13.33844,52.505347],[13.338294,52.50533],[13.338198,52.505322],[13.338066,52.505314],[13.337926,52.50531],[13.337827,52.50531],[13.337728,52.505312],[13.33763,52.505316],[13.337582,52.505261],[13.334489,52.505549],[13.334503,52.505608],[13.33437,52.505632],[13.334297,52.505648],[13.33422,52.505668],[13.334102,52.505702],[13.333974,52.505748],[13.333853,52.505799],[13.333123,52.506134],[13.333588,52.506511],[13.334784,52.508063],[13.334817,52.50811],[13.334831,52.508135],[13.334853,52.508184],[13.334869,52.508235],[13.334874,52.508261],[13.334879,52.508312],[13.334879,52.508338],[13.334872,52.50846],[13.334851,52.50852],[13.334833,52.508558],[13.334817,52.508585],[13.334781,52.508638],[13.33476,52.508663],[13.334713,52.508713],[13.334659,52.508759],[13.334599,52.508803],[13.334567,52.508824],[13.334498,52.508863],[13.334462,52.508881],[13.334406,52.508905],[13.333995,52.508971],[13.333904,52.508812],[13.333907,52.508812],[13.333899,52.508799],[13.333892,52.5088],[13.333884,52.508793],[13.333875,52.508795],[13.333875,52.508794],[13.332957,52.509097],[13.331625,52.507419],[13.331474,52.507242],[13.331407,52.507171],[13.331334,52.507101],[13.331194,52.506982],[13.331445,52.506866],[13.331143,52.506495],[13.331129,52.506478],[13.331125,52.506479],[13.331116,52.506469],[13.33112,52.506468],[13.330852,52.506157],[13.330782,52.506078],[13.330709,52.506],[13.330633,52.505923],[13.330549,52.505844],[13.330456,52.505765],[13.330371,52.505697],[13.330256,52.505614],[13.330383,52.505518],[13.332013,52.505427],[13.331795,52.505134],[13.331644,52.504177],[13.331549,52.503599],[13.331476,52.503174],[13.331475,52.503158],[13.331418,52.502818],[13.331115,52.501029],[13.331088,52.500739],[13.331102,52.500332],[13.331318,52.500341],[13.331505,52.500337],[13.331723,52.500303],[13.331888,52.500274],[13.331991,52.500252],[13.332107,52.500221],[13.332168,52.500202],[13.332233,52.50018],[13.334769,52.499241],[13.334818,52.499172],[13.335396,52.499049],[13.335697,52.499114],[13.335978,52.499093],[13.336273,52.499082],[13.336414,52.499081],[13.336567,52.499084],[13.336721,52.499089],[13.336843,52.499096],[13.336965,52.499105],[13.337087,52.499116],[13.337207,52.499129],[13.337514,52.499169],[13.338648,52.49936]]],[[[13.330181,52.505529],[13.330193,52.505528],[13.330256,52.505614],[13.33013,52.505532],[13.330181,52.505529]]]]}},{"type":"Feature","id":"9-TS","properties":{"zone":"9-TS","district":"Tempelhof-Schöneberg","rawHours":"Mo-Sa 9-22 Uhr","rawFee":"3,00 Euro","note":"Gebührenhöhe und Bewirtschaftungszeiten können auf lokal begrenzten Abschnitten bisweilen abweichen","windows":[{"weekdays":[1,2,3,4,5,6],"fromMinute":540,"toMinute":1320}],"fee":{"kind":"exact","centsPerHour":300},"unmodelledRules":[],"sourceDefect":null,"spaces":769,"maxStay":"4h","maxStayShare":0.007,"maxStayValues":["4h"],"chargingPoints":1,"carsharing":0},"geometry":{"type":"MultiPolygon","coordinates":[[[[13.338974,52.499415],[13.339804,52.499522],[13.3406,52.49962],[13.341325,52.499697],[13.341873,52.49973],[13.342483,52.499735],[13.342919,52.49975],[13.343915,52.499805],[13.344826,52.49986],[13.345479,52.499896],[13.346289,52.499929],[13.346412,52.500173],[13.346575,52.500358],[13.34691,52.50069],[13.347485,52.501135],[13.347923,52.501456],[13.34819,52.501633],[13.348484,52.501801],[13.348827,52.501957],[13.348986,52.502017],[13.349171,52.502097],[13.34926,52.502152],[13.349548,52.502295],[13.34974,52.502443],[13.349985,52.502674],[13.350089,52.502789],[13.35038,52.503122],[13.350064,52.503197],[13.349035,52.503323],[13.3468,52.503813],[13.345762,52.504024],[13.344833,52.504216],[13.343967,52.504413],[13.341519,52.504992],[13.341411,52.50487],[13.338864,52.5025],[13.337145,52.500907],[13.336978,52.500691],[13.338923,52.499913],[13.338823,52.499744],[13.338974,52.499415]]]]}}]}