{"type":"FeatureCollection","features":[{"type":"Feature","properties":{"name":"Hamburg-Altstadt","bezirk":"Hamburg-Mitte"},"geometry":{"type":"MultiPolygon","coordinates":[[[[10.00603,53.5485],[10.00732,53.54814],[10.00734,53.54695],[10.00682,53.54541],[10.00227,53.5469],[10.0013,53.54691],[9.99725,53.5461],[9.99314,53.54454],[9.99236,53.54438],[9.98997,53.54444],[9.98388,53.54412],[9.9836,53.54551],[9.98366,53.54595],[9.98421,53.54697],[9.98627,53.54921],[9.99447,53.55266],[9.99747,53.55713],[9.99837,53.55693],[10.00098,53.55682],[10.00318,53.55629],[10.00484,53.55576],[10.00629,53.55482],[10.00381,53.55401],[10.00508,53.5531],[10.0057,53.55228],[10.00636,53.55018],[10.00603,53.5485]]]]}},{"type":"Feature","properties":{"name":"HafenCity","bezirk":"Hamburg-Mitte"},"geometry":{"type":"MultiPolygon","coordinates":[[[[9.99864,53.53696],[9.99459,53.5372],[9.9916,53.53762],[9.98037,53.54055],[9.98232,53.54353],[9.98314,53.54396],[9.98526,53.54428],[9.9927,53.54442],[9.99725,53.5461],[10.0013,53.54691],[10.00227,53.5469],[10.00778,53.54507],[10.01244,53.54126],[10.02124,53.53991],[10.02268,53.5395],[10.02383,53.53896],[10.02516,53.53786],[10.03159,53.53005],[10.02068,53.53356],[10.01459,53.53518],[10.01141,53.5358],[10.00669,53.53643],[9.99864,53.53696]]]]}},{"type":"Feature","properties":{"name":"Neustadt","bezirk":"Hamburg-Mitte"},"geometry":{"type":"MultiPolygon","coordinates":[[[[9.99383,53.55239],[9.98627,53.54921],[9.98496,53.54785],[9.98388,53.54646],[9.9836,53.54551],[9.98388,53.54412],[9.98291,53.54389],[9.98236,53.54358],[9.98037,53.54055],[9.97068,53.54318],[9.97234,53.54541],[9.96954,53.54612],[9.9709,53.54707],[9.97114,53.54753],[9.9695,53.55006],[9.9701,53.55097],[9.9745,53.55585],[9.97698,53.55771],[9.97907,53.5589],[9.98322,53.56004],[9.98712,53.56102],[9.98777,53.56103],[9.98952,53.55997],[9.99009,53.5598],[9.99029,53.56005],[9.99048,53.55977],[9.99198,53.55891],[9.99201,53.55876],[9.9936,53.55801],[9.99737,53.55699],[9.99447,53.55266],[9.99383,53.55239]]]]}},{"type":"Feature","properties":{"name":"St. Pauli","bezirk":"Hamburg-Mitte"},"geometry":{"type":"MultiPolygon","coordinates":[[[[9.96336,53.54434],[9.96026,53.54425],[9.96011,53.54637],[9.95859,53.54632],[9.95789,53.54613],[9.95789,53.54639],[9.95747,53.54639],[9.95726,53.54742],[9.95668,53.54758],[9.95711,53.5478],[9.95497,53.54852],[9.95562,53.54952],[9.95583,53.54955],[9.95631,53.55181],[9.95989,53.56025],[9.96376,53.55835],[9.96435,53.55725],[9.96463,53.55722],[9.96463,53.55707],[9.96767,53.55736],[9.96733,53.55764],[9.96703,53.56012],[9.96719,53.56011],[9.96734,53.56039],[9.96777,53.56031],[9.96824,53.5611],[9.96758,53.56122],[9.96818,53.5625],[9.96617,53.56246],[9.96593,53.56255],[9.96565,53.56337],[9.97065,53.56354],[9.97057,53.5632],[9.97162,53.56322],[9.97159,53.5637],[9.98259,53.56384],[9.98414,53.56367],[9.98538,53.56323],[9.98826,53.56159],[9.99029,53.56005],[9.99009,53.5598],[9.98952,53.55997],[9.98807,53.56094],[9.98745,53.56106],[9.98322,53.56004],[9.97907,53.5589],[9.97698,53.55771],[9.9747,53.55604],[9.9701,53.55097],[9.9695,53.55006],[9.97114,53.54753],[9.9709,53.54707],[9.96954,53.54612],[9.97234,53.54541],[9.97068,53.54318],[9.96749,53.54393],[9.96336,53.54434]]]]}},{"type":"Feature","properties":{"name":"St. Georg","bezirk":"Hamburg-Mitte"},"geometry":{"type":"MultiPolygon","coordinates":[[[[10.0123,53.54985],[10.01082,53.55014],[10.00948,53.55075],[10.00636,53.55018],[10.00544,53.55276],[10.00381,53.55401],[10.00629,53.55482],[10.00484,53.55576],[10.00318,53.55629],[10.00098,53.55682],[9.99837,53.55693],[9.99747,53.55713],[9.99801,53.55785],[10.00822,53.56523],[10.01583,53.56139],[10.01627,53.56159],[10.017,53.56112],[10.01837,53.56082],[10.02127,53.55933],[10.02247,53.55854],[10.02361,53.55808],[10.02646,53.55632],[10.02581,53.55543],[10.02528,53.55402],[10.02477,53.55341],[10.02373,53.55265],[10.02154,53.55162],[10.02011,53.55113],[10.01521,53.55],[10.01362,53.5498],[10.0123,53.54985]]]]}},{"type":"Feature","properties":{"name":"Hammerbrook","bezirk":"Hamburg-Mitte"},"geometry":{"type":"MultiPolygon","coordinates":[[[[10.03121,53.54947],[10.03771,53.55119],[10.04113,53.55172],[10.04474,53.54706],[10.04423,53.54638],[10.04363,53.54454],[10.04231,53.54394],[10.04109,53.54299],[10.04029,53.54261],[10.03888,53.54238],[10.03315,53.54247],[10.03183,53.54211],[10.02957,53.541],[10.0292,53.54096],[10.02684,53.54132],[10.02295,53.53939],[10.02124,53.53991],[10.01225,53.54134],[10.00794,53.54497],[10.00682,53.54541],[10.00734,53.54695],[10.00732,53.54814],[10.00603,53.5485],[10.00636,53.55018],[10.00948,53.55075],[10.01047,53.55026],[10.01174,53.54991],[10.01312,53.5498],[10.01461,53.54989],[10.02011,53.55113],[10.02354,53.55241],[10.02533,53.55267],[10.02731,53.55245],[10.02932,53.55168],[10.03006,53.551],[10.03121,53.54947]]]]}},{"type":"Feature","properties":{"name":"Borgfelde","bezirk":"Hamburg-Mitte"},"geometry":{"type":"MultiPolygon","coordinates":[[[[10.04064,53.5543],[10.04069,53.55247],[10.04113,53.55172],[10.03771,53.55119],[10.03121,53.54947],[10.02957,53.5515],[10.02787,53.55229],[10.02677,53.55257],[10.02533,53.55267],[10.02274,53.55218],[10.02425,53.55296],[10.02501,53.55364],[10.0254,53.55425],[10.02593,53.55566],[10.0267,53.55669],[10.02704,53.55646],[10.02741,53.5565],[10.02875,53.55725],[10.03761,53.56087],[10.03854,53.55984],[10.04011,53.55633],[10.04065,53.55547],[10.04064,53.5543]]]]}},{"type":"Feature","properties":{"name":"Hamm","bezirk":"Hamburg-Mitte"},"geometry":{"type":"MultiPolygon","coordinates":[[[[10.05239,53.54396],[10.05088,53.54384],[10.04363,53.54454],[10.04423,53.54638],[10.04474,53.54706],[10.04174,53.55081],[10.04075,53.55227],[10.04065,53.55547],[10.04011,53.55633],[10.03854,53.55984],[10.03761,53.56087],[10.04145,53.56234],[10.04343,53.56286],[10.04637,53.56329],[10.05324,53.56388],[10.05637,53.56454],[10.06224,53.56611],[10.06656,53.55919],[10.06857,53.54889],[10.07066,53.53962],[10.07047,53.53842],[10.06998,53.53775],[10.06849,53.53823],[10.06743,53.53895],[10.06693,53.5396],[10.06648,53.54059],[10.06592,53.54324],[10.06562,53.54379],[10.0646,53.54478],[10.06311,53.54552],[10.06082,53.54593],[10.05888,53.5458],[10.05765,53.54555],[10.05239,53.54396]]]]}},{"type":"Feature","properties":{"name":"Horn","bezirk":"Hamburg-Mitte"},"geometry":{"type":"MultiPolygon","coordinates":[[[[10.0982,53.54659],[10.09745,53.54564],[10.09696,53.5435],[10.09647,53.54274],[10.09524,53.54267],[10.09406,53.54293],[10.09311,53.54323],[10.09189,53.54391],[10.09139,53.54334],[10.09189,53.54306],[10.09081,53.54166],[10.09223,53.54114],[10.09022,53.53849],[10.08871,53.53918],[10.08617,53.53992],[10.08486,53.54004],[10.08235,53.53965],[10.07664,53.53756],[10.07409,53.53716],[10.07376,53.53665],[10.06998,53.53775],[10.07057,53.53865],[10.07066,53.53962],[10.06857,53.54889],[10.06656,53.55919],[10.06612,53.55988],[10.06909,53.55956],[10.06985,53.55981],[10.0697,53.56006],[10.07058,53.5601],[10.071,53.5605],[10.07285,53.56127],[10.07324,53.56149],[10.07324,53.56172],[10.07555,53.56198],[10.07562,53.56181],[10.07979,53.56248],[10.08692,53.56312],[10.08684,53.56322],[10.08706,53.56328],[10.08716,53.56314],[10.09445,53.56384],[10.10748,53.56554],[10.10806,53.56385],[10.10864,53.56324],[10.10862,53.55904],[10.10587,53.55892],[10.10646,53.55698],[10.10624,53.55612],[10.10202,53.55131],[10.0982,53.54659]]]]}},{"type":"Feature","properties":{"name":"Billstedt","bezirk":"Hamburg-Mitte"},"geometry":{"type":"MultiPolygon","coordinates":[[[[10.11396,53.52793],[10.11411,53.52836],[10.11372,53.52956],[10.11206,53.5313],[10.1117,53.53319],[10.11137,53.53393],[10.1109,53.53444],[10.10595,53.53639],[10.10261,53.53738],[10.0999,53.53794],[10.09845,53.53809],[10.09722,53.53807],[10.09579,53.53782],[10.09348,53.53785],[10.0912,53.5383],[10.09033,53.53864],[10.09223,53.54114],[10.09081,53.54166],[10.09189,53.54306],[10.09139,53.54334],[10.09189,53.54391],[10.09311,53.54323],[10.09406,53.54293],[10.09524,53.54267],[10.09647,53.54274],[10.09696,53.5435],[10.09726,53.54506],[10.0976,53.54586],[10.10202,53.55131],[10.10633,53.55626],[10.10646,53.55698],[10.10587,53.55892],[10.10862,53.55904],[10.10864,53.56324],[10.10806,53.56385],[10.10748,53.56554],[10.12544,53.56724],[10.12861,53.56737],[10.13389,53.56718],[10.13949,53.56636],[10.14275,53.56561],[10.14772,53.56438],[10.14801,53.56401],[10.15272,53.56282],[10.15495,53.56208],[10.15835,53.56125],[10.16049,53.56096],[10.15874,53.56027],[10.15925,53.55988],[10.16024,53.55826],[10.16026,53.55737],[10.15971,53.55607],[10.15978,53.55568],[10.15933,53.5549],[10.15734,53.554],[10.15679,53.55351],[10.15668,53.55331],[10.15677,53.55291],[10.15648,53.55249],[10.15622,53.55232],[10.15562,53.55236],[10.1502,53.54872],[10.14841,53.54599],[10.15154,53.54481],[10.15248,53.54318],[10.15198,53.54218],[10.15173,53.5421],[10.15233,53.53998],[10.1535,53.54001],[10.15468,53.53641],[10.15189,53.53563],[10.15188,53.53549],[10.15601,53.53672],[10.15722,53.5367],[10.15738,53.53736],[10.15824,53.53739],[10.15889,53.53722],[10.15951,53.5377],[10.1603,53.53773],[10.16022,53.53823],[10.16121,53.53777],[10.16265,53.53771],[10.16263,53.53761],[10.16799,53.53729],[10.1681,53.53761],[10.16878,53.53738],[10.16859,53.53469],[10.16588,53.53474],[10.16562,53.53462],[10.16518,53.53378],[10.16534,53.5335],[10.16527,53.53299],[10.1646,53.5322],[10.16378,53.53184],[10.16306,53.53082],[10.16383,53.52973],[10.16397,53.52919],[10.1629,53.52843],[10.16194,53.52688],[10.1617,53.52608],[10.16234,53.52298],[10.15894,53.52281],[10.15931,53.522],[10.15627,53.51929],[10.15517,53.51965],[10.1551,53.51947],[10.15423,53.51906],[10.15117,53.52058],[10.15105,53.5205],[10.14558,53.52291],[10.13621,53.52641],[10.13572,53.52634],[10.13536,53.52606],[10.13434,53.52602],[10.13438,53.52585],[10.13345,53.52512],[10.13212,53.52432],[10.12973,53.52394],[10.12527,53.52113],[10.12237,53.51961],[10.12206,53.51984],[10.12192,53.52029],[10.12259,53.5214],[10.12243,53.52147],[10.12175,53.52106],[10.12113,53.52107],[10.1186,53.52238],[10.11787,53.52318],[10.11434,53.5238],[10.11244,53.52437],[10.11181,53.52478],[10.11145,53.52548],[10.11192,53.52648],[10.11222,53.52682],[10.11344,53.52733],[10.11396,53.52793]]]]}},{"type":"Feature","properties":{"name":"Billbrook","bezirk":"Hamburg-Mitte"},"geometry":{"type":"MultiPolygon","coordinates":[[[[10.1106,53.52583],[10.11045,53.52579],[10.11066,53.52551],[10.10938,53.52513],[10.10848,53.52449],[10.1083,53.52458],[10.10815,53.52447],[10.10835,53.52437],[10.10052,53.5188],[10.10018,53.51897],[10.09887,53.51864],[10.09642,53.5167],[10.09615,53.51634],[10.09573,53.51636],[10.09318,53.51453],[10.09349,53.51433],[10.09325,53.51376],[10.09156,53.51281],[10.09022,53.51102],[10.08957,53.51094],[10.06814,53.52422],[10.06868,53.52435],[10.06853,53.52458],[10.06876,53.52485],[10.06622,53.52547],[10.06443,53.52471],[10.0622,53.52481],[10.05867,53.52771],[10.06217,53.52842],[10.06586,53.52829],[10.06772,53.52884],[10.0692,53.52981],[10.07409,53.53716],[10.07664,53.53756],[10.08235,53.53965],[10.08363,53.53994],[10.08512,53.54004],[10.08617,53.53992],[10.08871,53.53918],[10.09022,53.53849],[10.09033,53.53864],[10.0912,53.5383],[10.09348,53.53785],[10.09579,53.53782],[10.09722,53.53807],[10.09864,53.53808],[10.10261,53.53738],[10.10733,53.53593],[10.1109,53.53444],[10.11137,53.53393],[10.1117,53.53319],[10.112,53.53142],[10.11356,53.52981],[10.11411,53.52836],[10.11396,53.52793],[10.11344,53.52733],[10.11213,53.52674],[10.11157,53.52579],[10.1106,53.52583]]]]}},{"type":"Feature","properties":{"name":"Rothenburgsort","bezirk":"Hamburg-Mitte"},"geometry":{"type":"MultiPolygon","coordinates":[[[[10.03796,53.52799],[10.03159,53.53005],[10.02489,53.53816],[10.02383,53.53896],[10.02295,53.53939],[10.02684,53.54132],[10.0292,53.54096],[10.02957,53.541],[10.03183,53.54211],[10.03315,53.54247],[10.03888,53.54238],[10.04006,53.54255],[10.04109,53.54299],[10.04231,53.54394],[10.04363,53.54454],[10.05164,53.54387],[10.05321,53.54413],[10.05826,53.54569],[10.06082,53.54593],[10.06311,53.54552],[10.06427,53.54499],[10.06518,53.54431],[10.06592,53.54324],[10.06648,53.54059],[10.06693,53.5396],[10.06791,53.53856],[10.06881,53.53809],[10.07376,53.53665],[10.0692,53.52981],[10.06798,53.52898],[10.06715,53.5286],[10.06586,53.52829],[10.06217,53.52842],[10.05867,53.52771],[10.0622,53.52481],[10.06443,53.52471],[10.06504,53.52422],[10.06585,53.52157],[10.06567,53.51967],[10.07181,53.5141],[10.07249,53.51323],[10.07295,53.51232],[10.07319,53.51116],[10.0694,53.5109],[10.06947,53.50928],[10.0698,53.50739],[10.07073,53.50501],[10.0704,53.50495],[10.07041,53.50463],[10.06746,53.50007],[10.06455,53.5012],[10.06295,53.50212],[10.06161,53.50319],[10.06059,53.50437],[10.05967,53.50629],[10.05809,53.50664],[10.05884,53.50792],[10.05944,53.50964],[10.05972,53.51138],[10.05969,53.51287],[10.05938,53.51421],[10.05884,53.51547],[10.05786,53.51696],[10.0568,53.51813],[10.05335,53.52074],[10.04907,53.52331],[10.04394,53.52576],[10.03796,53.52799]]]]}},{"type":"Feature","properties":{"name":"Veddel","bezirk":"Hamburg-Mitte"},"geometry":{"type":"MultiPolygon","coordinates":[[[[10.02896,53.51713],[10.02773,53.51748],[10.02532,53.51889],[10.02423,53.51925],[10.02283,53.51933],[10.01992,53.51899],[10.01913,53.51906],[10.01905,53.51928],[10.01599,53.51966],[10.01574,53.51987],[10.01524,53.5199],[10.01513,53.5197],[10.01341,53.51972],[10.01208,53.51914],[10.01176,53.5193],[10.0123,53.52021],[10.01182,53.52029],[10.01551,53.52552],[10.02251,53.53297],[10.03746,53.52816],[10.042,53.52654],[10.04788,53.52392],[10.05231,53.52141],[10.0561,53.51875],[10.05735,53.51755],[10.0584,53.51623],[10.0592,53.5147],[10.05967,53.513],[10.05972,53.51138],[10.05944,53.50964],[10.05423,53.50959],[10.04879,53.50976],[10.03905,53.51034],[10.03686,53.51064],[10.03506,53.51141],[10.03325,53.51341],[10.03301,53.51345],[10.03206,53.51474],[10.03213,53.51536],[10.03193,53.51566],[10.03053,53.5166],[10.02896,53.51713]]]]}},{"type":"Feature","properties":{"name":"Wilhelmsburg","bezirk":"Hamburg-Mitte"},"geometry":{"type":"MultiPolygon","coordinates":[[[[10.00306,53.47247],[10.00009,53.47273],[9.99003,53.47452],[9.98215,53.4757],[9.97528,53.47748],[9.97009,53.47965],[9.96331,53.48287],[9.96173,53.48374],[9.95993,53.48502],[9.95774,53.48694],[9.9558,53.48912],[9.95337,53.49233],[9.95166,53.49506],[9.95054,53.49643],[9.94885,53.49779],[9.94625,53.49925],[9.94448,53.50046],[9.94261,53.50218],[9.9417,53.50336],[9.9412,53.50428],[9.94064,53.50599],[9.94015,53.5088],[9.93884,53.51988],[9.93882,53.52171],[9.94062,53.5215],[9.94072,53.5217],[9.9411,53.52183],[9.94121,53.52244],[9.94232,53.52262],[9.94302,53.5216],[9.94439,53.52092],[9.96733,53.5157],[9.96755,53.51593],[9.96927,53.51645],[9.97015,53.51615],[9.97017,53.51646],[9.9699,53.51691],[9.97047,53.51755],[9.97332,53.52312],[9.97384,53.52429],[9.97397,53.52538],[9.97501,53.52539],[9.97701,53.52639],[9.98183,53.52346],[9.9826,53.52378],[9.98275,53.52349],[9.98262,53.52318],[9.98279,53.52315],[9.9827,53.5229],[9.98898,53.51914],[10.00393,53.52064],[10.00347,53.5198],[10.01048,53.5205],[10.0123,53.52021],[10.01176,53.5193],[10.01208,53.51914],[10.01341,53.51972],[10.01513,53.5197],[10.01524,53.5199],[10.01574,53.51987],[10.01599,53.51966],[10.01905,53.51928],[10.01913,53.51906],[10.01992,53.51899],[10.02283,53.51933],[10.024,53.51929],[10.02532,53.51889],[10.02773,53.51748],[10.03053,53.5166],[10.03123,53.51622],[10.03213,53.51536],[10.03206,53.51474],[10.03296,53.51351],[10.03325,53.51341],[10.03482,53.51162],[10.03558,53.5111],[10.03686,53.51064],[10.03905,53.51034],[10.04879,53.50976],[10.05423,53.50959],[10.05944,53.50964],[10.05902,53.50834],[10.05842,53.50715],[10.05331,53.50002],[10.05215,53.49811],[10.05141,53.49648],[10.05106,53.49487],[10.05105,53.493],[10.05182,53.48771],[10.05217,53.48638],[10.05288,53.48496],[10.05425,53.48333],[10.05583,53.48184],[10.05907,53.47941],[10.06054,53.47758],[10.06145,53.47577],[10.06213,53.47382],[10.06241,53.47224],[10.06264,53.46924],[10.06305,53.46759],[10.06472,53.46334],[10.06611,53.46116],[10.0673,53.4599],[10.0691,53.45841],[10.07413,53.45521],[10.07899,53.45387],[10.07158,53.45473],[10.0687,53.45538],[10.06644,53.45622],[10.05269,53.4632],[10.05079,53.46449],[10.04844,53.46651],[10.04606,53.46827],[10.04445,53.46922],[10.04274,53.4701],[10.03712,53.47238],[10.03306,53.47356],[10.02874,53.47435],[10.02483,53.47458],[10.02021,53.47425],[10.00708,53.47265],[10.00306,53.47247]]]]}},{"type":"Feature","properties":{"name":"Kleiner Grasbrook","bezirk":"Hamburg-Mitte"},"geometry":{"type":"MultiPolygon","coordinates":[[[[9.97751,53.52609],[9.97701,53.52639],[9.97664,53.5262],[9.9767,53.52761],[9.97595,53.53268],[9.98458,53.53235],[9.98497,53.53532],[9.98748,53.53862],[9.99073,53.53779],[9.99347,53.53733],[10.00519,53.53657],[10.01141,53.5358],[10.01769,53.53444],[10.02251,53.53297],[10.01551,53.52552],[10.01182,53.52029],[10.01048,53.5205],[10.00347,53.5198],[10.00393,53.52064],[9.98898,53.51914],[9.9827,53.5229],[9.98279,53.52315],[9.98262,53.52318],[9.98275,53.52349],[9.9826,53.52378],[9.98183,53.52346],[9.97751,53.52609]]]]}},{"type":"Feature","properties":{"name":"Steinwerder","bezirk":"Hamburg-Mitte"},"geometry":{"type":"MultiPolygon","coordinates":[[[[9.96521,53.51618],[9.94432,53.52093],[9.94302,53.5216],[9.94232,53.52262],[9.94121,53.52244],[9.9411,53.52183],[9.94072,53.5217],[9.94062,53.5215],[9.93882,53.52171],[9.93922,53.53031],[9.93904,53.53159],[9.93857,53.53298],[9.93741,53.53491],[9.93551,53.53683],[9.93293,53.53851],[9.92984,53.53978],[9.92987,53.54185],[9.95059,53.54271],[9.95443,53.54346],[9.95448,53.54333],[9.95925,53.54415],[9.96233,53.54435],[9.96476,53.54427],[9.96913,53.54359],[9.98748,53.53862],[9.98497,53.53532],[9.98458,53.53235],[9.97595,53.53268],[9.9767,53.52761],[9.97664,53.5262],[9.97501,53.52539],[9.97397,53.52538],[9.97384,53.52429],[9.97332,53.52312],[9.97047,53.51755],[9.9699,53.51691],[9.9702,53.51623],[9.96976,53.51622],[9.96927,53.51645],[9.96755,53.51593],[9.96733,53.5157],[9.96521,53.51618]]]]}},{"type":"Feature","properties":{"name":"Waltershof","bezirk":"Hamburg-Mitte"},"geometry":{"type":"MultiPolygon","coordinates":[[[[9.93905,53.52634],[9.93882,53.52171],[9.93442,53.52223],[9.9341,53.52192],[9.93258,53.52155],[9.93137,53.52093],[9.92882,53.51874],[9.92775,53.51823],[9.92636,53.51634],[9.92565,53.51581],[9.92379,53.51585],[9.91962,53.51488],[9.91845,53.51447],[9.91668,53.515],[9.91588,53.5149],[9.91471,53.51459],[9.91438,53.51418],[9.9135,53.51428],[9.91291,53.51412],[9.91261,53.514],[9.91256,53.51381],[9.91179,53.51352],[9.91146,53.51367],[9.91064,53.5135],[9.91041,53.51362],[9.90885,53.51327],[9.9042,53.51346],[9.9016,53.51391],[9.89524,53.5156],[9.89059,53.51743],[9.88908,53.51774],[9.88609,53.51787],[9.88505,53.51835],[9.8848,53.51887],[9.88451,53.51888],[9.88453,53.51908],[9.88956,53.51876],[9.88976,53.53122],[9.88509,53.53345],[9.87989,53.5363],[9.87117,53.54343],[9.88262,53.54212],[9.89436,53.54172],[9.91699,53.54151],[9.92151,53.54153],[9.92987,53.54185],[9.92984,53.53978],[9.93195,53.53897],[9.93469,53.53745],[9.93691,53.53551],[9.93823,53.53366],[9.93884,53.53229],[9.93916,53.53095],[9.93905,53.52634]]]]}},{"type":"Feature","properties":{"name":"Finkenwerder","bezirk":"Hamburg-Mitte"},"geometry":{"type":"MultiPolygon","coordinates":[[[[9.88972,53.52856],[9.88956,53.51876],[9.88389,53.51911],[9.87814,53.51903],[9.87814,53.51884],[9.87713,53.51811],[9.87533,53.51872],[9.87053,53.51926],[9.86742,53.5193],[9.8635,53.51857],[9.86075,53.51773],[9.85825,53.51721],[9.85443,53.51679],[9.8463,53.51652],[9.84515,53.51589],[9.84217,53.51566],[9.83767,53.5165],[9.83456,53.51729],[9.83198,53.5187],[9.82939,53.5208],[9.82764,53.52366],[9.82664,53.52604],[9.82639,53.52711],[9.82647,53.52945],[9.82356,53.52872],[9.82196,53.52806],[9.82052,53.52799],[9.81795,53.52844],[9.81758,53.52915],[9.81383,53.52986],[9.81224,53.53034],[9.80736,53.53101],[9.80699,53.5308],[9.80667,53.53081],[9.80604,53.53114],[9.80197,53.53228],[9.79802,53.53376],[9.79592,53.53419],[9.79272,53.536],[9.7907,53.53636],[9.79049,53.53656],[9.79005,53.53645],[9.7893,53.53662],[9.78685,53.53747],[9.78567,53.53765],[9.78149,53.53925],[9.77818,53.54093],[9.77631,53.5416],[9.77463,53.54259],[9.77232,53.54351],[9.77438,53.55432],[9.77759,53.55714],[9.79792,53.55452],[9.84091,53.54738],[9.86161,53.54456],[9.87117,53.54343],[9.87989,53.5363],[9.88509,53.53345],[9.88976,53.53122],[9.88972,53.52856]]]]}},{"type":"Feature","properties":{"name":"Neuwerk","bezirk":"Hamburg-Mitte"},"geometry":{"type":"MultiPolygon","coordinates":[[[[8.50041,53.91267],[8.49921,53.91249],[8.49033,53.91343],[8.4875,53.91381],[8.48689,53.91414],[8.48687,53.918],[8.48756,53.91971],[8.48797,53.92311],[8.48921,53.9262],[8.49111,53.92868],[8.49264,53.92996],[8.49401,53.93077],[8.49587,53.93145],[8.49681,53.93178],[8.49802,53.93195],[8.50465,53.92852],[8.50774,53.92758],[8.51279,53.92543],[8.51474,53.92426],[8.5151,53.92445],[8.51645,53.92399],[8.52189,53.92046],[8.52224,53.91692],[8.51998,53.91345],[8.50485,53.91324],[8.50062,53.91248],[8.50041,53.91267]]],[[[8.46075,53.95852],[8.45628,53.95702],[8.45263,53.95707],[8.44718,53.95537],[8.44393,53.95351],[8.44308,53.95154],[8.44126,53.95009],[8.43922,53.94875],[8.43815,53.94691],[8.43577,53.94575],[8.42997,53.944],[8.42864,53.94228],[8.42609,53.94122],[8.42097,53.94152],[8.41817,53.94098],[8.415,53.9426],[8.41331,53.94433],[8.41319,53.94577],[8.41367,53.9494],[8.41393,53.95038],[8.41521,53.95103],[8.4155,53.95207],[8.41774,53.95328],[8.4196,53.95482],[8.42283,53.95535],[8.42351,53.95769],[8.42517,53.95934],[8.42704,53.96083],[8.42995,53.96159],[8.43585,53.96409],[8.44039,53.96491],[8.4475,53.96306],[8.45119,53.96235],[8.45823,53.96041],[8.46075,53.95852]]]]}},{"type":"Feature","properties":{"name":"Altona-Altstadt","bezirk":"Altona"},"geometry":{"type":"MultiPolygon","coordinates":[[[[9.955,53.56126],[9.95844,53.56056],[9.95982,53.56013],[9.95631,53.55181],[9.95583,53.54955],[9.95562,53.54952],[9.95497,53.54852],[9.95711,53.5478],[9.95668,53.54758],[9.95726,53.54742],[9.95747,53.54639],[9.95789,53.54639],[9.95789,53.54613],[9.95859,53.54632],[9.96011,53.54637],[9.96026,53.54425],[9.95448,53.54333],[9.95443,53.54346],[9.95059,53.54271],[9.9277,53.54177],[9.92769,53.54409],[9.92746,53.54487],[9.93237,53.54541],[9.93389,53.54585],[9.93469,53.54637],[9.93489,53.54936],[9.93489,53.55022],[9.93466,53.55036],[9.93473,53.5515],[9.93623,53.55149],[9.93647,53.55194],[9.93831,53.55324],[9.94706,53.55777],[9.94935,53.55849],[9.94834,53.56026],[9.94565,53.56269],[9.94615,53.56273],[9.9526,53.56127],[9.95495,53.56138],[9.955,53.56126]]]]}},{"type":"Feature","properties":{"name":"Sternschanze","bezirk":"Altona"},"geometry":{"type":"MultiPolygon","coordinates":[[[[9.96411,53.55781],[9.96376,53.55835],[9.96061,53.55998],[9.95989,53.56025],[9.95982,53.56013],[9.95844,53.56056],[9.955,53.56126],[9.95495,53.56138],[9.95632,53.56159],[9.96077,53.56328],[9.96054,53.56373],[9.96607,53.56523],[9.96615,53.5655],[9.96676,53.5659],[9.96916,53.56708],[9.97004,53.5673],[9.97455,53.56521],[9.97373,53.56429],[9.97596,53.56436],[9.97618,53.56449],[9.97695,53.56403],[9.97676,53.56377],[9.97159,53.5637],[9.97162,53.56322],[9.97057,53.5632],[9.97065,53.56354],[9.96565,53.56337],[9.96593,53.56255],[9.96617,53.56246],[9.96818,53.5625],[9.96758,53.56122],[9.96824,53.5611],[9.96777,53.56031],[9.96734,53.56039],[9.96719,53.56011],[9.96703,53.56012],[9.96733,53.55764],[9.96767,53.55736],[9.96463,53.55707],[9.96463,53.55722],[9.96435,53.55725],[9.96411,53.55781]]]]}},{"type":"Feature","properties":{"name":"Altona-Nord","bezirk":"Altona"},"geometry":{"type":"MultiPolygon","coordinates":[[[[9.94718,53.56125],[9.94834,53.56026],[9.94935,53.55849],[9.94706,53.55777],[9.93831,53.55324],[9.93647,53.55194],[9.93623,53.55149],[9.93382,53.55152],[9.93389,53.55299],[9.93427,53.55298],[9.93443,53.55525],[9.9329,53.55862],[9.93234,53.55944],[9.93225,53.56041],[9.93253,53.56119],[9.93321,53.56192],[9.93518,53.56284],[9.93427,53.56385],[9.93403,53.56437],[9.93353,53.56825],[9.93353,53.57028],[9.93293,53.57177],[9.93487,53.57165],[9.93514,53.57181],[9.93543,53.57162],[9.93576,53.57162],[9.93801,53.57187],[9.94207,53.57197],[9.94369,53.57052],[9.9439,53.57021],[9.94396,53.56966],[9.94445,53.56965],[9.94461,53.57171],[9.94503,53.57168],[9.94777,53.57047],[9.94888,53.56966],[9.94987,53.56944],[9.95257,53.56649],[9.9578,53.56486],[9.95946,53.5641],[9.95966,53.56378],[9.96048,53.56317],[9.95632,53.56159],[9.95387,53.56124],[9.9526,53.56127],[9.94615,53.56273],[9.94565,53.56269],[9.94718,53.56125]]]]}},{"type":"Feature","properties":{"name":"Ottensen","bezirk":"Altona"},"geometry":{"type":"MultiPolygon","coordinates":[[[[9.93352,53.55724],[9.93435,53.55554],[9.93446,53.55493],[9.93427,53.55298],[9.93389,53.55299],[9.93382,53.55152],[9.93473,53.5515],[9.93466,53.55036],[9.93489,53.55022],[9.93469,53.54637],[9.93429,53.54604],[9.93237,53.54541],[9.92746,53.54487],[9.92769,53.54409],[9.9277,53.54177],[9.92151,53.54153],[9.9131,53.54155],[9.91311,53.54328],[9.91425,53.54425],[9.91428,53.54487],[9.91467,53.5451],[9.91451,53.54583],[9.91427,53.5461],[9.91728,53.54592],[9.91754,53.54844],[9.91151,53.54917],[9.90935,53.54927],[9.90972,53.55403],[9.91073,53.55653],[9.9094,53.55832],[9.90943,53.55879],[9.90962,53.55913],[9.91055,53.5597],[9.90993,53.55996],[9.91296,53.55998],[9.91287,53.56008],[9.93009,53.55945],[9.93151,53.55916],[9.93269,53.55861],[9.93298,53.5584],[9.93352,53.55724]]]]}},{"type":"Feature","properties":{"name":"Bahrenfeld","bezirk":"Altona"},"geometry":{"type":"MultiPolygon","coordinates":[[[[9.90981,53.56001],[9.90042,53.5597],[9.90027,53.56044],[9.89733,53.56223],[9.89715,53.56434],[9.89723,53.56557],[9.89573,53.56581],[9.89039,53.56755],[9.8867,53.56818],[9.87993,53.56894],[9.87408,53.57097],[9.86537,53.57156],[9.8648,53.57349],[9.86583,53.57528],[9.86612,53.57777],[9.86687,53.58081],[9.86689,53.58138],[9.8742,53.5814],[9.87777,53.58242],[9.88144,53.58317],[9.88209,53.58241],[9.88313,53.58158],[9.88326,53.58166],[9.88159,53.58449],[9.88004,53.58599],[9.88203,53.5871],[9.88496,53.58926],[9.88417,53.58987],[9.88342,53.58996],[9.88594,53.59123],[9.88587,53.59215],[9.8856,53.59212],[9.88562,53.59261],[9.89643,53.59241],[9.89653,53.59163],[9.89805,53.59145],[9.89866,53.5929],[9.90024,53.59264],[9.90014,53.59176],[9.90091,53.59124],[9.90205,53.58986],[9.90199,53.58901],[9.90229,53.58807],[9.90221,53.58769],[9.90442,53.58747],[9.90575,53.58611],[9.90774,53.58636],[9.9079,53.58627],[9.90734,53.58742],[9.90738,53.58922],[9.9077,53.5899],[9.91416,53.59055],[9.91451,53.59046],[9.91534,53.58971],[9.91472,53.58947],[9.91537,53.58936],[9.91541,53.58875],[9.91625,53.58861],[9.91629,53.58715],[9.91662,53.58539],[9.91788,53.58411],[9.91831,53.58187],[9.9191,53.58077],[9.91969,53.58083],[9.92114,53.57987],[9.92428,53.57815],[9.93069,53.57344],[9.93057,53.5734],[9.93074,53.57321],[9.93244,53.57367],[9.93271,53.57323],[9.93286,53.57329],[9.93351,53.57267],[9.93406,53.57171],[9.93293,53.57177],[9.93353,53.57028],[9.93353,53.56825],[9.93403,53.56437],[9.93427,53.56385],[9.93518,53.56284],[9.93321,53.56192],[9.9324,53.56093],[9.93225,53.56041],[9.93227,53.55966],[9.93298,53.5584],[9.93151,53.55916],[9.92956,53.55949],[9.91287,53.56008],[9.91296,53.55998],[9.90981,53.56001]]]]}},{"type":"Feature","properties":{"name":"Groß Flottbek","bezirk":"Altona"},"geometry":{"type":"MultiPolygon","coordinates":[[[[9.89742,53.56213],[9.90027,53.56044],[9.90042,53.5597],[9.8863,53.55931],[9.87064,53.55869],[9.86505,53.55832],[9.86383,53.56064],[9.86373,53.56191],[9.86406,53.56257],[9.86578,53.56329],[9.86619,53.56367],[9.86632,53.56404],[9.86654,53.56596],[9.86652,53.56886],[9.8656,53.57021],[9.86537,53.57156],[9.87408,53.57097],[9.87993,53.56894],[9.8867,53.56818],[9.89039,53.56755],[9.89573,53.56581],[9.89723,53.56557],[9.89719,53.56319],[9.89742,53.56213]]]]}},{"type":"Feature","properties":{"name":"Othmarschen","bezirk":"Altona"},"geometry":{"type":"MultiPolygon","coordinates":[[[[9.88987,53.54185],[9.88262,53.54212],[9.86426,53.54423],[9.86436,53.54736],[9.86394,53.54882],[9.86403,53.54955],[9.86387,53.55039],[9.86449,53.55252],[9.86505,53.55378],[9.86495,53.55433],[9.86507,53.55595],[9.86486,53.55831],[9.87064,53.55869],[9.8863,53.55931],[9.90981,53.56001],[9.91055,53.5597],[9.90962,53.55913],[9.90943,53.55879],[9.9094,53.55832],[9.91073,53.55653],[9.90972,53.55403],[9.90935,53.54927],[9.91151,53.54917],[9.91754,53.54844],[9.91728,53.54592],[9.91427,53.5461],[9.91451,53.54583],[9.91467,53.5451],[9.91428,53.54487],[9.91425,53.54425],[9.91311,53.54328],[9.9131,53.54155],[9.88987,53.54185]]]]}},{"type":"Feature","properties":{"name":"Lurup","bezirk":"Altona"},"geometry":{"type":"MultiPolygon","coordinates":[[[[9.87761,53.60793],[9.87922,53.60693],[9.88373,53.60478],[9.89775,53.59919],[9.89741,53.59877],[9.90088,53.5973],[9.90008,53.59708],[9.90077,53.59448],[9.90061,53.59315],[9.90024,53.59264],[9.89866,53.5929],[9.89805,53.59145],[9.89653,53.59163],[9.89643,53.59241],[9.88562,53.59261],[9.8856,53.59212],[9.88587,53.59215],[9.88594,53.59123],[9.88342,53.58996],[9.88417,53.58987],[9.88496,53.58926],[9.88203,53.5871],[9.88004,53.58599],[9.88159,53.58449],[9.88326,53.58166],[9.88313,53.58158],[9.88209,53.58241],[9.88144,53.58317],[9.87777,53.58242],[9.8742,53.5814],[9.86689,53.58138],[9.86647,53.58369],[9.86688,53.58517],[9.86698,53.58628],[9.8602,53.58833],[9.85497,53.59032],[9.85068,53.59094],[9.84583,53.59259],[9.84628,53.59298],[9.84508,53.59338],[9.84553,53.59493],[9.84511,53.59494],[9.84452,53.59647],[9.84932,53.59739],[9.84901,53.5978],[9.85296,53.59742],[9.85483,53.5986],[9.85787,53.59936],[9.85765,53.6023],[9.86074,53.605],[9.86172,53.60721],[9.86815,53.60929],[9.8692,53.61326],[9.87761,53.60793]]]]}},{"type":"Feature","properties":{"name":"Osdorf","bezirk":"Altona"},"geometry":{"type":"MultiPolygon","coordinates":[[[[9.85043,53.55831],[9.84778,53.55892],[9.84562,53.55964],[9.84305,53.5608],[9.84079,53.56219],[9.83579,53.56403],[9.83151,53.56493],[9.82666,53.56536],[9.82671,53.56556],[9.83052,53.56557],[9.83229,53.56655],[9.83482,53.56868],[9.83555,53.56898],[9.83356,53.56913],[9.83375,53.57079],[9.83543,53.57067],[9.8355,53.57214],[9.83524,53.57236],[9.83517,53.57266],[9.83532,53.57294],[9.83636,53.57372],[9.83648,53.57398],[9.83508,53.57425],[9.83506,53.57464],[9.83412,53.57692],[9.83388,53.5786],[9.83363,53.57902],[9.83101,53.57925],[9.8317,53.58207],[9.83132,53.58259],[9.83348,53.58291],[9.8341,53.58352],[9.83504,53.58376],[9.83563,53.58598],[9.83687,53.58709],[9.83747,53.58796],[9.83743,53.58885],[9.83844,53.58964],[9.83893,53.59035],[9.83781,53.59201],[9.83876,53.59255],[9.83963,53.59248],[9.83997,53.5928],[9.83993,53.59335],[9.83933,53.59389],[9.83968,53.59474],[9.83965,53.59504],[9.84553,53.59493],[9.84508,53.59338],[9.84628,53.59298],[9.84583,53.59259],[9.85068,53.59094],[9.85497,53.59032],[9.8602,53.58833],[9.86698,53.58628],[9.86688,53.58517],[9.86647,53.58369],[9.86691,53.58098],[9.86612,53.57777],[9.86583,53.57528],[9.8648,53.57343],[9.86537,53.57156],[9.86555,53.57034],[9.86652,53.56886],[9.86654,53.56596],[9.86632,53.56404],[9.86595,53.56341],[9.86425,53.5627],[9.86391,53.56242],[9.86373,53.562],[9.86383,53.56064],[9.86505,53.55832],[9.86125,53.55825],[9.85794,53.55779],[9.85647,53.55775],[9.85365,53.55788],[9.85043,53.55831]]]]}},{"type":"Feature","properties":{"name":"Nienstedten","bezirk":"Altona"},"geometry":{"type":"MultiPolygon","coordinates":[[[[9.84315,53.54706],[9.8204,53.5508],[9.82074,53.55406],[9.82102,53.55517],[9.82102,53.55611],[9.82148,53.5574],[9.82126,53.55834],[9.82191,53.55967],[9.8235,53.56046],[9.82402,53.56166],[9.82487,53.5624],[9.82626,53.56403],[9.82666,53.56536],[9.83151,53.56493],[9.83607,53.56394],[9.84079,53.56219],[9.84305,53.5608],[9.84562,53.55964],[9.84778,53.55892],[9.85032,53.55833],[9.85365,53.55788],[9.85647,53.55775],[9.85794,53.55779],[9.86125,53.55825],[9.86486,53.55831],[9.86507,53.55595],[9.86495,53.55433],[9.86505,53.55378],[9.86449,53.55252],[9.86387,53.55039],[9.86403,53.54955],[9.86394,53.54882],[9.86436,53.54736],[9.86426,53.54423],[9.84315,53.54706]]]]}},{"type":"Feature","properties":{"name":"Blankenese","bezirk":"Altona"},"geometry":{"type":"MultiPolygon","coordinates":[[[[9.80353,53.55359],[9.79792,53.55452],[9.77759,53.55714],[9.77438,53.55432],[9.76985,53.55461],[9.76511,53.55461],[9.76335,53.55515],[9.7633,53.56312],[9.76381,53.56299],[9.7641,53.56445],[9.76372,53.56572],[9.76176,53.57038],[9.78051,53.57097],[9.7824,53.57417],[9.78695,53.57219],[9.78878,53.57093],[9.78988,53.57135],[9.79097,53.57153],[9.79219,53.57146],[9.79302,53.57121],[9.79423,53.57224],[9.79777,53.57283],[9.80162,53.57277],[9.80278,53.57173],[9.80346,53.57243],[9.8047,53.57292],[9.80935,53.57362],[9.81175,53.57426],[9.81212,53.57344],[9.81732,53.57371],[9.81751,53.57335],[9.81848,53.57352],[9.81982,53.57099],[9.82075,53.56711],[9.82064,53.56658],[9.82022,53.56605],[9.81873,53.56537],[9.82242,53.56572],[9.82668,53.56549],[9.82626,53.56403],[9.82487,53.5624],[9.82402,53.56166],[9.8235,53.56046],[9.82191,53.55967],[9.82133,53.55857],[9.82126,53.55821],[9.82148,53.5574],[9.82102,53.55611],[9.82102,53.55517],[9.82074,53.55406],[9.8204,53.5508],[9.80353,53.55359]]]]}},{"type":"Feature","properties":{"name":"Iserbrook","bezirk":"Altona"},"geometry":{"type":"MultiPolygon","coordinates":[[[[9.82236,53.58456],[9.82343,53.58429],[9.82482,53.58422],[9.82542,53.58485],[9.82608,53.58513],[9.82915,53.5855],[9.83236,53.58658],[9.83359,53.58725],[9.83546,53.58735],[9.83662,53.58769],[9.83682,53.58797],[9.83679,53.58927],[9.83606,53.58989],[9.83708,53.59203],[9.83735,53.59214],[9.83781,53.59201],[9.83892,53.59048],[9.83866,53.58987],[9.83743,53.58885],[9.83747,53.58796],[9.83687,53.58709],[9.83563,53.58598],[9.83503,53.58374],[9.8341,53.58352],[9.83348,53.58291],[9.83132,53.58259],[9.8317,53.58207],[9.83101,53.57925],[9.83363,53.57902],[9.83388,53.5786],[9.83412,53.57692],[9.83506,53.57464],[9.83508,53.57425],[9.83648,53.57398],[9.83636,53.57372],[9.83532,53.57294],[9.83517,53.57266],[9.83524,53.57236],[9.8355,53.57214],[9.83543,53.57067],[9.83375,53.57079],[9.83356,53.56913],[9.83555,53.56898],[9.83482,53.56868],[9.83229,53.56655],[9.83052,53.56557],[9.82668,53.56549],[9.82242,53.56572],[9.81873,53.56537],[9.82022,53.56605],[9.82064,53.56658],[9.82075,53.56711],[9.81982,53.57099],[9.81786,53.57458],[9.81693,53.57544],[9.81077,53.57846],[9.81065,53.58096],[9.81141,53.58186],[9.81253,53.58269],[9.81265,53.58344],[9.81285,53.58364],[9.81573,53.58494],[9.81743,53.5851],[9.81821,53.5859],[9.82113,53.58509],[9.82109,53.58497],[9.82135,53.58484],[9.82236,53.58456]]]]}},{"type":"Feature","properties":{"name":"Sülldorf","bezirk":"Altona"},"geometry":{"type":"MultiPolygon","coordinates":[[[[9.81201,53.57784],[9.81693,53.57544],[9.81775,53.57473],[9.81848,53.57352],[9.81751,53.57335],[9.81732,53.57371],[9.81212,53.57344],[9.81175,53.57426],[9.80935,53.57362],[9.8047,53.57292],[9.80346,53.57243],[9.80278,53.57173],[9.80162,53.57277],[9.79777,53.57283],[9.79423,53.57224],[9.79302,53.57121],[9.79219,53.57146],[9.79097,53.57153],[9.78988,53.57135],[9.78878,53.57093],[9.78695,53.57219],[9.7824,53.57417],[9.78293,53.57509],[9.78086,53.58068],[9.78161,53.58072],[9.78164,53.58095],[9.78568,53.581],[9.78329,53.58218],[9.78376,53.58264],[9.78116,53.58375],[9.78171,53.58446],[9.78223,53.58426],[9.78376,53.58538],[9.78347,53.58562],[9.78414,53.58699],[9.78385,53.58711],[9.78463,53.5877],[9.78462,53.58783],[9.78543,53.58825],[9.78623,53.5889],[9.78643,53.58948],[9.78623,53.58978],[9.78587,53.58975],[9.78571,53.59011],[9.78522,53.59021],[9.78526,53.59051],[9.78501,53.59065],[9.7808,53.59154],[9.7823,53.59292],[9.7827,53.59347],[9.78244,53.59363],[9.78258,53.59422],[9.7818,53.59436],[9.78214,53.59502],[9.78264,53.59722],[9.783,53.59751],[9.78308,53.59801],[9.78426,53.59929],[9.78352,53.59939],[9.78364,53.59958],[9.78348,53.59974],[9.78286,53.59999],[9.7829,53.60064],[9.7826,53.60083],[9.78105,53.60032],[9.78088,53.60039],[9.78022,53.60084],[9.77885,53.60228],[9.78131,53.60316],[9.78037,53.60368],[9.77964,53.60472],[9.77954,53.60518],[9.77901,53.60569],[9.78096,53.60577],[9.78383,53.60675],[9.78862,53.60632],[9.78972,53.60397],[9.79132,53.60125],[9.79749,53.59668],[9.7975,53.59605],[9.79863,53.59594],[9.80146,53.59491],[9.802,53.59457],[9.80232,53.59411],[9.80351,53.59334],[9.80391,53.59331],[9.80467,53.59374],[9.80601,53.59286],[9.80674,53.59261],[9.8066,53.5924],[9.80731,53.59174],[9.81583,53.58647],[9.81821,53.5859],[9.81743,53.5851],[9.81573,53.58494],[9.81282,53.58362],[9.81265,53.58344],[9.81253,53.58269],[9.81077,53.58117],[9.81057,53.58063],[9.81077,53.57846],[9.81201,53.57784]]]]}},{"type":"Feature","properties":{"name":"Rissen","bezirk":"Altona"},"geometry":{"type":"MultiPolygon","coordinates":[[[[9.75921,53.611],[9.75359,53.61297],[9.75586,53.61605],[9.75665,53.61597],[9.75755,53.61706],[9.76004,53.62429],[9.76355,53.62491],[9.76374,53.62739],[9.77003,53.62761],[9.77127,53.63141],[9.77139,53.63138],[9.77134,53.63117],[9.76852,53.62256],[9.77054,53.61603],[9.77859,53.61375],[9.7861,53.61139],[9.7889,53.61116],[9.7889,53.61071],[9.78908,53.61045],[9.79029,53.60928],[9.79121,53.60863],[9.79626,53.61033],[9.79902,53.60793],[9.79717,53.60565],[9.79219,53.6049],[9.79219,53.60429],[9.78975,53.60398],[9.78862,53.60632],[9.78383,53.60675],[9.78096,53.60577],[9.77901,53.60569],[9.77954,53.60518],[9.77964,53.60472],[9.78037,53.60368],[9.78131,53.60316],[9.77885,53.60228],[9.78022,53.60084],[9.78088,53.60039],[9.78105,53.60032],[9.7826,53.60083],[9.7829,53.60064],[9.78286,53.59999],[9.78348,53.59974],[9.78364,53.59958],[9.78352,53.59939],[9.78426,53.59929],[9.78308,53.59801],[9.783,53.59751],[9.78264,53.59722],[9.78214,53.59502],[9.7818,53.59436],[9.78258,53.59422],[9.78244,53.59363],[9.7827,53.59347],[9.7823,53.59292],[9.7808,53.59154],[9.78501,53.59065],[9.78526,53.59051],[9.78522,53.59021],[9.78571,53.59011],[9.78587,53.58975],[9.78623,53.58978],[9.78643,53.58948],[9.78623,53.5889],[9.78543,53.58825],[9.78462,53.58783],[9.78463,53.5877],[9.78385,53.58711],[9.78414,53.58699],[9.78347,53.58562],[9.78376,53.58538],[9.78223,53.58426],[9.78171,53.58446],[9.78116,53.58375],[9.78376,53.58264],[9.78329,53.58218],[9.78568,53.581],[9.78164,53.58095],[9.78161,53.58072],[9.78086,53.58068],[9.78293,53.57509],[9.78051,53.57097],[9.76176,53.57038],[9.76372,53.56572],[9.7641,53.56445],[9.76381,53.56299],[9.7633,53.56312],[9.76335,53.55515],[9.73013,53.55764],[9.73503,53.566],[9.73512,53.56643],[9.73528,53.56647],[9.73477,53.56741],[9.73471,53.56846],[9.73694,53.57523],[9.73597,53.57563],[9.73604,53.57628],[9.73675,53.57716],[9.73753,53.57767],[9.73838,53.57758],[9.74015,53.57788],[9.74253,53.57798],[9.74032,53.58128],[9.73902,53.58119],[9.73914,53.58005],[9.73743,53.57987],[9.73647,53.58143],[9.73539,53.58218],[9.73453,53.58254],[9.7354,53.58347],[9.74212,53.58839],[9.74282,53.58933],[9.74418,53.58919],[9.74437,53.589],[9.7456,53.589],[9.74533,53.58934],[9.74647,53.59263],[9.74473,53.59461],[9.74417,53.59496],[9.74363,53.59685],[9.74385,53.59815],[9.74516,53.59968],[9.74741,53.60185],[9.74833,53.60385],[9.75543,53.60266],[9.75921,53.611]]]]}},{"type":"Feature","properties":{"name":"Eimsbüttel","bezirk":"Eimsbüttel"},"geometry":{"type":"MultiPolygon","coordinates":[[[[9.95773,53.56488],[9.95257,53.56649],[9.94987,53.56944],[9.94888,53.56966],[9.94777,53.57047],[9.94503,53.57168],[9.94461,53.57171],[9.94445,53.56965],[9.94396,53.56966],[9.9439,53.57021],[9.94369,53.57052],[9.94211,53.57193],[9.94241,53.57195],[9.9405,53.57364],[9.9351,53.57989],[9.93677,53.58018],[9.93866,53.5802],[9.93882,53.58164],[9.93869,53.58226],[9.94325,53.58168],[9.94345,53.58217],[9.95109,53.58238],[9.95657,53.5812],[9.95897,53.57938],[9.96238,53.57777],[9.96355,53.57743],[9.96401,53.57826],[9.96868,53.57608],[9.96958,53.57655],[9.9775,53.57146],[9.97521,53.56975],[9.97004,53.5673],[9.96916,53.56708],[9.9678,53.56642],[9.9662,53.56555],[9.96607,53.56523],[9.96054,53.56373],[9.96077,53.56328],[9.96048,53.56317],[9.95966,53.56378],[9.95946,53.5641],[9.95773,53.56488]]]]}},{"type":"Feature","properties":{"name":"Rotherbaum","bezirk":"Eimsbüttel"},"geometry":{"type":"MultiPolygon","coordinates":[[[[9.99347,53.55818],[9.99201,53.55876],[9.99198,53.55891],[9.99048,53.55977],[9.99045,53.55993],[9.98826,53.56159],[9.98486,53.56345],[9.98285,53.56384],[9.97676,53.56378],[9.97695,53.56402],[9.97688,53.56413],[9.97618,53.56449],[9.97596,53.56436],[9.97373,53.56429],[9.97455,53.56521],[9.97004,53.5673],[9.97521,53.56975],[9.97873,53.57238],[9.99284,53.57275],[10.00451,53.57371],[10.00822,53.56523],[9.99801,53.55785],[9.99737,53.55699],[9.99444,53.5577],[9.99347,53.55818]]]]}},{"type":"Feature","properties":{"name":"Harvestehude","bezirk":"Eimsbüttel"},"geometry":{"type":"MultiPolygon","coordinates":[[[[9.98827,53.58497],[9.99026,53.58525],[9.99199,53.5852],[9.99349,53.58499],[9.99383,53.58473],[9.99512,53.58438],[9.99547,53.58402],[9.99548,53.58281],[9.99573,53.5823],[9.99911,53.57993],[10.0038,53.57532],[10.00451,53.57371],[9.99284,53.57275],[9.97881,53.57239],[9.9785,53.57229],[9.9775,53.57146],[9.97023,53.57615],[9.97221,53.57697],[9.97217,53.57717],[9.97316,53.57764],[9.97593,53.57854],[9.98042,53.58155],[9.98448,53.58398],[9.98591,53.5845],[9.98827,53.58497]]]]}},{"type":"Feature","properties":{"name":"Hoheluft-West","bezirk":"Eimsbüttel"},"geometry":{"type":"MultiPolygon","coordinates":[[[[9.97585,53.57898],[9.97618,53.57869],[9.97316,53.57764],[9.97217,53.57717],[9.97221,53.57697],[9.97023,53.57615],[9.96958,53.57655],[9.96868,53.57608],[9.96401,53.57826],[9.96355,53.57743],[9.96188,53.57794],[9.95897,53.57938],[9.95701,53.58096],[9.96218,53.58151],[9.96191,53.58173],[9.96122,53.5836],[9.96881,53.58624],[9.96956,53.58454],[9.97,53.58397],[9.97585,53.57898]]]]}},{"type":"Feature","properties":{"name":"Lokstedt","bezirk":"Eimsbüttel"},"geometry":{"type":"MultiPolygon","coordinates":[[[[9.95616,53.58136],[9.95592,53.5813],[9.95083,53.58242],[9.94773,53.58236],[9.94749,53.58292],[9.94798,53.58425],[9.94764,53.58597],[9.94637,53.5882],[9.94443,53.5911],[9.94349,53.59322],[9.94305,53.59318],[9.94251,53.5943],[9.94212,53.5957],[9.94173,53.599],[9.94075,53.60216],[9.93946,53.60215],[9.93848,53.60318],[9.93844,53.60338],[9.93865,53.60372],[9.93923,53.60388],[9.93915,53.60479],[9.93866,53.60509],[9.93574,53.6056],[9.93562,53.60579],[9.93595,53.60629],[9.93537,53.60649],[9.9461,53.60801],[9.95219,53.60814],[9.95389,53.60803],[9.95695,53.60743],[9.96619,53.60442],[9.96639,53.60415],[9.96847,53.60348],[9.97178,53.60276],[9.97178,53.602],[9.9719,53.60187],[9.97182,53.59874],[9.97459,53.59834],[9.9742,53.59433],[9.97448,53.59424],[9.97201,53.59387],[9.97002,53.59376],[9.97153,53.59188],[9.97151,53.59144],[9.97092,53.59116],[9.96766,53.59086],[9.96881,53.58624],[9.96122,53.5836],[9.96191,53.58173],[9.96218,53.58151],[9.95701,53.58096],[9.95616,53.58136]]]]}},{"type":"Feature","properties":{"name":"Niendorf","bezirk":"Eimsbüttel"},"geometry":{"type":"MultiPolygon","coordinates":[[[[9.95613,53.60765],[9.95305,53.6081],[9.94663,53.60805],[9.93537,53.60649],[9.93394,53.60672],[9.93391,53.60701],[9.93287,53.6072],[9.93297,53.60791],[9.92934,53.60787],[9.92797,53.60762],[9.92762,53.60834],[9.92706,53.609],[9.92635,53.61072],[9.92955,53.61291],[9.929,53.61331],[9.92846,53.61401],[9.92721,53.61455],[9.9279,53.61512],[9.92813,53.61652],[9.92907,53.61835],[9.92896,53.6192],[9.92793,53.62003],[9.92883,53.62155],[9.9291,53.62175],[9.93085,53.62221],[9.93342,53.62245],[9.93374,53.62264],[9.93467,53.62462],[9.93464,53.62552],[9.93432,53.62625],[9.93562,53.62743],[9.93606,53.62857],[9.93581,53.62908],[9.93501,53.62945],[9.93454,53.62989],[9.93383,53.63081],[9.93354,53.63154],[9.93578,53.63208],[9.93452,53.63298],[9.93479,53.63322],[9.93498,53.63392],[9.93586,53.63458],[9.93611,53.63507],[9.93729,53.6358],[9.93732,53.6361],[9.93685,53.63684],[9.93742,53.63744],[9.93592,53.63823],[9.936,53.63847],[9.93629,53.63872],[9.9372,53.63902],[9.93777,53.63968],[9.93981,53.64376],[9.95011,53.65079],[9.95167,53.65055],[9.95293,53.65158],[9.95478,53.65083],[9.95804,53.65048],[9.95948,53.64981],[9.96095,53.6496],[9.96336,53.65005],[9.96365,53.64991],[9.96393,53.64951],[9.96447,53.64938],[9.96452,53.64904],[9.96549,53.64862],[9.96896,53.65035],[9.97365,53.64811],[9.97592,53.64987],[9.97627,53.64972],[9.97876,53.64679],[9.97901,53.64687],[9.97914,53.64673],[9.97886,53.64664],[9.98541,53.63907],[9.9832,53.63897],[9.98246,53.63857],[9.98245,53.63817],[9.98399,53.63822],[9.98415,53.63777],[9.98249,53.63763],[9.98084,53.63122],[9.97921,53.62832],[9.9788,53.62786],[9.97655,53.62654],[9.97353,53.62551],[9.97136,53.62403],[9.96795,53.62242],[9.96725,53.62171],[9.96656,53.62177],[9.96052,53.6188],[9.95731,53.61695],[9.95677,53.6161],[9.95633,53.6158],[9.95672,53.61452],[9.95947,53.61438],[9.96019,53.61453],[9.96096,53.61508],[9.96363,53.61612],[9.96459,53.61585],[9.96588,53.61588],[9.96802,53.61705],[9.9672,53.61426],[9.96736,53.61266],[9.96527,53.61018],[9.96534,53.60977],[9.96466,53.60857],[9.96535,53.60609],[9.96665,53.60535],[9.96629,53.60499],[9.96619,53.60442],[9.95613,53.60765]]]]}},{"type":"Feature","properties":{"name":"Schnelsen","bezirk":"Eimsbüttel"},"geometry":{"type":"MultiPolygon","coordinates":[[[[9.92483,53.62187],[9.92354,53.62213],[9.9225,53.62269],[9.91624,53.62366],[9.91105,53.62333],[9.90869,53.6229],[9.89706,53.62273],[9.89487,53.62301],[9.8946,53.62293],[9.89065,53.62381],[9.88962,53.62447],[9.88873,53.62473],[9.88759,53.62475],[9.88618,53.62521],[9.88783,53.62723],[9.8945,53.63097],[9.89641,53.63114],[9.89687,53.63492],[9.90044,53.63634],[9.90056,53.6378],[9.89974,53.63935],[9.89952,53.64009],[9.90574,53.64175],[9.90572,53.64434],[9.90555,53.64503],[9.90608,53.64515],[9.90501,53.64637],[9.90452,53.64642],[9.90525,53.64722],[9.90514,53.64723],[9.90606,53.65028],[9.9064,53.65084],[9.90709,53.6509],[9.90714,53.65185],[9.90679,53.65243],[9.90688,53.65249],[9.90917,53.65295],[9.90968,53.65282],[9.90975,53.65266],[9.91087,53.65257],[9.91391,53.65306],[9.91462,53.65334],[9.91451,53.65373],[9.91476,53.65486],[9.91755,53.65414],[9.91826,53.65453],[9.91957,53.65479],[9.92054,53.65523],[9.92073,53.65551],[9.92103,53.65553],[9.92151,53.6552],[9.92103,53.65477],[9.92198,53.65438],[9.92168,53.65412],[9.92519,53.65306],[9.93001,53.6533],[9.93083,53.6527],[9.93248,53.65281],[9.93525,53.65203],[9.93659,53.65325],[9.93746,53.65232],[9.9453,53.65287],[9.94789,53.65135],[9.94971,53.65077],[9.95011,53.65079],[9.93981,53.64376],[9.93777,53.63968],[9.9372,53.63902],[9.93629,53.63872],[9.936,53.63847],[9.93592,53.63823],[9.93742,53.63744],[9.93685,53.63681],[9.93734,53.63598],[9.93724,53.63569],[9.93611,53.63507],[9.93586,53.63458],[9.93498,53.63392],[9.93479,53.63322],[9.93452,53.63298],[9.93578,53.63208],[9.93354,53.63154],[9.93383,53.63081],[9.93454,53.62989],[9.93501,53.62945],[9.93581,53.62908],[9.93606,53.62862],[9.93562,53.62743],[9.93432,53.62625],[9.93464,53.62552],[9.93467,53.62462],[9.93374,53.62264],[9.93342,53.62245],[9.93085,53.62221],[9.9291,53.62175],[9.92883,53.62155],[9.92792,53.61999],[9.92643,53.62052],[9.92643,53.62103],[9.92571,53.62174],[9.92483,53.62187]]]]}},{"type":"Feature","properties":{"name":"Eidelstedt","bezirk":"Eimsbüttel"},"geometry":{"type":"MultiPolygon","coordinates":[[[[9.89884,53.59816],[9.89741,53.59877],[9.89775,53.59919],[9.88539,53.60408],[9.87922,53.60693],[9.8692,53.61326],[9.8693,53.61361],[9.87371,53.61655],[9.87924,53.61976],[9.88088,53.62035],[9.88182,53.62056],[9.88197,53.62043],[9.88508,53.62202],[9.8892,53.62287],[9.88597,53.62496],[9.88618,53.62521],[9.88759,53.62475],[9.88873,53.62473],[9.88962,53.62447],[9.89032,53.62393],[9.89223,53.62341],[9.8946,53.62293],[9.89487,53.62301],[9.89706,53.62273],[9.90869,53.6229],[9.91105,53.62333],[9.91624,53.62366],[9.9225,53.62269],[9.92378,53.62206],[9.92571,53.62174],[9.92643,53.62103],[9.92643,53.62052],[9.92753,53.62022],[9.92865,53.6195],[9.92907,53.61886],[9.92904,53.61821],[9.92813,53.61652],[9.9279,53.61512],[9.92721,53.61455],[9.92846,53.61401],[9.929,53.61331],[9.92955,53.61291],[9.92635,53.61072],[9.92706,53.609],[9.92762,53.60834],[9.92797,53.60762],[9.92934,53.60787],[9.93297,53.60791],[9.93287,53.6072],[9.93391,53.60701],[9.93394,53.60672],[9.93537,53.60649],[9.92442,53.60489],[9.92277,53.60452],[9.92075,53.60385],[9.91919,53.60302],[9.91504,53.59999],[9.91369,53.59928],[9.91165,53.59877],[9.90658,53.59845],[9.90668,53.59763],[9.90541,53.59607],[9.9061,53.59583],[9.90913,53.59411],[9.90888,53.59283],[9.90738,53.58922],[9.90734,53.58742],[9.9079,53.58627],[9.90774,53.58636],[9.90575,53.58611],[9.90442,53.58747],[9.90221,53.58769],[9.90231,53.58791],[9.90199,53.58901],[9.90202,53.58992],[9.90091,53.59124],[9.90011,53.59183],[9.90029,53.59277],[9.90068,53.59328],[9.90077,53.59448],[9.90008,53.59708],[9.90088,53.5973],[9.89884,53.59816]]]]}},{"type":"Feature","properties":{"name":"Stellingen","bezirk":"Eimsbüttel"},"geometry":{"type":"MultiPolygon","coordinates":[[[[9.93244,53.57367],[9.93074,53.57321],[9.93057,53.5734],[9.93069,53.57344],[9.92428,53.57815],[9.92114,53.57987],[9.91969,53.58083],[9.9191,53.58077],[9.91831,53.58187],[9.91788,53.58411],[9.91662,53.58539],[9.91629,53.58715],[9.91625,53.58861],[9.91541,53.58875],[9.91537,53.58936],[9.91472,53.58947],[9.91534,53.58971],[9.91451,53.59046],[9.91416,53.59055],[9.9076,53.58997],[9.90888,53.59283],[9.90913,53.59411],[9.9061,53.59583],[9.90541,53.59607],[9.90668,53.59763],[9.90658,53.59845],[9.91165,53.59877],[9.91369,53.59928],[9.91504,53.59999],[9.91844,53.60254],[9.91984,53.6034],[9.92197,53.60429],[9.92442,53.60489],[9.93537,53.60649],[9.93595,53.60629],[9.93562,53.60579],[9.93574,53.6056],[9.93866,53.60509],[9.93915,53.60479],[9.93923,53.60388],[9.93865,53.60372],[9.93844,53.60338],[9.93848,53.60318],[9.93946,53.60215],[9.94075,53.60216],[9.94173,53.599],[9.94212,53.5957],[9.94251,53.5943],[9.94305,53.59318],[9.94349,53.59322],[9.94443,53.5911],[9.94637,53.5882],[9.94764,53.58597],[9.94798,53.58425],[9.94749,53.58292],[9.94773,53.58236],[9.94345,53.58217],[9.94325,53.58168],[9.93869,53.58226],[9.93882,53.58164],[9.93866,53.5802],[9.93676,53.58018],[9.9351,53.57989],[9.9405,53.57364],[9.94241,53.57195],[9.93801,53.57187],[9.93576,53.57162],[9.93543,53.57162],[9.93514,53.57181],[9.93491,53.57165],[9.93406,53.57171],[9.93351,53.57267],[9.93286,53.57329],[9.93271,53.57323],[9.93244,53.57367]]]]}},{"type":"Feature","properties":{"name":"Hoheluft-Ost","bezirk":"Hamburg-Nord"},"geometry":{"type":"MultiPolygon","coordinates":[[[[9.97303,53.58133],[9.96971,53.58431],[9.96881,53.58624],[9.97551,53.58877],[9.97846,53.58638],[9.98138,53.58514],[9.98176,53.58526],[9.9818,53.58484],[9.98205,53.58456],[9.98398,53.58371],[9.97976,53.58112],[9.97618,53.57869],[9.97303,53.58133]]]]}},{"type":"Feature","properties":{"name":"Eppendorf","bezirk":"Hamburg-Nord"},"geometry":{"type":"MultiPolygon","coordinates":[[[[9.99734,53.58827],[9.99534,53.58408],[9.99512,53.58438],[9.99383,53.58473],[9.99322,53.58505],[9.99026,53.58525],[9.98608,53.58454],[9.98398,53.58371],[9.98205,53.58456],[9.9818,53.58484],[9.98176,53.58526],[9.98138,53.58514],[9.97846,53.58638],[9.97551,53.58877],[9.96881,53.58624],[9.96766,53.59086],[9.97092,53.59116],[9.97151,53.59144],[9.97153,53.59188],[9.97002,53.59376],[9.97201,53.59387],[9.97448,53.59424],[9.9742,53.59433],[9.97459,53.59834],[9.97182,53.59875],[9.9719,53.60187],[9.97178,53.602],[9.97178,53.60276],[9.97217,53.6028],[9.98183,53.6019],[9.98898,53.60064],[9.99141,53.60067],[9.99128,53.59952],[9.99179,53.597],[9.99186,53.59515],[9.99208,53.59448],[9.993,53.5935],[9.99551,53.59211],[9.99691,53.59098],[9.99732,53.59018],[9.99734,53.58827]]]]}},{"type":"Feature","properties":{"name":"Groß Borstel","bezirk":"Hamburg-Nord"},"geometry":{"type":"MultiPolygon","coordinates":[[[[10.00631,53.61735],[9.99501,53.61001],[9.98935,53.60558],[9.98812,53.60448],[9.98697,53.60314],[9.98526,53.60209],[9.98474,53.60138],[9.98057,53.60205],[9.97217,53.6028],[9.97204,53.60269],[9.96847,53.60348],[9.96618,53.60433],[9.96629,53.60499],[9.96665,53.60535],[9.96535,53.60609],[9.96487,53.60762],[9.96466,53.60857],[9.96534,53.60977],[9.96527,53.61018],[9.96736,53.61266],[9.9672,53.61426],[9.96802,53.61705],[9.9683,53.61708],[9.97633,53.62104],[9.97696,53.62078],[9.97667,53.62024],[9.97749,53.61996],[9.97736,53.61969],[9.97782,53.61962],[9.97779,53.61947],[9.97835,53.61924],[9.97819,53.61899],[9.97905,53.61881],[9.97899,53.61852],[9.97974,53.61834],[9.97953,53.61805],[9.98377,53.6172],[9.98542,53.61798],[9.98569,53.61794],[9.98595,53.61822],[9.98613,53.61819],[9.9896,53.62002],[9.99047,53.61952],[9.99121,53.61939],[9.99227,53.61958],[9.993,53.6191],[9.99425,53.61968],[10.00338,53.62253],[10.01014,53.62375],[10.01135,53.62371],[10.01021,53.62073],[10.00962,53.6197],[10.00871,53.61887],[10.00631,53.61735]]]]}},{"type":"Feature","properties":{"name":"Alsterdorf","bezirk":"Hamburg-Nord"},"geometry":{"type":"MultiPolygon","coordinates":[[[[10.02447,53.60989],[10.00951,53.60567],[10.00058,53.60346],[9.99179,53.60074],[9.98945,53.60059],[9.98474,53.60138],[9.98526,53.60209],[9.98697,53.60314],[9.98812,53.60448],[9.98935,53.60558],[9.99501,53.61001],[10.00909,53.61916],[10.00993,53.62018],[10.01128,53.62349],[10.01239,53.62217],[10.01403,53.61928],[10.01549,53.6173],[10.01662,53.61622],[10.01807,53.61525],[10.0214,53.61697],[10.02628,53.61987],[10.02727,53.6192],[10.02884,53.61958],[10.0301,53.61943],[10.03044,53.61909],[10.03131,53.61941],[10.03025,53.61674],[10.03004,53.61586],[10.03008,53.61528],[10.03026,53.61451],[10.03082,53.61335],[10.03255,53.60729],[10.03242,53.60727],[10.0321,53.60793],[10.03142,53.60865],[10.03037,53.60931],[10.02942,53.60968],[10.02704,53.6101],[10.02447,53.60989]]]]}},{"type":"Feature","properties":{"name":"Winterhude","bezirk":"Hamburg-Nord"},"geometry":{"type":"MultiPolygon","coordinates":[[[[10.03313,53.58911],[10.03367,53.58478],[10.02818,53.58431],[10.02229,53.58255],[10.01533,53.58138],[10.01464,53.58107],[10.01394,53.58052],[10.01276,53.57866],[10.01236,53.57832],[10.0038,53.57532],[9.99911,53.57993],[9.99603,53.58204],[9.99559,53.5825],[9.99547,53.58402],[9.99534,53.58408],[9.99728,53.58802],[9.9973,53.59028],[9.99704,53.59082],[9.99659,53.59128],[9.99546,53.59214],[9.993,53.5935],[9.99208,53.59448],[9.99186,53.59515],[9.99179,53.597],[9.99128,53.59952],[9.99134,53.60045],[9.99141,53.60067],[10.00058,53.60346],[10.00951,53.60567],[10.02447,53.60989],[10.02661,53.61011],[10.02898,53.60981],[10.03097,53.60897],[10.03192,53.60817],[10.03231,53.60753],[10.03242,53.60727],[10.03214,53.60722],[10.03304,53.60444],[10.03383,53.60068],[10.03526,53.59699],[10.03563,53.59708],[10.03688,53.59304],[10.03708,53.59124],[10.03284,53.59082],[10.03313,53.58911]]]]}},{"type":"Feature","properties":{"name":"Uhlenhorst","bezirk":"Hamburg-Nord"},"geometry":{"type":"MultiPolygon","coordinates":[[[[10.02308,53.57362],[10.02706,53.57028],[10.03322,53.57388],[10.036,53.57165],[10.03783,53.56965],[10.03154,53.56645],[10.02498,53.56581],[10.00822,53.56523],[10.0038,53.57532],[10.01236,53.57832],[10.01276,53.57866],[10.01394,53.58052],[10.01509,53.58129],[10.01954,53.5821],[10.01987,53.58138],[10.01907,53.58021],[10.01908,53.57717],[10.02308,53.57362]]]]}},{"type":"Feature","properties":{"name":"Hohenfelde","bezirk":"Hamburg-Nord"},"geometry":{"type":"MultiPolygon","coordinates":[[[[10.03717,53.56162],[10.03777,53.56092],[10.02875,53.55725],[10.02741,53.5565],[10.02704,53.55646],[10.0267,53.55669],[10.02623,53.5564],[10.02361,53.55808],[10.02247,53.55854],[10.02127,53.55933],[10.01837,53.56082],[10.017,53.56112],[10.01627,53.56159],[10.01583,53.56139],[10.00822,53.56523],[10.02498,53.56581],[10.03185,53.56658],[10.03451,53.56444],[10.03717,53.56162]]]]}},{"type":"Feature","properties":{"name":"Barmbek-Süd","bezirk":"Hamburg-Nord"},"geometry":{"type":"MultiPolygon","coordinates":[[[[10.035,53.57253],[10.03322,53.57388],[10.02706,53.57028],[10.01908,53.57717],[10.01907,53.58021],[10.01987,53.58138],[10.01954,53.5821],[10.02259,53.58263],[10.02718,53.58409],[10.02861,53.58438],[10.03947,53.58535],[10.04106,53.58532],[10.04766,53.58346],[10.05312,53.58304],[10.05423,53.58212],[10.05438,53.58215],[10.05488,53.5816],[10.05653,53.57924],[10.05717,53.57786],[10.05733,53.57597],[10.05678,53.57589],[10.05646,53.57519],[10.05571,53.5747],[10.05008,53.57303],[10.04995,53.57323],[10.04954,53.57313],[10.04913,53.57333],[10.04058,53.57088],[10.03783,53.56965],[10.035,53.57253]]]]}},{"type":"Feature","properties":{"name":"Dulsberg","bezirk":"Hamburg-Nord"},"geometry":{"type":"MultiPolygon","coordinates":[[[[10.06997,53.58168],[10.06897,53.58081],[10.06687,53.58033],[10.06689,53.58002],[10.06632,53.57997],[10.06355,53.57813],[10.05947,53.57618],[10.05811,53.57584],[10.05785,53.57609],[10.05733,53.57597],[10.05725,53.57746],[10.05703,53.57828],[10.05508,53.58134],[10.05438,53.58215],[10.05423,53.58212],[10.05312,53.58304],[10.05471,53.58361],[10.05903,53.58571],[10.06217,53.58767],[10.06375,53.58875],[10.06465,53.58961],[10.06553,53.59007],[10.06617,53.58996],[10.06681,53.59011],[10.06945,53.59104],[10.0696,53.59083],[10.06937,53.58978],[10.0744,53.58954],[10.07477,53.58916],[10.07531,53.5893],[10.07548,53.58905],[10.07448,53.58688],[10.07219,53.58358],[10.07197,53.58303],[10.07117,53.58272],[10.06997,53.58168]]]]}},{"type":"Feature","properties":{"name":"Barmbek-Nord","bezirk":"Hamburg-Nord"},"geometry":{"type":"MultiPolygon","coordinates":[[[[10.0451,53.58418],[10.04182,53.58519],[10.04066,53.58535],[10.03367,53.58478],[10.03284,53.59082],[10.03708,53.59124],[10.03674,53.59373],[10.03563,53.59708],[10.03526,53.59699],[10.03383,53.60068],[10.03304,53.60444],[10.03214,53.60722],[10.03864,53.60837],[10.03914,53.60654],[10.04328,53.60722],[10.04334,53.60694],[10.04367,53.60689],[10.04712,53.60412],[10.04791,53.60367],[10.05095,53.60253],[10.05135,53.60281],[10.05549,53.60141],[10.0563,53.60139],[10.05603,53.60093],[10.05513,53.60037],[10.05483,53.59994],[10.0548,53.59946],[10.05574,53.59826],[10.05564,53.59747],[10.05579,53.59678],[10.05558,53.59651],[10.05638,53.59527],[10.05692,53.59512],[10.05715,53.59464],[10.05782,53.59418],[10.05815,53.59373],[10.05928,53.59343],[10.06187,53.59329],[10.0678,53.59218],[10.07004,53.59196],[10.07002,53.59135],[10.06981,53.59113],[10.067,53.59016],[10.06524,53.58994],[10.06231,53.58777],[10.05903,53.58571],[10.05471,53.58361],[10.05312,53.58304],[10.04766,53.58346],[10.0451,53.58418]]]]}},{"type":"Feature","properties":{"name":"Ohlsdorf","bezirk":"Hamburg-Nord"},"geometry":{"type":"MultiPolygon","coordinates":[[[[10.03515,53.60773],[10.03255,53.60729],[10.03082,53.61335],[10.03026,53.61451],[10.03008,53.61528],[10.03004,53.61586],[10.03025,53.61674],[10.03131,53.61941],[10.03044,53.61909],[10.0301,53.61943],[10.02884,53.61958],[10.02727,53.6192],[10.02628,53.61987],[10.0214,53.61697],[10.01807,53.61525],[10.01662,53.61622],[10.01549,53.6173],[10.01403,53.61928],[10.01239,53.62217],[10.01128,53.62349],[10.01135,53.62371],[10.01205,53.62359],[10.01885,53.62369],[10.02139,53.62528],[10.02375,53.62639],[10.02884,53.62604],[10.02805,53.6282],[10.02752,53.62907],[10.02757,53.6293],[10.02819,53.62959],[10.03296,53.62979],[10.03467,53.63007],[10.03487,53.63028],[10.03483,53.63046],[10.03302,53.63161],[10.03302,53.63213],[10.03324,53.63232],[10.03549,53.63285],[10.03665,53.63333],[10.03748,53.63273],[10.03853,53.63249],[10.03972,53.63196],[10.04118,53.63206],[10.04189,53.63247],[10.04153,53.63341],[10.04165,53.6337],[10.04292,53.63414],[10.04363,53.63476],[10.0457,53.63507],[10.04675,53.63588],[10.0482,53.63629],[10.04893,53.63623],[10.05008,53.63568],[10.05089,53.63576],[10.05308,53.63658],[10.05544,53.63791],[10.05644,53.63818],[10.05765,53.63677],[10.05723,53.63652],[10.05728,53.63607],[10.05758,53.63441],[10.05856,53.63137],[10.06009,53.63156],[10.06116,53.62839],[10.07405,53.63129],[10.07707,53.63147],[10.07797,53.63105],[10.07798,53.62886],[10.08194,53.62883],[10.08457,53.6275],[10.08457,53.627],[10.0852,53.62693],[10.08497,53.62589],[10.08457,53.62593],[10.08452,53.62575],[10.08434,53.62575],[10.08419,53.62518],[10.08359,53.62523],[10.08344,53.62444],[10.08106,53.62476],[10.08065,53.62433],[10.08038,53.62363],[10.08011,53.62358],[10.08004,53.62291],[10.07915,53.62186],[10.0778,53.62208],[10.07731,53.62115],[10.07761,53.62109],[10.07714,53.62015],[10.0765,53.62027],[10.07426,53.61897],[10.07316,53.61929],[10.07242,53.619],[10.07152,53.6193],[10.07038,53.61939],[10.06923,53.61979],[10.06748,53.61975],[10.06569,53.62029],[10.06335,53.62054],[10.06185,53.62048],[10.06043,53.62019],[10.05876,53.61954],[10.05728,53.61848],[10.05627,53.61707],[10.05467,53.61732],[10.04976,53.61901],[10.04548,53.61325],[10.04369,53.61173],[10.04389,53.61129],[10.04425,53.608],[10.04315,53.60784],[10.04328,53.60722],[10.03914,53.60654],[10.03864,53.60837],[10.03515,53.60773]]]]}},{"type":"Feature","properties":{"name":"Fuhlsbüttel","bezirk":"Hamburg-Nord"},"geometry":{"type":"MultiPolygon","coordinates":[[[[10.02375,53.62639],[10.02139,53.62528],[10.01885,53.62369],[10.01205,53.62359],[10.01051,53.62376],[10.00846,53.62348],[10.00338,53.62253],[9.99425,53.61968],[9.993,53.6191],[9.99227,53.61958],[9.99121,53.61939],[9.99047,53.61952],[9.9896,53.62002],[9.98613,53.61819],[9.98595,53.61822],[9.98569,53.61794],[9.98542,53.61798],[9.98377,53.6172],[9.97953,53.61805],[9.97974,53.61834],[9.97899,53.61852],[9.97905,53.61881],[9.97819,53.61899],[9.97835,53.61924],[9.97779,53.61947],[9.97782,53.61962],[9.97736,53.61969],[9.97749,53.61996],[9.97667,53.62024],[9.97696,53.62078],[9.97633,53.62104],[9.9683,53.61708],[9.96792,53.61704],[9.96753,53.61669],[9.96588,53.61588],[9.96459,53.61585],[9.96363,53.61612],[9.96096,53.61508],[9.96019,53.61453],[9.95947,53.61438],[9.95672,53.61452],[9.95633,53.6158],[9.95677,53.6161],[9.95731,53.61695],[9.96052,53.6188],[9.96656,53.62177],[9.96739,53.62178],[9.96795,53.62242],[9.97136,53.62403],[9.97353,53.62551],[9.9761,53.62636],[9.97746,53.62698],[9.9788,53.62786],[9.97921,53.62832],[9.98084,53.63122],[9.98249,53.63763],[9.98415,53.63777],[9.98399,53.63822],[9.98245,53.63817],[9.98246,53.63857],[9.9832,53.63897],[9.98541,53.63907],[9.97886,53.64664],[9.97914,53.64673],[9.97901,53.64687],[9.97876,53.64679],[9.97627,53.64972],[9.97789,53.6491],[9.97793,53.64889],[9.97852,53.64866],[9.98057,53.64916],[9.98226,53.64916],[9.98227,53.64887],[9.98521,53.64835],[9.99252,53.63985],[9.99875,53.63897],[9.99884,53.63927],[10.00066,53.63914],[10.00059,53.6394],[10.00139,53.63935],[10.00262,53.63972],[10.00255,53.63986],[10.00319,53.64008],[10.00318,53.64035],[10.00404,53.64055],[10.00413,53.64032],[10.00514,53.64046],[10.00592,53.63824],[10.006,53.63769],[10.00574,53.63713],[10.00609,53.63696],[10.00712,53.63704],[10.00709,53.63722],[10.00833,53.63747],[10.01356,53.63935],[10.0155,53.63988],[10.0202,53.64003],[10.02036,53.63908],[10.02076,53.63943],[10.02375,53.63839],[10.02378,53.63823],[10.02363,53.63813],[10.0242,53.63813],[10.02537,53.63773],[10.02616,53.63827],[10.02832,53.63772],[10.02998,53.63793],[10.03145,53.63778],[10.03146,53.63763],[10.03226,53.63755],[10.03218,53.63724],[10.03287,53.63706],[10.03281,53.6369],[10.03398,53.63671],[10.03336,53.63615],[10.03641,53.63462],[10.03566,53.6342],[10.03665,53.63333],[10.03549,53.63285],[10.03328,53.63234],[10.03302,53.63213],[10.03297,53.63174],[10.03312,53.63149],[10.03485,53.63042],[10.03463,53.63004],[10.03296,53.62979],[10.02819,53.62959],[10.0276,53.62933],[10.02752,53.62907],[10.02805,53.6282],[10.02884,53.62604],[10.02375,53.62639]]]]}},{"type":"Feature","properties":{"name":"Langenhorn","bezirk":"Hamburg-Nord"},"geometry":{"type":"MultiPolygon","coordinates":[[[[10.01704,53.68145],[10.04346,53.68199],[10.04289,53.68149],[10.04309,53.68141],[10.03881,53.67764],[10.03855,53.67766],[10.03595,53.67537],[10.03493,53.66158],[10.03501,53.6611],[10.03541,53.66089],[10.03508,53.66043],[10.03534,53.65934],[10.03478,53.65893],[10.03464,53.65786],[10.03484,53.65768],[10.03624,53.65762],[10.03658,53.65742],[10.03643,53.6551],[10.03659,53.65395],[10.03565,53.65312],[10.03406,53.65236],[10.03394,53.65211],[10.0248,53.64438],[10.02059,53.64004],[10.0155,53.63988],[10.01356,53.63935],[10.00833,53.63747],[10.00709,53.63722],[10.00712,53.63704],[10.00609,53.63696],[10.00574,53.63713],[10.006,53.63769],[10.00592,53.63824],[10.00514,53.64046],[10.00413,53.64032],[10.00404,53.64055],[10.00318,53.64035],[10.00319,53.64008],[10.00255,53.63986],[10.00262,53.63972],[10.00139,53.63935],[10.00059,53.6394],[10.00066,53.63914],[9.99884,53.63927],[9.99875,53.63897],[9.99252,53.63985],[9.98521,53.64835],[9.98581,53.64824],[9.98749,53.6492],[9.98702,53.65538],[9.99119,53.6582],[9.99158,53.66101],[9.99059,53.66476],[9.99113,53.6665],[9.98977,53.66934],[9.99245,53.67512],[9.99242,53.6763],[9.99747,53.68029],[9.99962,53.68152],[10.00095,53.68113],[10.00307,53.68093],[10.00497,53.68121],[10.01704,53.68145]]]]}},{"type":"Feature","properties":{"name":"Eilbek","bezirk":"Wandsbek"},"geometry":{"type":"MultiPolygon","coordinates":[[[[10.06116,53.56861],[10.0627,53.56624],[10.05637,53.56454],[10.05324,53.56388],[10.04637,53.56329],[10.04343,53.56286],[10.04091,53.56216],[10.03776,53.56088],[10.03451,53.56444],[10.03183,53.56658],[10.04015,53.57073],[10.04914,53.57334],[10.04954,53.57313],[10.04995,53.57323],[10.05008,53.57303],[10.0555,53.57463],[10.05637,53.57509],[10.05678,53.57589],[10.05767,53.57602],[10.05805,53.57401],[10.05965,53.57073],[10.06116,53.56861]]]]}},{"type":"Feature","properties":{"name":"Wandsbek","bezirk":"Wandsbek"},"geometry":{"type":"MultiPolygon","coordinates":[[[[10.10275,53.579],[10.10327,53.57759],[10.10347,53.57593],[10.09922,53.57496],[10.08771,53.57312],[10.07789,53.57009],[10.07771,53.57038],[10.07743,53.57035],[10.07657,53.5707],[10.07573,53.57217],[10.07388,53.57238],[10.06734,53.57144],[10.06594,53.57129],[10.06516,53.5714],[10.05988,53.57035],[10.05794,53.57425],[10.05804,53.57434],[10.05767,53.57602],[10.05785,53.57609],[10.05811,53.57584],[10.05876,53.57591],[10.06355,53.57813],[10.06632,53.57997],[10.06689,53.58002],[10.06687,53.58033],[10.06897,53.58081],[10.07108,53.58265],[10.07197,53.58303],[10.07219,53.58358],[10.07448,53.58688],[10.07548,53.58905],[10.07531,53.5893],[10.07466,53.58919],[10.0744,53.58954],[10.06937,53.58978],[10.06959,53.59081],[10.06948,53.59101],[10.07003,53.59141],[10.07003,53.5923],[10.0698,53.59304],[10.07007,53.594],[10.07171,53.59551],[10.07402,53.59616],[10.07739,53.59765],[10.07898,53.59811],[10.08087,53.59838],[10.0834,53.59844],[10.08731,53.59754],[10.09026,53.59761],[10.09112,53.59706],[10.09112,53.59659],[10.09145,53.59662],[10.09168,53.59613],[10.09932,53.5978],[10.10008,53.59703],[10.09917,53.5963],[10.09894,53.59377],[10.09814,53.5936],[10.0983,53.59106],[10.09883,53.58897],[10.10001,53.58666],[10.10026,53.58456],[10.10055,53.58462],[10.10133,53.58408],[10.10176,53.58323],[10.1019,53.58264],[10.10182,53.58154],[10.10217,53.58028],[10.10275,53.579]]]]}},{"type":"Feature","properties":{"name":"Marienthal","bezirk":"Wandsbek"},"geometry":{"type":"MultiPolygon","coordinates":[[[[10.08193,53.57134],[10.0881,53.57321],[10.09922,53.57496],[10.10347,53.57593],[10.10748,53.56554],[10.09445,53.56384],[10.08716,53.56314],[10.08706,53.56328],[10.08684,53.56322],[10.08692,53.56312],[10.07979,53.56248],[10.07562,53.56181],[10.07555,53.56198],[10.07324,53.56172],[10.07324,53.56149],[10.071,53.5605],[10.07058,53.5601],[10.0697,53.56006],[10.06985,53.55981],[10.06855,53.55954],[10.06612,53.55988],[10.06223,53.56609],[10.0627,53.56625],[10.0602,53.57009],[10.06005,53.57006],[10.05988,53.57035],[10.06516,53.5714],[10.06594,53.57129],[10.06734,53.57144],[10.07388,53.57238],[10.07573,53.57217],[10.07657,53.5707],[10.07743,53.57035],[10.07771,53.57038],[10.07789,53.57009],[10.08193,53.57134]]]]}},{"type":"Feature","properties":{"name":"Jenfeld","bezirk":"Wandsbek"},"geometry":{"type":"MultiPolygon","coordinates":[[[[10.12853,53.56737],[10.12467,53.56718],[10.10748,53.56554],[10.10347,53.57593],[10.10706,53.57724],[10.10908,53.57824],[10.11055,53.57713],[10.11197,53.57666],[10.11374,53.57651],[10.12115,53.57861],[10.12319,53.57948],[10.12665,53.5822],[10.129,53.58362],[10.13315,53.58485],[10.13672,53.58659],[10.143,53.58795],[10.14371,53.58788],[10.14433,53.5873],[10.14433,53.58531],[10.14445,53.5853],[10.14442,53.58485],[10.14479,53.58479],[10.14457,53.58463],[10.14456,53.5841],[10.14495,53.58372],[10.14493,53.58276],[10.14538,53.58276],[10.14517,53.58209],[10.14537,53.58209],[10.14554,53.58098],[10.14723,53.58118],[10.14833,53.57926],[10.14882,53.57922],[10.14934,53.57816],[10.14797,53.57728],[10.1482,53.577],[10.15053,53.57664],[10.1518,53.57624],[10.15159,53.57509],[10.15203,53.57343],[10.152,53.57271],[10.15181,53.57219],[10.15037,53.57031],[10.15066,53.5697],[10.15047,53.56912],[10.14995,53.56857],[10.14867,53.56799],[10.14809,53.56755],[10.14863,53.56731],[10.14858,53.56706],[10.14816,53.56692],[10.14751,53.5663],[10.14772,53.56438],[10.13949,53.56636],[10.13687,53.56678],[10.13338,53.56722],[10.12853,53.56737]]]]}},{"type":"Feature","properties":{"name":"Tonndorf","bezirk":"Wandsbek"},"geometry":{"type":"MultiPolygon","coordinates":[[[[10.12162,53.59466],[10.12159,53.5952],[10.1219,53.59558],[10.12421,53.59529],[10.12436,53.59578],[10.12492,53.59572],[10.12473,53.59502],[10.1288,53.59529],[10.13089,53.59571],[10.13083,53.5969],[10.1312,53.59759],[10.13109,53.59776],[10.13159,53.598],[10.13307,53.59582],[10.13379,53.59523],[10.13523,53.59446],[10.13712,53.59264],[10.13738,53.5928],[10.14023,53.59049],[10.14162,53.59076],[10.14188,53.58925],[10.14213,53.58928],[10.143,53.58795],[10.13672,53.58659],[10.13315,53.58485],[10.129,53.58362],[10.12665,53.5822],[10.12319,53.57948],[10.12115,53.57861],[10.11374,53.57651],[10.11197,53.57666],[10.11055,53.57713],[10.10908,53.57824],[10.10706,53.57724],[10.10347,53.57593],[10.10324,53.57771],[10.10217,53.58028],[10.10182,53.58154],[10.1019,53.58264],[10.10176,53.58323],[10.10133,53.58408],[10.10055,53.58462],[10.10026,53.58456],[10.10001,53.58666],[10.09874,53.5892],[10.0983,53.59106],[10.09814,53.5936],[10.09894,53.59377],[10.09897,53.5941],[10.10527,53.59201],[10.10493,53.59125],[10.10586,53.59066],[10.10855,53.59209],[10.10878,53.59259],[10.10957,53.59217],[10.10938,53.5917],[10.11217,53.59231],[10.11425,53.59225],[10.11511,53.5925],[10.11594,53.59247],[10.11688,53.59295],[10.11819,53.59309],[10.11863,53.59336],[10.11903,53.59412],[10.11974,53.59445],[10.12162,53.59466]]]]}},{"type":"Feature","properties":{"name":"Farmsen-Berne","bezirk":"Wandsbek"},"geometry":{"type":"MultiPolygon","coordinates":[[[[10.11832,53.62565],[10.12314,53.63014],[10.12274,53.6316],[10.12276,53.63263],[10.12296,53.63284],[10.12419,53.6334],[10.12481,53.63352],[10.12576,53.63357],[10.12755,53.63315],[10.12901,53.63322],[10.12889,53.63349],[10.12986,53.63368],[10.12846,53.63621],[10.12778,53.63616],[10.1275,53.63657],[10.1262,53.63762],[10.12962,53.63901],[10.13111,53.63801],[10.13315,53.6373],[10.13795,53.63818],[10.13863,53.63785],[10.14253,53.63773],[10.14758,53.63424],[10.15053,53.63477],[10.1418,53.62862],[10.12409,53.61352],[10.12473,53.61207],[10.12471,53.61093],[10.12437,53.60918],[10.12357,53.60863],[10.12344,53.60582],[10.1246,53.60411],[10.12646,53.6037],[10.12719,53.60327],[10.12802,53.60157],[10.12931,53.60017],[10.13121,53.59866],[10.13159,53.598],[10.13109,53.59776],[10.1312,53.59759],[10.13083,53.5969],[10.13089,53.59571],[10.1288,53.59529],[10.12473,53.59502],[10.12492,53.59572],[10.12436,53.59578],[10.12421,53.59529],[10.1219,53.59558],[10.12158,53.59516],[10.12171,53.59468],[10.11974,53.59445],[10.11903,53.59412],[10.11863,53.59336],[10.11813,53.59306],[10.11688,53.59295],[10.11594,53.59247],[10.11511,53.5925],[10.11425,53.59225],[10.11217,53.59231],[10.10938,53.5917],[10.10957,53.59217],[10.10878,53.59259],[10.10855,53.59209],[10.10586,53.59066],[10.10493,53.59125],[10.10527,53.59201],[10.09903,53.59408],[10.09917,53.5963],[10.10008,53.59703],[10.09932,53.5978],[10.09816,53.59755],[10.09827,53.59819],[10.09673,53.59936],[10.09712,53.59967],[10.0973,53.6006],[10.09646,53.60333],[10.09728,53.60433],[10.09732,53.60477],[10.09698,53.60512],[10.09527,53.6059],[10.095,53.60626],[10.09468,53.60828],[10.09479,53.60908],[10.09524,53.60968],[10.09699,53.61096],[10.09763,53.61222],[10.10192,53.61383],[10.10276,53.61438],[10.10462,53.61499],[10.10614,53.6159],[10.10635,53.61615],[10.10637,53.61666],[10.10705,53.61845],[10.10746,53.61895],[10.11214,53.62157],[10.11098,53.62357],[10.11313,53.62466],[10.11832,53.62565]]]]}},{"type":"Feature","properties":{"name":"Bramfeld","bezirk":"Wandsbek"},"geometry":{"type":"MultiPolygon","coordinates":[[[[10.11182,53.62215],[10.11214,53.62157],[10.10786,53.61928],[10.10722,53.6187],[10.10637,53.61666],[10.10635,53.61615],[10.10614,53.6159],[10.10462,53.61499],[10.10276,53.61438],[10.10192,53.61383],[10.09763,53.61222],[10.09699,53.61096],[10.09524,53.60968],[10.09484,53.60919],[10.09468,53.60828],[10.095,53.60626],[10.09527,53.6059],[10.09698,53.60512],[10.09732,53.60477],[10.09728,53.60433],[10.09646,53.60333],[10.0973,53.6006],[10.09712,53.59967],[10.09673,53.59936],[10.09827,53.59819],[10.09816,53.59755],[10.09168,53.59613],[10.09145,53.59662],[10.09112,53.59659],[10.09107,53.59711],[10.09018,53.59762],[10.08731,53.59754],[10.08328,53.59845],[10.08087,53.59838],[10.07898,53.59811],[10.07699,53.59751],[10.07402,53.59616],[10.07156,53.59542],[10.07004,53.59394],[10.0698,53.59304],[10.07001,53.59196],[10.0678,53.59218],[10.06187,53.59329],[10.05928,53.59343],[10.05821,53.5937],[10.05782,53.59418],[10.05715,53.59464],[10.05692,53.59512],[10.05638,53.59527],[10.05557,53.59653],[10.05579,53.59678],[10.05564,53.59747],[10.05574,53.59826],[10.05478,53.59952],[10.05483,53.59994],[10.05513,53.60037],[10.05603,53.60093],[10.05674,53.60211],[10.06015,53.60464],[10.06163,53.60608],[10.0639,53.60744],[10.06455,53.60821],[10.06506,53.60915],[10.06659,53.61008],[10.06732,53.6115],[10.06809,53.61242],[10.06815,53.61279],[10.06791,53.61397],[10.06861,53.61508],[10.07029,53.61663],[10.07242,53.6166],[10.07268,53.61746],[10.07426,53.61897],[10.0765,53.62027],[10.07714,53.62015],[10.07761,53.62109],[10.07731,53.62115],[10.0778,53.62208],[10.07915,53.62186],[10.08004,53.62291],[10.08011,53.62358],[10.08038,53.62363],[10.08065,53.62433],[10.08106,53.62476],[10.08344,53.62444],[10.08359,53.62523],[10.08419,53.62518],[10.08434,53.62575],[10.08452,53.62575],[10.08457,53.62593],[10.08497,53.62589],[10.0852,53.62693],[10.08457,53.627],[10.08457,53.6275],[10.08194,53.62883],[10.07798,53.62886],[10.07797,53.63105],[10.07707,53.63147],[10.07427,53.63131],[10.07748,53.63196],[10.07798,53.63193],[10.07804,53.63207],[10.08404,53.63238],[10.09407,53.63394],[10.09891,53.63325],[10.11181,53.63594],[10.11738,53.63318],[10.12075,53.63103],[10.12314,53.6302],[10.11832,53.62565],[10.11313,53.62466],[10.11098,53.62357],[10.11182,53.62215]]]]}},{"type":"Feature","properties":{"name":"Steilshoop","bezirk":"Wandsbek"},"geometry":{"type":"MultiPolygon","coordinates":[[[[10.05487,53.60162],[10.05135,53.60281],[10.05095,53.60253],[10.04791,53.60367],[10.04712,53.60412],[10.04367,53.60689],[10.04334,53.60694],[10.04315,53.60784],[10.04425,53.608],[10.04389,53.61129],[10.04369,53.61173],[10.04548,53.61325],[10.04976,53.61901],[10.05467,53.61732],[10.05627,53.61707],[10.05728,53.61848],[10.05876,53.61954],[10.06043,53.62019],[10.06185,53.62048],[10.06335,53.62054],[10.06569,53.62029],[10.06748,53.61975],[10.06923,53.61979],[10.07038,53.61939],[10.07152,53.6193],[10.07242,53.619],[10.07316,53.61929],[10.07426,53.61897],[10.07268,53.61746],[10.07242,53.6166],[10.07029,53.61663],[10.06856,53.61503],[10.06791,53.61397],[10.06815,53.61279],[10.06805,53.61233],[10.06732,53.6115],[10.06667,53.61018],[10.06498,53.60907],[10.06455,53.60821],[10.064,53.60753],[10.06161,53.60606],[10.06015,53.60464],[10.05674,53.60211],[10.0564,53.6014],[10.05568,53.60138],[10.05487,53.60162]]]]}},{"type":"Feature","properties":{"name":"Wellingsbüttel","bezirk":"Wandsbek"},"geometry":{"type":"MultiPolygon","coordinates":[[[[10.10359,53.63421],[10.09891,53.63325],[10.09407,53.63394],[10.08404,53.63238],[10.07804,53.63207],[10.07798,53.63193],[10.07748,53.63196],[10.07405,53.63129],[10.06116,53.62839],[10.06009,53.63156],[10.05856,53.63137],[10.05758,53.63441],[10.05728,53.63607],[10.05723,53.63652],[10.05765,53.63677],[10.05647,53.63814],[10.05699,53.63816],[10.05874,53.63748],[10.05928,53.63819],[10.06017,53.63836],[10.06121,53.63888],[10.06067,53.6397],[10.06122,53.64066],[10.06174,53.64105],[10.06247,53.64113],[10.06406,53.64057],[10.06569,53.64088],[10.06603,53.64102],[10.06659,53.64163],[10.06732,53.64168],[10.06882,53.64235],[10.07066,53.64349],[10.07207,53.64408],[10.07269,53.64464],[10.07371,53.64488],[10.07532,53.64488],[10.0762,53.64546],[10.07703,53.64504],[10.0777,53.64496],[10.07973,53.64527],[10.08025,53.64562],[10.08136,53.6458],[10.08172,53.64651],[10.08315,53.6469],[10.08635,53.64475],[10.0882,53.64434],[10.09012,53.64589],[10.09132,53.64754],[10.09182,53.64762],[10.09371,53.64551],[10.09392,53.6446],[10.10299,53.64074],[10.10797,53.63783],[10.11189,53.63596],[10.10359,53.63421]]]]}},{"type":"Feature","properties":{"name":"Sasel","bezirk":"Wandsbek"},"geometry":{"type":"MultiPolygon","coordinates":[[[[10.1099,53.63693],[10.10797,53.63783],[10.10299,53.64074],[10.09392,53.6446],[10.09371,53.64551],[10.09182,53.64762],[10.09349,53.64858],[10.10007,53.65133],[10.1017,53.65227],[10.10097,53.65799],[10.09335,53.65964],[10.09288,53.6592],[10.09203,53.65893],[10.09056,53.65906],[10.09103,53.65954],[10.09045,53.65995],[10.09038,53.6602],[10.09213,53.66115],[10.09238,53.66144],[10.09172,53.6631],[10.0918,53.66355],[10.09215,53.66377],[10.09431,53.6643],[10.09567,53.66496],[10.0961,53.66539],[10.09649,53.66644],[10.09755,53.66743],[10.09743,53.66765],[10.09593,53.66848],[10.09342,53.66875],[10.09305,53.66892],[10.09276,53.66969],[10.09206,53.67064],[10.09207,53.67195],[10.09244,53.6724],[10.09359,53.67262],[10.09467,53.67258],[10.09763,53.67152],[10.09825,53.67103],[10.09919,53.66904],[10.09974,53.66875],[10.10044,53.66878],[10.10214,53.66943],[10.10506,53.66943],[10.10614,53.66971],[10.10665,53.67007],[10.10922,53.66981],[10.10988,53.66959],[10.11113,53.66879],[10.11117,53.6685],[10.11171,53.66782],[10.11162,53.66769],[10.11181,53.66731],[10.11171,53.6672],[10.11219,53.66714],[10.11207,53.66705],[10.11225,53.66656],[10.11067,53.66566],[10.11086,53.66558],[10.11064,53.66556],[10.11022,53.66512],[10.11064,53.66456],[10.10911,53.66371],[10.10926,53.66352],[10.10911,53.66335],[10.10946,53.66321],[10.10936,53.663],[10.10983,53.66293],[10.11008,53.66266],[10.11048,53.66264],[10.11066,53.6628],[10.11124,53.66255],[10.11163,53.66209],[10.11158,53.66182],[10.11243,53.66146],[10.11326,53.66085],[10.1147,53.66043],[10.11641,53.6602],[10.11748,53.6604],[10.11859,53.66017],[10.119,53.65962],[10.11927,53.65955],[10.12052,53.65963],[10.12072,53.65978],[10.12078,53.66018],[10.1211,53.6607],[10.1215,53.66077],[10.12295,53.66046],[10.12506,53.65935],[10.12817,53.65905],[10.12983,53.65924],[10.13145,53.659],[10.13219,53.65871],[10.13308,53.65807],[10.13464,53.65753],[10.13727,53.65616],[10.13777,53.65565],[10.13882,53.65498],[10.14045,53.6543],[10.14035,53.65393],[10.13907,53.65271],[10.13793,53.65215],[10.13695,53.65047],[10.13681,53.65008],[10.13688,53.64938],[10.13914,53.64356],[10.13979,53.64318],[10.14263,53.64259],[10.14252,53.63773],[10.13863,53.63785],[10.13795,53.63818],[10.13315,53.6373],[10.13111,53.63801],[10.12962,53.63901],[10.1262,53.63762],[10.1275,53.63657],[10.12778,53.63616],[10.12846,53.63621],[10.12986,53.63368],[10.12889,53.63349],[10.12901,53.63322],[10.12755,53.63315],[10.12573,53.63357],[10.12439,53.63346],[10.12319,53.63299],[10.12276,53.63263],[10.12276,53.63142],[10.12314,53.6302],[10.12075,53.63103],[10.11738,53.63318],[10.1099,53.63693]]]]}},{"type":"Feature","properties":{"name":"Poppenbüttel","bezirk":"Wandsbek"},"geometry":{"type":"MultiPolygon","coordinates":[[[[10.10038,53.6515],[10.09326,53.64848],[10.09212,53.64774],[10.09132,53.64754],[10.09012,53.64589],[10.0882,53.64434],[10.08635,53.64475],[10.08315,53.6469],[10.08172,53.64651],[10.08136,53.6458],[10.08025,53.64562],[10.07973,53.64527],[10.0777,53.64496],[10.07703,53.64504],[10.0762,53.64546],[10.07532,53.64488],[10.07371,53.64488],[10.07273,53.64465],[10.07207,53.64408],[10.07066,53.64349],[10.06882,53.64235],[10.06732,53.64168],[10.06659,53.64163],[10.06589,53.64094],[10.06417,53.64058],[10.06358,53.64066],[10.06399,53.641],[10.06406,53.6416],[10.06457,53.64181],[10.0619,53.64522],[10.06305,53.64549],[10.06256,53.64617],[10.06526,53.65026],[10.06858,53.65114],[10.06716,53.65311],[10.06393,53.65374],[10.0645,53.65482],[10.0651,53.65527],[10.06497,53.65546],[10.06408,53.65553],[10.06216,53.66157],[10.06099,53.66255],[10.05854,53.66716],[10.0583,53.66799],[10.05702,53.67052],[10.05534,53.67238],[10.05324,53.67547],[10.05328,53.6756],[10.05311,53.67565],[10.0517,53.67772],[10.07176,53.67977],[10.07269,53.67952],[10.07333,53.67957],[10.07465,53.67898],[10.07532,53.67835],[10.07686,53.67813],[10.07862,53.67686],[10.07883,53.67639],[10.08344,53.67437],[10.0842,53.67432],[10.08578,53.67287],[10.08699,53.67225],[10.08745,53.67185],[10.08775,53.67142],[10.08747,53.6711],[10.08796,53.67073],[10.08813,53.67039],[10.08888,53.67017],[10.08915,53.66982],[10.0895,53.66976],[10.08947,53.66965],[10.08993,53.66959],[10.09029,53.66932],[10.09027,53.66903],[10.09103,53.66873],[10.09116,53.66832],[10.09227,53.66794],[10.09276,53.66857],[10.09338,53.66876],[10.09552,53.66856],[10.09651,53.6682],[10.09743,53.66765],[10.09754,53.6674],[10.09649,53.66644],[10.09588,53.66512],[10.09431,53.6643],[10.09215,53.66377],[10.09177,53.66351],[10.09172,53.6631],[10.09238,53.66144],[10.09213,53.66115],[10.09038,53.6602],[10.09045,53.65995],[10.09103,53.65954],[10.09056,53.65906],[10.09203,53.65893],[10.09288,53.6592],[10.09335,53.65964],[10.10097,53.65799],[10.1017,53.65227],[10.10038,53.6515]]]]}},{"type":"Feature","properties":{"name":"Hummelsbüttel","bezirk":"Wandsbek"},"geometry":{"type":"MultiPolygon","coordinates":[[[[10.03641,53.63462],[10.03336,53.63615],[10.03398,53.63671],[10.03281,53.6369],[10.03287,53.63706],[10.03218,53.63724],[10.03226,53.63755],[10.03146,53.63763],[10.03145,53.63778],[10.02998,53.63793],[10.02832,53.63772],[10.02616,53.63827],[10.02537,53.63773],[10.0242,53.63813],[10.02363,53.63813],[10.02378,53.63823],[10.02375,53.63839],[10.02076,53.63943],[10.02036,53.63908],[10.0202,53.64003],[10.02059,53.64004],[10.02466,53.64425],[10.03394,53.65211],[10.03406,53.65236],[10.03565,53.65312],[10.03659,53.65395],[10.03643,53.6551],[10.03658,53.65742],[10.03624,53.65762],[10.03484,53.65768],[10.03464,53.65786],[10.03478,53.65893],[10.03534,53.65934],[10.03508,53.66043],[10.03541,53.66089],[10.03501,53.6611],[10.03493,53.66158],[10.03595,53.67537],[10.03855,53.67766],[10.03881,53.67764],[10.04309,53.68141],[10.04289,53.68149],[10.04346,53.68199],[10.05148,53.6777],[10.0517,53.67772],[10.05311,53.67565],[10.05328,53.6756],[10.05324,53.67547],[10.05534,53.67238],[10.05702,53.67052],[10.0583,53.66799],[10.05854,53.66716],[10.06099,53.66255],[10.06216,53.66157],[10.06408,53.65553],[10.06497,53.65546],[10.0651,53.65527],[10.0645,53.65482],[10.06393,53.65374],[10.06716,53.65311],[10.06858,53.65114],[10.06526,53.65026],[10.06256,53.64617],[10.06305,53.64549],[10.0619,53.64522],[10.06457,53.64174],[10.06406,53.6416],[10.06399,53.641],[10.06358,53.64066],[10.06238,53.64115],[10.06153,53.64094],[10.06114,53.64056],[10.06067,53.6397],[10.06122,53.6389],[10.06017,53.63836],[10.05928,53.63819],[10.05879,53.63751],[10.05699,53.63816],[10.05644,53.63818],[10.05544,53.63791],[10.05308,53.63658],[10.05071,53.63572],[10.05003,53.63568],[10.04868,53.63629],[10.04752,53.63613],[10.04657,53.63578],[10.0457,53.63507],[10.04378,53.63482],[10.04292,53.63414],[10.04171,53.63375],[10.04153,53.63341],[10.04186,53.63242],[10.04155,53.63219],[10.04056,53.63194],[10.03972,53.63196],[10.03853,53.63249],[10.03744,53.63275],[10.03566,53.6342],[10.03641,53.63462]]]]}},{"type":"Feature","properties":{"name":"Lemsahl-Mellingstedt","bezirk":"Wandsbek"},"geometry":{"type":"MultiPolygon","coordinates":[[[[10.09132,53.66827],[10.09116,53.66832],[10.09091,53.66882],[10.09025,53.66905],[10.09029,53.66932],[10.08993,53.66959],[10.08947,53.66965],[10.0895,53.66976],[10.08915,53.66982],[10.08888,53.67017],[10.08813,53.67039],[10.08796,53.67073],[10.08747,53.6711],[10.08775,53.67142],[10.08745,53.67185],[10.08699,53.67225],[10.08578,53.67287],[10.0842,53.67432],[10.08344,53.67437],[10.07883,53.67639],[10.07862,53.67686],[10.07686,53.67813],[10.07532,53.67835],[10.07465,53.67898],[10.07333,53.67957],[10.07269,53.67952],[10.07176,53.67977],[10.06927,53.67952],[10.06587,53.68497],[10.06716,53.68523],[10.06668,53.6859],[10.06163,53.68608],[10.06071,53.68825],[10.06037,53.68831],[10.06407,53.68865],[10.06585,53.68898],[10.06581,53.69075],[10.06643,53.69078],[10.06761,53.69264],[10.06758,53.69377],[10.06807,53.6949],[10.06884,53.69488],[10.06975,53.69642],[10.07099,53.69577],[10.07095,53.69565],[10.08215,53.69546],[10.08247,53.69744],[10.08473,53.69742],[10.0923,53.69551],[10.0965,53.69853],[10.10042,53.69663],[10.10185,53.69827],[10.10666,53.69754],[10.10522,53.69566],[10.11075,53.69535],[10.1108,53.6958],[10.11527,53.69559],[10.11545,53.69639],[10.11575,53.69633],[10.11669,53.69708],[10.11759,53.69706],[10.11783,53.69693],[10.11793,53.69655],[10.11887,53.69624],[10.12012,53.69762],[10.12113,53.69647],[10.12264,53.69659],[10.12272,53.69601],[10.12299,53.69553],[10.12291,53.69534],[10.12204,53.69513],[10.12028,53.69567],[10.11964,53.69555],[10.11889,53.69479],[10.11875,53.69418],[10.1179,53.69368],[10.11755,53.69321],[10.11648,53.69261],[10.11648,53.69197],[10.11754,53.68987],[10.11707,53.68917],[10.11593,53.6882],[10.11616,53.68657],[10.11668,53.68574],[10.116,53.68468],[10.11637,53.6839],[10.11634,53.68311],[10.11477,53.68251],[10.11486,53.68212],[10.11533,53.68169],[10.11522,53.68119],[10.11532,53.68074],[10.11468,53.6804],[10.11365,53.68021],[10.11393,53.67983],[10.11378,53.67966],[10.10984,53.67897],[10.10975,53.67854],[10.11083,53.6775],[10.11076,53.67722],[10.10816,53.67619],[10.10699,53.67542],[10.10392,53.67387],[10.10388,53.67329],[10.10454,53.67207],[10.10682,53.67072],[10.10689,53.67036],[10.10651,53.66993],[10.10506,53.66943],[10.10227,53.66945],[10.10044,53.66878],[10.09968,53.66876],[10.09919,53.66904],[10.09825,53.67103],[10.09776,53.67145],[10.09482,53.67254],[10.0933,53.67259],[10.09258,53.67246],[10.09213,53.67215],[10.09206,53.67064],[10.09276,53.66969],[10.09295,53.66905],[10.09338,53.66876],[10.09276,53.66857],[10.09227,53.66794],[10.09132,53.66827]]]]}},{"type":"Feature","properties":{"name":"Duvenstedt","bezirk":"Wandsbek"},"geometry":{"type":"MultiPolygon","coordinates":[[[[10.11944,53.70049],[10.11973,53.70035],[10.11979,53.70013],[10.1193,53.69934],[10.1187,53.69911],[10.11874,53.69891],[10.11935,53.69879],[10.12047,53.69886],[10.12164,53.69856],[10.12308,53.69872],[10.12384,53.69825],[10.12401,53.69773],[10.12283,53.69722],[10.12264,53.69659],[10.12113,53.69647],[10.12012,53.69762],[10.11887,53.69624],[10.11793,53.69655],[10.11783,53.69693],[10.11759,53.69706],[10.11695,53.69712],[10.1164,53.69693],[10.11575,53.69633],[10.11545,53.69639],[10.11527,53.69559],[10.1108,53.6958],[10.11075,53.69535],[10.10522,53.69566],[10.10666,53.69754],[10.10185,53.69827],[10.10042,53.69663],[10.09649,53.69853],[10.0923,53.69551],[10.08473,53.69742],[10.08247,53.69744],[10.08215,53.69546],[10.07095,53.69565],[10.0713,53.69689],[10.07324,53.69866],[10.07505,53.69892],[10.0753,53.69898],[10.07532,53.69918],[10.0775,53.69944],[10.07609,53.70079],[10.07668,53.70197],[10.07899,53.7039],[10.06936,53.70616],[10.07128,53.70835],[10.07294,53.70972],[10.0712,53.71022],[10.07072,53.70993],[10.06924,53.71093],[10.07053,53.71236],[10.07384,53.71184],[10.07687,53.71371],[10.07645,53.71376],[10.08198,53.72044],[10.09414,53.71933],[10.09619,53.71848],[10.09883,53.71661],[10.10113,53.71669],[10.10204,53.71514],[10.10926,53.71425],[10.11187,53.71442],[10.11204,53.71425],[10.11335,53.7144],[10.11346,53.71475],[10.11421,53.71527],[10.11426,53.71545],[10.11445,53.71546],[10.11463,53.71579],[10.11577,53.71607],[10.11654,53.71539],[10.11749,53.71504],[10.11772,53.71456],[10.1177,53.71378],[10.11905,53.71344],[10.11897,53.71314],[10.11864,53.71305],[10.11834,53.71244],[10.11787,53.71201],[10.11828,53.7116],[10.11856,53.71051],[10.11831,53.71023],[10.11864,53.70982],[10.11926,53.70966],[10.11801,53.70778],[10.11839,53.7076],[10.11834,53.70692],[10.11912,53.70556],[10.1182,53.70497],[10.11744,53.70335],[10.11788,53.70109],[10.11838,53.70078],[10.11944,53.70049]],[[10.11692,53.71385],[10.11691,53.71418],[10.11658,53.71423],[10.11583,53.71472],[10.11538,53.71468],[10.11545,53.71443],[10.11613,53.71382],[10.11692,53.71385]]]]}},{"type":"Feature","properties":{"name":"Wohldorf-Ohlstedt","bezirk":"Wandsbek"},"geometry":{"type":"MultiPolygon","coordinates":[[[[10.13651,53.6829],[10.13626,53.68299],[10.13643,53.68314],[10.13636,53.68326],[10.13611,53.68312],[10.13588,53.68321],[10.13611,53.68337],[10.13588,53.68355],[10.1356,53.68365],[10.13534,53.68355],[10.13547,53.68388],[10.13519,53.68381],[10.13502,53.68393],[10.13521,53.68412],[10.1351,53.68426],[10.13426,53.68419],[10.13366,53.68434],[10.1334,53.68415],[10.13304,53.6844],[10.13207,53.68437],[10.13219,53.68637],[10.13077,53.68685],[10.13043,53.68722],[10.12979,53.68711],[10.13002,53.6868],[10.12989,53.68666],[10.12903,53.68695],[10.12861,53.68682],[10.12845,53.68696],[10.12861,53.68705],[10.12814,53.68712],[10.12819,53.68749],[10.12834,53.68756],[10.12691,53.6882],[10.12703,53.68832],[10.12653,53.68867],[10.12671,53.68894],[10.12626,53.68915],[10.12604,53.68914],[10.12563,53.68877],[10.1249,53.6887],[10.12377,53.68914],[10.12388,53.68947],[10.12349,53.68959],[10.12315,53.68954],[10.12244,53.68898],[10.12157,53.68886],[10.12108,53.68938],[10.1215,53.68969],[10.1209,53.69015],[10.12078,53.69045],[10.12097,53.69084],[10.1216,53.69138],[10.12153,53.69161],[10.12043,53.69169],[10.11942,53.69133],[10.1183,53.69151],[10.11796,53.69138],[10.11793,53.69108],[10.11726,53.6905],[10.11648,53.69197],[10.11653,53.69269],[10.11755,53.69321],[10.1179,53.69368],[10.11875,53.69418],[10.11889,53.69479],[10.11959,53.69553],[10.12025,53.69568],[10.12204,53.69513],[10.12293,53.69535],[10.12299,53.69556],[10.12267,53.69625],[10.12273,53.69711],[10.12403,53.6978],[10.12362,53.69849],[10.12308,53.69872],[10.12164,53.69856],[10.12047,53.69886],[10.11921,53.6988],[10.11864,53.69901],[10.11937,53.6994],[10.1198,53.70025],[10.11788,53.70109],[10.11744,53.70335],[10.1182,53.70497],[10.11912,53.70556],[10.11834,53.70692],[10.11839,53.7076],[10.11801,53.70778],[10.11926,53.70966],[10.11864,53.70982],[10.11831,53.71023],[10.11856,53.71051],[10.11828,53.7116],[10.11791,53.71186],[10.11788,53.71207],[10.11834,53.71244],[10.11872,53.7131],[10.12088,53.71329],[10.12112,53.71317],[10.12163,53.71458],[10.12351,53.71713],[10.12428,53.71717],[10.12482,53.71811],[10.12598,53.71915],[10.12615,53.71946],[10.12863,53.72079],[10.13225,53.72227],[10.13342,53.7231],[10.13816,53.72481],[10.13947,53.72568],[10.14277,53.7251],[10.14601,53.7282],[10.1471,53.72867],[10.1616,53.7333],[10.16175,53.73698],[10.16247,53.7372],[10.16228,53.73749],[10.16234,53.73783],[10.16286,53.7383],[10.16479,53.73944],[10.16579,53.73925],[10.16771,53.73932],[10.17258,53.73821],[10.17689,53.73635],[10.17864,53.73423],[10.1828,53.73273],[10.18394,53.73256],[10.18451,53.73263],[10.1855,53.73233],[10.18598,53.73148],[10.1859,53.73137],[10.1865,53.7311],[10.18801,53.73119],[10.18901,53.73071],[10.19099,53.73134],[10.19372,53.731],[10.19172,53.72401],[10.19144,53.72352],[10.19174,53.72268],[10.18522,53.71404],[10.18157,53.7089],[10.18089,53.70927],[10.17751,53.70996],[10.17681,53.71046],[10.17483,53.71124],[10.17479,53.71167],[10.17494,53.71182],[10.17411,53.71249],[10.17229,53.71241],[10.17198,53.71191],[10.17131,53.71169],[10.16875,53.71158],[10.16724,53.71113],[10.16661,53.71124],[10.16628,53.71024],[10.16632,53.70988],[10.1666,53.70981],[10.16694,53.71009],[10.16737,53.71012],[10.16744,53.70998],[10.16711,53.70952],[10.16759,53.70965],[10.168,53.70928],[10.16742,53.70925],[10.16744,53.70907],[10.16858,53.70867],[10.15686,53.70452],[10.15655,53.70365],[10.15686,53.70317],[10.15759,53.70289],[10.15772,53.70254],[10.15824,53.70227],[10.15806,53.70214],[10.15816,53.70208],[10.15926,53.70153],[10.15986,53.7014],[10.1603,53.70083],[10.1598,53.70028],[10.15957,53.69806],[10.15973,53.69805],[10.15966,53.69737],[10.15985,53.69704],[10.15981,53.69659],[10.15892,53.69454],[10.1587,53.69134],[10.15853,53.69111],[10.15861,53.69043],[10.15895,53.69054],[10.15891,53.69026],[10.15826,53.68944],[10.15739,53.68941],[10.1575,53.68961],[10.15727,53.68971],[10.15626,53.68939],[10.15564,53.68888],[10.15587,53.68874],[10.1559,53.68849],[10.15509,53.68834],[10.15491,53.68809],[10.15517,53.68794],[10.1551,53.68782],[10.15457,53.6877],[10.15483,53.68737],[10.15445,53.6872],[10.15456,53.68706],[10.15347,53.68697],[10.15255,53.6865],[10.15282,53.68628],[10.15331,53.68437],[10.15191,53.68253],[10.14679,53.68051],[10.14563,53.67996],[10.14563,53.67984],[10.14501,53.67971],[10.14451,53.67992],[10.14432,53.68024],[10.1439,53.68032],[10.14381,53.68058],[10.14342,53.68074],[10.14365,53.68087],[10.14332,53.68125],[10.14337,53.68151],[10.14309,53.68193],[10.14286,53.68192],[10.1429,53.68211],[10.14269,53.68237],[10.14212,53.68265],[10.14229,53.68289],[10.14182,53.68277],[10.14129,53.68285],[10.14071,53.68253],[10.14045,53.68272],[10.14007,53.68248],[10.13979,53.68267],[10.13954,53.68248],[10.13936,53.68269],[10.13902,53.68235],[10.13864,53.68251],[10.13837,53.6824],[10.13849,53.68257],[10.13828,53.68256],[10.13799,53.68219],[10.13776,53.68251],[10.13798,53.6826],[10.13651,53.6829]]]]}},{"type":"Feature","properties":{"name":"Bergstedt","bezirk":"Wandsbek"},"geometry":{"type":"MultiPolygon","coordinates":[[[[10.13124,53.65905],[10.12961,53.65925],[10.12817,53.65905],[10.12506,53.65935],[10.12295,53.66046],[10.1215,53.66077],[10.1211,53.6607],[10.12078,53.66018],[10.12072,53.65978],[10.12052,53.65963],[10.11927,53.65955],[10.119,53.65962],[10.11859,53.66017],[10.11748,53.6604],[10.11641,53.6602],[10.1147,53.66043],[10.11326,53.66085],[10.11243,53.66146],[10.11158,53.66182],[10.11163,53.66209],[10.11124,53.66255],[10.11066,53.6628],[10.11048,53.66264],[10.11008,53.66266],[10.10983,53.66293],[10.10936,53.663],[10.10946,53.66321],[10.10911,53.66335],[10.10926,53.66352],[10.10911,53.66371],[10.11064,53.66456],[10.11022,53.66512],[10.11064,53.66556],[10.11086,53.66558],[10.11067,53.66566],[10.11225,53.66656],[10.11207,53.66705],[10.11219,53.66714],[10.11171,53.6672],[10.11181,53.66731],[10.11162,53.66769],[10.11171,53.66782],[10.11117,53.6685],[10.11113,53.66879],[10.10988,53.66959],[10.10922,53.66981],[10.10665,53.67007],[10.10691,53.67043],[10.10676,53.6708],[10.10471,53.67191],[10.1043,53.67236],[10.10388,53.67329],[10.10387,53.67377],[10.10416,53.67403],[10.10699,53.67542],[10.10816,53.67619],[10.1108,53.67725],[10.11083,53.6775],[10.10975,53.67854],[10.10984,53.67897],[10.11378,53.67966],[10.11393,53.67983],[10.11365,53.68021],[10.11468,53.6804],[10.11532,53.68074],[10.11522,53.68119],[10.11533,53.68169],[10.11486,53.68212],[10.11477,53.68251],[10.11634,53.68311],[10.11637,53.6839],[10.116,53.68468],[10.11668,53.68574],[10.11616,53.68657],[10.11593,53.6882],[10.11748,53.68966],[10.11753,53.69001],[10.11726,53.6905],[10.11793,53.69108],[10.11806,53.69145],[10.11848,53.69152],[10.11942,53.69133],[10.12043,53.69169],[10.12153,53.69161],[10.1216,53.69138],[10.12097,53.69084],[10.12078,53.69045],[10.1209,53.69015],[10.1215,53.68969],[10.12108,53.68938],[10.12157,53.68886],[10.12244,53.68898],[10.12315,53.68954],[10.12349,53.68959],[10.12388,53.68947],[10.12377,53.68914],[10.1249,53.6887],[10.12563,53.68877],[10.12604,53.68914],[10.12626,53.68915],[10.12671,53.68894],[10.12653,53.68867],[10.12703,53.68832],[10.12691,53.6882],[10.12834,53.68756],[10.12819,53.68749],[10.12814,53.68712],[10.12861,53.68705],[10.12845,53.68696],[10.12861,53.68682],[10.12903,53.68695],[10.12989,53.68666],[10.13002,53.6868],[10.12979,53.68711],[10.13043,53.68722],[10.13077,53.68685],[10.13219,53.68637],[10.13207,53.68437],[10.13304,53.6844],[10.1334,53.68415],[10.13366,53.68434],[10.13426,53.68419],[10.1351,53.68426],[10.13521,53.68412],[10.13502,53.68393],[10.13519,53.68381],[10.13547,53.68388],[10.13535,53.68354],[10.13561,53.68365],[10.13602,53.68346],[10.1361,53.68334],[10.13588,53.68322],[10.13607,53.68312],[10.13636,53.68326],[10.13629,53.68295],[10.13798,53.6826],[10.13776,53.68251],[10.13799,53.68219],[10.13828,53.68256],[10.13849,53.68257],[10.13837,53.6824],[10.13864,53.68251],[10.13902,53.68235],[10.13936,53.68269],[10.13954,53.68248],[10.13979,53.68267],[10.14007,53.68248],[10.14045,53.68272],[10.14071,53.68253],[10.14129,53.68285],[10.14182,53.68277],[10.14229,53.68289],[10.14212,53.68265],[10.14269,53.68237],[10.1429,53.68211],[10.14286,53.68192],[10.14309,53.68193],[10.14341,53.68142],[10.14332,53.68125],[10.14365,53.68087],[10.1423,53.68027],[10.13996,53.68036],[10.14115,53.6783],[10.14225,53.67646],[10.14375,53.67723],[10.14437,53.67673],[10.14476,53.67614],[10.14642,53.67588],[10.14543,53.67401],[10.14675,53.67404],[10.14658,53.67254],[10.14521,53.67135],[10.14515,53.66894],[10.14655,53.66873],[10.14722,53.66829],[10.14729,53.6665],[10.14777,53.66587],[10.15012,53.66085],[10.15054,53.65943],[10.14835,53.65912],[10.14704,53.65978],[10.1459,53.6594],[10.14524,53.65958],[10.14331,53.65969],[10.14163,53.65945],[10.14158,53.65877],[10.14188,53.65845],[10.14167,53.65805],[10.14043,53.65788],[10.14017,53.65771],[10.14045,53.6543],[10.13882,53.65498],[10.13777,53.65565],[10.13727,53.65616],[10.13464,53.65753],[10.13308,53.65807],[10.13209,53.65877],[10.13124,53.65905]]]]}},{"type":"Feature","properties":{"name":"Volksdorf","bezirk":"Wandsbek"},"geometry":{"type":"MultiPolygon","coordinates":[[[[10.16904,53.66825],[10.16846,53.66844],[10.16837,53.66875],[10.16986,53.66913],[10.17037,53.66875],[10.16983,53.6684],[10.16904,53.66825]]],[[[10.19733,53.64855],[10.19819,53.64754],[10.19868,53.64725],[10.19885,53.64673],[10.19537,53.64237],[10.18964,53.63838],[10.18174,53.63801],[10.18121,53.6382],[10.18022,53.63733],[10.17888,53.63797],[10.17876,53.63693],[10.17812,53.63686],[10.17701,53.63697],[10.17698,53.63778],[10.16212,53.63683],[10.14758,53.63424],[10.14252,53.63773],[10.14263,53.64259],[10.13979,53.64318],[10.13914,53.64356],[10.1371,53.64866],[10.13681,53.65008],[10.13793,53.65215],[10.13907,53.65271],[10.14035,53.65393],[10.14045,53.6543],[10.14017,53.65771],[10.14043,53.65788],[10.14167,53.65805],[10.14188,53.65845],[10.14158,53.65877],[10.14163,53.65945],[10.14331,53.65969],[10.14524,53.65958],[10.1459,53.6594],[10.14704,53.65978],[10.14835,53.65912],[10.15054,53.65943],[10.15012,53.66085],[10.14777,53.66587],[10.14729,53.6665],[10.14722,53.66829],[10.14655,53.66873],[10.14515,53.66894],[10.14521,53.67135],[10.14658,53.67254],[10.14675,53.67404],[10.14543,53.67401],[10.14642,53.67588],[10.15,53.67539],[10.15252,53.67477],[10.15413,53.67464],[10.15358,53.67559],[10.15418,53.67607],[10.15456,53.67579],[10.15493,53.67486],[10.15526,53.67447],[10.1544,53.67431],[10.15414,53.67394],[10.15485,53.67294],[10.1552,53.67295],[10.15507,53.67354],[10.15463,53.67418],[10.15482,53.67421],[10.15534,53.67369],[10.1556,53.67265],[10.15626,53.67223],[10.15894,53.67212],[10.16119,53.67132],[10.16087,53.67104],[10.15786,53.67173],[10.15512,53.6721],[10.15578,53.66992],[10.15884,53.66963],[10.15904,53.67064],[10.16007,53.67054],[10.16042,53.67106],[10.16094,53.67087],[10.16159,53.67092],[10.16374,53.66967],[10.16465,53.66848],[10.1656,53.66796],[10.1686,53.66766],[10.17218,53.66887],[10.17302,53.66857],[10.1733,53.66794],[10.17374,53.66756],[10.17412,53.66685],[10.17433,53.66676],[10.17418,53.66641],[10.17358,53.66627],[10.17351,53.66586],[10.17283,53.66544],[10.17365,53.66454],[10.17406,53.66428],[10.17458,53.66422],[10.17562,53.6633],[10.17711,53.66271],[10.17928,53.66292],[10.17929,53.66308],[10.17959,53.6632],[10.18024,53.66311],[10.18062,53.66325],[10.18169,53.66313],[10.18203,53.66328],[10.1824,53.66322],[10.18256,53.66298],[10.18282,53.66306],[10.18287,53.66323],[10.18376,53.66343],[10.1878,53.65865],[10.18751,53.65826],[10.18711,53.65809],[10.18658,53.65733],[10.18672,53.65691],[10.1871,53.65658],[10.18843,53.65604],[10.19,53.65595],[10.19171,53.65535],[10.1959,53.65478],[10.1963,53.65414],[10.19638,53.6535],[10.19607,53.6531],[10.19496,53.6526],[10.1953,53.65195],[10.19616,53.65151],[10.19619,53.65119],[10.1966,53.65043],[10.19663,53.65002],[10.19647,53.64979],[10.19665,53.64943],[10.19746,53.64906],[10.19719,53.64875],[10.19733,53.64855]]]]}},{"type":"Feature","properties":{"name":"Rahlstedt","bezirk":"Wandsbek"},"geometry":{"type":"MultiPolygon","coordinates":[[[[10.19687,53.60026],[10.19707,53.59933],[10.19597,53.59837],[10.1958,53.59787],[10.19545,53.59776],[10.19497,53.59787],[10.19439,53.59749],[10.19457,53.59722],[10.19344,53.59668],[10.1935,53.59622],[10.19331,53.59593],[10.19196,53.5961],[10.19177,53.59561],[10.19243,53.59445],[10.19246,53.59408],[10.19266,53.59402],[10.19424,53.59117],[10.20128,53.584],[10.19836,53.58213],[10.19584,53.58465],[10.18751,53.58398],[10.18716,53.58552],[10.18703,53.5855],[10.18733,53.58404],[10.16532,53.58232],[10.16318,53.584],[10.16435,53.58507],[10.16386,53.58544],[10.16371,53.58583],[10.16187,53.58579],[10.16144,53.58504],[10.16085,53.58455],[10.15894,53.58112],[10.15451,53.57882],[10.15411,53.57884],[10.15369,53.57817],[10.15328,53.5781],[10.15317,53.57787],[10.15286,53.57801],[10.15246,53.57791],[10.1518,53.57624],[10.15053,53.57664],[10.1482,53.577],[10.14797,53.57728],[10.14934,53.57816],[10.14923,53.57843],[10.14882,53.57922],[10.14833,53.57926],[10.14723,53.58118],[10.14554,53.58098],[10.14537,53.58209],[10.14517,53.58209],[10.14538,53.58276],[10.14493,53.58276],[10.14495,53.58372],[10.14456,53.5841],[10.14457,53.58463],[10.14479,53.58479],[10.14442,53.58485],[10.14445,53.5853],[10.14433,53.58531],[10.14433,53.5873],[10.14371,53.58788],[10.14303,53.5879],[10.14213,53.58928],[10.14188,53.58925],[10.14162,53.59076],[10.14023,53.59049],[10.13738,53.5928],[10.13712,53.59264],[10.13523,53.59446],[10.13341,53.59552],[10.13252,53.59647],[10.13107,53.59882],[10.12931,53.60017],[10.12802,53.60157],[10.12719,53.60327],[10.12646,53.6037],[10.1246,53.60411],[10.12342,53.60589],[10.12357,53.60863],[10.12437,53.60918],[10.12471,53.61093],[10.12473,53.61207],[10.12409,53.61352],[10.1418,53.62862],[10.15053,53.63477],[10.16212,53.63683],[10.17698,53.63778],[10.17701,53.63697],[10.17812,53.63686],[10.17876,53.63693],[10.17888,53.63797],[10.18022,53.63733],[10.18121,53.6382],[10.18174,53.63801],[10.18964,53.63838],[10.19434,53.63788],[10.19569,53.63746],[10.19751,53.63644],[10.19956,53.63616],[10.1999,53.63674],[10.20067,53.63651],[10.20239,53.63685],[10.20785,53.63633],[10.20923,53.63666],[10.21008,53.63667],[10.22196,53.63365],[10.21707,53.63116],[10.21695,53.63139],[10.21617,53.63127],[10.21685,53.62995],[10.21649,53.62896],[10.21656,53.62851],[10.21746,53.6277],[10.21754,53.62739],[10.21812,53.62718],[10.21784,53.62638],[10.21748,53.62614],[10.21676,53.62595],[10.21616,53.62543],[10.21409,53.6248],[10.21254,53.62403],[10.21213,53.62365],[10.2118,53.62373],[10.21155,53.62351],[10.21163,53.62341],[10.21107,53.62298],[10.2094,53.62383],[10.20786,53.62435],[10.2068,53.62384],[10.20651,53.62385],[10.20641,53.62368],[10.20553,53.62379],[10.20545,53.62365],[10.20582,53.62214],[10.20583,53.62148],[10.20451,53.62088],[10.20172,53.62016],[10.19921,53.61839],[10.19242,53.61533],[10.18885,53.61306],[10.1903,53.61145],[10.19182,53.60941],[10.19352,53.6099],[10.19527,53.60736],[10.19516,53.60516],[10.19529,53.60425],[10.19687,53.60026]]]]}},{"type":"Feature","properties":{"name":"Lohbrügge","bezirk":"Bergedorf"},"geometry":{"type":"MultiPolygon","coordinates":[[[[10.21219,53.49517],[10.21201,53.49461],[10.21203,53.49391],[10.21283,53.49389],[10.2128,53.4937],[10.20864,53.49136],[10.20812,53.49088],[10.20596,53.49019],[10.20387,53.48902],[10.20319,53.48907],[10.20309,53.49022],[10.20266,53.49067],[10.2014,53.49084],[10.20061,53.49069],[10.1988,53.49179],[10.19802,53.49171],[10.19265,53.48976],[10.19206,53.49023],[10.19213,53.49041],[10.19199,53.49054],[10.19095,53.49061],[10.19041,53.49022],[10.18965,53.49066],[10.18868,53.49087],[10.18744,53.49169],[10.18645,53.49173],[10.1859,53.49213],[10.18568,53.49237],[10.18536,53.49358],[10.18552,53.49469],[10.18481,53.49566],[10.18511,53.49686],[10.18466,53.49733],[10.18307,53.498],[10.18248,53.498],[10.18186,53.49767],[10.18001,53.49741],[10.17625,53.49624],[10.1751,53.49648],[10.17486,53.49679],[10.17499,53.4981],[10.17471,53.49875],[10.17402,53.49944],[10.17236,53.50049],[10.17095,53.50182],[10.17106,53.50264],[10.1722,53.50445],[10.17203,53.50489],[10.17035,53.50557],[10.16632,53.5068],[10.16264,53.5073],[10.16047,53.5071],[10.15849,53.50731],[10.15711,53.50717],[10.15467,53.50526],[10.154,53.5043],[10.15357,53.5032],[10.15327,53.50283],[10.15212,53.50225],[10.14987,53.50195],[10.14777,53.50207],[10.14637,53.50197],[10.1444,53.50239],[10.1412,53.50367],[10.13842,53.5042],[10.13643,53.50481],[10.13342,53.5065],[10.13067,53.50938],[10.13031,53.51091],[10.13076,53.513],[10.13001,53.51421],[10.12938,53.51479],[10.12776,53.51577],[10.12532,53.51786],[10.12418,53.51857],[10.12345,53.51923],[10.12282,53.51933],[10.1224,53.51962],[10.12527,53.52113],[10.12973,53.52394],[10.13212,53.52432],[10.13345,53.52512],[10.13438,53.52585],[10.13434,53.52602],[10.13536,53.52606],[10.13572,53.52634],[10.13621,53.52641],[10.14558,53.52291],[10.15105,53.5205],[10.15117,53.52058],[10.15423,53.51906],[10.1551,53.51947],[10.15517,53.51965],[10.15627,53.51929],[10.15931,53.522],[10.15894,53.52281],[10.16237,53.52299],[10.1624,53.52246],[10.16576,53.52051],[10.16704,53.52016],[10.1671,53.52027],[10.16779,53.52018],[10.16818,53.51991],[10.173,53.5182],[10.17695,53.51697],[10.18258,53.51431],[10.18808,53.51219],[10.18784,53.51151],[10.18952,53.51157],[10.19004,53.51337],[10.20024,53.51415],[10.21042,53.51993],[10.21346,53.51524],[10.21319,53.51456],[10.21325,53.51423],[10.21355,53.51397],[10.21554,53.51382],[10.21398,53.51346],[10.21418,53.51291],[10.21673,53.51209],[10.21921,53.5106],[10.21846,53.50773],[10.22036,53.50746],[10.22109,53.50652],[10.22359,53.50616],[10.22392,53.50557],[10.22379,53.50508],[10.22255,53.50437],[10.2223,53.50319],[10.22082,53.50249],[10.21853,53.5019],[10.21847,53.50175],[10.21877,53.50165],[10.21836,53.50039],[10.21827,53.49917],[10.21712,53.49872],[10.21553,53.49884],[10.21358,53.49858],[10.21321,53.49816],[10.21337,53.49771],[10.21376,53.49748],[10.21449,53.49758],[10.21477,53.49747],[10.21475,53.49692],[10.214,53.49618],[10.21235,53.49609],[10.21219,53.49583],[10.21219,53.49517]]]]}},{"type":"Feature","properties":{"name":"Bergedorf","bezirk":"Bergedorf"},"geometry":{"type":"MultiPolygon","coordinates":[[[[10.20512,53.476],[10.2015,53.47797],[10.19951,53.4742],[10.1957,53.47344],[10.19151,53.47295],[10.18706,53.47284],[10.18106,53.4733],[10.17683,53.47411],[10.17789,53.47633],[10.17939,53.47783],[10.18251,53.48568],[10.18309,53.48616],[10.18513,53.48674],[10.18536,53.48699],[10.17045,53.48882],[10.17065,53.48968],[10.17232,53.48953],[10.173,53.4898],[10.17337,53.49057],[10.17459,53.49143],[10.17494,53.49228],[10.17771,53.49604],[10.17777,53.49678],[10.17874,53.49691],[10.18001,53.49741],[10.18186,53.49767],[10.18272,53.49804],[10.18466,53.49733],[10.18511,53.49686],[10.18481,53.49566],[10.18552,53.49469],[10.18536,53.49366],[10.18546,53.49304],[10.18569,53.49235],[10.18645,53.49173],[10.18744,53.49169],[10.18868,53.49087],[10.18965,53.49066],[10.19041,53.49022],[10.19095,53.49061],[10.19199,53.49054],[10.19213,53.49041],[10.19206,53.49023],[10.19268,53.48976],[10.19802,53.49171],[10.1988,53.49179],[10.20061,53.49069],[10.2014,53.49084],[10.20266,53.49067],[10.20309,53.49022],[10.20319,53.48907],[10.20387,53.48902],[10.20596,53.49019],[10.20812,53.49088],[10.20864,53.49136],[10.2128,53.4937],[10.21283,53.49389],[10.21211,53.49386],[10.21198,53.49408],[10.21223,53.49598],[10.21248,53.49612],[10.214,53.49618],[10.21465,53.49676],[10.21484,53.49721],[10.21464,53.49754],[10.21376,53.49748],[10.21337,53.49771],[10.21321,53.49816],[10.21377,53.49869],[10.21584,53.49884],[10.21699,53.4987],[10.21827,53.49923],[10.22,53.49934],[10.2207,53.49923],[10.22104,53.49904],[10.22071,53.49859],[10.22073,53.49829],[10.22227,53.49828],[10.22239,53.49806],[10.22195,53.49772],[10.22313,53.49708],[10.22288,53.49657],[10.22195,53.49641],[10.22484,53.49634],[10.22519,53.49592],[10.22681,53.49608],[10.22897,53.49566],[10.22968,53.49643],[10.2331,53.49721],[10.23686,53.49632],[10.23601,53.49448],[10.23453,53.49032],[10.23518,53.48909],[10.23737,53.48893],[10.23802,53.48471],[10.23853,53.48254],[10.24869,53.48009],[10.25231,53.47724],[10.25292,53.47756],[10.25447,53.4775],[10.25487,53.47766],[10.25491,53.47803],[10.25561,53.47824],[10.25642,53.47817],[10.25698,53.47782],[10.25995,53.47697],[10.25866,53.47624],[10.26001,53.47439],[10.26441,53.4751],[10.26519,53.47334],[10.26625,53.47312],[10.26601,53.47148],[10.26573,53.47093],[10.26169,53.47135],[10.2592,53.46829],[10.25896,53.4678],[10.2576,53.46865],[10.2549,53.47076],[10.25384,53.47176],[10.2532,53.47272],[10.25225,53.47328],[10.24941,53.47468],[10.24766,53.47498],[10.24582,53.4758],[10.24072,53.47724],[10.23923,53.47452],[10.23903,53.47237],[10.23755,53.46815],[10.23426,53.47011],[10.23253,53.47145],[10.20956,53.47452],[10.20529,53.47496],[10.20543,53.47531],[10.20512,53.476]]]]}},{"type":"Feature","properties":{"name":"Curslack","bezirk":"Bergedorf"},"geometry":{"type":"MultiPolygon","coordinates":[[[[10.2275,53.44759],[10.22589,53.4477],[10.2232,53.4471],[10.22083,53.44698],[10.21901,53.44721],[10.21735,53.44783],[10.2156,53.44932],[10.21529,53.44985],[10.2154,53.45072],[10.21649,53.45271],[10.21677,53.45448],[10.21666,53.45492],[10.21559,53.45651],[10.21433,53.45709],[10.21224,53.45762],[10.2096,53.45872],[10.20475,53.45923],[10.20323,53.45971],[10.20222,53.46045],[10.20148,53.46162],[10.20131,53.46216],[10.20142,53.46362],[10.20121,53.46441],[10.20079,53.46496],[10.19982,53.46554],[10.19669,53.46639],[10.19468,53.46654],[10.19671,53.4686],[10.19772,53.47055],[10.1981,53.47079],[10.19882,53.4718],[10.19995,53.47521],[10.2015,53.47797],[10.20507,53.4761],[10.20543,53.47531],[10.20529,53.47496],[10.20956,53.47452],[10.23253,53.47145],[10.23426,53.47011],[10.23755,53.46815],[10.23903,53.47237],[10.23923,53.47452],[10.24072,53.47724],[10.24582,53.4758],[10.24766,53.47498],[10.24941,53.47468],[10.25225,53.47328],[10.25313,53.47278],[10.25384,53.47176],[10.2549,53.47076],[10.2576,53.46866],[10.25209,53.45341],[10.24479,53.4322],[10.24423,53.431],[10.24404,53.4309],[10.24375,53.43105],[10.24212,53.43214],[10.24272,53.43309],[10.24226,53.43389],[10.23917,53.43549],[10.23806,53.43563],[10.23792,53.43619],[10.23653,53.43835],[10.2361,53.43993],[10.23539,53.44076],[10.23432,53.44156],[10.23323,53.44213],[10.2326,53.44274],[10.23182,53.44505],[10.2312,53.44599],[10.22969,53.447],[10.2275,53.44759]]]]}},{"type":"Feature","properties":{"name":"Altengamme","bezirk":"Bergedorf"},"geometry":{"type":"MultiPolygon","coordinates":[[[[10.30101,53.44258],[10.30835,53.44251],[10.30912,53.44272],[10.30967,53.44306],[10.31037,53.44511],[10.31225,53.45224],[10.31666,53.45214],[10.32528,53.44984],[10.31492,53.44049],[10.31446,53.43971],[10.31676,53.43894],[10.31916,53.4377],[10.31812,53.43649],[10.31784,53.43531],[10.31384,53.43538],[10.31017,53.43509],[10.30783,53.43472],[10.30798,53.43329],[10.3056,53.43308],[10.30251,53.4322],[10.29482,53.42844],[10.28743,53.42547],[10.28148,53.42372],[10.26458,53.42006],[10.26033,53.41855],[10.25761,53.41715],[10.25596,53.41816],[10.25444,53.41842],[10.25686,53.42047],[10.25672,53.42075],[10.25719,53.42135],[10.25802,53.42183],[10.25881,53.42169],[10.25946,53.42334],[10.25645,53.42374],[10.25627,53.42347],[10.25547,53.4235],[10.25484,53.42372],[10.25351,53.42454],[10.25372,53.42558],[10.25259,53.42672],[10.25196,53.42703],[10.25149,53.42751],[10.2501,53.4279],[10.24785,53.42942],[10.24556,53.42978],[10.24404,53.4309],[10.24425,53.43103],[10.24479,53.4322],[10.25209,53.45341],[10.25748,53.46847],[10.2576,53.46866],[10.25896,53.4678],[10.2592,53.46829],[10.26169,53.47135],[10.26573,53.47093],[10.2649,53.46901],[10.2684,53.46817],[10.2719,53.46664],[10.26934,53.46407],[10.27358,53.46266],[10.27482,53.46168],[10.27796,53.46012],[10.28075,53.45898],[10.28234,53.45755],[10.28397,53.4585],[10.29178,53.45437],[10.29378,53.45266],[10.29562,53.45207],[10.29791,53.45157],[10.29901,53.45062],[10.29421,53.44816],[10.29482,53.44751],[10.29711,53.44612],[10.29938,53.44341],[10.30101,53.44258]]]]}},{"type":"Feature","properties":{"name":"Neuengamme","bezirk":"Bergedorf"},"geometry":{"type":"MultiPolygon","coordinates":[[[[10.22175,53.41284],[10.22103,53.41176],[10.22094,53.411],[10.2198,53.41088],[10.21893,53.41162],[10.21767,53.41174],[10.21751,53.41221],[10.21673,53.41279],[10.21382,53.41432],[10.21383,53.4146],[10.21336,53.41528],[10.21319,53.41584],[10.2119,53.41661],[10.21022,53.4168],[10.20755,53.41611],[10.20414,53.4159],[10.20299,53.41635],[10.20197,53.41732],[10.20162,53.41851],[10.20192,53.41937],[10.20241,53.41967],[10.20345,53.41982],[10.20434,53.42027],[10.20485,53.4206],[10.20595,53.42182],[10.20914,53.42349],[10.21071,53.42398],[10.21393,53.42533],[10.21419,53.42594],[10.21363,53.42665],[10.21273,53.4271],[10.21083,53.42741],[10.21025,53.42732],[10.20785,53.42751],[10.20713,53.42792],[10.20514,53.42812],[10.20283,53.429],[10.20197,53.42915],[10.20188,53.42957],[10.20128,53.42971],[10.2011,53.42992],[10.20074,53.42971],[10.20004,53.42984],[10.19853,53.43089],[10.1987,53.43127],[10.19859,53.43175],[10.19908,53.43254],[10.19907,53.43306],[10.20235,53.43534],[10.20288,53.43623],[10.20311,53.43702],[10.20311,53.43766],[10.203,53.43793],[10.2022,53.43866],[10.19989,53.43966],[10.19793,53.44027],[10.19592,53.44053],[10.19146,53.43984],[10.19013,53.44021],[10.18975,53.44047],[10.18953,53.4408],[10.1897,53.44181],[10.19163,53.44201],[10.19294,53.44313],[10.19317,53.4436],[10.19351,53.44505],[10.19335,53.44579],[10.19256,53.4467],[10.19023,53.4477],[10.1888,53.44811],[10.18759,53.44825],[10.18605,53.44805],[10.18561,53.44776],[10.18374,53.44557],[10.18257,53.44504],[10.18217,53.44462],[10.18124,53.4445],[10.17997,53.44403],[10.17871,53.44419],[10.17781,53.44405],[10.17536,53.44499],[10.17186,53.4481],[10.17049,53.44867],[10.16924,53.4488],[10.16764,53.44846],[10.16719,53.4483],[10.16699,53.44805],[10.1669,53.44781],[10.16726,53.44652],[10.16828,53.4451],[10.16752,53.4442],[10.1663,53.4439],[10.163,53.44452],[10.16108,53.44595],[10.15874,53.44949],[10.15868,53.4523],[10.1596,53.45448],[10.15948,53.4558],[10.17273,53.46549],[10.17325,53.46557],[10.1738,53.46477],[10.17556,53.46413],[10.1783,53.46362],[10.17969,53.46354],[10.18197,53.46415],[10.18622,53.46694],[10.1873,53.46731],[10.1885,53.46733],[10.18864,53.46696],[10.18921,53.46672],[10.19629,53.46646],[10.19962,53.46561],[10.20044,53.46521],[10.20114,53.46454],[10.20145,53.46344],[10.20131,53.46216],[10.20148,53.46162],[10.20222,53.46045],[10.2031,53.45977],[10.20475,53.45923],[10.2096,53.45872],[10.21224,53.45762],[10.21433,53.45709],[10.21573,53.45639],[10.2167,53.45485],[10.21677,53.45448],[10.21649,53.45271],[10.2154,53.45072],[10.21529,53.44985],[10.2156,53.44932],[10.21708,53.44799],[10.21849,53.44735],[10.22041,53.447],[10.2232,53.4471],[10.22555,53.44766],[10.22647,53.4477],[10.22816,53.44746],[10.23024,53.44673],[10.23148,53.4457],[10.2327,53.44261],[10.23323,53.44213],[10.23468,53.44132],[10.2361,53.43993],[10.23653,53.43835],[10.23792,53.43619],[10.23806,53.43563],[10.23917,53.43549],[10.24239,53.43377],[10.24272,53.43309],[10.24212,53.43228],[10.24214,53.43212],[10.24345,53.43138],[10.24549,53.42981],[10.24785,53.42942],[10.2501,53.4279],[10.25149,53.42751],[10.25196,53.42703],[10.25259,53.42672],[10.25372,53.42558],[10.25351,53.42454],[10.25484,53.42372],[10.25547,53.4235],[10.25627,53.42347],[10.25645,53.42374],[10.25946,53.42334],[10.25881,53.42169],[10.25802,53.42183],[10.25719,53.42135],[10.25672,53.42075],[10.25686,53.42047],[10.25444,53.41842],[10.25596,53.41816],[10.25761,53.41715],[10.25441,53.41486],[10.25221,53.41254],[10.25065,53.41032],[10.24564,53.4022],[10.2408,53.40438],[10.23774,53.40539],[10.23621,53.40854],[10.23531,53.40899],[10.23289,53.41135],[10.22987,53.41295],[10.22527,53.41331],[10.22292,53.41312],[10.22175,53.41284]]]]}},{"type":"Feature","properties":{"name":"Kirchwerder","bezirk":"Bergedorf"},"geometry":{"type":"MultiPolygon","coordinates":[[[[10.16634,53.39895],[10.15994,53.40211],[10.1572,53.40377],[10.15446,53.40568],[10.15102,53.4088],[10.14482,53.41638],[10.14315,53.41786],[10.13974,53.42042],[10.13722,53.42193],[10.13426,53.423],[10.13099,53.42364],[10.12848,53.42379],[10.12227,53.4237],[10.11739,53.42415],[10.11375,53.42495],[10.10944,53.42637],[10.10932,53.43208],[10.11114,53.43266],[10.11594,53.43366],[10.11581,53.435],[10.11597,53.43575],[10.11962,53.44025],[10.12027,53.44049],[10.11993,53.44079],[10.12003,53.44089],[10.11974,53.44121],[10.11981,53.44151],[10.12055,53.44155],[10.12139,53.44116],[10.12226,53.44171],[10.12357,53.44295],[10.1246,53.44355],[10.12385,53.44424],[10.12492,53.44474],[10.12542,53.44554],[10.12578,53.44576],[10.12362,53.44804],[10.12275,53.44871],[10.12161,53.44925],[10.11844,53.45019],[10.12006,53.45194],[10.12138,53.45306],[10.12409,53.45468],[10.12441,53.45447],[10.13246,53.46001],[10.13517,53.46215],[10.13781,53.46077],[10.13989,53.45917],[10.14131,53.45748],[10.1425,53.45641],[10.14427,53.45557],[10.14721,53.4554],[10.15053,53.45606],[10.15122,53.45661],[10.15181,53.45871],[10.15228,53.45911],[10.153,53.45933],[10.15473,53.4592],[10.1569,53.45804],[10.15836,53.45745],[10.15899,53.4568],[10.15962,53.45527],[10.1596,53.45448],[10.15868,53.4523],[10.15874,53.44949],[10.16108,53.44595],[10.163,53.44452],[10.1663,53.4439],[10.16752,53.4442],[10.16828,53.4451],[10.16726,53.44652],[10.1669,53.44781],[10.16699,53.44805],[10.16719,53.4483],[10.16764,53.44846],[10.16924,53.4488],[10.17049,53.44867],[10.17186,53.4481],[10.17536,53.44499],[10.17781,53.44405],[10.17871,53.44419],[10.17997,53.44403],[10.18124,53.4445],[10.18217,53.44462],[10.18257,53.44504],[10.18374,53.44557],[10.18561,53.44776],[10.18605,53.44805],[10.18759,53.44825],[10.1888,53.44811],[10.19221,53.4469],[10.193,53.44633],[10.19335,53.44579],[10.19352,53.44475],[10.19317,53.4436],[10.19294,53.44313],[10.19163,53.44201],[10.1897,53.44181],[10.18953,53.4408],[10.18975,53.44047],[10.19013,53.44021],[10.19146,53.43984],[10.19592,53.44053],[10.19793,53.44027],[10.19989,53.43966],[10.2022,53.43866],[10.203,53.43793],[10.20311,53.43766],[10.20311,53.43702],[10.20288,53.43623],[10.20235,53.43534],[10.19907,53.43306],[10.19908,53.43254],[10.19859,53.43175],[10.1987,53.43127],[10.19853,53.43089],[10.20004,53.42984],[10.20074,53.42971],[10.2011,53.42992],[10.20128,53.42971],[10.20188,53.42957],[10.20197,53.42915],[10.20283,53.429],[10.20514,53.42812],[10.20713,53.42792],[10.20785,53.42751],[10.21025,53.42732],[10.21083,53.42741],[10.21273,53.4271],[10.21363,53.42665],[10.21419,53.42594],[10.21393,53.42533],[10.21071,53.42398],[10.20914,53.42349],[10.20595,53.42182],[10.20485,53.4206],[10.20434,53.42027],[10.20345,53.41982],[10.20241,53.41967],[10.20192,53.41937],[10.20163,53.41866],[10.2017,53.4179],[10.20197,53.41732],[10.20264,53.41661],[10.20338,53.4161],[10.20414,53.4159],[10.20755,53.41611],[10.21022,53.4168],[10.2118,53.41665],[10.21319,53.41584],[10.21336,53.41528],[10.21383,53.4146],[10.21382,53.41432],[10.21673,53.41279],[10.21751,53.41221],[10.21767,53.41174],[10.21893,53.41162],[10.21956,53.41099],[10.21996,53.41085],[10.22094,53.411],[10.22107,53.41185],[10.22169,53.41279],[10.22194,53.41292],[10.22527,53.41331],[10.22968,53.41303],[10.23289,53.41135],[10.23531,53.40899],[10.23621,53.40854],[10.23774,53.40539],[10.2408,53.40438],[10.24564,53.4022],[10.24437,53.40032],[10.24338,53.39926],[10.24189,53.39813],[10.24041,53.39727],[10.23853,53.39646],[10.23596,53.39568],[10.23381,53.39527],[10.23124,53.39504],[10.22455,53.39519],[10.21851,53.39566],[10.21313,53.39642],[10.2031,53.39823],[10.1992,53.39858],[10.19672,53.39857],[10.19386,53.39834],[10.18331,53.39666],[10.18014,53.39645],[10.17757,53.3965],[10.17443,53.39681],[10.17191,53.39726],[10.16912,53.39798],[10.16634,53.39895]]]]}},{"type":"Feature","properties":{"name":"Ochsenwerder","bezirk":"Bergedorf"},"geometry":{"type":"MultiPolygon","coordinates":[[[[10.11993,53.44079],[10.12027,53.44049],[10.11962,53.44025],[10.11597,53.43575],[10.11581,53.435],[10.11594,53.43366],[10.11114,53.43266],[10.10932,53.43208],[10.10944,53.42637],[10.10826,53.42694],[10.10593,53.42844],[10.10435,53.42995],[10.09665,53.44064],[10.09544,53.44209],[10.09266,53.44461],[10.08455,53.45087],[10.08256,53.4522],[10.07899,53.45387],[10.07413,53.45521],[10.06947,53.45816],[10.06714,53.46005],[10.06555,53.46186],[10.06472,53.46334],[10.06296,53.46789],[10.06246,53.47088],[10.06674,53.47121],[10.06737,53.47167],[10.06919,53.47245],[10.06975,53.47289],[10.07228,53.47414],[10.07777,53.47657],[10.07754,53.47706],[10.08404,53.48034],[10.08515,53.48081],[10.08569,53.48062],[10.08682,53.4811],[10.08738,53.48062],[10.08818,53.48097],[10.08896,53.48221],[10.09073,53.48423],[10.10372,53.48226],[10.10191,53.47979],[10.10123,53.4782],[10.10111,53.47748],[10.10121,53.47675],[10.10153,53.47615],[10.10215,53.47553],[10.10316,53.47542],[10.10378,53.47514],[10.1108,53.47108],[10.11513,53.46914],[10.11604,53.46836],[10.11628,53.46713],[10.11661,53.46656],[10.11731,53.46587],[10.11796,53.46554],[10.12213,53.46477],[10.12712,53.46321],[10.12787,53.46314],[10.12884,53.46331],[10.13173,53.4632],[10.13362,53.46279],[10.13517,53.46215],[10.13246,53.46001],[10.12441,53.45447],[10.12409,53.45468],[10.12138,53.45306],[10.12006,53.45194],[10.11844,53.45019],[10.12161,53.44925],[10.12275,53.44871],[10.12362,53.44804],[10.12578,53.44576],[10.12542,53.44554],[10.12492,53.44474],[10.12385,53.44424],[10.1246,53.44355],[10.12357,53.44295],[10.1224,53.44181],[10.12139,53.44116],[10.12055,53.44155],[10.11981,53.44151],[10.11974,53.44121],[10.12003,53.44089],[10.11993,53.44079]]]]}},{"type":"Feature","properties":{"name":"Reitbrook","bezirk":"Bergedorf"},"geometry":{"type":"MultiPolygon","coordinates":[[[[10.16298,53.45829],[10.15948,53.4558],[10.15891,53.45692],[10.15825,53.45752],[10.1569,53.45804],[10.15473,53.4592],[10.153,53.45933],[10.15228,53.45911],[10.15181,53.45871],[10.15122,53.45661],[10.15053,53.45606],[10.14709,53.45539],[10.14419,53.45559],[10.1425,53.45641],[10.14131,53.45748],[10.13989,53.45917],[10.13781,53.46077],[10.1347,53.46239],[10.13362,53.46279],[10.13151,53.46322],[10.12712,53.46321],[10.1223,53.46472],[10.11875,53.46529],[10.1177,53.46565],[10.11699,53.46613],[10.11642,53.46682],[10.11604,53.46836],[10.11513,53.46914],[10.1108,53.47108],[10.10378,53.47514],[10.10316,53.47542],[10.10215,53.47553],[10.10153,53.47615],[10.10121,53.47675],[10.10111,53.47748],[10.10129,53.47843],[10.10191,53.47979],[10.10372,53.48226],[10.11257,53.48066],[10.11454,53.48053],[10.11724,53.48073],[10.1232,53.482],[10.12625,53.48203],[10.13211,53.48096],[10.13413,53.48037],[10.13526,53.47988],[10.13617,53.47917],[10.13681,53.47816],[10.13748,53.4762],[10.13743,53.47417],[10.13769,53.47367],[10.13847,53.47324],[10.14202,53.47202],[10.14464,53.47071],[10.14579,53.47034],[10.14938,53.46997],[10.15308,53.47002],[10.1632,53.47177],[10.16782,53.47191],[10.16909,53.47178],[10.17023,53.47101],[10.17273,53.46805],[10.17312,53.46736],[10.17325,53.46557],[10.17273,53.46549],[10.16298,53.45829]]]]}},{"type":"Feature","properties":{"name":"Allermöhe","bezirk":"Bergedorf"},"geometry":{"type":"MultiPolygon","coordinates":[[[[10.17307,53.46747],[10.17273,53.46805],[10.17023,53.47101],[10.16909,53.47178],[10.1684,53.4719],[10.16271,53.47172],[10.15308,53.47002],[10.14897,53.46999],[10.147,53.47014],[10.14526,53.47047],[10.14202,53.47202],[10.13779,53.47358],[10.13743,53.47417],[10.13748,53.4762],[10.13681,53.47816],[10.13632,53.47899],[10.13552,53.47971],[10.13453,53.48023],[10.13146,53.48109],[10.12625,53.48203],[10.12442,53.48211],[10.12261,53.4819],[10.11724,53.48073],[10.11528,53.48054],[10.11364,53.48056],[10.10372,53.48226],[10.09073,53.48423],[10.0897,53.48489],[10.08933,53.48646],[10.08958,53.48754],[10.09121,53.49017],[10.0915,53.49117],[10.09145,53.49192],[10.09088,53.49372],[10.09007,53.495],[10.09179,53.49505],[10.10857,53.50435],[10.11278,53.50138],[10.12464,53.49523],[10.12707,53.49427],[10.12922,53.49363],[10.13152,53.49311],[10.13519,53.49257],[10.12281,53.48548],[10.13696,53.48394],[10.14241,53.48294],[10.14714,53.48182],[10.14976,53.48141],[10.15198,53.48043],[10.15887,53.47807],[10.16575,53.4761],[10.17166,53.47483],[10.17683,53.47411],[10.18106,53.4733],[10.18504,53.47293],[10.19018,53.47287],[10.19388,53.47318],[10.19951,53.4742],[10.199,53.47215],[10.19846,53.47124],[10.19772,53.47055],[10.19671,53.4686],[10.19468,53.46654],[10.18921,53.46672],[10.18864,53.46696],[10.1885,53.46733],[10.1873,53.46731],[10.18622,53.46694],[10.18197,53.46415],[10.17969,53.46354],[10.17608,53.46399],[10.1738,53.46477],[10.17321,53.46565],[10.17307,53.46747]]]]}},{"type":"Feature","properties":{"name":"Billwerder","bezirk":"Bergedorf"},"geometry":{"type":"MultiPolygon","coordinates":[[[[10.1275,53.49414],[10.12339,53.49582],[10.11226,53.50168],[10.10857,53.50435],[10.10835,53.50424],[10.10296,53.50806],[10.1023,53.50876],[10.09781,53.51061],[10.09508,53.51236],[10.09385,53.51328],[10.09377,53.5137],[10.09392,53.51391],[10.09318,53.51453],[10.09573,53.51636],[10.09615,53.51634],[10.09642,53.5167],[10.09887,53.51864],[10.10018,53.51897],[10.10052,53.5188],[10.10835,53.52437],[10.10815,53.52447],[10.1083,53.52458],[10.10848,53.52449],[10.10938,53.52513],[10.11066,53.52551],[10.11046,53.5258],[10.11157,53.52579],[10.11145,53.52548],[10.11161,53.52503],[10.11244,53.52437],[10.11434,53.5238],[10.11787,53.52318],[10.1186,53.52238],[10.12113,53.52107],[10.12175,53.52106],[10.12243,53.52147],[10.12259,53.5214],[10.12192,53.52029],[10.12206,53.51984],[10.12282,53.51933],[10.12345,53.51923],[10.12418,53.51857],[10.12532,53.51786],[10.12776,53.51577],[10.12945,53.51474],[10.13013,53.51403],[10.13076,53.513],[10.13031,53.51091],[10.13064,53.50948],[10.13084,53.50914],[10.13342,53.5065],[10.13619,53.50491],[10.13842,53.5042],[10.1412,53.50367],[10.14398,53.50253],[10.14597,53.50202],[10.14996,53.50196],[10.15196,53.5022],[10.15319,53.50277],[10.15357,53.5032],[10.15383,53.504],[10.15467,53.50526],[10.15705,53.50716],[10.15849,53.50731],[10.16047,53.5071],[10.16264,53.5073],[10.16617,53.50684],[10.16899,53.50602],[10.17203,53.50489],[10.1722,53.50445],[10.17106,53.50264],[10.17097,53.50179],[10.17236,53.50049],[10.17402,53.49944],[10.17471,53.49875],[10.17499,53.4981],[10.17486,53.49679],[10.1751,53.49648],[10.17607,53.49623],[10.17777,53.49678],[10.17781,53.49667],[10.17771,53.49604],[10.17494,53.49228],[10.17446,53.49127],[10.17337,53.49057],[10.173,53.4898],[10.17271,53.48958],[10.17065,53.48968],[10.17045,53.48882],[10.13354,53.49277],[10.13055,53.49331],[10.1275,53.49414]]]]}},{"type":"Feature","properties":{"name":"Moorfleet","bezirk":"Bergedorf"},"geometry":{"type":"MultiPolygon","coordinates":[[[[10.07815,53.49856],[10.0775,53.49876],[10.06994,53.49963],[10.06746,53.50007],[10.07041,53.50463],[10.0704,53.50495],[10.07073,53.50501],[10.0698,53.50739],[10.06947,53.50928],[10.0694,53.5109],[10.07319,53.51116],[10.07315,53.51155],[10.07274,53.51278],[10.07181,53.5141],[10.06567,53.51967],[10.06585,53.52157],[10.06504,53.52422],[10.06443,53.52471],[10.06622,53.52547],[10.06876,53.52485],[10.06853,53.52458],[10.06868,53.52435],[10.06814,53.52422],[10.08957,53.51094],[10.09022,53.51102],[10.09135,53.51261],[10.09325,53.51376],[10.0935,53.51435],[10.09392,53.51391],[10.09377,53.5137],[10.09385,53.51328],[10.09508,53.51236],[10.09781,53.51061],[10.1023,53.50876],[10.10296,53.50806],[10.10835,53.50424],[10.09179,53.49505],[10.09007,53.495],[10.08895,53.49598],[10.08755,53.49691],[10.08507,53.49802],[10.08282,53.49839],[10.07862,53.49866],[10.07859,53.49852],[10.07815,53.49856]]]]}},{"type":"Feature","properties":{"name":"Tatenberg","bezirk":"Bergedorf"},"geometry":{"type":"MultiPolygon","coordinates":[[[[10.08682,53.4811],[10.08569,53.48062],[10.08515,53.48081],[10.08404,53.48034],[10.07778,53.47714],[10.07606,53.48006],[10.07288,53.48454],[10.07217,53.48533],[10.06801,53.48859],[10.06491,53.49149],[10.06457,53.4914],[10.06358,53.49181],[10.06674,53.49342],[10.06432,53.4955],[10.06199,53.49672],[10.06198,53.49711],[10.06152,53.49786],[10.06152,53.49839],[10.06216,53.49887],[10.06386,53.49942],[10.06544,53.5008],[10.06787,53.49996],[10.06994,53.49963],[10.0775,53.49876],[10.07815,53.49856],[10.07859,53.49852],[10.07862,53.49866],[10.08416,53.49823],[10.08597,53.49772],[10.08827,53.49646],[10.08972,53.49534],[10.09057,53.49438],[10.09142,53.49204],[10.0915,53.49117],[10.09121,53.49017],[10.08967,53.48772],[10.08934,53.48671],[10.08957,53.48511],[10.09,53.48459],[10.09073,53.48423],[10.08896,53.48221],[10.08818,53.48097],[10.08738,53.48062],[10.08682,53.4811]]]]}},{"type":"Feature","properties":{"name":"Spadenland","bezirk":"Bergedorf"},"geometry":{"type":"MultiPolygon","coordinates":[[[[10.064,53.49959],[10.06302,53.49906],[10.06216,53.49887],[10.06152,53.49839],[10.06152,53.49786],[10.06198,53.49711],[10.06195,53.49679],[10.06432,53.4955],[10.06675,53.49339],[10.06358,53.49181],[10.06457,53.4914],[10.06491,53.49149],[10.06801,53.48859],[10.07153,53.4859],[10.07255,53.48493],[10.07677,53.47896],[10.07778,53.47714],[10.07754,53.47706],[10.07777,53.47657],[10.07228,53.47414],[10.06975,53.47289],[10.06919,53.47245],[10.06737,53.47167],[10.06674,53.47121],[10.06246,53.47088],[10.06237,53.47261],[10.06204,53.47414],[10.06135,53.47599],[10.06023,53.47807],[10.0588,53.47964],[10.05595,53.48175],[10.05475,53.48283],[10.05336,53.48434],[10.05241,53.48579],[10.05185,53.48754],[10.05135,53.49065],[10.05105,53.493],[10.05104,53.49454],[10.05141,53.49648],[10.05232,53.49841],[10.05395,53.50095],[10.05809,53.50664],[10.05967,53.50629],[10.06019,53.505],[10.06161,53.50319],[10.06295,53.50212],[10.06544,53.5008],[10.064,53.49959]]]]}},{"type":"Feature","properties":{"name":"Neuallermöhe","bezirk":"Bergedorf"},"geometry":{"type":"MultiPolygon","coordinates":[[[[10.16168,53.47722],[10.15198,53.48043],[10.14976,53.48141],[10.14714,53.48182],[10.14241,53.48294],[10.13696,53.48394],[10.12281,53.48548],[10.13519,53.49257],[10.17045,53.48882],[10.18536,53.48699],[10.18513,53.48674],[10.18309,53.48616],[10.18251,53.48568],[10.17939,53.47783],[10.17789,53.47633],[10.17683,53.47411],[10.17315,53.47458],[10.16949,53.47525],[10.16168,53.47722]]]]}},{"type":"Feature","properties":{"name":"Harburg","bezirk":"Harburg"},"geometry":{"type":"MultiPolygon","coordinates":[[[[9.98254,53.4522],[9.97971,53.45188],[9.97236,53.45148],[9.97199,53.45178],[9.97321,53.45248],[9.97704,53.45543],[9.97159,53.45495],[9.97075,53.45578],[9.96915,53.45695],[9.96877,53.45761],[9.96827,53.45752],[9.96555,53.4634],[9.96813,53.46381],[9.96848,53.46462],[9.96646,53.46677],[9.96511,53.46775],[9.96668,53.46779],[9.96783,53.46805],[9.97942,53.46443],[9.98146,53.46731],[9.98212,53.46851],[9.98449,53.47533],[9.99838,53.47304],[9.99763,53.4718],[9.99738,53.47184],[9.99424,53.46525],[9.99509,53.46504],[9.99788,53.46376],[10.0004,53.46334],[9.99722,53.46051],[9.99346,53.45795],[9.99399,53.45744],[9.99774,53.45636],[9.99872,53.45579],[9.99952,53.45571],[10.00684,53.45268],[10.00066,53.44875],[9.99602,53.45181],[9.99558,53.45186],[9.99456,53.45262],[9.99364,53.45353],[9.9928,53.45479],[9.99111,53.45459],[9.99179,53.45395],[9.99142,53.45322],[9.98702,53.45182],[9.98254,53.4522]]]]}},{"type":"Feature","properties":{"name":"Neuland","bezirk":"Harburg"},"geometry":{"type":"MultiPolygon","coordinates":[[[[10.00481,53.45358],[9.99952,53.45571],[9.99867,53.45581],[9.99774,53.45636],[9.99399,53.45744],[9.99346,53.45795],[9.99722,53.46051],[10.0004,53.46334],[9.99788,53.46376],[9.99509,53.46504],[9.99424,53.46525],[9.99738,53.47184],[9.99763,53.4718],[9.99838,53.47304],[10.00114,53.4726],[10.00403,53.47245],[10.00708,53.47265],[10.02051,53.47428],[10.02483,53.47458],[10.02874,53.47435],[10.03094,53.47403],[10.03712,53.47238],[10.04274,53.4701],[10.04606,53.46827],[10.05161,53.46391],[10.04964,53.46308],[10.04957,53.46277],[10.04873,53.46195],[10.04815,53.46114],[10.04671,53.46118],[10.04593,53.46066],[10.04597,53.46002],[10.04614,53.45993],[10.04592,53.45972],[10.04525,53.45931],[10.04431,53.45938],[10.04358,53.45898],[10.04196,53.45657],[10.04217,53.45586],[10.04415,53.45486],[10.04123,53.45159],[10.04918,53.44984],[10.04535,53.4464],[10.04433,53.44672],[10.04404,53.44644],[10.04316,53.44666],[10.04262,53.44607],[10.03658,53.44604],[10.03718,53.44656],[10.03668,53.44678],[10.03637,53.44651],[10.03609,53.44663],[10.03645,53.44694],[10.03518,53.44692],[10.03784,53.44933],[10.01039,53.45205],[10.01029,53.45218],[10.01013,53.45204],[10.00907,53.45245],[10.00844,53.45201],[10.00481,53.45358]]]]}},{"type":"Feature","properties":{"name":"Gut Moor","bezirk":"Harburg"},"geometry":{"type":"MultiPolygon","coordinates":[[[[10.01951,53.43455],[10.01545,53.43696],[10.01523,53.43849],[10.01466,53.43994],[10.01379,53.44127],[10.01209,53.44293],[10.0103,53.44416],[10.00145,53.44926],[10.00684,53.45268],[10.00844,53.45201],[10.00907,53.45245],[10.01013,53.45204],[10.01029,53.45218],[10.01039,53.45205],[10.03784,53.44933],[10.03412,53.44604],[10.03404,53.44579],[10.03231,53.4441],[10.02844,53.44476],[10.02392,53.44582],[10.02416,53.44668],[10.02225,53.44755],[10.01457,53.44208],[10.01531,53.44191],[10.0161,53.44125],[10.01888,53.44065],[10.02569,53.43826],[10.02921,53.4353],[10.02317,53.43247],[10.02299,53.43225],[10.01951,53.43455]]]]}},{"type":"Feature","properties":{"name":"Wilstorf","bezirk":"Harburg"},"geometry":{"type":"MultiPolygon","coordinates":[[[[9.9897,53.43629],[9.98959,53.43615],[9.98527,53.43599],[9.98552,53.43634],[9.98271,53.43717],[9.9815,53.43737],[9.97954,53.43733],[9.97878,53.4369],[9.97778,53.43692],[9.9775,53.43736],[9.97752,53.43819],[9.97794,53.4388],[9.97797,53.43919],[9.97752,53.43964],[9.97754,53.44074],[9.97717,53.44118],[9.97677,53.4414],[9.9764,53.44123],[9.97526,53.44117],[9.97285,53.44152],[9.97129,53.44199],[9.97146,53.44327],[9.96911,53.44331],[9.96948,53.44461],[9.96913,53.44556],[9.96952,53.44769],[9.96992,53.4487],[9.97138,53.45066],[9.97228,53.45121],[9.97236,53.45148],[9.97971,53.45188],[9.98254,53.4522],[9.98702,53.45182],[9.99142,53.45322],[9.99179,53.45395],[9.99111,53.45459],[9.9928,53.45479],[9.99377,53.45338],[9.99526,53.45209],[9.99558,53.45186],[9.99606,53.45178],[10.00448,53.44601],[10.00202,53.44469],[10.0045,53.44317],[10.00418,53.44298],[10.00601,53.44094],[10.00724,53.44015],[10.00632,53.4397],[10.00489,53.44064],[10.00312,53.43985],[10.00219,53.43942],[10.00297,53.43846],[9.99866,53.4368],[9.99834,53.43651],[9.99804,53.43646],[9.99782,53.4358],[9.9972,53.43582],[9.99481,53.43643],[9.99112,53.4362],[9.9897,53.43629]]]]}},{"type":"Feature","properties":{"name":"Rönneburg","bezirk":"Harburg"},"geometry":{"type":"MultiPolygon","coordinates":[[[[10.00448,53.44601],[10.00055,53.44868],[10.00145,53.44926],[10.01151,53.44337],[10.01302,53.44209],[10.01431,53.44053],[10.01523,53.43849],[10.01545,53.43696],[10.01827,53.43536],[10.02299,53.43225],[10.02154,53.43129],[10.02125,53.43059],[10.02101,53.43048],[10.01778,53.4302],[10.01884,53.42931],[10.01743,53.42878],[10.01662,53.42943],[10.01523,53.42898],[10.01487,53.42931],[10.01027,53.42868],[10.00958,53.42955],[10.00738,53.42895],[10.00073,53.42456],[9.99746,53.42546],[9.9981,53.42633],[9.99822,53.42971],[9.99271,53.42947],[9.99265,53.43],[9.99387,53.43046],[9.99473,53.43151],[9.99665,53.43282],[9.99651,53.43534],[9.99679,53.43582],[9.99782,53.4358],[9.99804,53.43646],[9.99834,53.43651],[9.99866,53.4368],[10.00297,53.43846],[10.00219,53.43942],[10.0046,53.44053],[10.00489,53.44064],[10.00632,53.4397],[10.00724,53.44015],[10.00601,53.44094],[10.00418,53.44298],[10.0045,53.44317],[10.00202,53.44469],[10.00448,53.44601]]]]}},{"type":"Feature","properties":{"name":"Langenbek","bezirk":"Harburg"},"geometry":{"type":"MultiPolygon","coordinates":[[[[9.98849,53.42818],[9.9868,53.42807],[9.98428,53.42816],[9.98221,53.42845],[9.98209,53.42873],[9.98016,53.42882],[9.97998,53.4294],[9.98017,53.42982],[9.98054,53.42992],[9.98087,53.43029],[9.98094,53.4307],[9.98159,53.43161],[9.98152,53.43177],[9.98261,53.43193],[9.9832,53.43233],[9.983,53.4329],[9.98236,53.43301],[9.98231,53.43423],[9.98244,53.43481],[9.98234,53.43499],[9.9831,53.43613],[9.98243,53.43667],[9.98032,53.43668],[9.97878,53.4369],[9.97948,53.43732],[9.9815,53.43737],[9.98271,53.43717],[9.98552,53.43634],[9.98527,53.43599],[9.98959,53.43615],[9.98964,53.4363],[9.99112,53.4362],[9.99481,53.43643],[9.9972,53.43582],[9.99679,53.43582],[9.99651,53.43534],[9.99665,53.43282],[9.99629,53.43249],[9.99473,53.43151],[9.99379,53.43041],[9.99248,53.42995],[9.99123,53.42974],[9.99141,53.42907],[9.99023,53.42805],[9.98982,53.42798],[9.98849,53.42818]]]]}},{"type":"Feature","properties":{"name":"Sinstorf","bezirk":"Harburg"},"geometry":{"type":"MultiPolygon","coordinates":[[[[9.98783,53.42813],[9.99016,53.42802],[9.99141,53.42907],[9.99123,53.42974],[9.99265,53.43],[9.99271,53.42947],[9.99822,53.42971],[9.9981,53.42633],[9.99746,53.42546],[9.9959,53.42588],[9.99278,53.41967],[9.98843,53.42055],[9.98814,53.41935],[9.98725,53.41946],[9.987,53.41864],[9.98704,53.41741],[9.98554,53.41754],[9.98521,53.41655],[9.98448,53.41626],[9.98427,53.41585],[9.98365,53.41596],[9.98256,53.4157],[9.98335,53.41462],[9.98151,53.41461],[9.9806,53.4142],[9.97649,53.41377],[9.97596,53.41598],[9.97592,53.41845],[9.97574,53.41846],[9.97574,53.41939],[9.97516,53.41951],[9.97483,53.4198],[9.97497,53.4203],[9.97576,53.42131],[9.97594,53.42189],[9.97497,53.42179],[9.97497,53.42194],[9.97484,53.42124],[9.97452,53.42064],[9.97258,53.42137],[9.9713,53.42102],[9.97057,53.42151],[9.97027,53.42148],[9.96925,53.42203],[9.96828,53.42375],[9.96384,53.42378],[9.96365,53.42446],[9.96347,53.42442],[9.96318,53.4239],[9.96206,53.42415],[9.96216,53.42486],[9.96006,53.42498],[9.96034,53.42657],[9.9581,53.42708],[9.95907,53.42943],[9.96408,53.429],[9.96521,53.42845],[9.96704,53.42876],[9.96774,53.42913],[9.97131,53.43025],[9.97188,53.42971],[9.97411,53.43003],[9.97411,53.42976],[9.97675,53.42982],[9.97673,53.42941],[9.97703,53.42928],[9.97836,53.4294],[9.97821,53.42961],[9.97831,53.42968],[9.97946,53.42971],[9.98003,53.42988],[9.9802,53.42975],[9.97998,53.4294],[9.98016,53.42882],[9.98209,53.42873],[9.98221,53.42845],[9.98413,53.42817],[9.98783,53.42813]]]]}},{"type":"Feature","properties":{"name":"Marmstorf","bezirk":"Harburg"},"geometry":{"type":"MultiPolygon","coordinates":[[[[9.97878,53.4369],[9.98032,53.43668],[9.98243,53.43667],[9.9831,53.43613],[9.98234,53.43499],[9.98244,53.43481],[9.98231,53.43423],[9.98236,53.43301],[9.983,53.4329],[9.9832,53.43233],[9.98261,53.43193],[9.98152,53.43177],[9.98159,53.43161],[9.98094,53.4307],[9.9809,53.43034],[9.98045,53.42988],[9.97831,53.42968],[9.97821,53.42961],[9.97836,53.4294],[9.97703,53.42928],[9.97673,53.42941],[9.97675,53.42982],[9.97411,53.42976],[9.97411,53.43003],[9.97188,53.42971],[9.97131,53.43025],[9.96774,53.42913],[9.96704,53.42876],[9.96521,53.42845],[9.96408,53.429],[9.95907,53.42943],[9.9581,53.42708],[9.95579,53.42769],[9.95029,53.4283],[9.94946,53.42862],[9.94382,53.42946],[9.94287,53.42831],[9.94696,53.4269],[9.94213,53.42102],[9.92994,53.42148],[9.92949,53.42005],[9.92722,53.42053],[9.92516,53.41932],[9.92614,53.42188],[9.92546,53.42274],[9.92571,53.42346],[9.92413,53.42708],[9.92765,53.42795],[9.92756,53.43141],[9.92728,53.43187],[9.92705,53.43311],[9.9265,53.43388],[9.93202,53.43625],[9.93492,53.43654],[9.93604,53.43815],[9.93753,53.43908],[9.93908,53.43941],[9.94151,53.43955],[9.94366,53.44008],[9.95007,53.44283],[9.95542,53.44556],[9.95569,53.44402],[9.95702,53.44262],[9.96083,53.44267],[9.96445,53.44337],[9.96708,53.44371],[9.96925,53.44378],[9.96911,53.44331],[9.97146,53.44327],[9.97129,53.44199],[9.97402,53.44126],[9.9764,53.44123],[9.97677,53.4414],[9.97751,53.44082],[9.97752,53.43964],[9.97797,53.4392],[9.97794,53.4388],[9.97752,53.43819],[9.97755,53.4372],[9.97789,53.43688],[9.97878,53.4369]]]]}},{"type":"Feature","properties":{"name":"Eißendorf","bezirk":"Harburg"},"geometry":{"type":"MultiPolygon","coordinates":[[[[9.96912,53.45699],[9.97075,53.45578],[9.97159,53.45495],[9.97704,53.45543],[9.97321,53.45248],[9.97199,53.45178],[9.97236,53.45148],[9.97232,53.45125],[9.9715,53.45079],[9.96992,53.4487],[9.96952,53.44769],[9.96913,53.44556],[9.96948,53.44461],[9.96925,53.44378],[9.96708,53.44371],[9.96445,53.44337],[9.96083,53.44267],[9.95702,53.44262],[9.95569,53.44402],[9.95542,53.44556],[9.95007,53.44283],[9.94366,53.44008],[9.94151,53.43955],[9.93868,53.43935],[9.93714,53.43891],[9.93604,53.43815],[9.93492,53.43654],[9.93202,53.43625],[9.9265,53.43388],[9.92705,53.43311],[9.92728,53.43187],[9.92756,53.43141],[9.92765,53.42795],[9.92413,53.42708],[9.92571,53.42346],[9.92546,53.42274],[9.92614,53.42188],[9.92516,53.41932],[9.9247,53.41943],[9.91657,53.41439],[9.91645,53.41414],[9.91159,53.41504],[9.91094,53.41405],[9.91078,53.41407],[9.91143,53.41507],[9.9067,53.41595],[9.90754,53.41763],[9.90882,53.41957],[9.91072,53.42138],[9.91276,53.42247],[9.91292,53.42314],[9.91448,53.42403],[9.91627,53.4248],[9.91542,53.4259],[9.91625,53.42673],[9.91406,53.43001],[9.91943,53.43389],[9.91972,53.43395],[9.9205,53.43472],[9.92039,53.43523],[9.92145,53.43617],[9.92292,53.43636],[9.91971,53.43948],[9.91899,53.44273],[9.91687,53.44229],[9.91679,53.44276],[9.91816,53.44478],[9.91732,53.44587],[9.91717,53.4464],[9.91767,53.44771],[9.91847,53.44839],[9.92035,53.44937],[9.92236,53.45092],[9.92312,53.45156],[9.92432,53.4531],[9.92597,53.4535],[9.92896,53.45376],[9.93642,53.45489],[9.93549,53.45665],[9.93516,53.45834],[9.93869,53.45862],[9.94105,53.4582],[9.94172,53.45842],[9.9426,53.4581],[9.94522,53.45892],[9.946,53.45809],[9.94681,53.45822],[9.94731,53.45777],[9.95665,53.45934],[9.95786,53.45972],[9.96034,53.46101],[9.96261,53.46144],[9.96436,53.46143],[9.96667,53.46112],[9.96827,53.45752],[9.96877,53.45761],[9.96912,53.45699]]]]}},{"type":"Feature","properties":{"name":"Heimfeld","bezirk":"Harburg"},"geometry":{"type":"MultiPolygon","coordinates":[[[[9.96783,53.46805],[9.96668,53.46779],[9.96511,53.46775],[9.96646,53.46677],[9.96848,53.4646],[9.96813,53.46381],[9.96555,53.4634],[9.96667,53.46112],[9.96393,53.46146],[9.96145,53.4613],[9.95998,53.46087],[9.95725,53.45949],[9.94731,53.45777],[9.94681,53.45822],[9.946,53.45809],[9.94522,53.45892],[9.9426,53.4581],[9.94172,53.45842],[9.94105,53.4582],[9.93869,53.45862],[9.93516,53.45834],[9.93549,53.45665],[9.93642,53.45489],[9.92896,53.45376],[9.92597,53.4535],[9.92437,53.45313],[9.92312,53.45156],[9.92236,53.45092],[9.92035,53.44937],[9.91795,53.44801],[9.91747,53.44739],[9.91725,53.44656],[9.91495,53.44812],[9.91346,53.44885],[9.91162,53.44928],[9.91125,53.44956],[9.91122,53.44997],[9.90995,53.45172],[9.90969,53.45236],[9.90843,53.45305],[9.9082,53.45358],[9.90755,53.45387],[9.90622,53.45414],[9.90467,53.45555],[9.90428,53.45631],[9.90429,53.45671],[9.90309,53.45603],[9.90108,53.45619],[9.90061,53.45646],[9.90089,53.45677],[9.9007,53.45721],[9.89939,53.45747],[9.89898,53.45765],[9.89877,53.45798],[9.89844,53.45746],[9.8986,53.45643],[9.89797,53.45504],[9.90018,53.45405],[9.89811,53.45433],[9.89762,53.45422],[9.89748,53.45375],[9.89646,53.45399],[9.89565,53.45445],[9.895,53.45519],[9.89495,53.45583],[9.89529,53.45585],[9.89427,53.45756],[9.89297,53.46048],[9.89327,53.46072],[9.8936,53.46148],[9.89324,53.4644],[9.89355,53.46522],[9.89123,53.46811],[9.89272,53.46945],[9.89393,53.47177],[9.89773,53.47157],[9.90162,53.47097],[9.90713,53.47087],[9.91262,53.47042],[9.92019,53.47057],[9.91882,53.47192],[9.9183,53.47207],[9.91605,53.47514],[9.91512,53.47693],[9.91451,53.47853],[9.91392,53.48067],[9.91373,53.48205],[9.92225,53.48048],[9.92539,53.48064],[9.93825,53.47818],[9.93871,53.47808],[9.93812,53.47679],[9.9444,53.47548],[9.94934,53.47469],[9.94976,53.47475],[9.94956,53.47525],[9.94975,53.47575],[9.9564,53.48185],[9.95645,53.48222],[9.9555,53.48286],[9.95707,53.48409],[9.95993,53.48502],[9.96173,53.48374],[9.96331,53.48287],[9.97402,53.4779],[9.97793,53.47673],[9.98215,53.4757],[9.98449,53.47533],[9.98212,53.46851],[9.98146,53.46731],[9.97942,53.46443],[9.96783,53.46805]]]]}},{"type":"Feature","properties":{"name":"Moorburg","bezirk":"Harburg"},"geometry":{"type":"MultiPolygon","coordinates":[[[[9.93273,53.47924],[9.92529,53.48066],[9.92209,53.4805],[9.88248,53.48789],[9.88231,53.4881],[9.88399,53.49042],[9.88587,53.49133],[9.8882,53.49216],[9.88793,53.49275],[9.88708,53.49379],[9.88661,53.49493],[9.88808,53.49522],[9.88827,53.4955],[9.88742,53.49569],[9.88758,53.49624],[9.88678,53.4961],[9.88623,53.4965],[9.88546,53.49665],[9.88468,53.49708],[9.88471,53.49736],[9.88496,53.49762],[9.8854,53.49766],[9.88624,53.49815],[9.8871,53.49889],[9.8872,53.49917],[9.8875,53.49915],[9.88751,53.49958],[9.88501,53.50061],[9.88414,53.50137],[9.88287,53.50194],[9.88199,53.50271],[9.88113,53.50361],[9.88055,53.50453],[9.88035,53.50538],[9.88048,53.50616],[9.88273,53.50502],[9.88464,53.50448],[9.88646,53.50421],[9.88914,53.50458],[9.88935,53.50396],[9.88956,53.50384],[9.89782,53.50288],[9.8979,53.50239],[9.89835,53.50233],[9.89836,53.50179],[9.90171,53.50098],[9.90333,53.50075],[9.90393,53.50149],[9.90457,53.50125],[9.90585,53.50122],[9.90675,53.50086],[9.90988,53.50034],[9.91262,53.50031],[9.9155,53.49997],[9.92157,53.49971],[9.92432,53.49893],[9.92538,53.49846],[9.92787,53.49914],[9.93715,53.49939],[9.94261,53.50218],[9.94506,53.50003],[9.94885,53.49779],[9.95054,53.49643],[9.95166,53.49506],[9.95337,53.49233],[9.9558,53.48912],[9.95774,53.48694],[9.95993,53.48502],[9.95707,53.48409],[9.9555,53.48286],[9.95645,53.48222],[9.95643,53.4819],[9.94975,53.47575],[9.94956,53.47525],[9.94976,53.47475],[9.94934,53.47469],[9.94633,53.47513],[9.93812,53.47679],[9.93871,53.47808],[9.93273,53.47924]]]]}},{"type":"Feature","properties":{"name":"Altenwerder","bezirk":"Harburg"},"geometry":{"type":"MultiPolygon","coordinates":[[[[9.91858,53.49984],[9.91488,53.50001],[9.91262,53.50031],[9.90988,53.50034],[9.90675,53.50086],[9.90585,53.50122],[9.90457,53.50125],[9.90393,53.50149],[9.90325,53.50075],[9.90144,53.50103],[9.89839,53.50178],[9.89828,53.50188],[9.89835,53.50233],[9.8979,53.50239],[9.89782,53.50288],[9.88956,53.50384],[9.88935,53.50396],[9.88914,53.50458],[9.88626,53.50422],[9.88445,53.50452],[9.88247,53.50513],[9.88048,53.50616],[9.88038,53.50743],[9.88066,53.50795],[9.88301,53.50975],[9.88376,53.51073],[9.88391,53.51214],[9.88381,53.51331],[9.88343,53.514],[9.88078,53.51621],[9.8803,53.5169],[9.87787,53.51864],[9.87814,53.51884],[9.87814,53.51903],[9.88453,53.51908],[9.88451,53.51888],[9.8848,53.51887],[9.88513,53.51827],[9.88581,53.51793],[9.88908,53.51774],[9.89059,53.51743],[9.89524,53.5156],[9.90188,53.51384],[9.9042,53.51346],[9.90858,53.51325],[9.91041,53.51362],[9.91064,53.5135],[9.91146,53.51367],[9.91179,53.51352],[9.91256,53.51381],[9.91261,53.514],[9.91291,53.51412],[9.9135,53.51428],[9.91438,53.51418],[9.91471,53.51459],[9.91588,53.5149],[9.91668,53.515],[9.91845,53.51447],[9.91962,53.51488],[9.92379,53.51585],[9.92565,53.51581],[9.92636,53.51634],[9.92775,53.51823],[9.92882,53.51874],[9.93137,53.52093],[9.93258,53.52155],[9.9341,53.52192],[9.93442,53.52223],[9.93882,53.52171],[9.93883,53.52],[9.93944,53.51458],[9.94064,53.50599],[9.9412,53.50428],[9.94261,53.50218],[9.93715,53.49939],[9.92787,53.49914],[9.92538,53.49846],[9.92221,53.49961],[9.91858,53.49984]]]]}},{"type":"Feature","properties":{"name":"Hausbruch","bezirk":"Harburg"},"geometry":{"type":"MultiPolygon","coordinates":[[[[9.89393,53.47177],[9.89272,53.46945],[9.89123,53.46811],[9.89355,53.46522],[9.89324,53.4644],[9.8936,53.46148],[9.89327,53.46072],[9.89297,53.46048],[9.89427,53.45756],[9.89529,53.45585],[9.89418,53.4558],[9.89196,53.45387],[9.89177,53.45317],[9.88951,53.45197],[9.88872,53.45058],[9.88621,53.44975],[9.88597,53.45012],[9.8733,53.44217],[9.87257,53.44242],[9.87133,53.44256],[9.87035,53.44296],[9.8698,53.44338],[9.86957,53.4441],[9.86889,53.4446],[9.86964,53.44535],[9.86976,53.44582],[9.86708,53.45291],[9.86583,53.46495],[9.86555,53.46646],[9.86728,53.4666],[9.86878,53.46709],[9.87398,53.46943],[9.87714,53.47048],[9.87803,53.4711],[9.87779,53.47198],[9.87658,53.47196],[9.87646,53.47232],[9.87618,53.4725],[9.87371,53.47273],[9.87309,53.47299],[9.87303,53.47339],[9.87319,53.47372],[9.8745,53.47466],[9.87488,53.47514],[9.87511,53.47711],[9.87504,53.47735],[9.87271,53.47702],[9.87176,53.47971],[9.87653,53.48005],[9.87681,53.48393],[9.87212,53.48331],[9.86521,53.483],[9.86464,53.48362],[9.86274,53.48397],[9.86782,53.48627],[9.86798,53.48648],[9.86805,53.48849],[9.86827,53.48886],[9.86942,53.48956],[9.87426,53.4918],[9.87478,53.49274],[9.87427,53.49409],[9.87421,53.49547],[9.876,53.49548],[9.87689,53.49566],[9.87706,53.49604],[9.87747,53.49627],[9.87768,53.49589],[9.87822,53.49559],[9.88216,53.49464],[9.88253,53.49504],[9.88374,53.49524],[9.8836,53.49565],[9.88442,53.49577],[9.88496,53.49641],[9.88544,53.49666],[9.88623,53.4965],[9.88678,53.4961],[9.88739,53.4963],[9.88765,53.49619],[9.88744,53.49599],[9.88742,53.49569],[9.88826,53.49548],[9.88808,53.49522],[9.88666,53.49499],[9.88663,53.49473],[9.88708,53.49379],[9.88793,53.49275],[9.8882,53.49216],[9.88587,53.49133],[9.88399,53.49042],[9.88231,53.4881],[9.88248,53.48789],[9.91373,53.48205],[9.91392,53.48067],[9.91451,53.47853],[9.91512,53.47693],[9.91605,53.47514],[9.9183,53.47207],[9.91882,53.47192],[9.92019,53.47057],[9.91262,53.47042],[9.90713,53.47087],[9.90162,53.47097],[9.89773,53.47157],[9.89393,53.47177]]]]}},{"type":"Feature","properties":{"name":"Neugraben-Fischbek","bezirk":"Harburg"},"geometry":{"type":"MultiPolygon","coordinates":[[[[9.85078,53.43952],[9.83654,53.45092],[9.8131,53.46249],[9.80748,53.46275],[9.80722,53.46294],[9.80732,53.4637],[9.80715,53.46417],[9.8072,53.46445],[9.80739,53.46447],[9.80717,53.46535],[9.80609,53.46739],[9.80532,53.4671],[9.80347,53.46685],[9.8032,53.46932],[9.79981,53.46943],[9.80049,53.47539],[9.79848,53.47513],[9.79884,53.47602],[9.79942,53.47681],[9.79997,53.47866],[9.79997,53.47965],[9.80033,53.48053],[9.80012,53.48129],[9.80032,53.48263],[9.79998,53.48354],[9.80008,53.48441],[9.80081,53.48614],[9.80085,53.48822],[9.80246,53.48999],[9.80234,53.49144],[9.80276,53.49384],[9.8057,53.49365],[9.80891,53.49397],[9.81423,53.49282],[9.81502,53.49277],[9.81724,53.49351],[9.81828,53.49362],[9.8184,53.4938],[9.81971,53.49432],[9.82017,53.49434],[9.8243,53.49566],[9.83395,53.49588],[9.83845,53.49487],[9.84341,53.49483],[9.85442,53.49396],[9.85509,53.49305],[9.85507,53.49262],[9.85598,53.49257],[9.86135,53.4938],[9.87099,53.49542],[9.8718,53.4955],[9.87272,53.49531],[9.87421,53.49547],[9.87427,53.49409],[9.87478,53.49274],[9.87426,53.4918],[9.86942,53.48956],[9.86827,53.48886],[9.86805,53.48849],[9.86798,53.48648],[9.86782,53.48627],[9.86274,53.48397],[9.86464,53.48362],[9.86521,53.483],[9.87212,53.48331],[9.87681,53.48393],[9.87653,53.48005],[9.87176,53.47971],[9.87271,53.47702],[9.87504,53.47735],[9.87511,53.47711],[9.87488,53.47514],[9.8745,53.47466],[9.87319,53.47372],[9.87303,53.47339],[9.87309,53.47299],[9.87371,53.47273],[9.87618,53.4725],[9.87646,53.47232],[9.87658,53.47196],[9.87779,53.47198],[9.87807,53.47128],[9.87793,53.47098],[9.87714,53.47048],[9.87398,53.46943],[9.86878,53.46709],[9.86728,53.4666],[9.86555,53.46646],[9.86583,53.46495],[9.86708,53.45291],[9.86978,53.44566],[9.86889,53.44455],[9.86713,53.4434],[9.86718,53.44226],[9.86748,53.44093],[9.86693,53.44011],[9.86621,53.43984],[9.86341,53.44043],[9.86223,53.44],[9.8607,53.43843],[9.86064,53.43721],[9.86004,53.43629],[9.86158,53.43541],[9.86221,53.43482],[9.86251,53.43382],[9.86349,53.43351],[9.86405,53.43304],[9.8641,53.43235],[9.8647,53.43199],[9.86438,53.43114],[9.86468,53.43058],[9.86402,53.43018],[9.86328,53.43016],[9.86183,53.42962],[9.86159,53.43041],[9.86112,53.43082],[9.86111,53.43137],[9.86096,53.43161],[9.86001,53.43219],[9.85943,53.43313],[9.85936,53.43356],[9.85889,53.43407],[9.85736,53.43459],[9.85697,53.43487],[9.85655,53.43491],[9.85078,53.43952]]]]}},{"type":"Feature","properties":{"name":"Francop","bezirk":"Harburg"},"geometry":{"type":"MultiPolygon","coordinates":[[[[9.88042,53.51673],[9.88078,53.51621],[9.88353,53.5139],[9.88381,53.51331],[9.88392,53.51256],[9.88373,53.51068],[9.88301,53.50975],[9.88136,53.50858],[9.88041,53.50756],[9.88048,53.50616],[9.88035,53.50538],[9.88055,53.50453],[9.88113,53.50361],[9.88287,53.50194],[9.88414,53.50137],[9.88501,53.50061],[9.88681,53.49993],[9.88753,53.49949],[9.8875,53.49915],[9.8872,53.49917],[9.8871,53.49889],[9.88631,53.4982],[9.88474,53.49742],[9.88468,53.49708],[9.88544,53.49666],[9.88496,53.49641],[9.88442,53.49577],[9.8836,53.49565],[9.8837,53.49521],[9.88253,53.49504],[9.88206,53.49464],[9.87822,53.49559],[9.87776,53.49583],[9.87764,53.49618],[9.87738,53.49627],[9.87701,53.49598],[9.877,53.49571],[9.87616,53.4955],[9.87272,53.49531],[9.8718,53.4955],[9.87099,53.49542],[9.86135,53.4938],[9.85598,53.49257],[9.85507,53.49262],[9.85509,53.49305],[9.85488,53.49347],[9.85428,53.49398],[9.84341,53.49483],[9.83845,53.49487],[9.83395,53.49588],[9.82928,53.49577],[9.8343,53.50771],[9.8345,53.5081],[9.835,53.50833],[9.83476,53.50861],[9.83299,53.5094],[9.83239,53.51026],[9.83077,53.51074],[9.8256,53.51367],[9.82731,53.5146],[9.82804,53.51526],[9.8283,53.51581],[9.83047,53.51722],[9.83023,53.5176],[9.82934,53.51812],[9.82892,53.51869],[9.82854,53.51941],[9.82846,53.51972],[9.82858,53.5199],[9.82983,53.52041],[9.83198,53.5187],[9.83456,53.51729],[9.83767,53.5165],[9.84217,53.51566],[9.84515,53.51589],[9.8463,53.51652],[9.85443,53.51679],[9.85825,53.51721],[9.86075,53.51773],[9.8635,53.51857],[9.86742,53.5193],[9.87053,53.51926],[9.87533,53.51872],[9.87713,53.51811],[9.87787,53.51864],[9.88042,53.51673]]]]}},{"type":"Feature","properties":{"name":"Neuenfelde","bezirk":"Harburg"},"geometry":{"type":"MultiPolygon","coordinates":[[[[9.78286,53.50036],[9.78278,53.50048],[9.78246,53.50012],[9.78172,53.50007],[9.78111,53.49981],[9.78129,53.50061],[9.78117,53.50078],[9.78149,53.50155],[9.7792,53.50179],[9.77796,53.50223],[9.77622,53.50311],[9.77343,53.50387],[9.77053,53.50494],[9.76883,53.50529],[9.7671,53.5066],[9.76478,53.50745],[9.76358,53.5083],[9.76651,53.51409],[9.7663,53.5148],[9.76846,53.51851],[9.76901,53.51991],[9.76978,53.52035],[9.77107,53.52185],[9.77415,53.52094],[9.78106,53.51839],[9.78129,53.51866],[9.77994,53.52001],[9.77876,53.5232],[9.77844,53.52359],[9.77798,53.52508],[9.77446,53.52481],[9.77435,53.52515],[9.77417,53.52523],[9.77504,53.52607],[9.77435,53.52673],[9.77422,53.52746],[9.77352,53.52796],[9.77462,53.52818],[9.77544,53.52886],[9.77564,53.52994],[9.7753,53.53154],[9.77563,53.53225],[9.77784,53.53398],[9.77919,53.53449],[9.78133,53.53442],[9.78491,53.53307],[9.78607,53.53296],[9.78779,53.53307],[9.7892,53.53338],[9.79065,53.53416],[9.7914,53.53502],[9.79208,53.53617],[9.79272,53.536],[9.79592,53.53419],[9.79802,53.53376],[9.80197,53.53228],[9.80604,53.53114],[9.80667,53.53081],[9.80699,53.5308],[9.80736,53.53101],[9.81224,53.53034],[9.81383,53.52986],[9.81758,53.52915],[9.81795,53.52844],[9.8185,53.52833],[9.82037,53.528],[9.82168,53.52801],[9.82367,53.52876],[9.82647,53.52945],[9.82639,53.52711],[9.82669,53.5259],[9.82797,53.52305],[9.82939,53.5208],[9.82983,53.52041],[9.82858,53.5199],[9.82846,53.51972],[9.82854,53.51941],[9.82934,53.51812],[9.83023,53.5176],[9.8305,53.51728],[9.83028,53.51698],[9.8283,53.51581],[9.82804,53.51526],[9.82731,53.5146],[9.82558,53.5137],[9.82585,53.51341],[9.83077,53.51074],[9.83239,53.51026],[9.83299,53.5094],[9.83476,53.50861],[9.835,53.50833],[9.8345,53.5081],[9.8343,53.50771],[9.82928,53.49577],[9.8259,53.49578],[9.82405,53.49561],[9.82017,53.49434],[9.81971,53.49432],[9.8184,53.4938],[9.81828,53.49362],[9.81724,53.49351],[9.81502,53.49277],[9.81423,53.49282],[9.80891,53.49397],[9.8057,53.49365],[9.80212,53.49389],[9.80064,53.49357],[9.79882,53.4935],[9.79278,53.49454],[9.78831,53.49347],[9.78199,53.49232],[9.78313,53.49459],[9.78292,53.49455],[9.78364,53.49751],[9.78462,53.50001],[9.78306,53.50008],[9.78286,53.50036]]]]}},{"type":"Feature","properties":{"name":"Cranz","bezirk":"Harburg"},"geometry":{"type":"MultiPolygon","coordinates":[[[[9.7913,53.53488],[9.79065,53.53416],[9.78989,53.53366],[9.78853,53.53319],[9.78696,53.53299],[9.78572,53.53297],[9.78417,53.53325],[9.78213,53.53417],[9.78105,53.53447],[9.77966,53.53453],[9.77849,53.53432],[9.77784,53.53398],[9.77546,53.53203],[9.7753,53.53154],[9.77563,53.52967],[9.77556,53.52913],[9.77524,53.5286],[9.77426,53.52805],[9.77299,53.52801],[9.77163,53.52843],[9.76987,53.52953],[9.77048,53.53002],[9.77075,53.53073],[9.77126,53.53107],[9.77,53.53356],[9.76985,53.53376],[9.76938,53.53369],[9.76559,53.54108],[9.76702,53.54093],[9.76709,53.54207],[9.76922,53.54225],[9.7698,53.54247],[9.76991,53.54234],[9.77088,53.54267],[9.77232,53.54351],[9.77463,53.54259],[9.77631,53.5416],[9.77818,53.54093],[9.78149,53.53925],[9.78567,53.53765],[9.78685,53.53747],[9.7893,53.53662],[9.79005,53.53645],[9.79049,53.53656],[9.7907,53.53636],[9.79208,53.53617],[9.7913,53.53488]]]]}}]}