{"type":"FeatureCollection","features":[{"type":"Feature","properties":{"zone":"N101","district":"Fuhlsbüttel","rawHours":"täglich 9-20 Uhr","rawFee":"Parkscheibe","note":"N 101 Flughafenstraße — Parkscheibe, Bewohner mit Ausweis frei","windows":[{"weekdays":[0,1,2,3,4,5,6],"fromMinute":540,"toMinute":1200}],"fee":{"kind":"disc"},"unmodelledRules":[],"sourceDefect":null,"spaces":null,"maxStayMinutes":180,"maxStay":null,"maxStayShare":0,"maxStayValues":[],"chargingPoints":0,"carsharing":0},"geometry":{"type":"MultiPolygon","coordinates":[[[[10.01456,53.64327],[10.0159,53.64325],[10.01592,53.64348],[10.01619,53.64347],[10.01619,53.64325],[10.01676,53.64323],[10.01819,53.64321],[10.01844,53.64317],[10.01854,53.64341],[10.0188,53.64338],[10.01881,53.64341],[10.01899,53.64338],[10.01906,53.64352],[10.01921,53.6435],[10.01922,53.64352],[10.01955,53.64346],[10.01951,53.64337],[10.01983,53.6433],[10.01977,53.6432],[10.02007,53.64313],[10.01991,53.64291],[10.02011,53.64286],[10.02029,53.64309],[10.02057,53.64302],[10.02061,53.64307],[10.02077,53.64302],[10.0209,53.64318],[10.02105,53.64314],[10.02107,53.64318],[10.02154,53.64303],[10.0214,53.64288],[10.02156,53.64283],[10.02146,53.64272],[10.02171,53.64263],[10.02156,53.64246],[10.02259,53.64212],[10.02244,53.64196],[10.02333,53.64169],[10.02442,53.64146],[10.02414,53.64045],[10.02411,53.64022],[10.02303,53.64017],[10.02296,53.63988],[10.02283,53.63984],[10.02278,53.64016],[10.02059,53.64004],[10.02024,53.64011],[10.01984,53.64011],[10.01643,53.63996],[10.0164,53.63825],[10.01652,53.63744],[10.01664,53.63714],[10.01682,53.6369],[10.01734,53.63641],[10.01781,53.63607],[10.01884,53.63558],[10.02038,53.63492],[10.01923,53.63489],[10.01935,53.63444],[10.0183,53.63414],[10.01774,53.63425],[10.01707,53.63431],[10.0164,53.63443],[10.01628,53.6344],[10.01574,53.63449],[10.01542,53.63436],[10.01497,53.63442],[10.01512,53.6348],[10.01492,53.63484],[10.01504,53.63511],[10.01505,53.63558],[10.01512,53.6356],[10.01489,53.6362],[10.01449,53.63665],[10.01426,53.63701],[10.01452,53.63737],[10.01447,53.63744],[10.01414,53.63737],[10.01397,53.63762],[10.01363,53.63754],[10.01331,53.63803],[10.01291,53.63874],[10.01299,53.63878],[10.01295,53.63883],[10.01332,53.63891],[10.01321,53.63908],[10.01348,53.63917],[10.01298,53.63988],[10.01287,53.64015],[10.01254,53.64068],[10.01244,53.64094],[10.01199,53.64091],[10.01193,53.64142],[10.01157,53.64145],[10.01182,53.64271],[10.01216,53.64269],[10.01222,53.64338],[10.01286,53.64336],[10.01284,53.64328],[10.01351,53.64328],[10.01363,53.64339],[10.01416,53.6434],[10.01415,53.64372],[10.01455,53.64372],[10.01456,53.64327]]]]}},{"type":"Feature","properties":{"zone":"N100","district":"Fuhlsbüttel","rawHours":"täglich 9-20 Uhr","rawFee":"Parkscheibe","note":"N 100 Flughafen — Parkscheibe, Bewohner mit Ausweis frei","windows":[{"weekdays":[0,1,2,3,4,5,6],"fromMinute":540,"toMinute":1200}],"fee":{"kind":"disc"},"unmodelledRules":[],"sourceDefect":null,"spaces":null,"maxStayMinutes":180,"maxStay":null,"maxStayShare":0,"maxStayValues":[],"chargingPoints":0,"carsharing":0},"geometry":{"type":"MultiPolygon","coordinates":[[[[10.01349,53.63776],[10.01363,53.63754],[10.01397,53.63762],[10.01414,53.63737],[10.01447,53.63744],[10.01452,53.63737],[10.01426,53.63701],[10.01449,53.63665],[10.01489,53.6362],[10.01512,53.6356],[10.01505,53.63558],[10.01504,53.63511],[10.01492,53.63484],[10.01512,53.6348],[10.01497,53.63442],[10.01491,53.63406],[10.01475,53.63353],[10.01446,53.63315],[10.01509,53.63305],[10.01524,53.6331],[10.01511,53.6328],[10.01485,53.63271],[10.01464,53.63226],[10.01489,53.63222],[10.01487,53.63218],[10.01451,53.63208],[10.0144,53.63183],[10.01461,53.6316],[10.01458,53.63152],[10.01423,53.6314],[10.01408,53.63106],[10.01306,53.63122],[10.01282,53.63056],[10.01278,53.63041],[10.0136,53.63028],[10.01348,53.63004],[10.01338,53.63004],[10.01337,53.63],[10.01331,53.63001],[10.01308,53.62949],[10.01331,53.62946],[10.01323,53.62926],[10.01356,53.62919],[10.01348,53.62903],[10.01289,53.6289],[10.01242,53.62898],[10.01239,53.62834],[10.01132,53.62823],[10.01142,53.62778],[10.01208,53.62782],[10.01298,53.62769],[10.01284,53.62736],[10.01202,53.62745],[10.01095,53.62745],[10.00875,53.62742],[10.00915,53.62956],[10.00946,53.63003],[10.00937,53.63005],[10.00935,53.63011],[10.00937,53.63022],[10.00944,53.63034],[10.00984,53.63053],[10.00964,53.63074],[10.00952,53.63107],[10.01004,53.63168],[10.00994,53.63217],[10.01051,53.63289],[10.01051,53.63341],[10.0105,53.63353],[10.01042,53.63353],[10.0104,53.63359],[10.0104,53.63375],[10.01049,53.63444],[10.01067,53.63483],[10.01046,53.63487],[10.01047,53.63555],[10.01097,53.63559],[10.01104,53.63556],[10.01099,53.63576],[10.0105,53.63589],[10.01083,53.63632],[10.01051,53.6364],[10.01046,53.63721],[10.01046,53.63778],[10.0101,53.63818],[10.01031,53.63829],[10.01066,53.63837],[10.01193,53.63883],[10.01338,53.63933],[10.01348,53.63917],[10.01321,53.63908],[10.01332,53.63891],[10.01295,53.63883],[10.01299,53.63878],[10.01291,53.63874],[10.01331,53.63803],[10.01349,53.63776]]]]}},{"type":"Feature","properties":{"zone":"N103","district":"Fuhlsbüttel","rawHours":"täglich 9-20 Uhr","rawFee":"Parkscheibe","note":"N 103 Etzestraße — Parkscheibe, Bewohner mit Ausweis frei","windows":[{"weekdays":[0,1,2,3,4,5,6],"fromMinute":540,"toMinute":1200}],"fee":{"kind":"disc"},"unmodelledRules":[],"sourceDefect":null,"spaces":null,"maxStayMinutes":180,"maxStay":null,"maxStayShare":0,"maxStayValues":[],"chargingPoints":0,"carsharing":0},"geometry":{"type":"MultiPolygon","coordinates":[[[[10.01595,53.63446],[10.01628,53.6344],[10.0164,53.63443],[10.01707,53.63431],[10.01778,53.63424],[10.01818,53.63376],[10.01784,53.63371],[10.01788,53.63354],[10.01807,53.63348],[10.01808,53.63341],[10.01832,53.6333],[10.01853,53.63333],[10.01913,53.63259],[10.01954,53.63214],[10.01941,53.63196],[10.0198,53.63147],[10.01999,53.63133],[10.01998,53.63129],[10.02051,53.63116],[10.02061,53.63106],[10.02066,53.6308],[10.02021,53.63061],[10.0203,53.63049],[10.02027,53.63047],[10.02038,53.63034],[10.02032,53.63033],[10.02036,53.63019],[10.02084,53.63023],[10.02103,53.63009],[10.02113,53.63013],[10.02123,53.63005],[10.02168,53.62998],[10.02173,53.62981],[10.02204,53.62968],[10.02211,53.62926],[10.02131,53.6289],[10.02302,53.6277],[10.02287,53.62759],[10.02324,53.62732],[10.02367,53.62711],[10.02345,53.62686],[10.02348,53.6267],[10.02283,53.62679],[10.0225,53.6267],[10.02096,53.62712],[10.01996,53.62741],[10.01947,53.62743],[10.01927,53.62699],[10.0146,53.62721],[10.01399,53.6273],[10.01406,53.62754],[10.01363,53.62762],[10.01351,53.62737],[10.01289,53.62747],[10.01298,53.62769],[10.01208,53.62782],[10.01142,53.62778],[10.01132,53.62823],[10.01239,53.62834],[10.01242,53.62898],[10.01289,53.6289],[10.01348,53.62903],[10.01356,53.62919],[10.01323,53.62926],[10.01331,53.62946],[10.01308,53.62949],[10.01331,53.63001],[10.01337,53.63],[10.01338,53.63004],[10.01348,53.63004],[10.0136,53.63028],[10.01278,53.63041],[10.01282,53.63056],[10.01306,53.63122],[10.01408,53.63106],[10.01423,53.6314],[10.01458,53.63152],[10.01461,53.6316],[10.0144,53.63183],[10.01451,53.63208],[10.01487,53.63218],[10.01489,53.63222],[10.01464,53.63226],[10.01485,53.63271],[10.01511,53.6328],[10.01524,53.6331],[10.01509,53.63305],[10.01446,53.63315],[10.01475,53.63353],[10.01491,53.63406],[10.01497,53.63442],[10.01542,53.63436],[10.01574,53.63449],[10.01595,53.63446]]]]}},{"type":"Feature","properties":{"zone":"N102","district":"Fuhlsbüttel","rawHours":"täglich 9-20 Uhr","rawFee":"Parkscheibe","note":"N 102 Bergkoppelweg — Parkscheibe, Bewohner mit Ausweis frei","windows":[{"weekdays":[0,1,2,3,4,5,6],"fromMinute":540,"toMinute":1200}],"fee":{"kind":"disc"},"unmodelledRules":[],"sourceDefect":null,"spaces":null,"maxStayMinutes":180,"maxStay":null,"maxStayShare":0,"maxStayValues":[],"chargingPoints":0,"carsharing":0},"geometry":{"type":"MultiPolygon","coordinates":[[[[10.02417,53.63466],[10.02448,53.63443],[10.02462,53.63453],[10.02472,53.63456],[10.02477,53.63449],[10.02494,53.63441],[10.02501,53.6343],[10.02478,53.63412],[10.02511,53.63399],[10.02547,53.63408],[10.02581,53.6338],[10.02672,53.63407],[10.02679,53.63399],[10.02828,53.63317],[10.02813,53.63307],[10.02829,53.63299],[10.02815,53.63287],[10.02879,53.63261],[10.02879,53.63235],[10.02976,53.63189],[10.02931,53.63159],[10.03034,53.63035],[10.03003,53.63023],[10.02955,53.63067],[10.02819,53.63014],[10.02721,53.62973],[10.02732,53.62909],[10.02753,53.62863],[10.02703,53.62862],[10.02684,53.62789],[10.02696,53.62697],[10.02699,53.62659],[10.02718,53.62644],[10.02729,53.62639],[10.02452,53.62662],[10.02451,53.6266],[10.02406,53.6266],[10.02359,53.62658],[10.02348,53.6267],[10.02345,53.62686],[10.02367,53.62711],[10.02324,53.62732],[10.02287,53.62759],[10.02302,53.6277],[10.02131,53.6289],[10.02211,53.62926],[10.02204,53.62968],[10.02173,53.62981],[10.02168,53.62998],[10.02123,53.63005],[10.02113,53.63013],[10.02103,53.63009],[10.02084,53.63023],[10.02036,53.63019],[10.02032,53.63033],[10.02038,53.63034],[10.02027,53.63047],[10.0203,53.63049],[10.02021,53.63061],[10.02066,53.6308],[10.02061,53.63106],[10.02051,53.63116],[10.01998,53.63129],[10.01999,53.63133],[10.0198,53.63147],[10.01941,53.63196],[10.01954,53.63214],[10.01913,53.63259],[10.01853,53.63333],[10.01832,53.6333],[10.01808,53.63341],[10.01807,53.63348],[10.01788,53.63354],[10.01784,53.63371],[10.01818,53.63376],[10.01778,53.63424],[10.0183,53.63414],[10.01935,53.63444],[10.01923,53.63489],[10.02038,53.63492],[10.0196,53.63525],[10.02197,53.63548],[10.02294,53.63575],[10.0233,53.63642],[10.02406,53.63642],[10.02414,53.6359],[10.02435,53.63533],[10.02384,53.63525],[10.02382,53.63522],[10.02365,53.6352],[10.02375,53.63504],[10.02364,53.63491],[10.02373,53.63467],[10.02417,53.63466]]]]}},{"type":"Feature","properties":{"zone":"N105","district":"Fuhlsbüttel","rawHours":"täglich 9-20 Uhr","rawFee":"Parkscheibe","note":"N 105 Ohlendörp — Parkscheibe, Bewohner mit Ausweis frei","windows":[{"weekdays":[0,1,2,3,4,5,6],"fromMinute":540,"toMinute":1200}],"fee":{"kind":"disc"},"unmodelledRules":[],"sourceDefect":null,"spaces":null,"maxStayMinutes":180,"maxStay":null,"maxStayShare":0,"maxStayValues":[],"chargingPoints":0,"carsharing":0},"geometry":{"type":"MultiPolygon","coordinates":[[[[10.01406,53.62754],[10.01399,53.6273],[10.0146,53.62721],[10.01927,53.62699],[10.01947,53.62743],[10.01996,53.62741],[10.02096,53.62712],[10.0225,53.6267],[10.02283,53.62679],[10.02348,53.6267],[10.02359,53.62658],[10.02352,53.62652],[10.02336,53.62642],[10.02324,53.62632],[10.02176,53.62613],[10.02109,53.62589],[10.02021,53.62609],[10.02013,53.62597],[10.02017,53.62572],[10.02053,53.62547],[10.02052,53.62539],[10.02016,53.62513],[10.01965,53.62538],[10.01955,53.62531],[10.01973,53.62522],[10.01961,53.62515],[10.01957,53.62516],[10.01949,53.62509],[10.01944,53.62511],[10.0193,53.62502],[10.01902,53.62515],[10.0189,53.62508],[10.01877,53.62513],[10.01862,53.62508],[10.01856,53.6251],[10.01835,53.62506],[10.01895,53.62475],[10.01877,53.6247],[10.01906,53.62455],[10.01893,53.62448],[10.01896,53.62445],[10.01885,53.62437],[10.01917,53.6242],[10.01909,53.62387],[10.01907,53.62357],[10.01899,53.62344],[10.0182,53.6228],[10.0176,53.62306],[10.01759,53.62355],[10.01698,53.62352],[10.01705,53.62291],[10.01582,53.62286],[10.01579,53.62338],[10.01488,53.62332],[10.01285,53.6233],[10.01274,53.62328],[10.01219,53.62325],[10.01184,53.62342],[10.01085,53.62395],[10.01024,53.62445],[10.00978,53.62514],[10.00875,53.62742],[10.01095,53.62745],[10.01202,53.62745],[10.01284,53.62736],[10.01289,53.62747],[10.01351,53.62737],[10.01363,53.62762],[10.01406,53.62754]]]]}},{"type":"Feature","properties":{"zone":"N104","district":"Ohlsdorf","rawHours":"täglich 9-20 Uhr","rawFee":"Parkscheibe","note":"N 104 Ahronkamp — Parkscheibe, Bewohner mit Ausweis frei","windows":[{"weekdays":[0,1,2,3,4,5,6],"fromMinute":540,"toMinute":1200}],"fee":{"kind":"disc"},"unmodelledRules":[],"sourceDefect":null,"spaces":null,"maxStayMinutes":180,"maxStay":null,"maxStayShare":0,"maxStayValues":[],"chargingPoints":0,"carsharing":0},"geometry":{"type":"MultiPolygon","coordinates":[[[[10.02837,53.62613],[10.0286,53.62611],[10.02961,53.62615],[10.0303,53.62612],[10.03032,53.62607],[10.03043,53.62605],[10.0306,53.62604],[10.03075,53.62596],[10.03159,53.62536],[10.03184,53.62512],[10.03199,53.62461],[10.03218,53.62365],[10.03189,53.62328],[10.03139,53.62252],[10.03105,53.62254],[10.0309,53.62186],[10.03074,53.62186],[10.03073,53.6218],[10.02872,53.62193],[10.02898,53.62243],[10.02792,53.6225],[10.02773,53.62201],[10.02726,53.62208],[10.02621,53.62234],[10.02621,53.6226],[10.02582,53.62271],[10.02526,53.62275],[10.02526,53.62245],[10.02503,53.62243],[10.02504,53.62246],[10.02396,53.62262],[10.02369,53.62256],[10.02367,53.62253],[10.02348,53.62258],[10.0235,53.62262],[10.02332,53.62272],[10.02333,53.62278],[10.02206,53.6231],[10.02171,53.62275],[10.01974,53.62349],[10.01971,53.62347],[10.01934,53.62363],[10.01908,53.62385],[10.01917,53.6242],[10.01885,53.62437],[10.01896,53.62445],[10.01893,53.62448],[10.01906,53.62455],[10.01877,53.6247],[10.01895,53.62475],[10.01835,53.62506],[10.01856,53.6251],[10.01862,53.62508],[10.01877,53.62513],[10.0189,53.62508],[10.01902,53.62515],[10.0193,53.62502],[10.01944,53.62511],[10.01949,53.62509],[10.01957,53.62516],[10.01961,53.62515],[10.01973,53.62522],[10.01955,53.62531],[10.01965,53.62538],[10.02016,53.62513],[10.02052,53.62539],[10.02053,53.62547],[10.02017,53.62572],[10.02013,53.62597],[10.02021,53.62609],[10.02109,53.62589],[10.02176,53.62613],[10.02324,53.62632],[10.02336,53.62642],[10.02352,53.62652],[10.02359,53.62658],[10.02406,53.6266],[10.02451,53.6266],[10.02452,53.62662],[10.02729,53.62639],[10.02837,53.62613]]]]}},{"type":"Feature","properties":{"zone":"MA201","district":"Altona-Altstadt","rawHours":"täglich 9-2 Uhr","rawFee":"3,50 € je Stunde","note":"MA 201 Wohlers Park — Parkschein, Bewohner mit Ausweis frei","windows":[{"weekdays":[0,1,2,3,4,5,6],"fromMinute":540,"toMinute":1440},{"weekdays":[1,2,3,4,5,6,0],"fromMinute":0,"toMinute":120}],"fee":{"kind":"exact","centsPerHour":350},"unmodelledRules":[],"sourceDefect":null,"spaces":null,"maxStayMinutes":180,"maxStay":null,"maxStayShare":0,"maxStayValues":[],"chargingPoints":0,"carsharing":0},"geometry":{"type":"MultiPolygon","coordinates":[[[[9.95539,53.5612],[9.95721,53.56086],[9.95918,53.56034],[9.96078,53.55972],[9.96379,53.5581],[9.96439,53.55702],[9.96461,53.55634],[9.96411,53.55641],[9.96381,53.55636],[9.96364,53.55636],[9.96365,53.55619],[9.96331,53.55618],[9.96301,53.55624],[9.96294,53.55619],[9.96276,53.55624],[9.96266,53.55619],[9.96243,53.5562],[9.96192,53.55639],[9.96182,53.5564],[9.96169,53.55619],[9.96127,53.55624],[9.96124,53.55616],[9.96111,53.55618],[9.96115,53.55628],[9.9606,53.5564],[9.96003,53.55645],[9.96004,53.5565],[9.95989,53.55653],[9.95983,53.55657],[9.95969,53.55664],[9.95939,53.55668],[9.95933,53.55672],[9.95911,53.55663],[9.95819,53.55678],[9.95811,53.55661],[9.95774,53.55648],[9.95705,53.55639],[9.95668,53.55645],[9.95678,53.55669],[9.95676,53.55694],[9.95668,53.5569],[9.95599,53.55679],[9.95561,53.55684],[9.95447,53.55705],[9.95433,53.55631],[9.95424,53.55605],[9.95384,53.55613],[9.95378,53.55594],[9.95387,53.55537],[9.95388,53.55466],[9.95381,53.55457],[9.95366,53.5546],[9.95342,53.55428],[9.95324,53.55413],[9.95307,53.55419],[9.95247,53.55457],[9.95191,53.55485],[9.9516,53.55502],[9.95112,53.55535],[9.95094,53.55557],[9.95073,53.55575],[9.95046,53.55615],[9.95026,53.55654],[9.94979,53.55778],[9.94964,53.55845],[9.94955,53.55857],[9.94968,53.55913],[9.95177,53.56006],[9.95261,53.56052],[9.95239,53.56081],[9.95244,53.56122],[9.95284,53.56117],[9.95383,53.5612],[9.95507,53.5613],[9.95539,53.5612]]]]}},{"type":"Feature","properties":{"zone":"MA202","district":"St. Pauli","rawHours":"täglich 9-2 Uhr","rawFee":"3,50 € je Stunde","note":"MA 202 Paulinenplatz — Parkschein, Bewohner mit Ausweis frei","windows":[{"weekdays":[0,1,2,3,4,5,6],"fromMinute":540,"toMinute":1440},{"weekdays":[1,2,3,4,5,6,0],"fromMinute":0,"toMinute":120}],"fee":{"kind":"exact","centsPerHour":350},"unmodelledRules":[],"sourceDefect":null,"spaces":null,"maxStayMinutes":180,"maxStay":null,"maxStayShare":0,"maxStayValues":[],"chargingPoints":0,"carsharing":0},"geometry":{"type":"MultiPolygon","coordinates":[[[[9.95561,53.55684],[9.95599,53.55679],[9.95668,53.5569],[9.95676,53.55694],[9.95678,53.55669],[9.95668,53.55645],[9.95705,53.55639],[9.95774,53.55648],[9.95811,53.55661],[9.95819,53.55678],[9.95911,53.55663],[9.95933,53.55672],[9.95939,53.55668],[9.95969,53.55664],[9.95983,53.55657],[9.95989,53.55653],[9.96004,53.5565],[9.96003,53.55645],[9.9606,53.5564],[9.96115,53.55628],[9.96111,53.55618],[9.96124,53.55616],[9.96127,53.55624],[9.96169,53.55619],[9.96182,53.5564],[9.96192,53.55639],[9.96243,53.5562],[9.96266,53.55619],[9.96276,53.55624],[9.96294,53.55619],[9.96301,53.55624],[9.96331,53.55618],[9.96365,53.55619],[9.96364,53.55636],[9.96381,53.55636],[9.96411,53.55641],[9.96461,53.55634],[9.96476,53.55619],[9.96475,53.55597],[9.96487,53.55568],[9.96491,53.55545],[9.96506,53.55484],[9.96495,53.55485],[9.96503,53.55455],[9.96512,53.55432],[9.96531,53.55394],[9.96554,53.55366],[9.96581,53.55339],[9.96609,53.55313],[9.96729,53.55221],[9.96769,53.55196],[9.96737,53.5519],[9.96697,53.55187],[9.96689,53.5517],[9.96669,53.55169],[9.96659,53.55156],[9.96615,53.55162],[9.96594,53.55174],[9.96574,53.55174],[9.96574,53.55186],[9.96562,53.55189],[9.96564,53.55201],[9.96537,53.55203],[9.96522,53.55205],[9.96502,53.55195],[9.96489,53.55199],[9.96487,53.55192],[9.96467,53.55195],[9.9647,53.55204],[9.96455,53.55212],[9.96433,53.55215],[9.96409,53.5521],[9.96408,53.55202],[9.964,53.55203],[9.96398,53.55199],[9.96389,53.55199],[9.96391,53.5521],[9.96353,53.55214],[9.96337,53.5522],[9.9631,53.55222],[9.96287,53.55233],[9.96262,53.55237],[9.96228,53.55222],[9.96223,53.55207],[9.96095,53.55222],[9.96105,53.55245],[9.96086,53.55247],[9.96086,53.55249],[9.96064,53.55252],[9.96039,53.55261],[9.96,53.55267],[9.95957,53.55261],[9.95867,53.55275],[9.95871,53.55286],[9.95866,53.55287],[9.95867,53.55289],[9.95862,53.55289],[9.95845,53.55298],[9.95831,53.55302],[9.95814,53.55301],[9.95803,53.55297],[9.95774,53.55303],[9.95776,53.55308],[9.95752,53.55313],[9.95752,53.55314],[9.95744,53.55316],[9.95741,53.55311],[9.95718,53.55315],[9.95713,53.55312],[9.9571,53.55313],[9.95709,53.55311],[9.95747,53.55304],[9.95745,53.55301],[9.95757,53.553],[9.95748,53.55277],[9.95763,53.55275],[9.95753,53.55255],[9.95758,53.55254],[9.95744,53.55223],[9.95718,53.55228],[9.95715,53.55222],[9.95706,53.55224],[9.957,53.55208],[9.95683,53.55211],[9.95671,53.55185],[9.95664,53.55187],[9.9566,53.55175],[9.9566,53.55174],[9.95629,53.55176],[9.95597,53.55182],[9.95594,53.552],[9.95587,53.55223],[9.95576,53.55247],[9.95544,53.55279],[9.95525,53.55295],[9.9546,53.55335],[9.95377,53.5538],[9.95324,53.55412],[9.95342,53.55428],[9.95366,53.5546],[9.95381,53.55457],[9.95388,53.55466],[9.95387,53.55537],[9.95378,53.55594],[9.95384,53.55613],[9.95424,53.55605],[9.95433,53.55631],[9.95447,53.55705],[9.95561,53.55684]]]]}},{"type":"Feature","properties":{"zone":"MA203","district":"St. Pauli","rawHours":"täglich 9-2 Uhr","rawFee":"3,50 € je Stunde","note":"MA 203 Spielbudenplatz — Parkschein, Bewohner mit Ausweis frei","windows":[{"weekdays":[0,1,2,3,4,5,6],"fromMinute":540,"toMinute":1440},{"weekdays":[1,2,3,4,5,6,0],"fromMinute":0,"toMinute":120}],"fee":{"kind":"exact","centsPerHour":350},"unmodelledRules":[],"sourceDefect":null,"spaces":null,"maxStayMinutes":180,"maxStay":null,"maxStayShare":0,"maxStayValues":[],"chargingPoints":0,"carsharing":0},"geometry":{"type":"MultiPolygon","coordinates":[[[[9.96389,53.55199],[9.96398,53.55199],[9.964,53.55203],[9.96408,53.55202],[9.96409,53.5521],[9.96433,53.55215],[9.96455,53.55212],[9.9647,53.55204],[9.96467,53.55195],[9.96487,53.55192],[9.96489,53.55199],[9.96502,53.55195],[9.96522,53.55205],[9.96537,53.55203],[9.96564,53.55201],[9.96562,53.55189],[9.96574,53.55186],[9.96574,53.55174],[9.96594,53.55174],[9.96615,53.55162],[9.96659,53.55156],[9.96669,53.55169],[9.96689,53.5517],[9.96697,53.55187],[9.96737,53.5519],[9.9677,53.55196],[9.96796,53.55183],[9.96843,53.55155],[9.96899,53.55135],[9.9698,53.55102],[9.96969,53.5507],[9.96961,53.55054],[9.96936,53.55017],[9.96928,53.55014],[9.9694,53.54974],[9.96867,53.54915],[9.96863,53.54904],[9.96894,53.54894],[9.96818,53.54824],[9.96816,53.5474],[9.97135,53.5476],[9.97136,53.54754],[9.96651,53.54727],[9.96613,53.54723],[9.96545,53.54724],[9.96401,53.54714],[9.964,53.54705],[9.96351,53.54699],[9.96353,53.54694],[9.96372,53.54694],[9.96537,53.54705],[9.96557,53.54704],[9.96606,53.54707],[9.96612,53.547],[9.96632,53.54698],[9.96817,53.54704],[9.96813,53.54723],[9.96896,53.54724],[9.96955,53.54729],[9.97139,53.54738],[9.97139,53.54734],[9.97077,53.54731],[9.96945,53.54658],[9.96822,53.54656],[9.96793,53.54641],[9.96738,53.54643],[9.96598,53.54654],[9.9633,53.54687],[9.96303,53.54702],[9.96278,53.54705],[9.96267,53.54711],[9.96251,53.54715],[9.9625,53.5473],[9.96222,53.54728],[9.96254,53.54748],[9.96266,53.54771],[9.96241,53.5477],[9.96236,53.54798],[9.96245,53.54799],[9.96245,53.54806],[9.96251,53.54806],[9.9625,53.54813],[9.96233,53.5482],[9.96231,53.54829],[9.96244,53.54831],[9.96241,53.54848],[9.96232,53.54865],[9.96231,53.54873],[9.96208,53.54871],[9.96208,53.54902],[9.96223,53.54903],[9.96235,53.5492],[9.96214,53.54965],[9.96208,53.54988],[9.96187,53.54986],[9.96178,53.55014],[9.96178,53.55028],[9.96164,53.55028],[9.96146,53.55033],[9.96144,53.55052],[9.96175,53.55069],[9.96178,53.551],[9.96186,53.55099],[9.96189,53.5511],[9.96203,53.55108],[9.96214,53.55112],[9.96227,53.5513],[9.96244,53.5518],[9.96243,53.55187],[9.96223,53.55188],[9.96228,53.55207],[9.96223,53.55207],[9.96228,53.55222],[9.96262,53.55237],[9.96287,53.55233],[9.9631,53.55222],[9.96337,53.5522],[9.96353,53.55214],[9.96391,53.5521],[9.96389,53.55199]]]]}},{"type":"Feature","properties":{"zone":"MA204","district":"St. Pauli","rawHours":"täglich 9-2 Uhr","rawFee":"3,50 € je Stunde","note":"MA 204 Hein-Köllisch-Platz — Parkschein, Bewohner mit Ausweis frei","windows":[{"weekdays":[0,1,2,3,4,5,6],"fromMinute":540,"toMinute":1440},{"weekdays":[1,2,3,4,5,6,0],"fromMinute":0,"toMinute":120}],"fee":{"kind":"exact","centsPerHour":350},"unmodelledRules":[],"sourceDefect":null,"spaces":null,"maxStayMinutes":180,"maxStay":null,"maxStayShare":0,"maxStayValues":[],"chargingPoints":0,"carsharing":0},"geometry":{"type":"MultiPolygon","coordinates":[[[[9.95752,53.55313],[9.95776,53.55308],[9.95774,53.55303],[9.95803,53.55297],[9.95814,53.55301],[9.95831,53.55302],[9.95845,53.55298],[9.95862,53.55289],[9.95867,53.55289],[9.95866,53.55287],[9.95871,53.55286],[9.95867,53.55275],[9.95957,53.55261],[9.96,53.55267],[9.96039,53.55261],[9.96064,53.55252],[9.96086,53.55249],[9.96086,53.55247],[9.96105,53.55245],[9.96095,53.55222],[9.96228,53.55207],[9.96223,53.55188],[9.96243,53.55187],[9.96244,53.5518],[9.96227,53.5513],[9.96214,53.55112],[9.96203,53.55108],[9.96189,53.5511],[9.96186,53.55099],[9.96178,53.551],[9.96175,53.55069],[9.96144,53.55052],[9.96146,53.55033],[9.96164,53.55028],[9.96178,53.55028],[9.96178,53.55014],[9.96187,53.54986],[9.96208,53.54988],[9.96214,53.54965],[9.96235,53.5492],[9.96223,53.54903],[9.96208,53.54902],[9.96208,53.54871],[9.96231,53.54873],[9.96232,53.54865],[9.96241,53.54848],[9.96244,53.54831],[9.96231,53.54829],[9.96233,53.5482],[9.9625,53.54813],[9.96251,53.54806],[9.96245,53.54806],[9.96245,53.54799],[9.96236,53.54798],[9.96241,53.5477],[9.96266,53.54771],[9.96254,53.54748],[9.96222,53.54728],[9.9625,53.5473],[9.96251,53.54715],[9.96267,53.54711],[9.96278,53.54705],[9.96286,53.54684],[9.96548,53.54633],[9.96543,53.5462],[9.96283,53.54642],[9.96183,53.54638],[9.96087,53.54631],[9.95658,53.54579],[9.95558,53.54566],[9.95485,53.54554],[9.95447,53.54552],[9.9542,53.54554],[9.95397,53.54557],[9.95297,53.54651],[9.95252,53.54659],[9.95191,53.54661],[9.95165,53.54715],[9.95171,53.54734],[9.95151,53.54738],[9.95145,53.54787],[9.95152,53.54798],[9.95155,53.54807],[9.95184,53.54836],[9.95212,53.54875],[9.95237,53.54914],[9.95221,53.54918],[9.95236,53.54945],[9.95313,53.54954],[9.95467,53.54963],[9.95585,53.54963],[9.95599,53.55012],[9.95609,53.55019],[9.95614,53.55028],[9.9562,53.55027],[9.95634,53.55054],[9.9563,53.55054],[9.95633,53.55062],[9.95664,53.55057],[9.95665,53.55062],[9.95639,53.55066],[9.95655,53.55104],[9.95612,53.5511],[9.95612,53.55114],[9.95657,53.55109],[9.95667,53.5515],[9.95668,53.55162],[9.9566,53.55175],[9.95664,53.55187],[9.95671,53.55185],[9.95683,53.55211],[9.957,53.55208],[9.95706,53.55224],[9.95715,53.55222],[9.95718,53.55228],[9.95744,53.55223],[9.95758,53.55254],[9.95753,53.55255],[9.95763,53.55275],[9.95748,53.55277],[9.95757,53.553],[9.95745,53.55301],[9.95747,53.55304],[9.95709,53.55311],[9.9571,53.55313],[9.95713,53.55312],[9.95718,53.55315],[9.95741,53.55311],[9.95744,53.55316],[9.95752,53.55314],[9.95752,53.55313]]]]}},{"type":"Feature","properties":{"zone":"M101","district":"Neustadt","rawHours":"täglich 9-24 Uhr","rawFee":"3,50 € je Stunde","note":"M 101 Schaarmarkt — Parkschein, Bewohner mit Ausweis frei","windows":[{"weekdays":[0,1,2,3,4,5,6],"fromMinute":540,"toMinute":1440}],"fee":{"kind":"exact","centsPerHour":350},"unmodelledRules":[],"sourceDefect":null,"spaces":null,"maxStayMinutes":180,"maxStay":null,"maxStayShare":0,"maxStayValues":[],"chargingPoints":0,"carsharing":0},"geometry":{"type":"MultiPolygon","coordinates":[[[[9.9807,53.54895],[9.98247,53.54861],[9.98346,53.54838],[9.98444,53.54818],[9.98474,53.54797],[9.98455,53.54772],[9.98435,53.54765],[9.98416,53.54742],[9.98364,53.54674],[9.98348,53.5465],[9.98339,53.54616],[9.98337,53.54597],[9.98332,53.54596],[9.98331,53.54581],[9.98366,53.54576],[9.98365,53.54579],[9.9839,53.54577],[9.9839,53.54567],[9.98396,53.54565],[9.98394,53.54558],[9.98409,53.54556],[9.98402,53.54548],[9.98393,53.5455],[9.98388,53.54523],[9.98371,53.54506],[9.98314,53.54468],[9.98329,53.54459],[9.98354,53.54455],[9.98238,53.54418],[9.98182,53.54409],[9.98087,53.54409],[9.97982,53.54414],[9.97755,53.54407],[9.977,53.54402],[9.97665,53.54405],[9.97601,53.54428],[9.97522,53.54462],[9.97467,53.54481],[9.97306,53.54532],[9.97262,53.54557],[9.97237,53.54564],[9.97255,53.54601],[9.97316,53.54649],[9.97355,53.5469],[9.97316,53.54714],[9.97265,53.54742],[9.97139,53.54734],[9.97139,53.54738],[9.97265,53.54746],[9.97253,53.54761],[9.97136,53.54754],[9.97135,53.5476],[9.97237,53.54768],[9.97245,53.54827],[9.97321,53.54832],[9.97384,53.54898],[9.97372,53.54898],[9.97371,53.54911],[9.97371,53.54969],[9.97496,53.54948],[9.97831,53.54934],[9.97898,53.54928],[9.9807,53.54895]]]]}},{"type":"Feature","properties":{"zone":"M100","district":"Neustadt","rawHours":"täglich 8-24 Uhr","rawFee":"3,50 € je Stunde","note":"M 100 Großneumarkt — Parkschein, Bewohner mit Ausweis frei","windows":[{"weekdays":[0,1,2,3,4,5,6],"fromMinute":480,"toMinute":1440}],"fee":{"kind":"exact","centsPerHour":350},"unmodelledRules":[],"sourceDefect":null,"spaces":null,"maxStayMinutes":180,"maxStay":null,"maxStayShare":0,"maxStayValues":[],"chargingPoints":0,"carsharing":0},"geometry":{"type":"MultiPolygon","coordinates":[[[[9.98342,53.55542],[9.98378,53.55515],[9.98377,53.55505],[9.98325,53.555],[9.98324,53.55487],[9.98317,53.55487],[9.98319,53.55483],[9.98199,53.55455],[9.98207,53.55436],[9.98287,53.55378],[9.98319,53.55358],[9.98351,53.55335],[9.98407,53.55303],[9.98477,53.55268],[9.98529,53.55247],[9.98548,53.55191],[9.98543,53.55181],[9.98556,53.55104],[9.9849,53.5507],[9.98445,53.55029],[9.98431,53.55008],[9.98463,53.55004],[9.9843,53.54941],[9.98465,53.54929],[9.98518,53.54916],[9.98443,53.54818],[9.98346,53.54838],[9.98247,53.54861],[9.98114,53.54887],[9.97898,53.54928],[9.97831,53.54934],[9.97496,53.54948],[9.97371,53.54969],[9.97382,53.54992],[9.97371,53.55024],[9.974,53.55071],[9.97459,53.55139],[9.97555,53.55241],[9.97608,53.55295],[9.97712,53.55389],[9.97791,53.55451],[9.97827,53.55482],[9.9784,53.5549],[9.97909,53.55511],[9.97965,53.55483],[9.97984,53.55479],[9.98002,53.55495],[9.98023,53.55509],[9.98054,53.55516],[9.98075,53.55512],[9.9811,53.55523],[9.98136,53.55524],[9.98136,53.55539],[9.98248,53.55542],[9.98289,53.55541],[9.9832,53.55543],[9.9832,53.55545],[9.98342,53.55546],[9.98342,53.55542]]]]}},{"type":"Feature","properties":{"zone":"M102","district":"Hamburg-Altstadt","rawHours":"täglich 9-20 Uhr","rawFee":"4,00 € je Stunde","note":"M 102 Cremon — Parkschein, Bewohner mit Ausweis frei","windows":[{"weekdays":[0,1,2,3,4,5,6],"fromMinute":540,"toMinute":1200}],"fee":{"kind":"exact","centsPerHour":400},"unmodelledRules":[],"sourceDefect":null,"spaces":null,"maxStayMinutes":120,"maxStay":null,"maxStayShare":0,"maxStayValues":[],"chargingPoints":0,"carsharing":0},"geometry":{"type":"MultiPolygon","coordinates":[[[[9.98838,53.5473],[9.9891,53.54719],[9.9903,53.5471],[9.99216,53.54714],[9.99474,53.54724],[9.99872,53.54755],[9.99973,53.54757],[10.00027,53.54753],[10.00046,53.54743],[10.00068,53.54725],[10.00085,53.54722],[10.0009,53.54717],[10.00082,53.54711],[10.00067,53.54705],[9.99968,53.54675],[9.99923,53.54665],[9.99833,53.54652],[9.99724,53.5463],[9.99726,53.54626],[9.99691,53.54615],[9.99687,53.54619],[9.99556,53.54573],[9.99523,53.54559],[9.99464,53.5454],[9.99282,53.54465],[9.99244,53.54458],[9.99222,53.54456],[9.98994,53.54462],[9.98948,53.54458],[9.98948,53.54465],[9.98872,53.54465],[9.98782,53.54472],[9.98686,53.54472],[9.986,53.54474],[9.98556,53.5448],[9.98558,53.54495],[9.98502,53.54497],[9.98487,53.54493],[9.98447,53.54507],[9.98445,53.5453],[9.98458,53.54545],[9.98427,53.54553],[9.98394,53.54558],[9.98396,53.54565],[9.9839,53.54567],[9.98395,53.54633],[9.98483,53.54753],[9.98508,53.54783],[9.98516,53.54791],[9.98606,53.54765],[9.98656,53.54755],[9.98748,53.54744],[9.98838,53.5473]]]]}},{"type":"Feature","properties":{"zone":"M103","district":"Hamburg-Altstadt","rawHours":"werktags 9-20 Uhr","rawFee":"4,00 € je Stunde","note":"M 103 Kontorhausviertel — Parkschein, Bewohner mit Ausweis frei","windows":[{"weekdays":[1,2,3,4,5,6],"fromMinute":540,"toMinute":1200}],"fee":{"kind":"exact","centsPerHour":400},"unmodelledRules":[],"sourceDefect":null,"spaces":null,"maxStayMinutes":120,"maxStay":null,"maxStayShare":0,"maxStayValues":[],"chargingPoints":0,"carsharing":0},"geometry":{"type":"MultiPolygon","coordinates":[[[[9.99416,53.54744],[9.99406,53.54746],[9.99409,53.54755],[9.99429,53.54772],[9.99436,53.54783],[9.99473,53.54822],[9.99539,53.54879],[9.99594,53.54908],[9.99659,53.54937],[9.99766,53.54968],[9.99804,53.54977],[9.99896,53.54984],[9.99989,53.54993],[10.00027,53.54993],[10.00067,53.54996],[10.00149,53.54998],[10.00253,53.55004],[10.0036,53.55006],[10.00488,53.55005],[10.00593,53.55001],[10.006,53.54993],[10.00587,53.54919],[10.00577,53.54882],[10.00564,53.5485],[10.00525,53.54809],[10.00488,53.54783],[10.00439,53.54776],[10.00396,53.54767],[10.00285,53.54753],[10.00249,53.54751],[10.0009,53.54772],[10.00007,53.54778],[9.99932,53.54778],[9.99728,53.54768],[9.99511,53.54753],[9.99416,53.54744]]]]}},{"type":"Feature","properties":{"zone":"M106","district":"Billstedt","rawHours":"werktags 9-20 Uhr","rawFee":"2,00 € je Stunde","note":"M 106 Kirchlinden — Parkschein, Bewohner mit Ausweis frei","windows":[{"weekdays":[1,2,3,4,5,6],"fromMinute":540,"toMinute":1200}],"fee":{"kind":"exact","centsPerHour":200},"unmodelledRules":[],"sourceDefect":null,"spaces":null,"maxStayMinutes":180,"maxStay":null,"maxStayShare":0,"maxStayValues":[],"chargingPoints":0,"carsharing":0},"geometry":{"type":"MultiPolygon","coordinates":[[[[10.10336,53.54334],[10.10401,53.54318],[10.10487,53.54289],[10.10522,53.54271],[10.10568,53.54243],[10.1053,53.54145],[10.10494,53.54101],[10.10475,53.54106],[10.10454,53.54082],[10.10395,53.54099],[10.1036,53.54056],[10.10323,53.54028],[10.10298,53.54041],[10.10232,53.54058],[10.10218,53.54064],[10.10209,53.54074],[10.10196,53.54077],[10.10158,53.54038],[10.10134,53.54045],[10.10113,53.5404],[10.10066,53.54054],[10.10021,53.54016],[10.10023,53.54007],[10.09988,53.53967],[10.09937,53.53976],[10.09837,53.53989],[10.098,53.54027],[10.09764,53.54068],[10.09567,53.54126],[10.09598,53.54165],[10.09566,53.54202],[10.09534,53.54213],[10.09548,53.54235],[10.09589,53.54233],[10.09637,53.54245],[10.09698,53.54247],[10.09733,53.54278],[10.09694,53.54291],[10.09731,53.5434],[10.09775,53.54327],[10.09792,53.54341],[10.09744,53.54364],[10.09781,53.54411],[10.0977,53.54448],[10.09759,53.54452],[10.09746,53.5449],[10.09732,53.54504],[10.09751,53.5456],[10.09759,53.54578],[10.09768,53.54589],[10.09889,53.54539],[10.10353,53.54354],[10.10336,53.54334]]]]}},{"type":"Feature","properties":{"zone":"M105","district":"Billstedt","rawHours":"werktags 9-20 Uhr","rawFee":"2,00 € je Stunde","note":"M 105 Billstedt Zentrum — Parkschein, Bewohner mit Ausweis frei","windows":[{"weekdays":[1,2,3,4,5,6],"fromMinute":540,"toMinute":1200}],"fee":{"kind":"exact","centsPerHour":200},"unmodelledRules":[],"sourceDefect":null,"spaces":null,"maxStayMinutes":180,"maxStay":null,"maxStayShare":0,"maxStayValues":[],"chargingPoints":0,"carsharing":0},"geometry":{"type":"MultiPolygon","coordinates":[[[[10.11049,53.54128],[10.11184,53.54092],[10.11306,53.54055],[10.11494,53.53978],[10.11476,53.53947],[10.11506,53.53871],[10.11487,53.53836],[10.11496,53.53829],[10.11473,53.53815],[10.11467,53.53799],[10.11457,53.53726],[10.1137,53.53662],[10.11323,53.53594],[10.11277,53.53547],[10.1126,53.53521],[10.11132,53.5352],[10.11031,53.53524],[10.10922,53.53572],[10.10685,53.5367],[10.1042,53.53769],[10.10198,53.5386],[10.10013,53.53939],[10.10113,53.5404],[10.10134,53.54045],[10.10158,53.54038],[10.10196,53.54077],[10.10209,53.54074],[10.10218,53.54064],[10.10232,53.54058],[10.10298,53.54041],[10.10323,53.54028],[10.1036,53.54056],[10.10395,53.54099],[10.10454,53.54082],[10.10475,53.54106],[10.10494,53.54101],[10.1053,53.54145],[10.10568,53.54243],[10.10572,53.54268],[10.10692,53.54225],[10.1084,53.54181],[10.11049,53.54128]],[[10.10985,53.54113],[10.10937,53.5402],[10.10974,53.54002],[10.10942,53.53947],[10.11025,53.53949],[10.11041,53.54072],[10.11019,53.541],[10.10985,53.54113]]]]}},{"type":"Feature","properties":{"zone":"M104","district":"Billstedt","rawHours":"werktags 9-20 Uhr","rawFee":"Parkscheibe","note":"M 104 Gothaer Weg — Parkscheibe, Bewohner mit Ausweis frei","windows":[{"weekdays":[1,2,3,4,5,6],"fromMinute":540,"toMinute":1200}],"fee":{"kind":"disc"},"unmodelledRules":[],"sourceDefect":null,"spaces":null,"maxStayMinutes":180,"maxStay":null,"maxStayShare":0,"maxStayValues":[],"chargingPoints":0,"carsharing":0},"geometry":{"type":"MultiPolygon","coordinates":[[[[10.10908,53.54206],[10.10552,53.5433],[10.10411,53.5442],[10.10381,53.54447],[10.10417,53.5452],[10.10445,53.54528],[10.10449,53.54589],[10.10449,53.54613],[10.10523,53.54612],[10.10526,53.547],[10.10571,53.547],[10.10626,53.54771],[10.10718,53.54744],[10.10734,53.54745],[10.10773,53.54688],[10.10768,53.54681],[10.10948,53.54621],[10.11008,53.54629],[10.11059,53.54621],[10.11098,53.54609],[10.11075,53.54584],[10.11292,53.54514],[10.11401,53.54526],[10.11473,53.54529],[10.11583,53.54504],[10.11443,53.54444],[10.11327,53.5438],[10.11272,53.54339],[10.11209,53.54304],[10.11162,53.54298],[10.11157,53.54283],[10.11114,53.54288],[10.11098,53.54267],[10.11091,53.54214],[10.11092,53.54178],[10.10998,53.5421],[10.10968,53.54188],[10.10908,53.54206]]]]}},{"type":"Feature","properties":{"zone":"M107","district":"St. Pauli","rawHours":"täglich 9-24 Uhr","rawFee":"3,50 € je Stunde","note":"M 107 Karolinenviertel — Parkschein, Bewohner mit Ausweis frei","windows":[{"weekdays":[0,1,2,3,4,5,6],"fromMinute":540,"toMinute":1440}],"fee":{"kind":"exact","centsPerHour":350},"unmodelledRules":[],"sourceDefect":null,"spaces":null,"maxStayMinutes":180,"maxStay":null,"maxStayShare":0,"maxStayValues":[],"chargingPoints":0,"carsharing":0},"geometry":{"type":"MultiPolygon","coordinates":[[[[9.97304,53.56116],[9.97513,53.56108],[9.9759,53.5624],[9.97627,53.56232],[9.97576,53.56085],[9.97571,53.55907],[9.97573,53.55868],[9.9763,53.55817],[9.97668,53.55791],[9.97735,53.5577],[9.97703,53.55756],[9.9772,53.55738],[9.97685,53.55737],[9.97594,53.55672],[9.97619,53.5565],[9.97514,53.55628],[9.97317,53.55678],[9.97232,53.55692],[9.9712,53.55678],[9.97011,53.55689],[9.96881,53.55693],[9.96823,53.55698],[9.97033,53.5633],[9.97096,53.56331],[9.97169,53.56323],[9.97167,53.56258],[9.97295,53.5625],[9.97304,53.56116]]]]}},{"type":"Feature","properties":{"zone":"E300","district":"Rotherbaum","rawHours":"täglich 9-20 Uhr","rawFee":"3,50 € je Stunde","note":"E 300 Grindelallee — Parkschein, Bewohner mit Ausweis frei","windows":[{"weekdays":[0,1,2,3,4,5,6],"fromMinute":540,"toMinute":1200}],"fee":{"kind":"exact","centsPerHour":350},"unmodelledRules":[],"sourceDefect":null,"spaces":null,"maxStayMinutes":180,"maxStay":null,"maxStayShare":0,"maxStayValues":[],"chargingPoints":0,"carsharing":0},"geometry":{"type":"MultiPolygon","coordinates":[[[[9.97869,53.57096],[9.97827,53.57092],[9.97841,53.57055],[9.97869,53.57011],[9.97873,53.57011],[9.97874,53.57009],[9.97872,53.57006],[9.97897,53.56967],[9.97905,53.56947],[9.98068,53.56708],[9.98094,53.56681],[9.98146,53.56638],[9.98152,53.56636],[9.98173,53.56621],[9.98235,53.5657],[9.98237,53.56561],[9.9831,53.565],[9.98312,53.56501],[9.98324,53.56491],[9.98355,53.56507],[9.98468,53.56426],[9.98429,53.56367],[9.98314,53.5638],[9.98228,53.56384],[9.97741,53.5638],[9.9769,53.56396],[9.97692,53.56411],[9.97618,53.56449],[9.97016,53.56726],[9.97038,53.56755],[9.9711,53.56821],[9.97115,53.56823],[9.97119,53.56819],[9.97132,53.5681],[9.97151,53.56819],[9.97155,53.56822],[9.97116,53.56851],[9.97149,53.56866],[9.97111,53.56892],[9.97168,53.56919],[9.97189,53.56903],[9.97195,53.56863],[9.97215,53.56848],[9.97234,53.56857],[9.97221,53.56867],[9.9721,53.56881],[9.97215,53.56884],[9.97241,53.56876],[9.97272,53.56878],[9.97284,53.56875],[9.97298,53.56882],[9.97314,53.56898],[9.97304,53.56906],[9.9734,53.56923],[9.97364,53.56923],[9.974,53.5694],[9.97414,53.56943],[9.97415,53.56956],[9.9743,53.56964],[9.9744,53.56957],[9.97448,53.56953],[9.97462,53.56961],[9.97454,53.56965],[9.97438,53.56977],[9.97448,53.56994],[9.97457,53.57],[9.97482,53.57],[9.97497,53.5699],[9.97535,53.57],[9.97553,53.57011],[9.97562,53.57019],[9.97545,53.57027],[9.9752,53.57059],[9.97524,53.57064],[9.97538,53.5707],[9.97593,53.57044],[9.97617,53.57063],[9.97586,53.57078],[9.97602,53.5709],[9.97596,53.57093],[9.97602,53.57097],[9.97608,53.57095],[9.9761,53.57097],[9.97615,53.57094],[9.97658,53.57125],[9.9768,53.57126],[9.97694,53.57121],[9.97722,53.57143],[9.9775,53.57172],[9.97734,53.57177],[9.97752,53.57194],[9.97754,53.57201],[9.97767,53.57212],[9.97785,53.57205],[9.97798,53.57212],[9.97815,53.57232],[9.97849,53.57232],[9.97849,53.5713],[9.97869,53.57096]]]]}},{"type":"Feature","properties":{"zone":"E302","district":"Rotherbaum","rawHours":"täglich 9-20 Uhr","rawFee":"3,50 € je Stunde","note":"E 302 Pöseldorf — Parkschein, Bewohner mit Ausweis frei","windows":[{"weekdays":[0,1,2,3,4,5,6],"fromMinute":540,"toMinute":1200}],"fee":{"kind":"exact","centsPerHour":350},"unmodelledRules":[],"sourceDefect":null,"spaces":null,"maxStayMinutes":180,"maxStay":null,"maxStayShare":0,"maxStayValues":[],"chargingPoints":0,"carsharing":0},"geometry":{"type":"MultiPolygon","coordinates":[[[[10.00023,53.57341],[10.00026,53.57334],[10.00072,53.5732],[10.00127,53.57325],[10.00134,53.57329],[10.00138,53.57333],[10.00139,53.57338],[10.00136,53.5735],[10.00265,53.57361],[10.00214,53.57098],[10.00143,53.56722],[10.00057,53.56715],[10.00056,53.56711],[10.00039,53.56697],[10.00054,53.56691],[10.0004,53.56682],[10.00009,53.56691],[10.00002,53.56696],[10.00012,53.56712],[9.99982,53.56711],[9.99953,53.56681],[9.99939,53.56685],[9.99944,53.56691],[9.99941,53.56692],[9.99885,53.56685],[9.99887,53.56635],[9.99685,53.56631],[9.99671,53.56637],[9.99653,53.56653],[9.99643,53.56674],[9.9961,53.5667],[9.99581,53.5667],[9.99521,53.56653],[9.99501,53.56652],[9.99502,53.56644],[9.99501,53.56639],[9.99464,53.56628],[9.99347,53.56618],[9.99296,53.56619],[9.9928,53.56628],[9.99277,53.56652],[9.99256,53.56649],[9.99219,53.56638],[9.99223,53.56618],[9.99218,53.56615],[9.9917,53.5661],[9.99095,53.56606],[9.99086,53.56638],[9.99059,53.56637],[9.99065,53.56606],[9.98934,53.56598],[9.98872,53.56609],[9.98856,53.56637],[9.98834,53.56713],[9.98776,53.56709],[9.98766,53.56751],[9.98785,53.56758],[9.98786,53.5676],[9.98784,53.56774],[9.98796,53.56775],[9.98802,53.56785],[9.98818,53.56787],[9.98818,53.56797],[9.98803,53.56796],[9.98803,53.56802],[9.98799,53.56805],[9.98797,53.56813],[9.98791,53.56817],[9.98791,53.56828],[9.98789,53.56828],[9.98789,53.5684],[9.9877,53.5684],[9.98769,53.56854],[9.98754,53.56865],[9.98755,53.56885],[9.98738,53.56887],[9.9868,53.56887],[9.98681,53.56893],[9.98683,53.56893],[9.98685,53.56915],[9.98797,53.56914],[9.98797,53.56939],[9.98712,53.56941],[9.9871,53.56981],[9.98775,53.56987],[9.98778,53.56988],[9.98782,53.56994],[9.98801,53.56997],[9.98802,53.57017],[9.98812,53.57019],[9.98814,53.57025],[9.98828,53.57027],[9.98827,53.57036],[9.98816,53.57037],[9.98811,53.57099],[9.98803,53.57105],[9.98761,53.571],[9.98756,53.57108],[9.98748,53.57111],[9.98709,53.57109],[9.98706,53.57116],[9.98715,53.57119],[9.98763,53.57126],[9.98765,53.57118],[9.98779,53.5712],[9.98775,53.57131],[9.98781,53.57132],[9.98782,53.5713],[9.98804,53.57135],[9.98804,53.57154],[9.9882,53.57155],[9.98819,53.57156],[9.98826,53.57157],[9.98827,53.57156],[9.98831,53.57162],[9.98834,53.57163],[9.98833,53.57167],[9.98835,53.57171],[9.98835,53.57176],[9.98815,53.57175],[9.98812,53.57179],[9.98819,53.5718],[9.98822,53.57196],[9.98802,53.57196],[9.98803,53.57212],[9.98801,53.57216],[9.98792,53.57215],[9.98789,53.57243],[9.98849,53.57257],[9.98844,53.57277],[9.98834,53.57291],[9.98863,53.57304],[9.98876,53.57282],[9.98964,53.57306],[9.99067,53.57305],[9.99108,53.57329],[9.99126,53.57319],[9.99195,53.57321],[9.99212,53.57331],[9.99217,53.57328],[9.99238,53.57331],[9.99235,53.57382],[9.99294,53.57383],[9.99298,53.57311],[9.99378,53.57293],[9.99496,53.57303],[9.99492,53.57319],[9.99565,53.57327],[9.99564,53.57336],[9.99593,53.57338],[9.99594,53.5733],[9.99691,53.57338],[9.9969,53.57344],[9.99716,53.57346],[9.99717,53.57339],[9.99733,53.57344],[9.99761,53.57346],[9.99819,53.57346],[9.99826,53.57344],[9.99922,53.57352],[9.9994,53.57334],[10.00023,53.57341]],[[9.98862,53.56879],[9.98859,53.56799],[9.98871,53.56797],[9.98895,53.56812],[9.98889,53.56893],[9.98862,53.56879]]]]}},{"type":"Feature","properties":{"zone":"E301","district":"Rotherbaum","rawHours":"täglich 9-22 Uhr","rawFee":"3,50 € je Stunde","note":"E 301 Grindelhof — Parkschein, Bewohner mit Ausweis frei","windows":[{"weekdays":[0,1,2,3,4,5,6],"fromMinute":540,"toMinute":1320}],"fee":{"kind":"exact","centsPerHour":350},"unmodelledRules":[],"sourceDefect":null,"spaces":null,"maxStayMinutes":180,"maxStay":null,"maxStayShare":0,"maxStayValues":[],"chargingPoints":0,"carsharing":0},"geometry":{"type":"MultiPolygon","coordinates":[[[[9.98138,53.57281],[9.98178,53.57261],[9.98198,53.57261],[9.98215,53.5727],[9.98225,53.57274],[9.98225,53.57279],[9.98238,53.57279],[9.9824,53.57297],[9.98258,53.573],[9.9827,53.57301],[9.98275,53.57287],[9.98352,53.57289],[9.98354,53.57274],[9.9838,53.57269],[9.98413,53.5727],[9.98431,53.57275],[9.98448,53.57276],[9.98448,53.57279],[9.98451,53.57279],[9.98451,53.57288],[9.98454,53.57288],[9.98453,53.57296],[9.98565,53.57301],[9.98566,53.57284],[9.98569,53.57278],[9.9867,53.57278],[9.9867,53.57302],[9.98826,53.57304],[9.98844,53.57277],[9.98849,53.57257],[9.98789,53.57243],[9.98792,53.57215],[9.98801,53.57216],[9.98803,53.57212],[9.98802,53.57196],[9.98822,53.57196],[9.98819,53.5718],[9.98812,53.57179],[9.98815,53.57175],[9.98835,53.57176],[9.98835,53.57171],[9.98833,53.57167],[9.98834,53.57163],[9.98831,53.57162],[9.98827,53.57156],[9.98826,53.57157],[9.98819,53.57156],[9.9882,53.57155],[9.98804,53.57154],[9.98804,53.57135],[9.98782,53.5713],[9.98781,53.57132],[9.98775,53.57131],[9.98779,53.5712],[9.98765,53.57118],[9.98763,53.57126],[9.98715,53.57119],[9.98706,53.57116],[9.98709,53.57109],[9.98748,53.57111],[9.98756,53.57108],[9.98761,53.571],[9.98803,53.57105],[9.98811,53.57099],[9.98816,53.57037],[9.98827,53.57036],[9.98828,53.57027],[9.98814,53.57025],[9.98812,53.57019],[9.98802,53.57017],[9.98801,53.56997],[9.98782,53.56994],[9.98778,53.56988],[9.98775,53.56987],[9.9871,53.56981],[9.98712,53.56941],[9.98797,53.56939],[9.98797,53.56914],[9.98685,53.56915],[9.98683,53.56893],[9.98681,53.56893],[9.9868,53.56887],[9.98738,53.56887],[9.98755,53.56885],[9.98754,53.56865],[9.98769,53.56854],[9.9877,53.5684],[9.98789,53.5684],[9.98789,53.56828],[9.98791,53.56828],[9.98791,53.56817],[9.98797,53.56813],[9.98799,53.56805],[9.98803,53.56802],[9.98803,53.56796],[9.98818,53.56797],[9.98818,53.56787],[9.98802,53.56785],[9.98796,53.56775],[9.98784,53.56774],[9.98786,53.5676],[9.98785,53.56758],[9.98766,53.56751],[9.98776,53.56709],[9.98751,53.56707],[9.9874,53.56732],[9.98664,53.56725],[9.98665,53.56664],[9.9864,53.56663],[9.9863,53.56763],[9.98554,53.56763],[9.98529,53.5676],[9.98498,53.56762],[9.98481,53.56754],[9.98453,53.56752],[9.98455,53.56776],[9.98454,53.5679],[9.98462,53.56793],[9.98504,53.56797],[9.98499,53.56836],[9.98361,53.56884],[9.98351,53.56861],[9.98249,53.568],[9.9831,53.56758],[9.98303,53.56731],[9.98316,53.5671],[9.98235,53.56671],[9.98252,53.56644],[9.98346,53.56569],[9.98315,53.56544],[9.98201,53.56639],[9.98193,53.56639],[9.98197,53.56642],[9.98178,53.5666],[9.9817,53.56666],[9.98108,53.56715],[9.98099,53.56732],[9.97965,53.56932],[9.97967,53.56939],[9.97939,53.56982],[9.97932,53.56985],[9.97924,53.56998],[9.9791,53.57022],[9.97893,53.57058],[9.97885,53.57071],[9.97876,53.57097],[9.97869,53.57096],[9.97849,53.5713],[9.97849,53.57232],[9.97899,53.57394],[9.97921,53.57445],[9.98001,53.5746],[9.98087,53.57417],[9.98109,53.57297],[9.98138,53.57284],[9.98138,53.57281]],[[9.98207,53.5678],[9.98277,53.5673],[9.98296,53.56737],[9.98301,53.56757],[9.98244,53.56799],[9.98207,53.5678]]]]}},{"type":"Feature","properties":{"zone":"E303","district":"Rotherbaum","rawHours":"täglich 9-20 Uhr","rawFee":"3,50 € je Stunde","note":"E 303 Alsterufer — Parkschein/Tagesticket, Bewohner mit Ausweis frei","windows":[{"weekdays":[0,1,2,3,4,5,6],"fromMinute":540,"toMinute":1200}],"fee":{"kind":"exact","centsPerHour":350},"unmodelledRules":[],"sourceDefect":null,"spaces":null,"maxStayMinutes":660,"maxStay":null,"maxStayShare":0,"maxStayValues":[],"chargingPoints":0,"carsharing":0},"geometry":{"type":"MultiPolygon","coordinates":[[[[10.00143,53.56722],[10.00129,53.56668],[10.00098,53.5663],[10.00041,53.56576],[9.99974,53.56492],[9.99946,53.56469],[9.99863,53.56414],[9.99828,53.56369],[9.99803,53.56309],[9.99835,53.56228],[9.9974,53.56113],[9.99794,53.56101],[9.99763,53.56053],[9.99716,53.56064],[9.99705,53.56035],[9.99744,53.56018],[9.99674,53.55907],[9.99543,53.55881],[9.99348,53.55881],[9.99242,53.55919],[9.9917,53.55959],[9.98972,53.56171],[9.98957,53.56282],[9.98921,53.56346],[9.9877,53.5636],[9.98745,53.56366],[9.98734,53.56364],[9.98565,53.5638],[9.98509,53.56399],[9.98355,53.56507],[9.98358,53.56509],[9.98315,53.56544],[9.98331,53.56557],[9.98344,53.56552],[9.98366,53.56531],[9.98499,53.56412],[9.98503,53.5641],[9.98502,53.5641],[9.98513,53.56407],[9.98552,53.56406],[9.98646,53.56536],[9.98641,53.56595],[9.9864,53.56663],[9.98759,53.56669],[9.98761,53.56656],[9.98767,53.56655],[9.98834,53.56662],[9.98846,53.56672],[9.98856,53.56637],[9.98872,53.56609],[9.98934,53.56598],[9.99065,53.56606],[9.99059,53.56637],[9.99086,53.56638],[9.99095,53.56606],[9.9917,53.5661],[9.99218,53.56615],[9.99223,53.56618],[9.99219,53.56638],[9.99256,53.56649],[9.99277,53.56652],[9.9928,53.56628],[9.99296,53.56619],[9.99347,53.56618],[9.99464,53.56628],[9.99501,53.56639],[9.99502,53.56644],[9.99501,53.56652],[9.99521,53.56653],[9.99581,53.5667],[9.9961,53.5667],[9.99643,53.56674],[9.99653,53.56653],[9.99671,53.56637],[9.99685,53.56631],[9.99887,53.56635],[9.99885,53.56685],[9.99941,53.56692],[9.99944,53.56691],[9.99939,53.56685],[9.99953,53.56681],[9.99982,53.56711],[10.00012,53.56712],[10.00002,53.56696],[10.00009,53.56691],[10.0004,53.56682],[10.00054,53.56691],[10.00039,53.56697],[10.00056,53.56711],[10.00057,53.56715],[10.00143,53.56722]]]]}},{"type":"Feature","properties":{"zone":"A100","district":"St. Pauli","rawHours":"täglich 9-24 Uhr","rawFee":"3,50 € je Stunde","note":"A 100 Sternschanze — Parkschein, Bewohner mit Ausweis frei","windows":[{"weekdays":[0,1,2,3,4,5,6],"fromMinute":540,"toMinute":1440}],"fee":{"kind":"exact","centsPerHour":350},"unmodelledRules":[],"sourceDefect":null,"spaces":null,"maxStayMinutes":180,"maxStay":null,"maxStayShare":0,"maxStayValues":[],"chargingPoints":0,"carsharing":0},"geometry":{"type":"MultiPolygon","coordinates":[[[[9.97572,53.56456],[9.97359,53.56434],[9.97334,53.56438],[9.97346,53.56462],[9.97463,53.56472],[9.97573,53.56465],[9.97572,53.56456]]],[[[9.96963,53.56646],[9.96845,53.56599],[9.96811,53.5662],[9.96606,53.56533],[9.96582,53.56429],[9.96713,53.56432],[9.96718,53.56406],[9.96595,53.56402],[9.96567,53.56379],[9.96562,53.56373],[9.96573,53.56342],[9.96569,53.56327],[9.96569,53.5632],[9.96857,53.56329],[9.97033,53.5633],[9.96823,53.55698],[9.96746,53.55707],[9.96625,53.55709],[9.9644,53.55699],[9.96379,53.5581],[9.96078,53.55972],[9.95918,53.56034],[9.95721,53.56086],[9.95539,53.5612],[9.95507,53.5613],[9.96037,53.56367],[9.9629,53.5643],[9.96568,53.56516],[9.96664,53.56581],[9.96764,53.56636],[9.96801,53.56627],[9.96848,53.56647],[9.96911,53.56678],[9.96963,53.56646]]]]}},{"type":"Feature","properties":{"zone":"A101","district":"Altona-Nord","rawHours":"täglich 9-20 Uhr","rawFee":"3,50 € je Stunde","note":"A 101 Gerichtsviertel — Parkschein, Bewohner mit Ausweis frei","windows":[{"weekdays":[0,1,2,3,4,5,6],"fromMinute":540,"toMinute":1200}],"fee":{"kind":"exact","centsPerHour":350},"unmodelledRules":[],"sourceDefect":null,"spaces":null,"maxStayMinutes":180,"maxStay":null,"maxStayShare":0,"maxStayValues":[],"chargingPoints":0,"carsharing":0},"geometry":{"type":"MultiPolygon","coordinates":[[[[9.94231,53.56286],[9.94285,53.56253],[9.94165,53.56247],[9.94049,53.56002],[9.94156,53.55982],[9.94644,53.56137],[9.94565,53.56161],[9.94528,53.56264],[9.94755,53.56216],[9.94915,53.56176],[9.94999,53.56158],[9.95244,53.56122],[9.95239,53.56081],[9.95261,53.56052],[9.95177,53.56006],[9.94968,53.55913],[9.94955,53.55857],[9.94931,53.55832],[9.94547,53.55691],[9.94553,53.55675],[9.9457,53.5566],[9.94462,53.55604],[9.94272,53.55528],[9.94235,53.55525],[9.94404,53.55615],[9.94385,53.55625],[9.94191,53.55523],[9.94015,53.55536],[9.93947,53.55542],[9.93638,53.55548],[9.93605,53.55578],[9.93614,53.55613],[9.93686,53.55664],[9.93694,53.5572],[9.93888,53.55856],[9.93971,53.55985],[9.94045,53.56129],[9.9415,53.56291],[9.94231,53.56286]]]]}},{"type":"Feature","properties":{"zone":"A102","district":"Altona-Altstadt","rawHours":"täglich 9-20 Uhr","rawFee":"3,50 € je Stunde","note":"A 102 Große Bergstraße — Parkschein, Bewohner mit Ausweis frei","windows":[{"weekdays":[0,1,2,3,4,5,6],"fromMinute":540,"toMinute":1200}],"fee":{"kind":"exact","centsPerHour":350},"unmodelledRules":[],"sourceDefect":null,"spaces":null,"maxStayMinutes":180,"maxStay":null,"maxStayShare":0,"maxStayValues":[],"chargingPoints":0,"carsharing":0},"geometry":{"type":"MultiPolygon","coordinates":[[[[9.94662,53.5545],[9.94631,53.55429],[9.94584,53.5543],[9.94568,53.55397],[9.94637,53.55385],[9.94632,53.55366],[9.94614,53.55335],[9.94578,53.55228],[9.94441,53.55248],[9.94429,53.55204],[9.94464,53.55201],[9.94571,53.55174],[9.9453,53.55145],[9.94548,53.55064],[9.94374,53.55025],[9.94287,53.55004],[9.94241,53.55002],[9.94209,53.54996],[9.94077,53.55027],[9.94008,53.55031],[9.94016,53.55067],[9.9396,53.55072],[9.93947,53.55035],[9.93828,53.55035],[9.93831,53.55049],[9.9383,53.55063],[9.93913,53.5506],[9.93921,53.5511],[9.93927,53.55117],[9.93945,53.55127],[9.93956,53.55133],[9.94031,53.55142],[9.94028,53.55146],[9.93949,53.55138],[9.93916,53.55127],[9.93911,53.55118],[9.93901,53.55069],[9.93825,53.55072],[9.93828,53.55081],[9.93838,53.55086],[9.93842,53.5512],[9.9382,53.55121],[9.93816,53.55073],[9.93722,53.55074],[9.93723,53.55124],[9.937,53.55124],[9.93704,53.55083],[9.93702,53.55069],[9.93809,53.55063],[9.93805,53.55052],[9.93807,53.55045],[9.93691,53.55049],[9.93576,53.55028],[9.93574,53.55185],[9.93569,53.55245],[9.93571,53.55268],[9.93605,53.55578],[9.93638,53.55548],[9.93947,53.55542],[9.94015,53.55536],[9.94191,53.55523],[9.93931,53.55392],[9.93947,53.55372],[9.94235,53.55525],[9.94272,53.55528],[9.94462,53.55604],[9.9457,53.5566],[9.94553,53.55675],[9.94547,53.55691],[9.94575,53.55701],[9.94719,53.55618],[9.94716,53.55566],[9.94703,53.55558],[9.94671,53.55524],[9.94662,53.5545]],[[9.93964,53.55197],[9.93976,53.55195],[9.93975,53.55197],[9.93977,53.55196],[9.93984,53.55206],[9.93756,53.55241],[9.9375,53.55228],[9.93963,53.55199],[9.93964,53.55197]],[[9.93612,53.5521],[9.9363,53.55194],[9.93651,53.55194],[9.93701,53.55251],[9.9362,53.55252],[9.93611,53.55242],[9.93612,53.5521]]]]}},{"type":"Feature","properties":{"zone":"A104","district":"Altona-Altstadt","rawHours":"täglich 9-20 Uhr","rawFee":"3,50 € je Stunde","note":"A 104 Palmaille — Parkschein, Bewohner mit Ausweis frei","windows":[{"weekdays":[0,1,2,3,4,5,6],"fromMinute":540,"toMinute":1200}],"fee":{"kind":"exact","centsPerHour":350},"unmodelledRules":[],"sourceDefect":null,"spaces":null,"maxStayMinutes":180,"maxStay":null,"maxStayShare":0,"maxStayValues":[],"chargingPoints":0,"carsharing":0},"geometry":{"type":"MultiPolygon","coordinates":[[[[9.9458,53.55006],[9.94612,53.54946],[9.94692,53.54947],[9.94758,53.5493],[9.94829,53.54906],[9.95236,53.54945],[9.95221,53.54918],[9.95237,53.54914],[9.95212,53.54875],[9.95184,53.54836],[9.95155,53.54807],[9.95152,53.54798],[9.95145,53.54787],[9.95151,53.54738],[9.95171,53.54734],[9.95165,53.54715],[9.95191,53.54661],[9.95252,53.54659],[9.95297,53.54651],[9.95397,53.54557],[9.95205,53.54516],[9.95185,53.54516],[9.95026,53.54484],[9.95049,53.5442],[9.94827,53.54399],[9.94676,53.54391],[9.94673,53.54418],[9.94552,53.54433],[9.94209,53.54449],[9.94016,53.54463],[9.93561,53.54487],[9.93525,53.54602],[9.93586,53.54633],[9.93584,53.5464],[9.93583,53.54772],[9.93576,53.55028],[9.93691,53.55049],[9.93807,53.55045],[9.93809,53.55037],[9.93828,53.55035],[9.93947,53.55035],[9.9396,53.55072],[9.94016,53.55067],[9.94008,53.55031],[9.94077,53.55027],[9.94209,53.54996],[9.94241,53.55002],[9.94287,53.55004],[9.94374,53.55025],[9.94548,53.55064],[9.9458,53.55006]]]]}},{"type":"Feature","properties":{"zone":"A103","district":"Altona-Altstadt","rawHours":"täglich 9-20 Uhr","rawFee":"3,50 € je Stunde","note":"A 103 Nobistor — Parkschein, Bewohner mit Ausweis frei","windows":[{"weekdays":[0,1,2,3,4,5,6],"fromMinute":540,"toMinute":1200}],"fee":{"kind":"exact","centsPerHour":350},"unmodelledRules":[],"sourceDefect":null,"spaces":null,"maxStayMinutes":180,"maxStay":null,"maxStayShare":0,"maxStayValues":[],"chargingPoints":0,"carsharing":0},"geometry":{"type":"MultiPolygon","coordinates":[[[[9.95247,53.55457],[9.95307,53.55419],[9.95324,53.55413],[9.95377,53.5538],[9.9546,53.55335],[9.95525,53.55295],[9.95544,53.55279],[9.95576,53.55247],[9.95587,53.55223],[9.95594,53.552],[9.95597,53.55182],[9.95629,53.55176],[9.9566,53.55174],[9.95668,53.55162],[9.95667,53.5515],[9.95657,53.55109],[9.95612,53.55114],[9.95612,53.5511],[9.95655,53.55104],[9.95639,53.55066],[9.95665,53.55062],[9.95664,53.55057],[9.95633,53.55062],[9.9563,53.55054],[9.95634,53.55054],[9.9562,53.55027],[9.95614,53.55028],[9.95609,53.55019],[9.95599,53.55012],[9.95585,53.54963],[9.95467,53.54963],[9.95313,53.54954],[9.95236,53.54945],[9.94829,53.54906],[9.94758,53.5493],[9.94692,53.54947],[9.94612,53.54946],[9.94548,53.55064],[9.9453,53.55145],[9.94571,53.55174],[9.94464,53.55201],[9.94429,53.55204],[9.94441,53.55248],[9.94578,53.55228],[9.94614,53.55335],[9.94632,53.55366],[9.94637,53.55385],[9.94568,53.55397],[9.94584,53.5543],[9.94631,53.55429],[9.94662,53.5545],[9.94671,53.55524],[9.94703,53.55558],[9.94716,53.55566],[9.94719,53.55618],[9.94575,53.55701],[9.94931,53.55832],[9.94955,53.55857],[9.94964,53.55845],[9.94979,53.55778],[9.95026,53.55654],[9.95046,53.55615],[9.95073,53.55575],[9.95094,53.55557],[9.95112,53.55535],[9.9516,53.55502],[9.95191,53.55485],[9.95247,53.55457]],[[9.95079,53.55077],[9.9513,53.55076],[9.95235,53.55084],[9.95294,53.55096],[9.95444,53.55137],[9.95532,53.55156],[9.95547,53.55157],[9.9554,53.55186],[9.95425,53.5515],[9.95309,53.55117],[9.95248,53.55103],[9.95179,53.55095],[9.9508,53.55092],[9.95079,53.55077]]]]}},{"type":"Feature","properties":{"zone":"A107","district":"Ottensen","rawHours":"täglich 9-22 Uhr","rawFee":"3,50 € je Stunde","note":"A 107 Spritzenplatz — Parkschein, Bewohner mit Ausweis frei","windows":[{"weekdays":[0,1,2,3,4,5,6],"fromMinute":540,"toMinute":1320}],"fee":{"kind":"exact","centsPerHour":350},"unmodelledRules":[],"sourceDefect":null,"spaces":null,"maxStayMinutes":180,"maxStay":null,"maxStayShare":0,"maxStayValues":[],"chargingPoints":0,"carsharing":0},"geometry":{"type":"MultiPolygon","coordinates":[[[[9.93113,53.5523],[9.9312,53.55216],[9.93277,53.55228],[9.93373,53.55233],[9.93301,53.55151],[9.93575,53.55153],[9.93576,53.55028],[9.93583,53.54772],[9.93583,53.54655],[9.93487,53.54653],[9.93488,53.54663],[9.93487,53.54737],[9.93472,53.54736],[9.9347,53.54644],[9.93485,53.5464],[9.93584,53.5464],[9.93586,53.54633],[9.93525,53.54602],[9.92996,53.54547],[9.92575,53.54542],[9.92583,53.54617],[9.92562,53.54653],[9.92533,53.54685],[9.92526,53.54746],[9.92541,53.54762],[9.92524,53.5478],[9.9253,53.54859],[9.9254,53.54881],[9.92523,53.54904],[9.92516,53.54943],[9.92461,53.54951],[9.92456,53.54977],[9.92468,53.5499],[9.92501,53.54993],[9.92513,53.54996],[9.92544,53.55086],[9.92588,53.55087],[9.92621,53.55117],[9.92589,53.55155],[9.92717,53.55168],[9.92995,53.55204],[9.9299,53.5521],[9.92723,53.55176],[9.92589,53.55163],[9.92589,53.55172],[9.92506,53.5524],[9.92477,53.55257],[9.92481,53.55267],[9.92608,53.55338],[9.92701,53.5538],[9.92795,53.55413],[9.92823,53.55389],[9.92846,53.55385],[9.9287,53.55369],[9.92856,53.55359],[9.92859,53.55328],[9.92893,53.55317],[9.92954,53.55281],[9.92995,53.55236],[9.93064,53.55235],[9.93113,53.5523]]]]}},{"type":"Feature","properties":{"zone":"A106","district":"Ottensen","rawHours":"täglich 9-22 Uhr","rawFee":"3,50 € je Stunde","note":"A 106 Fischers Park — Parkschein, Bewohner mit Ausweis frei","windows":[{"weekdays":[0,1,2,3,4,5,6],"fromMinute":540,"toMinute":1320}],"fee":{"kind":"exact","centsPerHour":350},"unmodelledRules":[],"sourceDefect":null,"spaces":null,"maxStayMinutes":180,"maxStay":null,"maxStayShare":0,"maxStayValues":[],"chargingPoints":0,"carsharing":0},"geometry":{"type":"MultiPolygon","coordinates":[[[[9.92084,53.55445],[9.92171,53.55433],[9.92241,53.55438],[9.9239,53.55457],[9.92521,53.55483],[9.92701,53.5538],[9.92608,53.55338],[9.92481,53.55267],[9.92477,53.55257],[9.92506,53.5524],[9.92589,53.55172],[9.92589,53.55155],[9.92621,53.55117],[9.92588,53.55087],[9.92544,53.55086],[9.92513,53.54996],[9.92501,53.54993],[9.92468,53.5499],[9.92456,53.54977],[9.92461,53.54951],[9.92516,53.54943],[9.92523,53.54904],[9.9254,53.54881],[9.9253,53.54859],[9.92524,53.5478],[9.92541,53.54762],[9.92526,53.54746],[9.92533,53.54685],[9.92562,53.54653],[9.92583,53.54617],[9.92575,53.54542],[9.9233,53.54542],[9.92011,53.54525],[9.91703,53.54589],[9.91677,53.54601],[9.91623,53.54607],[9.91624,53.54632],[9.91623,53.54633],[9.91679,53.54636],[9.9168,53.5466],[9.91659,53.54674],[9.91681,53.54688],[9.9168,53.54715],[9.91685,53.54762],[9.91679,53.54772],[9.91689,53.54851],[9.9169,53.54873],[9.91693,53.54883],[9.91678,53.54914],[9.91684,53.54944],[9.91663,53.5495],[9.91666,53.54985],[9.91693,53.55012],[9.91698,53.55054],[9.91717,53.55077],[9.91735,53.55077],[9.91736,53.55092],[9.91741,53.55106],[9.9176,53.55106],[9.9176,53.55126],[9.91726,53.55126],[9.91721,53.55132],[9.9173,53.55233],[9.91766,53.55236],[9.91761,53.55244],[9.9173,53.55242],[9.91714,53.55249],[9.91712,53.55259],[9.91715,53.55264],[9.91711,53.55277],[9.91711,53.55292],[9.91694,53.55298],[9.91695,53.55308],[9.91706,53.55329],[9.91689,53.55344],[9.91675,53.55345],[9.91675,53.55353],[9.9169,53.55354],[9.91691,53.55367],[9.91723,53.5539],[9.91733,53.55401],[9.91852,53.55396],[9.91891,53.55413],[9.91937,53.55481],[9.92024,53.55499],[9.92079,53.55445],[9.92084,53.55445]]]]}},{"type":"Feature","properties":{"zone":"A105","district":"Ottensen","rawHours":"täglich 9-22 Uhr","rawFee":"3,50 € je Stunde","note":"A 105 Alma-Wartenberg-Platz — Parkschein, Bewohner mit Ausweis frei","windows":[{"weekdays":[0,1,2,3,4,5,6],"fromMinute":540,"toMinute":1320}],"fee":{"kind":"exact","centsPerHour":350},"unmodelledRules":[],"sourceDefect":null,"spaces":null,"maxStayMinutes":180,"maxStay":null,"maxStayShare":0,"maxStayValues":[],"chargingPoints":0,"carsharing":0},"geometry":{"type":"MultiPolygon","coordinates":[[[[9.93318,53.55792],[9.93414,53.55599],[9.93614,53.55613],[9.93605,53.55578],[9.93571,53.55268],[9.93569,53.55245],[9.93574,53.55185],[9.93575,53.55153],[9.93301,53.55151],[9.93373,53.55233],[9.93277,53.55228],[9.9312,53.55216],[9.93113,53.5523],[9.93064,53.55235],[9.92995,53.55236],[9.92954,53.55281],[9.92893,53.55317],[9.92859,53.55328],[9.92856,53.55359],[9.9287,53.55369],[9.92972,53.55285],[9.93006,53.5524],[9.93017,53.55243],[9.92993,53.55279],[9.92906,53.55354],[9.92838,53.55407],[9.9266,53.55517],[9.92647,53.55511],[9.92812,53.55409],[9.92846,53.55385],[9.92823,53.55389],[9.92795,53.55413],[9.92701,53.5538],[9.92521,53.55483],[9.9239,53.55457],[9.92241,53.55438],[9.92171,53.55433],[9.92079,53.55445],[9.92024,53.55499],[9.91937,53.55481],[9.91891,53.55413],[9.91852,53.55396],[9.91725,53.55402],[9.91725,53.55413],[9.91744,53.55414],[9.91742,53.55467],[9.91749,53.55502],[9.91755,53.55585],[9.9179,53.55582],[9.91795,53.55595],[9.91758,53.55599],[9.9176,53.55612],[9.9176,53.55643],[9.91765,53.55672],[9.91782,53.55678],[9.91807,53.55705],[9.91802,53.55708],[9.91814,53.55727],[9.91816,53.55738],[9.91808,53.55788],[9.91803,53.55874],[9.91916,53.55976],[9.9204,53.55984],[9.92499,53.55965],[9.93096,53.55931],[9.93248,53.55874],[9.93318,53.55792]],[[9.92831,53.55638],[9.92833,53.55635],[9.92843,53.55641],[9.92832,53.55663],[9.92827,53.55684],[9.92816,53.55684],[9.9282,53.55661],[9.92831,53.55638]],[[9.92523,53.55686],[9.92602,53.5556],[9.92598,53.55552],[9.92611,53.55549],[9.92617,53.55554],[9.92597,53.55597],[9.92497,53.55764],[9.92483,53.55762],[9.92523,53.55686]]]]}},{"type":"Feature","properties":{"zone":"A108","district":"Ottensen","rawHours":"täglich 10-20 Uhr","rawFee":"-","note":"A 108 Neumühlen — Trennprinzip siehe Beschilderung","windows":[{"weekdays":[0,1,2,3,4,5,6],"fromMinute":600,"toMinute":1200}],"fee":{"kind":"unknown"},"unmodelledRules":[],"sourceDefect":null,"spaces":null,"maxStayMinutes":null,"maxStay":null,"maxStayShare":0,"maxStayValues":[],"chargingPoints":0,"carsharing":0},"geometry":{"type":"MultiPolygon","coordinates":[[[[9.92153,53.54487],[9.92193,53.54449],[9.92493,53.54479],[9.92505,53.5447],[9.92489,53.54463],[9.923,53.54433],[9.92112,53.54428],[9.91969,53.54418],[9.91878,53.54414],[9.91476,53.54448],[9.91486,53.54486],[9.91834,53.54451],[9.91956,53.54453],[9.92153,53.54487]],[[9.92361,53.54448],[9.92321,53.54443],[9.92262,53.5444],[9.92262,53.54438],[9.92292,53.54438],[9.92346,53.54443],[9.92483,53.54468],[9.92481,53.5447],[9.92361,53.54448]]]]}},{"type":"Feature","properties":{"zone":"-","district":"Rotherbaum","rawHours":"täglich 9-20 Uhr","rawFee":"3,50 € je Stunde","note":"Tagesticket, keine Bewohnerparkvorrechte — Tagesticket, keine Bewohnerparkvorrechte","windows":[{"weekdays":[0,1,2,3,4,5,6],"fromMinute":540,"toMinute":1200}],"fee":{"kind":"exact","centsPerHour":350},"unmodelledRules":[],"sourceDefect":null,"spaces":null,"maxStayMinutes":660,"maxStay":null,"maxStayShare":0,"maxStayValues":[],"chargingPoints":0,"carsharing":0},"geometry":{"type":"MultiPolygon","coordinates":[[[[9.98862,53.56879],[9.98889,53.56893],[9.98895,53.56812],[9.98871,53.56797],[9.98859,53.56799],[9.98862,53.56879]]]]}},{"type":"Feature","properties":{"zone":"-","district":"Rotherbaum","rawHours":"täglich 9-20 Uhr","rawFee":"3,50 € je Stunde","note":"Nur Kurzzeitparken, keine Bewohnerparkvorrechte — Nur Kurzzeitparken, keine Bewohnerparkvorrechte","windows":[{"weekdays":[0,1,2,3,4,5,6],"fromMinute":540,"toMinute":1200}],"fee":{"kind":"exact","centsPerHour":350},"unmodelledRules":[],"sourceDefect":null,"spaces":null,"maxStayMinutes":180,"maxStay":null,"maxStayShare":0,"maxStayValues":[],"chargingPoints":0,"carsharing":0},"geometry":{"type":"MultiPolygon","coordinates":[[[[9.98193,53.56638],[9.98201,53.56639],[9.98358,53.56509],[9.98324,53.56491],[9.98312,53.56501],[9.9831,53.565],[9.98237,53.56561],[9.98235,53.5657],[9.98173,53.56621],[9.98152,53.56636],[9.98146,53.56638],[9.98094,53.56681],[9.98068,53.56708],[9.97905,53.56947],[9.97897,53.56967],[9.97872,53.57006],[9.97874,53.57009],[9.97873,53.57011],[9.97869,53.57011],[9.97841,53.57055],[9.97827,53.57092],[9.97876,53.57097],[9.97885,53.57071],[9.97893,53.57058],[9.9791,53.57022],[9.97924,53.56998],[9.97932,53.56985],[9.97939,53.56982],[9.97967,53.56939],[9.97965,53.56932],[9.98099,53.56732],[9.98108,53.56715],[9.9817,53.56666],[9.98178,53.5666],[9.98197,53.56642],[9.98193,53.56638]]]]}},{"type":"Feature","properties":{"zone":"-","district":"Rotherbaum","rawHours":"täglich 9-22 Uhr","rawFee":"3,50 € je Stunde","note":"Nur Kurzzeitparken, keine Bewohnerparkvorrechte — Nur Kurzzeitparken, keine Bewohnerparkvorrechte","windows":[{"weekdays":[0,1,2,3,4,5,6],"fromMinute":540,"toMinute":1320}],"fee":{"kind":"exact","centsPerHour":350},"unmodelledRules":[],"sourceDefect":null,"spaces":null,"maxStayMinutes":180,"maxStay":null,"maxStayShare":0,"maxStayValues":[],"chargingPoints":0,"carsharing":0},"geometry":{"type":"MultiPolygon","coordinates":[[[[9.98244,53.56799],[9.98301,53.56757],[9.98296,53.56737],[9.98277,53.5673],[9.98207,53.5678],[9.98244,53.56799]]]]}},{"type":"Feature","properties":{"zone":"-","district":"Rotherbaum","rawHours":"täglich 9-20 Uhr","rawFee":"3,50 € je Stunde","note":"Nur Kurzzeitparken, keine Bewohnerparkvorrechte — Nur Kurzzeitparken, keine Bewohnerparkvorrechte","windows":[{"weekdays":[0,1,2,3,4,5,6],"fromMinute":540,"toMinute":1200}],"fee":{"kind":"exact","centsPerHour":350},"unmodelledRules":[],"sourceDefect":null,"spaces":null,"maxStayMinutes":180,"maxStay":null,"maxStayShare":0,"maxStayValues":[],"chargingPoints":0,"carsharing":0},"geometry":{"type":"MultiPolygon","coordinates":[[[[10.00086,53.57321],[10.00072,53.5732],[10.00026,53.57334],[10.00021,53.57347],[10.00134,53.57356],[10.00139,53.57338],[10.00138,53.57333],[10.00134,53.57329],[10.00127,53.57325],[10.00086,53.57321]]]]}},{"type":"Feature","properties":{"zone":"-","district":"Ottensen","rawHours":"täglich 9-22 Uhr","rawFee":"3,50 € je Stunde","note":"Nur Kurzzeitparken, keine Bewohnerparkvorrechte — Nur Kurzzeitparken, keine Bewohnerparkvorrechte","windows":[{"weekdays":[0,1,2,3,4,5,6],"fromMinute":540,"toMinute":1320}],"fee":{"kind":"exact","centsPerHour":350},"unmodelledRules":[],"sourceDefect":null,"spaces":null,"maxStayMinutes":180,"maxStay":null,"maxStayShare":0,"maxStayValues":[],"chargingPoints":0,"carsharing":0},"geometry":{"type":"MultiPolygon","coordinates":[[[[9.92838,53.55407],[9.92906,53.55354],[9.92993,53.55279],[9.93017,53.55243],[9.93006,53.5524],[9.92972,53.55285],[9.92875,53.55365],[9.92812,53.55409],[9.92647,53.55511],[9.9266,53.55517],[9.92838,53.55407]]]]}},{"type":"Feature","properties":{"zone":"-","district":"Ottensen","rawHours":"täglich 9-22 Uhr","rawFee":"3,50 € je Stunde","note":"Nur Kurzzeitparken, keine Bewohnerparkvorrechte — Nur Kurzzeitparken, keine Bewohnerparkvorrechte","windows":[{"weekdays":[0,1,2,3,4,5,6],"fromMinute":540,"toMinute":1320}],"fee":{"kind":"exact","centsPerHour":350},"unmodelledRules":[],"sourceDefect":null,"spaces":null,"maxStayMinutes":180,"maxStay":null,"maxStayShare":0,"maxStayValues":[],"chargingPoints":0,"carsharing":0},"geometry":{"type":"MultiPolygon","coordinates":[[[[9.92589,53.55155],[9.92589,53.55163],[9.92723,53.55176],[9.9299,53.5521],[9.92995,53.55204],[9.92717,53.55168],[9.92589,53.55155]]]]}},{"type":"Feature","properties":{"zone":"A105","district":"Ottensen","rawHours":"täglich 9-22 Uhr","rawFee":"3,50 € je Stunde","note":"Tagesticket, Bewohner mit Ausweis frei — Parkschein/Tagesticket, Bewohner mit Ausweis frei","windows":[{"weekdays":[0,1,2,3,4,5,6],"fromMinute":540,"toMinute":1320}],"fee":{"kind":"exact","centsPerHour":350},"unmodelledRules":[],"sourceDefect":null,"spaces":null,"maxStayMinutes":780,"maxStay":null,"maxStayShare":0,"maxStayValues":[],"chargingPoints":0,"carsharing":0},"geometry":{"type":"MultiPolygon","coordinates":[[[[9.92612,53.5555],[9.92598,53.55552],[9.92602,53.5556],[9.92523,53.55686],[9.92483,53.55762],[9.92497,53.55764],[9.92597,53.55597],[9.92617,53.55554],[9.92612,53.5555]]]]}},{"type":"Feature","properties":{"zone":"-","district":"Ottensen","rawHours":"täglich 9-22 Uhr","rawFee":"3,50 € je Stunde","note":"Nur Kurzzeitparken, keine Bewohnerparkvorrechte — Nur Kurzzeitparken, keine Bewohnerparkvorrechte","windows":[{"weekdays":[0,1,2,3,4,5,6],"fromMinute":540,"toMinute":1320}],"fee":{"kind":"exact","centsPerHour":350},"unmodelledRules":[],"sourceDefect":null,"spaces":null,"maxStayMinutes":180,"maxStay":null,"maxStayShare":0,"maxStayValues":[],"chargingPoints":0,"carsharing":0},"geometry":{"type":"MultiPolygon","coordinates":[[[[9.92836,53.55638],[9.92833,53.55635],[9.9282,53.55661],[9.92816,53.55684],[9.92827,53.55684],[9.92832,53.55663],[9.92843,53.55641],[9.92836,53.55638]]]]}},{"type":"Feature","properties":{"zone":"-","district":"Altona-Altstadt","rawHours":"täglich 9-22 Uhr","rawFee":"3,50 € je Stunde","note":"Nur Kurzzeitparken, keine Bewohnerparkvorrechte — Nur Kurzzeitparken, keine Bewohnerparkvorrechte","windows":[{"weekdays":[0,1,2,3,4,5,6],"fromMinute":540,"toMinute":1320}],"fee":{"kind":"exact","centsPerHour":350},"unmodelledRules":[],"sourceDefect":null,"spaces":null,"maxStayMinutes":180,"maxStay":null,"maxStayShare":0,"maxStayValues":[],"chargingPoints":0,"carsharing":0},"geometry":{"type":"MultiPolygon","coordinates":[[[[9.93488,53.54663],[9.93487,53.54653],[9.93583,53.54655],[9.93584,53.5464],[9.93485,53.5464],[9.9347,53.54644],[9.93472,53.54736],[9.93487,53.54737],[9.93488,53.54663]]]]}},{"type":"Feature","properties":{"zone":"-","district":"Ottensen","rawHours":"täglich 10-20 Uhr","rawFee":"3,50 € je Stunde","note":"Tagesticket, keine Bewohnerparkvorrechte — Tagesticket, keine Bewohnerparkvorrechte","windows":[{"weekdays":[0,1,2,3,4,5,6],"fromMinute":600,"toMinute":1200}],"fee":{"kind":"exact","centsPerHour":350},"unmodelledRules":[],"sourceDefect":null,"spaces":null,"maxStayMinutes":600,"maxStay":null,"maxStayShare":0,"maxStayValues":[],"chargingPoints":0,"carsharing":0},"geometry":{"type":"MultiPolygon","coordinates":[[[[9.92576,53.54475],[9.92714,53.54487],[9.92714,53.54481],[9.92582,53.54469],[9.92576,53.54475]]]]}},{"type":"Feature","properties":{"zone":"A103","district":"Altona-Altstadt","rawHours":"täglich 9-23 Uhr","rawFee":"3,50 € je Stunde","note":"Tagesticket, Bewohner mit Ausweis frei — Parkschein/Tagesticket, Bewohner mit Ausweis frei","windows":[{"weekdays":[0,1,2,3,4,5,6],"fromMinute":540,"toMinute":1380}],"fee":{"kind":"exact","centsPerHour":350},"unmodelledRules":[],"sourceDefect":null,"spaces":null,"maxStayMinutes":840,"maxStay":null,"maxStayShare":0,"maxStayValues":[],"chargingPoints":0,"carsharing":0},"geometry":{"type":"MultiPolygon","coordinates":[[[[9.9554,53.55186],[9.95547,53.55157],[9.95532,53.55156],[9.95444,53.55137],[9.95294,53.55096],[9.95235,53.55084],[9.9513,53.55076],[9.95079,53.55077],[9.9508,53.55092],[9.95179,53.55095],[9.95248,53.55103],[9.95309,53.55117],[9.95425,53.5515],[9.9554,53.55186]]]]}},{"type":"Feature","properties":{"zone":"-","district":"Altona-Altstadt","rawHours":"täglich 10-20 Uhr","rawFee":"3,50 € je Stunde","note":"Tagesticket, keine Bewohnerparkvorrechte — Tagesticket, keine Bewohnerparkvorrechte","windows":[{"weekdays":[0,1,2,3,4,5,6],"fromMinute":600,"toMinute":1200}],"fee":{"kind":"exact","centsPerHour":350},"unmodelledRules":[],"sourceDefect":null,"spaces":null,"maxStayMinutes":600,"maxStay":null,"maxStayShare":0,"maxStayValues":[],"chargingPoints":0,"carsharing":0},"geometry":{"type":"MultiPolygon","coordinates":[[[[9.94209,53.54449],[9.94209,53.54437],[9.93821,53.5446],[9.93633,53.54467],[9.93632,53.54479],[9.93634,53.54483],[9.94016,53.54463],[9.94209,53.54449]]]]}},{"type":"Feature","properties":{"zone":"A102","district":"Altona-Nord","rawHours":"täglich 9-20 Uhr","rawFee":"3,50 € je Stunde","note":"Tagesticket, Bewohner mit Ausweis frei — Parkschein/Tagesticket, Bewohner mit Ausweis frei","windows":[{"weekdays":[0,1,2,3,4,5,6],"fromMinute":540,"toMinute":1200}],"fee":{"kind":"exact","centsPerHour":350},"unmodelledRules":[],"sourceDefect":null,"spaces":null,"maxStayMinutes":660,"maxStay":null,"maxStayShare":0,"maxStayValues":[],"chargingPoints":0,"carsharing":0},"geometry":{"type":"MultiPolygon","coordinates":[[[[9.94191,53.55523],[9.94235,53.55525],[9.93947,53.55372],[9.93931,53.55392],[9.94191,53.55523]]]]}},{"type":"Feature","properties":{"zone":"-","district":"Altona-Altstadt","rawHours":"täglich 9-20 Uhr","rawFee":"3,50 € je Stunde","note":"Tagesticket, keine Bewohnerparkvorrechte — Tagesticket, keine Bewohnerparkvorrechte","windows":[{"weekdays":[0,1,2,3,4,5,6],"fromMinute":540,"toMinute":1200}],"fee":{"kind":"exact","centsPerHour":350},"unmodelledRules":[],"sourceDefect":null,"spaces":null,"maxStayMinutes":660,"maxStay":null,"maxStayShare":0,"maxStayValues":[],"chargingPoints":0,"carsharing":0},"geometry":{"type":"MultiPolygon","coordinates":[[[[9.93945,53.55127],[9.93927,53.55117],[9.93921,53.5511],[9.93913,53.5506],[9.9383,53.55063],[9.93831,53.55049],[9.93828,53.55035],[9.93809,53.55037],[9.93805,53.55052],[9.93809,53.55063],[9.93702,53.55069],[9.93704,53.55083],[9.937,53.55124],[9.93723,53.55124],[9.93722,53.55074],[9.93816,53.55073],[9.9382,53.55121],[9.93842,53.5512],[9.93838,53.55086],[9.93828,53.55081],[9.93825,53.55072],[9.93901,53.55069],[9.93911,53.55118],[9.93916,53.55127],[9.93949,53.55138],[9.94028,53.55146],[9.94031,53.55142],[9.93956,53.55133],[9.93945,53.55127]]]]}},{"type":"Feature","properties":{"zone":"-","district":"Ottensen","rawHours":"täglich 10-20 Uhr","rawFee":"3,50 € je Stunde","note":"Tagesticket, keine Bewohnerparkvorrechte — Tagesticket, keine Bewohnerparkvorrechte","windows":[{"weekdays":[0,1,2,3,4,5,6],"fromMinute":600,"toMinute":1200}],"fee":{"kind":"exact","centsPerHour":350},"unmodelledRules":[],"sourceDefect":null,"spaces":null,"maxStayMinutes":600,"maxStay":null,"maxStayShare":0,"maxStayValues":[],"chargingPoints":0,"carsharing":0},"geometry":{"type":"MultiPolygon","coordinates":[[[[9.92489,53.54463],[9.92532,53.54469],[9.92536,53.54464],[9.92491,53.54458],[9.92489,53.54463]]]]}},{"type":"Feature","properties":{"zone":"-","district":"Altona-Altstadt","rawHours":"täglich 10-20 Uhr","rawFee":"3,50 € je Stunde","note":"Tagesticket, keine Bewohnerparkvorrechte — Tagesticket, keine Bewohnerparkvorrechte","windows":[{"weekdays":[0,1,2,3,4,5,6],"fromMinute":600,"toMinute":1200}],"fee":{"kind":"exact","centsPerHour":350},"unmodelledRules":[],"sourceDefect":null,"spaces":null,"maxStayMinutes":600,"maxStay":null,"maxStayShare":0,"maxStayValues":[],"chargingPoints":0,"carsharing":0},"geometry":{"type":"MultiPolygon","coordinates":[[[[9.92804,53.54471],[9.92828,53.54474],[9.92831,53.54471],[9.92802,53.54469],[9.92804,53.54471]]]]}},{"type":"Feature","properties":{"zone":"-","district":"Ottensen","rawHours":"täglich 10-20 Uhr","rawFee":"3,50 € je Stunde","note":"Tagesticket, keine Bewohnerparkvorrechte — Tagesticket, keine Bewohnerparkvorrechte","windows":[{"weekdays":[0,1,2,3,4,5,6],"fromMinute":600,"toMinute":1200}],"fee":{"kind":"exact","centsPerHour":350},"unmodelledRules":[],"sourceDefect":null,"spaces":null,"maxStayMinutes":600,"maxStay":null,"maxStayShare":0,"maxStayValues":[],"chargingPoints":0,"carsharing":0},"geometry":{"type":"MultiPolygon","coordinates":[[[[9.92262,53.5444],[9.92334,53.54445],[9.92481,53.5447],[9.92483,53.54468],[9.92346,53.54443],[9.92292,53.54438],[9.92262,53.54438],[9.92262,53.5444]]]]}},{"type":"Feature","properties":{"zone":"AE100","district":"Altona-Nord","rawHours":"täglich 9-20 Uhr","rawFee":"3,50 € je Stunde","note":"Tagesticket, Bewohner mit Ausweis frei — Parkschein/Tagesticket, Bewohner mit Ausweis frei","windows":[{"weekdays":[0,1,2,3,4,5,6],"fromMinute":540,"toMinute":1200}],"fee":{"kind":"exact","centsPerHour":350},"unmodelledRules":[],"sourceDefect":null,"spaces":null,"maxStayMinutes":660,"maxStay":null,"maxStayShare":0,"maxStayValues":[],"chargingPoints":0,"carsharing":0},"geometry":{"type":"MultiPolygon","coordinates":[[[[9.94264,53.56867],[9.94285,53.56863],[9.9421,53.56574],[9.94202,53.56554],[9.94183,53.56562],[9.94197,53.56578],[9.94264,53.56867]]]]}},{"type":"Feature","properties":{"zone":"-","district":"Altona-Altstadt","rawHours":"täglich 9-20 Uhr","rawFee":"3,50 € je Stunde","note":"Nur Kurzzeitparken, keine Bewohnerparkvorrechte — Nur Kurzzeitparken, keine Bewohnerparkvorrechte","windows":[{"weekdays":[0,1,2,3,4,5,6],"fromMinute":540,"toMinute":1200}],"fee":{"kind":"exact","centsPerHour":350},"unmodelledRules":[],"sourceDefect":null,"spaces":null,"maxStayMinutes":180,"maxStay":null,"maxStayShare":0,"maxStayValues":[],"chargingPoints":0,"carsharing":0},"geometry":{"type":"MultiPolygon","coordinates":[[[[9.93977,53.55196],[9.93975,53.55197],[9.93976,53.55195],[9.93964,53.55197],[9.93963,53.55199],[9.9375,53.55228],[9.93756,53.55241],[9.93984,53.55206],[9.93977,53.55196]]]]}},{"type":"Feature","properties":{"zone":"-","district":"Altona-Nord","rawHours":"täglich 9-20 Uhr","rawFee":"3,50 € je Stunde","note":"Nur Kurzzeitparken, keine Bewohnerparkvorrechte — Nur Kurzzeitparken, keine Bewohnerparkvorrechte","windows":[{"weekdays":[0,1,2,3,4,5,6],"fromMinute":540,"toMinute":1200}],"fee":{"kind":"exact","centsPerHour":350},"unmodelledRules":[],"sourceDefect":null,"spaces":null,"maxStayMinutes":180,"maxStay":null,"maxStayShare":0,"maxStayValues":[],"chargingPoints":0,"carsharing":0},"geometry":{"type":"MultiPolygon","coordinates":[[[[9.9362,53.55252],[9.93701,53.55251],[9.93651,53.55194],[9.9363,53.55194],[9.93612,53.5521],[9.93611,53.55242],[9.9362,53.55252]]]]}},{"type":"Feature","properties":{"zone":"M107","district":"Neustadt","rawHours":"täglich 9-24 Uhr","rawFee":"3,50 € je Stunde","note":"Tagesticket, Bewohner mit Ausweis frei — Parkschein/Tagesticket, Bewohner mit Ausweis frei","windows":[{"weekdays":[0,1,2,3,4,5,6],"fromMinute":540,"toMinute":1440}],"fee":{"kind":"exact","centsPerHour":350},"unmodelledRules":[],"sourceDefect":null,"spaces":null,"maxStayMinutes":900,"maxStay":null,"maxStayShare":0,"maxStayValues":[],"chargingPoints":0,"carsharing":0},"geometry":{"type":"MultiPolygon","coordinates":[[[[9.97756,53.55755],[9.9772,53.55738],[9.97703,53.55756],[9.97735,53.5577],[9.97756,53.55755]]]]}},{"type":"Feature","properties":{"zone":"A100","district":"Sternschanze","rawHours":"täglich 9-24 Uhr","rawFee":"3,50 € je Stunde","note":"Tagesticket, Bewohner mit Ausweis frei — Parkschein/Tagesticket, Bewohner mit Ausweis frei","windows":[{"weekdays":[0,1,2,3,4,5,6],"fromMinute":540,"toMinute":1440}],"fee":{"kind":"exact","centsPerHour":350},"unmodelledRules":[],"sourceDefect":null,"spaces":null,"maxStayMinutes":900,"maxStay":null,"maxStayShare":0,"maxStayValues":[],"chargingPoints":0,"carsharing":0},"geometry":{"type":"MultiPolygon","coordinates":[[[[9.9691,53.56438],[9.9691,53.56432],[9.96948,53.56432],[9.9702,53.56408],[9.9706,53.56401],[9.97247,53.56409],[9.97306,53.56418],[9.97334,53.56438],[9.97358,53.56434],[9.97372,53.56414],[9.97242,53.56393],[9.97035,53.56387],[9.96933,53.56414],[9.96893,53.56408],[9.96835,53.56412],[9.96754,53.56401],[9.96719,53.56401],[9.96714,53.56432],[9.96855,53.56434],[9.96892,53.56445],[9.9691,53.56438]]]]}},{"type":"Feature","properties":{"zone":"M105","district":"Billstedt","rawHours":"werktags 9-20 Uhr","rawFee":"2,00 € je Stunde","note":"Tagesticket, Bewohner mit Ausweis frei — Parkschein/Tagesticket, Bewohner mit Ausweis frei","windows":[{"weekdays":[1,2,3,4,5,6],"fromMinute":540,"toMinute":1200}],"fee":{"kind":"exact","centsPerHour":200},"unmodelledRules":[],"sourceDefect":null,"spaces":null,"maxStayMinutes":660,"maxStay":null,"maxStayShare":0,"maxStayValues":[],"chargingPoints":0,"carsharing":0},"geometry":{"type":"MultiPolygon","coordinates":[[[[10.10985,53.54113],[10.11019,53.541],[10.11041,53.54072],[10.11025,53.53949],[10.10942,53.53947],[10.10974,53.54002],[10.10937,53.5402],[10.10985,53.54113]]]]}},{"type":"Feature","properties":{"zone":"A108","district":"Altona-Altstadt","rawHours":"täglich 10-20 Uhr","rawFee":"-","note":"A 108 Neumühlen — Trennprinzip siehe Beschilderung","windows":[{"weekdays":[0,1,2,3,4,5,6],"fromMinute":600,"toMinute":1200}],"fee":{"kind":"unknown"},"unmodelledRules":[],"sourceDefect":null,"spaces":null,"maxStayMinutes":null,"maxStay":null,"maxStayShare":0,"maxStayValues":[],"chargingPoints":0,"carsharing":0},"geometry":{"type":"MultiPolygon","coordinates":[[[[9.93411,53.54491],[9.93527,53.54485],[9.93527,53.54483],[9.93412,53.54488],[9.93413,53.54476],[9.93374,53.54475],[9.93376,53.54493],[9.93411,53.54491]]]]}},{"type":"Feature","properties":{"zone":"-","district":"St. Georg","rawHours":"täglich 9-22 Uhr","rawFee":"3,50 € je Stunde","note":"Nur Kurzzeitparken, keine Bewohnerparkvorrechte — Nur Kurzzeitparken, keine Bewohnerparkvorrechte","windows":[{"weekdays":[0,1,2,3,4,5,6],"fromMinute":540,"toMinute":1320}],"fee":{"kind":"exact","centsPerHour":350},"unmodelledRules":[],"sourceDefect":null,"spaces":null,"maxStayMinutes":180,"maxStay":null,"maxStayShare":0,"maxStayValues":[],"chargingPoints":0,"carsharing":0},"geometry":{"type":"MultiPolygon","coordinates":[[[[10.01356,53.55402],[10.0116,53.55317],[10.01151,53.55318],[10.01149,53.55311],[10.01005,53.55248],[10.00981,53.55242],[10.00922,53.55236],[10.00918,53.55253],[10.00977,53.55259],[10.0099,53.55268],[10.01773,53.55616],[10.0196,53.55701],[10.01993,53.55676],[10.01383,53.55403],[10.01356,53.55402]]]]}},{"type":"Feature","properties":{"zone":"-","district":"St. Georg","rawHours":"täglich 9-22 Uhr","rawFee":"3,50 € je Stunde","note":"Nur Kurzzeitparken, keine Bewohnerparkvorrechte — Nur Kurzzeitparken, keine Bewohnerparkvorrechte","windows":[{"weekdays":[0,1,2,3,4,5,6],"fromMinute":540,"toMinute":1320}],"fee":{"kind":"exact","centsPerHour":350},"unmodelledRules":[],"sourceDefect":null,"spaces":null,"maxStayMinutes":180,"maxStay":null,"maxStayShare":0,"maxStayValues":[],"chargingPoints":0,"carsharing":0},"geometry":{"type":"MultiPolygon","coordinates":[[[[10.01086,53.55241],[10.01084,53.55251],[10.01283,53.5526],[10.01283,53.55253],[10.01086,53.55241]]]]}},{"type":"Feature","properties":{"zone":"-","district":"St. Georg","rawHours":"täglich 9-22 Uhr","rawFee":"3,50 € je Stunde","note":"Nur Kurzzeitparken, keine Bewohnerparkvorrechte — Nur Kurzzeitparken, keine Bewohnerparkvorrechte","windows":[{"weekdays":[0,1,2,3,4,5,6],"fromMinute":540,"toMinute":1320}],"fee":{"kind":"exact","centsPerHour":350},"unmodelledRules":[],"sourceDefect":null,"spaces":null,"maxStayMinutes":180,"maxStay":null,"maxStayShare":0,"maxStayValues":[],"chargingPoints":0,"carsharing":0},"geometry":{"type":"MultiPolygon","coordinates":[[[[10.0136,53.55273],[10.01765,53.55292],[10.0178,53.5528],[10.01362,53.5526],[10.0136,53.55273]]]]}},{"type":"Feature","properties":{"zone":"-","district":"St. Georg","rawHours":"täglich 9-22 Uhr","rawFee":"3,50 € je Stunde","note":"Nur Kurzzeitparken, keine Bewohnerparkvorrechte — Nur Kurzzeitparken, keine Bewohnerparkvorrechte","windows":[{"weekdays":[0,1,2,3,4,5,6],"fromMinute":540,"toMinute":1320}],"fee":{"kind":"exact","centsPerHour":350},"unmodelledRules":[],"sourceDefect":null,"spaces":null,"maxStayMinutes":180,"maxStay":null,"maxStayShare":0,"maxStayValues":[],"chargingPoints":0,"carsharing":0},"geometry":{"type":"MultiPolygon","coordinates":[[[[10.01982,53.5528],[10.02077,53.55299],[10.02337,53.55335],[10.02342,53.55325],[10.02125,53.55288],[10.02101,53.55292],[10.0199,53.55268],[10.01982,53.5528]]]]}},{"type":"Feature","properties":{"zone":"-","district":"St. Georg","rawHours":"täglich 9-22 Uhr","rawFee":"3,50 € je Stunde","note":"Nur Kurzzeitparken, keine Bewohnerparkvorrechte — Nur Kurzzeitparken, keine Bewohnerparkvorrechte","windows":[{"weekdays":[0,1,2,3,4,5,6],"fromMinute":540,"toMinute":1320}],"fee":{"kind":"exact","centsPerHour":350},"unmodelledRules":[],"sourceDefect":null,"spaces":null,"maxStayMinutes":180,"maxStay":null,"maxStayShare":0,"maxStayValues":[],"chargingPoints":0,"carsharing":0},"geometry":{"type":"MultiPolygon","coordinates":[[[[10.0093,53.55584],[10.00845,53.55522],[10.00807,53.55518],[10.00807,53.55528],[10.00812,53.55533],[10.00804,53.55548],[10.00795,53.5555],[10.0079,53.55555],[10.00784,53.55578],[10.00796,53.55596],[10.00802,53.55601],[10.00879,53.55569],[10.00939,53.55615],[10.01042,53.55688],[10.01046,53.55692],[10.01109,53.5574],[10.01254,53.55849],[10.01322,53.55902],[10.0132,53.55905],[10.01443,53.55998],[10.0148,53.55987],[10.0145,53.55958],[10.01388,53.55911],[10.01341,53.5589],[10.0132,53.55878],[10.01154,53.55754],[10.01148,53.55747],[10.01133,53.55736],[10.01128,53.55735],[10.01062,53.55686],[10.01045,53.55669],[10.01014,53.55648],[10.01021,53.55644],[10.01013,53.55647],[10.00943,53.55597],[10.00941,53.55593],[10.0093,53.55584]]]]}},{"type":"Feature","properties":{"zone":"-","district":"St. Georg","rawHours":"täglich 9-22 Uhr","rawFee":"3,50 € je Stunde","note":"Tagesticket, keine Bewohnerparkvorrechte — Tagesticket, keine Bewohnerparkvorrechte","windows":[{"weekdays":[0,1,2,3,4,5,6],"fromMinute":540,"toMinute":1320}],"fee":{"kind":"exact","centsPerHour":350},"unmodelledRules":[],"sourceDefect":null,"spaces":null,"maxStayMinutes":780,"maxStay":null,"maxStayShare":0,"maxStayValues":[],"chargingPoints":0,"carsharing":0},"geometry":{"type":"MultiPolygon","coordinates":[[[[10.02558,53.55533],[10.0252,53.55439],[10.02452,53.55391],[10.02432,53.55395],[10.02427,53.5541],[10.02463,53.55423],[10.02485,53.55442],[10.02519,53.55533],[10.02348,53.55488],[10.02425,53.5539],[10.02435,53.55384],[10.02414,53.55373],[10.02322,53.55493],[10.0247,53.55535],[10.02529,53.55548],[10.02545,53.55578],[10.02569,53.55612],[10.02607,53.55653],[10.02628,53.55643],[10.02612,53.55624],[10.02615,53.5562],[10.02578,53.55572],[10.02558,53.55533]]]]}},{"type":"Feature","properties":{"zone":"-","district":"Hammerbrook","rawHours":"täglich 9-22 Uhr","rawFee":"3,50 € je Stunde","note":"Tagesticket, keine Bewohnerparkvorrechte — Tagesticket, keine Bewohnerparkvorrechte","windows":[{"weekdays":[0,1,2,3,4,5,6],"fromMinute":540,"toMinute":1320}],"fee":{"kind":"exact","centsPerHour":350},"unmodelledRules":[],"sourceDefect":null,"spaces":null,"maxStayMinutes":780,"maxStay":null,"maxStayShare":0,"maxStayValues":[],"chargingPoints":0,"carsharing":0},"geometry":{"type":"MultiPolygon","coordinates":[[[[10.00723,53.54655],[10.00992,53.54574],[10.01063,53.54552],[10.01039,53.54532],[10.00968,53.54468],[10.00685,53.54588],[10.00712,53.54682],[10.00722,53.54762],[10.00738,53.54761],[10.00723,53.54655]],[[10.00773,53.54574],[10.0094,53.545],[10.00992,53.5454],[10.00795,53.54611],[10.00773,53.54574]]]]}},{"type":"Feature","properties":{"zone":"-","district":"Altona-Altstadt","rawHours":"täglich 10-20 Uhr","rawFee":"3,50 € je Stunde","note":"Tagesticket, keine Bewohnerparkvorrechte — Tagesticket, keine Bewohnerparkvorrechte","windows":[{"weekdays":[0,1,2,3,4,5,6],"fromMinute":600,"toMinute":1200}],"fee":{"kind":"exact","centsPerHour":350},"unmodelledRules":[],"sourceDefect":null,"spaces":null,"maxStayMinutes":600,"maxStay":null,"maxStayShare":0,"maxStayValues":[],"chargingPoints":0,"carsharing":0},"geometry":{"type":"MultiPolygon","coordinates":[[[[9.9364,53.54424],[9.94219,53.54392],[9.94243,53.54403],[9.94258,53.54395],[9.94233,53.54383],[9.94178,53.54381],[9.9394,53.54396],[9.93643,53.54412],[9.9364,53.54424]]]]}},{"type":"Feature","properties":{"zone":"AE100","district":"Altona-Nord","rawHours":"täglich 9-20 Uhr","rawFee":"3,50 € je Stunde","note":"AE 100 Glücksburger Straße — Parkschein, Bewohner mit Ausweis frei","windows":[{"weekdays":[0,1,2,3,4,5,6],"fromMinute":540,"toMinute":1200}],"fee":{"kind":"exact","centsPerHour":350},"unmodelledRules":[],"sourceDefect":null,"spaces":null,"maxStayMinutes":180,"maxStay":null,"maxStayShare":0,"maxStayValues":[],"chargingPoints":0,"carsharing":0},"geometry":{"type":"MultiPolygon","coordinates":[[[[9.94976,53.57365],[9.95139,53.57301],[9.95051,53.57255],[9.95245,53.57151],[9.95381,53.57099],[9.95555,53.57039],[9.95451,53.5695],[9.95293,53.56838],[9.95161,53.56647],[9.9484,53.56195],[9.94755,53.56216],[9.94528,53.56264],[9.94231,53.56286],[9.94121,53.56369],[9.9412,53.56414],[9.94138,53.56534],[9.94197,53.56612],[9.94265,53.56907],[9.94248,53.57033],[9.94373,53.57047],[9.94428,53.57062],[9.94433,53.57151],[9.94359,53.5724],[9.94367,53.57279],[9.94615,53.57328],[9.9488,53.57346],[9.94976,53.57365]],[[9.94183,53.56562],[9.94202,53.56554],[9.9421,53.56574],[9.94285,53.56863],[9.94264,53.56867],[9.94197,53.56578],[9.94183,53.56562]]]]}},{"type":"Feature","properties":{"zone":"AE102","district":"Eimsbüttel","rawHours":"täglich 9-22 Uhr","rawFee":"3,50 € je Stunde","note":"AE 102 Weidenallee — Parkschein, Bewohner mit Ausweis frei","windows":[{"weekdays":[0,1,2,3,4,5,6],"fromMinute":540,"toMinute":1320}],"fee":{"kind":"exact","centsPerHour":350},"unmodelledRules":[],"sourceDefect":null,"spaces":null,"maxStayMinutes":180,"maxStay":null,"maxStayShare":0,"maxStayValues":[],"chargingPoints":0,"carsharing":0},"geometry":{"type":"MultiPolygon","coordinates":[[[[9.95871,53.5697],[9.95992,53.56943],[9.96142,53.56951],[9.96282,53.5697],[9.96322,53.56954],[9.96501,53.56942],[9.96656,53.56912],[9.96988,53.56766],[9.97038,53.56755],[9.97016,53.56726],[9.96926,53.56708],[9.96911,53.56678],[9.96848,53.56647],[9.96801,53.56627],[9.96764,53.56636],[9.96664,53.56581],[9.96568,53.56516],[9.9629,53.5643],[9.96037,53.56367],[9.9598,53.56495],[9.95863,53.56631],[9.95503,53.56946],[9.95451,53.5695],[9.95555,53.57039],[9.95871,53.5697]]]]}},{"type":"Feature","properties":{"zone":"AE103","district":"Eimsbüttel","rawHours":"täglich 9-20 Uhr","rawFee":"3,50 € je Stunde","note":"AE 103 Kaifu — Parkschein/Tagesticket, Bewohner mit Ausweis frei","windows":[{"weekdays":[0,1,2,3,4,5,6],"fromMinute":540,"toMinute":1200}],"fee":{"kind":"exact","centsPerHour":350},"unmodelledRules":[],"sourceDefect":null,"spaces":null,"maxStayMinutes":660,"maxStay":null,"maxStayShare":0,"maxStayValues":[],"chargingPoints":0,"carsharing":0},"geometry":{"type":"MultiPolygon","coordinates":[[[[9.97747,53.57728],[9.97747,53.57714],[9.97744,53.577],[9.97734,53.57676],[9.977,53.57654],[9.97666,53.57607],[9.9765,53.5757],[9.9769,53.57562],[9.97672,53.57523],[9.97671,53.57456],[9.97694,53.57453],[9.9771,53.5744],[9.97709,53.57407],[9.97699,53.57407],[9.97684,53.57402],[9.97677,53.57382],[9.97695,53.57353],[9.97716,53.57335],[9.97722,53.57311],[9.97773,53.57239],[9.97803,53.57243],[9.97815,53.57232],[9.97798,53.57212],[9.97785,53.57205],[9.97767,53.57212],[9.97754,53.57201],[9.97752,53.57194],[9.97734,53.57177],[9.9775,53.57172],[9.97722,53.57143],[9.97694,53.57121],[9.9768,53.57126],[9.97658,53.57125],[9.97615,53.57094],[9.9761,53.57097],[9.97608,53.57095],[9.97602,53.57097],[9.97596,53.57093],[9.97602,53.5709],[9.97586,53.57078],[9.97617,53.57063],[9.97593,53.57044],[9.97538,53.5707],[9.97524,53.57064],[9.9752,53.57059],[9.97545,53.57027],[9.97562,53.57019],[9.97553,53.57011],[9.97535,53.57],[9.97497,53.5699],[9.97482,53.57],[9.97457,53.57],[9.97448,53.56994],[9.97438,53.56977],[9.97454,53.56965],[9.97462,53.56961],[9.97448,53.56953],[9.9744,53.56957],[9.9743,53.56964],[9.97415,53.56956],[9.97414,53.56943],[9.974,53.5694],[9.97364,53.56923],[9.9734,53.56923],[9.97304,53.56906],[9.97314,53.56898],[9.97298,53.56882],[9.97284,53.56875],[9.97272,53.56878],[9.97241,53.56876],[9.97215,53.56884],[9.9721,53.56881],[9.97221,53.56867],[9.97234,53.56857],[9.97215,53.56848],[9.97195,53.56863],[9.97189,53.56903],[9.97168,53.56919],[9.97111,53.56892],[9.97149,53.56866],[9.97116,53.56851],[9.97155,53.56822],[9.97151,53.56819],[9.97132,53.5681],[9.97119,53.56819],[9.97115,53.56823],[9.9711,53.56821],[9.97038,53.56755],[9.96988,53.56766],[9.96656,53.56912],[9.96501,53.56942],[9.96322,53.56954],[9.96282,53.5697],[9.96276,53.5699],[9.96223,53.57023],[9.96245,53.57078],[9.96354,53.57221],[9.96475,53.57289],[9.96489,53.57343],[9.97492,53.57785],[9.97587,53.57822],[9.97621,53.57813],[9.97699,53.57773],[9.97747,53.57728]]]]}},{"type":"Feature","properties":{"zone":"-","district":"St. Pauli","rawHours":"täglich 9-20 Uhr","rawFee":"3,50 € je Stunde","note":"Tagesticket, keine Bewohnerparkvorrechte — Tagesticket, keine Bewohnerparkvorrechte","windows":[{"weekdays":[0,1,2,3,4,5,6],"fromMinute":540,"toMinute":1200}],"fee":{"kind":"exact","centsPerHour":350},"unmodelledRules":[],"sourceDefect":null,"spaces":null,"maxStayMinutes":660,"maxStay":null,"maxStayShare":0,"maxStayValues":[],"chargingPoints":0,"carsharing":0},"geometry":{"type":"MultiPolygon","coordinates":[[[[9.98429,53.56367],[9.98453,53.56361],[9.98552,53.56311],[9.98518,53.56293],[9.98464,53.56337],[9.98399,53.56352],[9.98302,53.56364],[9.98019,53.56363],[9.97721,53.5636],[9.9772,53.5638],[9.98228,53.56384],[9.98314,53.5638],[9.98429,53.56367]]]]}},{"type":"Feature","properties":{"zone":"A101","district":"Altona-Altstadt","rawHours":"täglich 9-20 Uhr","rawFee":"3,50 € je Stunde","note":"Tagesticket, Bewohner mit Ausweis frei — Parkschein/Tagesticket, Bewohner mit Ausweis frei","windows":[{"weekdays":[0,1,2,3,4,5,6],"fromMinute":540,"toMinute":1200}],"fee":{"kind":"exact","centsPerHour":350},"unmodelledRules":[],"sourceDefect":null,"spaces":null,"maxStayMinutes":660,"maxStay":null,"maxStayShare":0,"maxStayValues":[],"chargingPoints":0,"carsharing":0},"geometry":{"type":"MultiPolygon","coordinates":[[[[9.94235,53.55525],[9.94191,53.55523],[9.94385,53.55625],[9.94404,53.55615],[9.94235,53.55525]]]]}},{"type":"Feature","properties":{"zone":"M110","district":"St. Georg","rawHours":"täglich 9-22 Uhr","rawFee":"3,50 € je Stunde","note":"M 110 Lange Reihe — Parkschein/Tagesticket, Bewohner mit Ausweis frei","windows":[{"weekdays":[0,1,2,3,4,5,6],"fromMinute":540,"toMinute":1320}],"fee":{"kind":"exact","centsPerHour":350},"unmodelledRules":[],"sourceDefect":null,"spaces":null,"maxStayMinutes":780,"maxStay":null,"maxStayShare":0,"maxStayValues":[],"chargingPoints":0,"carsharing":0},"geometry":{"type":"MultiPolygon","coordinates":[[[[10.01679,53.56192],[10.01813,53.56112],[10.01782,53.56094],[10.01708,53.56104],[10.01617,53.5616],[10.0157,53.56128],[10.01543,53.56094],[10.01503,53.56025],[10.01478,53.55973],[10.01593,53.55908],[10.01667,53.55876],[10.01744,53.55824],[10.01837,53.55772],[10.01896,53.55788],[10.019,53.55809],[10.02046,53.55897],[10.02145,53.55847],[10.02107,53.55819],[10.02034,53.55816],[10.01969,53.55767],[10.02001,53.55746],[10.02006,53.55729],[10.01975,53.55708],[10.01773,53.55616],[10.01034,53.55288],[10.0098,53.55275],[10.00887,53.55258],[10.00851,53.55399],[10.00822,53.5549],[10.00707,53.5547],[10.00685,53.55476],[10.00775,53.55488],[10.00767,53.55506],[10.00647,53.5549],[10.00625,53.55559],[10.00585,53.55612],[10.00573,53.55606],[10.00611,53.55551],[10.00618,53.55526],[10.00602,53.5552],[10.00606,53.55509],[10.00611,53.55504],[10.00625,53.55504],[10.00629,53.5549],[10.00619,53.55493],[10.00443,53.55589],[10.00294,53.55654],[10.00274,53.55675],[10.01128,53.56007],[10.01305,53.5607],[10.01478,53.56203],[10.01679,53.56192]],[[10.00939,53.55615],[10.00879,53.55569],[10.00802,53.55601],[10.00796,53.55596],[10.00784,53.55578],[10.0079,53.55555],[10.00795,53.5555],[10.00804,53.55548],[10.00812,53.55533],[10.00807,53.55528],[10.00807,53.55518],[10.00845,53.55522],[10.0093,53.55584],[10.00941,53.55593],[10.00943,53.55597],[10.01002,53.5564],[10.01013,53.55647],[10.01021,53.55643],[10.01021,53.55644],[10.01014,53.55648],[10.01045,53.55669],[10.01062,53.55686],[10.01128,53.55735],[10.01133,53.55736],[10.01148,53.55747],[10.01154,53.55754],[10.0132,53.55878],[10.01341,53.5589],[10.01388,53.55911],[10.0145,53.55958],[10.0148,53.55987],[10.01443,53.55998],[10.0132,53.55905],[10.01322,53.55902],[10.01254,53.55849],[10.01109,53.5574],[10.01046,53.55692],[10.01042,53.55688],[10.00939,53.55615]]]]}},{"type":"Feature","properties":{"zone":"M109","district":"St. Georg","rawHours":"täglich 9-22 Uhr","rawFee":"3,50 € je Stunde","note":"M 109 Steindamm — Parkschein/Tagesticket, Bewohner mit Ausweis frei","windows":[{"weekdays":[0,1,2,3,4,5,6],"fromMinute":540,"toMinute":1320}],"fee":{"kind":"exact","centsPerHour":350},"unmodelledRules":[],"sourceDefect":null,"spaces":null,"maxStayMinutes":780,"maxStay":null,"maxStayShare":0,"maxStayValues":[],"chargingPoints":0,"carsharing":0},"geometry":{"type":"MultiPolygon","coordinates":[[[[10.02386,53.55355],[10.0242,53.55301],[10.0218,53.55179],[10.02086,53.55137],[10.01701,53.55038],[10.01494,53.54986],[10.013,53.54975],[10.01123,53.54998],[10.01031,53.55093],[10.00985,53.55181],[10.0094,53.55224],[10.01005,53.55248],[10.01149,53.55311],[10.01151,53.55318],[10.0116,53.55317],[10.01356,53.55402],[10.01383,53.55403],[10.01993,53.55676],[10.01988,53.5568],[10.02013,53.55691],[10.02154,53.55573],[10.02251,53.55494],[10.02306,53.5548],[10.02386,53.55355]],[[10.01084,53.55251],[10.01086,53.55241],[10.01283,53.55253],[10.01283,53.5526],[10.01084,53.55251]],[[10.02337,53.55335],[10.02077,53.55299],[10.01982,53.5528],[10.0199,53.55268],[10.02101,53.55292],[10.02125,53.55288],[10.02342,53.55325],[10.02337,53.55335]],[[10.0178,53.5528],[10.01765,53.55292],[10.0136,53.55273],[10.01362,53.5526],[10.0178,53.5528]]]]}},{"type":"Feature","properties":{"zone":"M108","district":"Hammerbrook","rawHours":"täglich 9-22 Uhr","rawFee":"3,50 € je Stunde","note":"M 108 Münzviertel — Parkschein/Tagesticket, Bewohner mit Ausweis frei","windows":[{"weekdays":[0,1,2,3,4,5,6],"fromMinute":540,"toMinute":1320}],"fee":{"kind":"exact","centsPerHour":350},"unmodelledRules":[],"sourceDefect":null,"spaces":null,"maxStayMinutes":780,"maxStay":null,"maxStayShare":0,"maxStayValues":[],"chargingPoints":0,"carsharing":0},"geometry":{"type":"MultiPolygon","coordinates":[[[[10.01194,53.54947],[10.01308,53.54938],[10.01397,53.54938],[10.01566,53.54956],[10.01736,53.54995],[10.02167,53.54461],[10.02077,53.54457],[10.0187,53.5453],[10.01742,53.54528],[10.01537,53.54477],[10.01502,53.5445],[10.01488,53.54427],[10.01556,53.54406],[10.01552,53.54387],[10.01284,53.54454],[10.01039,53.54532],[10.01063,53.54552],[10.01366,53.54454],[10.01415,53.54445],[10.01443,53.54449],[10.01471,53.54463],[10.01495,53.54478],[10.01516,53.54483],[10.01532,53.54491],[10.01636,53.54518],[10.01591,53.54536],[10.01492,53.54537],[10.00738,53.54757],[10.00738,53.54761],[10.00722,53.54762],[10.00779,53.54843],[10.0076,53.54925],[10.00828,53.5504],[10.00884,53.55051],[10.01077,53.5498],[10.01194,53.54947]],[[10.01402,53.54866],[10.01386,53.54847],[10.01719,53.54936],[10.01732,53.54958],[10.01402,53.54866]],[[10.01749,53.54907],[10.01427,53.54819],[10.01472,53.5481],[10.01767,53.54889],[10.01749,53.54907]]]]}},{"type":"Feature","properties":{"zone":"AE101","district":"Altona-Nord","rawHours":"täglich 9-22 Uhr","rawFee":"3,50 € je Stunde","note":"AE 101 Alsenplatz — Parkschein, Bewohner mit Ausweis frei","windows":[{"weekdays":[0,1,2,3,4,5,6],"fromMinute":540,"toMinute":1320}],"fee":{"kind":"exact","centsPerHour":350},"unmodelledRules":[],"sourceDefect":null,"spaces":null,"maxStayMinutes":180,"maxStay":null,"maxStayShare":0,"maxStayValues":[],"chargingPoints":0,"carsharing":0},"geometry":{"type":"MultiPolygon","coordinates":[[[[9.95323,53.56118],[9.95284,53.56117],[9.94999,53.56158],[9.94915,53.56176],[9.9484,53.56195],[9.95161,53.56647],[9.95293,53.56838],[9.95451,53.5695],[9.95503,53.56946],[9.95863,53.56631],[9.9598,53.56495],[9.96037,53.56367],[9.95505,53.56129],[9.95383,53.5612],[9.95323,53.56118]]]]}},{"type":"Feature","properties":{"zone":"-","district":"St. Georg","rawHours":"täglich 9-22 Uhr","rawFee":"3,50 € je Stunde","note":"Nur Kurzzeitparken, keine Bewohnerparkvorrechte — Nur Kurzzeitparken, keine Bewohnerparkvorrechte","windows":[{"weekdays":[0,1,2,3,4,5,6],"fromMinute":540,"toMinute":1320}],"fee":{"kind":"exact","centsPerHour":350},"unmodelledRules":[],"sourceDefect":null,"spaces":null,"maxStayMinutes":120,"maxStay":null,"maxStayShare":0,"maxStayValues":[],"chargingPoints":0,"carsharing":0},"geometry":{"type":"MultiPolygon","coordinates":[[[[10.00625,53.55559],[10.00647,53.5549],[10.00767,53.55506],[10.00775,53.55488],[10.00676,53.55475],[10.00639,53.55473],[10.00631,53.55483],[10.00625,53.55504],[10.00611,53.55504],[10.00606,53.55509],[10.00602,53.5552],[10.00618,53.55526],[10.00611,53.55551],[10.00573,53.55606],[10.00585,53.55612],[10.00625,53.55559]]]]}},{"type":"Feature","properties":{"zone":"-","district":"Hammerbrook","rawHours":"täglich 9-22 Uhr","rawFee":"3,50 € je Stunde","note":"Nur Kurzzeitparken, keine Bewohnerparkvorrechte — Nur Kurzzeitparken, keine Bewohnerparkvorrechte","windows":[{"weekdays":[0,1,2,3,4,5,6],"fromMinute":540,"toMinute":1320}],"fee":{"kind":"exact","centsPerHour":350},"unmodelledRules":[],"sourceDefect":null,"spaces":null,"maxStayMinutes":180,"maxStay":null,"maxStayShare":0,"maxStayValues":[],"chargingPoints":0,"carsharing":0},"geometry":{"type":"MultiPolygon","coordinates":[[[[10.01427,53.54819],[10.01749,53.54907],[10.01767,53.54889],[10.01472,53.5481],[10.01427,53.54819]]]]}},{"type":"Feature","properties":{"zone":"-","district":"Hammerbrook","rawHours":"täglich 9-22 Uhr","rawFee":"3,50 € je Stunde","note":"Nur Kurzzeitparken, keine Bewohnerparkvorrechte — Nur Kurzzeitparken, keine Bewohnerparkvorrechte","windows":[{"weekdays":[0,1,2,3,4,5,6],"fromMinute":540,"toMinute":1320}],"fee":{"kind":"exact","centsPerHour":350},"unmodelledRules":[],"sourceDefect":null,"spaces":null,"maxStayMinutes":180,"maxStay":null,"maxStayShare":0,"maxStayValues":[],"chargingPoints":0,"carsharing":0},"geometry":{"type":"MultiPolygon","coordinates":[[[[10.01386,53.54847],[10.01402,53.54866],[10.01732,53.54958],[10.01719,53.54936],[10.01386,53.54847]]]]}},{"type":"Feature","properties":{"zone":"E305","district":"Harvestehude","rawHours":"täglich 9-20 Uhr","rawFee":"3,50 € je Stunde","note":"E 305 Isestraße — Parkschein, Bewohner mit Ausweis frei","windows":[{"weekdays":[0,1,2,3,4,5,6],"fromMinute":540,"toMinute":1200}],"fee":{"kind":"exact","centsPerHour":350},"unmodelledRules":[],"sourceDefect":null,"spaces":null,"maxStayMinutes":180,"maxStay":null,"maxStayShare":0,"maxStayValues":[],"chargingPoints":0,"carsharing":0},"geometry":{"type":"MultiPolygon","coordinates":[[[[9.98545,53.5829],[9.98746,53.58211],[9.98774,53.58218],[9.98815,53.58207],[9.9885,53.58215],[9.98895,53.5821],[9.98919,53.582],[9.98933,53.58185],[9.98927,53.58155],[9.98907,53.58138],[9.98878,53.58131],[9.98884,53.58106],[9.98898,53.57959],[9.98881,53.57944],[9.98889,53.57878],[9.9889,53.57781],[9.98856,53.57782],[9.98833,53.57798],[9.98772,53.57805],[9.98719,53.57805],[9.98672,53.57789],[9.98644,53.57786],[9.9861,53.57786],[9.98586,53.57778],[9.98553,53.57777],[9.98548,53.57799],[9.98548,53.57808],[9.98516,53.57808],[9.9847,53.57797],[9.9847,53.57776],[9.98106,53.5775],[9.98096,53.57614],[9.98023,53.57614],[9.9801,53.57552],[9.97967,53.57551],[9.97952,53.57614],[9.97885,53.57613],[9.97875,53.57734],[9.97747,53.57728],[9.97699,53.57773],[9.97663,53.57792],[9.97615,53.57847],[9.9775,53.57946],[9.9793,53.58066],[9.97963,53.58056],[9.97996,53.58078],[9.98011,53.58115],[9.98167,53.58215],[9.98437,53.58374],[9.98557,53.58315],[9.98545,53.5829]]]]}},{"type":"Feature","properties":{"zone":"E306","district":"Harvestehude","rawHours":"täglich 9-20 Uhr","rawFee":"3,50 € je Stunde","note":"E 306 Klosterstern — Parkschein, Bewohner mit Ausweis frei","windows":[{"weekdays":[0,1,2,3,4,5,6],"fromMinute":540,"toMinute":1200}],"fee":{"kind":"exact","centsPerHour":350},"unmodelledRules":[],"sourceDefect":null,"spaces":null,"maxStayMinutes":180,"maxStay":null,"maxStayShare":0,"maxStayValues":[],"chargingPoints":0,"carsharing":0},"geometry":{"type":"MultiPolygon","coordinates":[[[[9.99565,53.58216],[9.99711,53.5814],[9.99652,53.58086],[9.99652,53.58004],[9.99567,53.57943],[9.99422,53.57972],[9.99365,53.57918],[9.99334,53.57919],[9.99325,53.57915],[9.99314,53.57859],[9.99306,53.57856],[9.99297,53.57824],[9.99293,53.57802],[9.99273,53.5781],[9.99193,53.57813],[9.99041,53.5781],[9.99019,53.57815],[9.99007,53.57814],[9.99003,53.57809],[9.99,53.57803],[9.98959,53.57794],[9.9896,53.57777],[9.98923,53.57782],[9.98891,53.57793],[9.98889,53.57878],[9.98881,53.57944],[9.98898,53.57959],[9.98884,53.58106],[9.98878,53.58131],[9.98907,53.58138],[9.98927,53.58155],[9.98933,53.58185],[9.98919,53.582],[9.98895,53.5821],[9.9885,53.58215],[9.98815,53.58207],[9.98774,53.58218],[9.98557,53.58315],[9.98437,53.58374],[9.98497,53.58409],[9.98551,53.58427],[9.9875,53.58469],[9.98863,53.58484],[9.99009,53.58498],[9.99215,53.58489],[9.99375,53.58459],[9.99534,53.5841],[9.99532,53.58291],[9.99565,53.58216]]]]}},{"type":"Feature","properties":{"zone":"E307","district":"Harvestehude","rawHours":"täglich 9-20 Uhr","rawFee":"3,50 € je Stunde","note":"E 307 Tennisstadion — Parkschein/Tagesticket, Bewohner mit Ausweis frei","windows":[{"weekdays":[0,1,2,3,4,5,6],"fromMinute":540,"toMinute":1200}],"fee":{"kind":"exact","centsPerHour":350},"unmodelledRules":[],"sourceDefect":null,"spaces":null,"maxStayMinutes":660,"maxStay":null,"maxStayShare":0,"maxStayValues":[],"chargingPoints":0,"carsharing":0},"geometry":{"type":"MultiPolygon","coordinates":[[[[9.99867,53.57964],[10.00015,53.57811],[10.00265,53.57361],[10.00136,53.5735],[10.00134,53.57356],[10.00021,53.57347],[10.00023,53.57341],[9.9994,53.57334],[9.99922,53.57352],[9.99826,53.57344],[9.99819,53.57346],[9.99761,53.57346],[9.99733,53.57344],[9.99717,53.57339],[9.99716,53.57346],[9.9969,53.57344],[9.99691,53.57338],[9.99594,53.5733],[9.99593,53.57338],[9.99564,53.57336],[9.99565,53.57327],[9.99492,53.57319],[9.99496,53.57303],[9.99378,53.57293],[9.99298,53.57311],[9.99294,53.57383],[9.99235,53.57382],[9.99238,53.57331],[9.99217,53.57328],[9.99212,53.57331],[9.99195,53.57321],[9.99126,53.57319],[9.99108,53.57329],[9.99067,53.57305],[9.98964,53.57306],[9.98876,53.57282],[9.98863,53.57304],[9.98871,53.57416],[9.98891,53.57793],[9.98923,53.57782],[9.9896,53.57777],[9.98959,53.57794],[9.99,53.57803],[9.99003,53.57809],[9.99007,53.57814],[9.99019,53.57815],[9.99041,53.5781],[9.99193,53.57813],[9.99273,53.5781],[9.99293,53.57802],[9.99297,53.57824],[9.99306,53.57856],[9.99314,53.57859],[9.99325,53.57915],[9.99334,53.57919],[9.99365,53.57918],[9.99422,53.57972],[9.99567,53.57943],[9.99652,53.58004],[9.99867,53.57964]]]]}},{"type":"Feature","properties":{"zone":"E304","district":"Harvestehude","rawHours":"täglich 9-20 Uhr","rawFee":"3,50 € je Stunde","note":"E 304 Innocentiapark — Parkschein, Bewohner mit Ausweis frei","windows":[{"weekdays":[0,1,2,3,4,5,6],"fromMinute":540,"toMinute":1200}],"fee":{"kind":"exact","centsPerHour":350},"unmodelledRules":[],"sourceDefect":null,"spaces":null,"maxStayMinutes":180,"maxStay":null,"maxStayShare":0,"maxStayValues":[],"chargingPoints":0,"carsharing":0},"geometry":{"type":"MultiPolygon","coordinates":[[[[9.98548,53.57799],[9.98553,53.57777],[9.98586,53.57778],[9.9861,53.57786],[9.98644,53.57786],[9.98672,53.57789],[9.98719,53.57805],[9.98772,53.57805],[9.98833,53.57798],[9.98856,53.57782],[9.9889,53.57781],[9.98871,53.57416],[9.98863,53.57304],[9.98834,53.57291],[9.98826,53.57304],[9.9867,53.57302],[9.9867,53.57278],[9.98569,53.57278],[9.98566,53.57284],[9.98565,53.57301],[9.98453,53.57296],[9.98454,53.57288],[9.98451,53.57288],[9.98451,53.57279],[9.98448,53.57279],[9.98448,53.57276],[9.98431,53.57275],[9.98413,53.5727],[9.9838,53.57269],[9.98354,53.57274],[9.98352,53.57289],[9.98275,53.57287],[9.9827,53.57301],[9.98258,53.573],[9.9824,53.57297],[9.98238,53.57279],[9.98225,53.57279],[9.98225,53.57274],[9.98215,53.5727],[9.98198,53.57261],[9.98178,53.57261],[9.98138,53.57281],[9.98138,53.57284],[9.98109,53.57297],[9.98087,53.57417],[9.98001,53.5746],[9.97921,53.57445],[9.97899,53.57394],[9.97849,53.57232],[9.97815,53.57232],[9.97803,53.57243],[9.97773,53.57239],[9.97722,53.57311],[9.97716,53.57335],[9.97695,53.57353],[9.97677,53.57382],[9.97684,53.57402],[9.97699,53.57407],[9.97709,53.57407],[9.9771,53.5744],[9.97694,53.57453],[9.97671,53.57456],[9.97672,53.57523],[9.9769,53.57562],[9.9765,53.5757],[9.97666,53.57607],[9.977,53.57654],[9.97734,53.57676],[9.97744,53.577],[9.97747,53.57714],[9.97747,53.57728],[9.97875,53.57734],[9.97885,53.57613],[9.97952,53.57614],[9.97967,53.57551],[9.9801,53.57552],[9.98023,53.57614],[9.98096,53.57614],[9.98106,53.5775],[9.9847,53.57776],[9.9847,53.57797],[9.98516,53.57808],[9.98548,53.57808],[9.98548,53.57799]],[[9.97893,53.57451],[9.97892,53.57552],[9.97883,53.57552],[9.97883,53.57526],[9.97867,53.57522],[9.97869,53.57467],[9.97882,53.57466],[9.97883,53.57451],[9.97893,53.57451]]]]}},{"type":"Feature","properties":{"zone":"-","district":"Harvestehude","rawHours":"täglich 9-20 Uhr","rawFee":"3,50 € je Stunde","note":"Nur Kurzzeitparken, keine Bewohnerparkvorrechte — Nur Kurzzeitparken, keine Bewohnerparkvorrechte","windows":[{"weekdays":[0,1,2,3,4,5,6],"fromMinute":540,"toMinute":1200}],"fee":{"kind":"exact","centsPerHour":350},"unmodelledRules":[],"sourceDefect":null,"spaces":null,"maxStayMinutes":180,"maxStay":null,"maxStayShare":0,"maxStayValues":[],"chargingPoints":0,"carsharing":0},"geometry":{"type":"MultiPolygon","coordinates":[[[[9.97893,53.57451],[9.97883,53.57451],[9.97882,53.57466],[9.97869,53.57467],[9.97867,53.57522],[9.97883,53.57526],[9.97883,53.57552],[9.97892,53.57552],[9.97893,53.57451]]]]}},{"type":"Feature","properties":{"zone":"-","district":"Harvestehude","rawHours":"täglich 9-20 Uhr","rawFee":"3,50 € je Stunde","note":"Nur Kurzzeitparken, keine Bewohnerparkvorrechte — Nur Kurzzeitparken, keine Bewohnerparkvorrechte","windows":[{"weekdays":[0,1,2,3,4,5,6],"fromMinute":540,"toMinute":1200}],"fee":{"kind":"exact","centsPerHour":350},"unmodelledRules":[],"sourceDefect":null,"spaces":null,"maxStayMinutes":180,"maxStay":null,"maxStayShare":0,"maxStayValues":[],"chargingPoints":0,"carsharing":0},"geometry":{"type":"MultiPolygon","coordinates":[[[[9.98774,53.58218],[9.98746,53.58211],[9.98545,53.5829],[9.98557,53.58315],[9.98774,53.58218]]]]}},{"type":"Feature","properties":{"zone":"A110","district":"Ottensen","rawHours":"werktags 9-20 Uhr","rawFee":"3,50 € je Stunde","note":"A 110 Röhrigstraße — Parkschein, Bewohner mit Ausweis frei","windows":[{"weekdays":[1,2,3,4,5,6],"fromMinute":540,"toMinute":1200}],"fee":{"kind":"exact","centsPerHour":350},"unmodelledRules":[],"sourceDefect":null,"spaces":null,"maxStayMinutes":180,"maxStay":null,"maxStayShare":0,"maxStayValues":[],"chargingPoints":0,"carsharing":0},"geometry":{"type":"MultiPolygon","coordinates":[[[[9.9129,53.56008],[9.91332,53.55958],[9.91416,53.55842],[9.91506,53.55794],[9.9158,53.55778],[9.91638,53.5576],[9.91657,53.55784],[9.91816,53.55738],[9.91814,53.55727],[9.91802,53.55708],[9.91807,53.55705],[9.91782,53.55678],[9.91765,53.55672],[9.9176,53.55643],[9.9176,53.55612],[9.91758,53.55599],[9.91795,53.55595],[9.9179,53.55582],[9.91755,53.55585],[9.91749,53.55502],[9.91742,53.55467],[9.91744,53.55414],[9.91725,53.55413],[9.91725,53.55402],[9.91733,53.55402],[9.91723,53.5539],[9.91708,53.55378],[9.91694,53.55385],[9.91618,53.55385],[9.91261,53.55404],[9.91109,53.5542],[9.91024,53.55432],[9.90929,53.55428],[9.90946,53.5547],[9.91028,53.55641],[9.91045,53.55639],[9.91069,53.55653],[9.91015,53.55731],[9.90956,53.55823],[9.90954,53.55864],[9.90972,53.55901],[9.91006,53.55932],[9.91058,53.55954],[9.91018,53.55969],[9.90953,53.55933],[9.909,53.55865],[9.90818,53.55854],[9.90649,53.55837],[9.90626,53.55849],[9.90527,53.55864],[9.9039,53.55887],[9.90327,53.55902],[9.90305,53.55974],[9.90694,53.55989],[9.91271,53.56007],[9.91265,53.56021],[9.91277,53.56024],[9.9129,53.56008]]]]}},{"type":"Feature","properties":{"zone":"A109","district":"Ottensen","rawHours":"werktags 9-20 Uhr","rawFee":"3,50 € je Stunde","note":"A 109 Altonaer Kinderkrankenhaus — Parkschein, Bewohner mit Ausweis frei","windows":[{"weekdays":[1,2,3,4,5,6],"fromMinute":540,"toMinute":1200}],"fee":{"kind":"exact","centsPerHour":350},"unmodelledRules":[],"sourceDefect":null,"spaces":null,"maxStayMinutes":180,"maxStay":null,"maxStayShare":0,"maxStayValues":[],"chargingPoints":0,"carsharing":0},"geometry":{"type":"MultiPolygon","coordinates":[[[[9.90701,53.55152],[9.90706,53.55157],[9.90615,53.55192],[9.90576,53.55205],[9.90588,53.55215],[9.90604,53.5525],[9.90721,53.55214],[9.90743,53.55247],[9.90834,53.55223],[9.90853,53.5523],[9.90877,53.5523],[9.90881,53.55224],[9.90898,53.55223],[9.90908,53.55337],[9.90929,53.55428],[9.91024,53.55432],[9.91109,53.5542],[9.91261,53.55404],[9.91618,53.55385],[9.91694,53.55385],[9.91708,53.55378],[9.91691,53.55367],[9.9169,53.55354],[9.91675,53.55353],[9.91675,53.55345],[9.91689,53.55344],[9.91706,53.55329],[9.91695,53.55308],[9.91694,53.55298],[9.91711,53.55292],[9.91711,53.55277],[9.91715,53.55264],[9.91712,53.55259],[9.91714,53.55249],[9.9173,53.55242],[9.91412,53.55221],[9.91413,53.5521],[9.9173,53.55233],[9.91721,53.55132],[9.91726,53.55126],[9.91562,53.55128],[9.9144,53.55126],[9.91189,53.55118],[9.91179,53.55139],[9.91173,53.55157],[9.91183,53.55192],[9.91188,53.55197],[9.91194,53.55199],[9.91201,53.55261],[9.91221,53.5532],[9.91206,53.55322],[9.91187,53.55272],[9.9118,53.55206],[9.9115,53.55195],[9.91165,53.55105],[9.91254,53.55108],[9.91282,53.551],[9.91436,53.5511],[9.91741,53.55106],[9.91736,53.55092],[9.91735,53.55077],[9.91717,53.55077],[9.91698,53.55054],[9.91693,53.55012],[9.91666,53.54985],[9.91663,53.5495],[9.91684,53.54944],[9.91678,53.54914],[9.91693,53.54883],[9.9169,53.54873],[9.91689,53.54851],[9.91679,53.54772],[9.91685,53.54762],[9.9168,53.54715],[9.91681,53.54688],[9.91659,53.54674],[9.9168,53.5466],[9.91679,53.54636],[9.91623,53.54633],[9.91617,53.5464],[9.91584,53.54652],[9.91459,53.54674],[9.91274,53.54674],[9.91229,53.54669],[9.9115,53.54673],[9.91134,53.54688],[9.91135,53.54731],[9.91171,53.54822],[9.91086,53.54814],[9.91067,53.54829],[9.91015,53.54826],[9.90965,53.54816],[9.90874,53.54804],[9.90678,53.54793],[9.90683,53.54704],[9.90736,53.54679],[9.90742,53.54674],[9.90745,53.54657],[9.90704,53.54654],[9.90681,53.54664],[9.90618,53.54653],[9.90554,53.54629],[9.9052,53.54625],[9.90513,53.54677],[9.90518,53.54746],[9.9043,53.54747],[9.90413,53.54792],[9.90407,53.54894],[9.9042,53.54929],[9.9044,53.54954],[9.90918,53.54925],[9.90921,53.54938],[9.90446,53.54966],[9.90439,53.54965],[9.90433,53.5498],[9.90465,53.55034],[9.90767,53.55022],[9.90699,53.55117],[9.90707,53.5513],[9.90724,53.55144],[9.90701,53.55152]]]]}},{"type":"Feature","properties":{"zone":"A109","district":"Ottensen","rawHours":"werktags 9-20 Uhr","rawFee":"3,50 € je Stunde","note":"Tagesticket, Bewohner mit Ausweis frei — Parkschein/Tagesticket, Bewohner mit Ausweis frei","windows":[{"weekdays":[1,2,3,4,5,6],"fromMinute":540,"toMinute":1200}],"fee":{"kind":"exact","centsPerHour":350},"unmodelledRules":[],"sourceDefect":null,"spaces":null,"maxStayMinutes":660,"maxStay":null,"maxStayShare":0,"maxStayValues":[],"chargingPoints":0,"carsharing":0},"geometry":{"type":"MultiPolygon","coordinates":[[[[9.91572,53.55222],[9.91413,53.5521],[9.91412,53.55221],[9.91761,53.55244],[9.91766,53.55236],[9.91572,53.55222]]]]}},{"type":"Feature","properties":{"zone":"A109","district":"Ottensen","rawHours":"werktags 9-20 Uhr","rawFee":"3,50 € je Stunde","note":"Tagesticket, Bewohner mit Ausweis frei — Parkschein/Tagesticket, Bewohner mit Ausweis frei","windows":[{"weekdays":[1,2,3,4,5,6],"fromMinute":540,"toMinute":1200}],"fee":{"kind":"exact","centsPerHour":350},"unmodelledRules":[],"sourceDefect":null,"spaces":null,"maxStayMinutes":660,"maxStay":null,"maxStayShare":0,"maxStayValues":[],"chargingPoints":0,"carsharing":0},"geometry":{"type":"MultiPolygon","coordinates":[[[[9.91179,53.55139],[9.91189,53.55118],[9.9144,53.55126],[9.91562,53.55128],[9.9176,53.55126],[9.9176,53.55106],[9.91436,53.5511],[9.91282,53.551],[9.91254,53.55108],[9.91165,53.55105],[9.9115,53.55195],[9.9118,53.55206],[9.91187,53.55272],[9.91206,53.55322],[9.91221,53.5532],[9.91201,53.55261],[9.91194,53.55199],[9.91188,53.55197],[9.91183,53.55192],[9.91173,53.55157],[9.91179,53.55139]]]]}},{"type":"Feature","properties":{"zone":"A110","district":"Ottensen","rawHours":"werktags 9-20 Uhr","rawFee":"3,50 € je Stunde","note":"Tagesticket, Bewohner mit Ausweis frei — Parkschein/Tagesticket, Bewohner mit Ausweis frei","windows":[{"weekdays":[1,2,3,4,5,6],"fromMinute":540,"toMinute":1200}],"fee":{"kind":"exact","centsPerHour":350},"unmodelledRules":[],"sourceDefect":null,"spaces":null,"maxStayMinutes":660,"maxStay":null,"maxStayShare":0,"maxStayValues":[],"chargingPoints":0,"carsharing":0},"geometry":{"type":"MultiPolygon","coordinates":[[[[9.91018,53.55969],[9.91058,53.55954],[9.91006,53.55932],[9.90972,53.55901],[9.90954,53.55864],[9.90956,53.55823],[9.91015,53.55731],[9.91069,53.55653],[9.91045,53.55639],[9.90928,53.55797],[9.90917,53.55886],[9.90953,53.55933],[9.91018,53.55969]]]]}},{"type":"Feature","properties":{"zone":"E308","district":"Hoheluft-West","rawHours":"täglich 9-20 Uhr","rawFee":"3,50 € je Stunde","note":"E 308 Generalsviertel — Parkschein, Bewohner mit Ausweis frei","windows":[{"weekdays":[0,1,2,3,4,5,6],"fromMinute":540,"toMinute":1200}],"fee":{"kind":"exact","centsPerHour":350},"unmodelledRules":[],"sourceDefect":null,"spaces":null,"maxStayMinutes":180,"maxStay":null,"maxStayShare":0,"maxStayValues":[],"chargingPoints":0,"carsharing":0},"geometry":{"type":"MultiPolygon","coordinates":[[[[9.96851,53.58558],[9.96877,53.58499],[9.96926,53.58417],[9.97027,53.58319],[9.97107,53.58246],[9.97154,53.58205],[9.97196,53.58175],[9.97513,53.57895],[9.97528,53.57881],[9.9751,53.57862],[9.97526,53.5785],[9.97551,53.57854],[9.9756,53.57848],[9.9751,53.57832],[9.97503,53.5784],[9.9725,53.57757],[9.96984,53.57603],[9.96966,53.57614],[9.96599,53.57795],[9.96523,53.57838],[9.96516,53.57865],[9.96519,53.57878],[9.96465,53.57889],[9.96463,53.57892],[9.96444,53.57897],[9.96441,53.57897],[9.96434,53.57888],[9.96428,53.57888],[9.96389,53.57895],[9.96338,53.57857],[9.96288,53.57801],[9.96232,53.57802],[9.96191,53.57822],[9.962,53.57831],[9.96169,53.57857],[9.96095,53.57887],[9.96126,53.5791],[9.96156,53.57936],[9.96195,53.57941],[9.96214,53.57959],[9.96149,53.57985],[9.95983,53.58062],[9.95982,53.5808],[9.95772,53.58069],[9.95787,53.58074],[9.95781,53.58104],[9.9604,53.58121],[9.96182,53.5816],[9.96148,53.58231],[9.96124,53.5831],[9.96109,53.58342],[9.96099,53.58343],[9.9609,53.58354],[9.96013,53.58329],[9.95931,53.58316],[9.95925,53.58337],[9.96009,53.58348],[9.96074,53.58368],[9.96098,53.58371],[9.9642,53.58477],[9.9663,53.58554],[9.96726,53.58592],[9.96788,53.58611],[9.96851,53.58558]]]]}},{"type":"Feature","properties":{"zone":"E309","district":"Eimsbüttel","rawHours":"täglich 9-20 Uhr","rawFee":"3,50 € je Stunde","note":"E 309 Eppendorfer Weg — Parkschein, Bewohner mit Ausweis frei","windows":[{"weekdays":[0,1,2,3,4,5,6],"fromMinute":540,"toMinute":1200}],"fee":{"kind":"exact","centsPerHour":350},"unmodelledRules":[],"sourceDefect":null,"spaces":null,"maxStayMinutes":180,"maxStay":null,"maxStayShare":0,"maxStayValues":[],"chargingPoints":0,"carsharing":0},"geometry":{"type":"MultiPolygon","coordinates":[[[[9.96966,53.57614],[9.96813,53.57529],[9.96724,53.57494],[9.96546,53.57418],[9.96366,53.57344],[9.96249,53.57276],[9.96129,53.57097],[9.96223,53.57023],[9.96276,53.5699],[9.96282,53.5697],[9.96142,53.56951],[9.95992,53.56943],[9.95617,53.57025],[9.95712,53.57148],[9.95786,53.5725],[9.95836,53.57308],[9.9594,53.57448],[9.95979,53.57517],[9.96011,53.57543],[9.9606,53.57577],[9.961,53.57612],[9.96161,53.57726],[9.96232,53.57802],[9.96288,53.57801],[9.96338,53.57857],[9.96389,53.57895],[9.96428,53.57888],[9.96434,53.57888],[9.96441,53.57897],[9.96444,53.57897],[9.96463,53.57892],[9.96465,53.57889],[9.96519,53.57878],[9.96516,53.57865],[9.96523,53.57838],[9.96599,53.57795],[9.96966,53.57614]]]]}},{"type":"Feature","properties":{"zone":"-","district":"Hoheluft-Ost","rawHours":"täglich 9-20 Uhr","rawFee":"3,50 € je Stunde","note":"Nur Kurzzeitparken, keine Bewohnerparkvorrechte — Nur Kurzzeitparken, keine Bewohnerparkvorrechte","windows":[{"weekdays":[0,1,2,3,4,5,6],"fromMinute":540,"toMinute":1200}],"fee":{"kind":"exact","centsPerHour":350},"unmodelledRules":[],"sourceDefect":null,"spaces":null,"maxStayMinutes":180,"maxStay":null,"maxStayShare":0,"maxStayValues":[],"chargingPoints":0,"carsharing":0},"geometry":{"type":"MultiPolygon","coordinates":[[[[9.96898,53.58566],[9.96925,53.58515],[9.96947,53.58462],[9.96967,53.58426],[9.97057,53.58337],[9.97088,53.58309],[9.97551,53.5791],[9.97511,53.57897],[9.97196,53.58175],[9.97154,53.58205],[9.97107,53.58246],[9.97027,53.58319],[9.96926,53.58417],[9.96877,53.58499],[9.96851,53.58558],[9.9685,53.58578],[9.96839,53.58611],[9.96883,53.58619],[9.96898,53.58566]]]]}},{"type":"Feature","properties":{"zone":"E308","district":"Hoheluft-West","rawHours":"täglich 9-20 Uhr","rawFee":"3,50 € je Stunde","note":"Tagesticket, Bewohner mit Ausweis frei — Parkschein/Tagesticket, Bewohner mit Ausweis frei","windows":[{"weekdays":[0,1,2,3,4,5,6],"fromMinute":540,"toMinute":1200}],"fee":{"kind":"exact","centsPerHour":350},"unmodelledRules":[],"sourceDefect":null,"spaces":null,"maxStayMinutes":660,"maxStay":null,"maxStayShare":0,"maxStayValues":[],"chargingPoints":0,"carsharing":0},"geometry":{"type":"MultiPolygon","coordinates":[[[[9.95805,53.58054],[9.95776,53.58048],[9.95772,53.58069],[9.95982,53.5808],[9.95983,53.58062],[9.95805,53.58054]]]]}},{"type":"Feature","properties":{"zone":"-","district":"Lokstedt","rawHours":"täglich 9-20 Uhr","rawFee":"3,50 € je Stunde","note":"Tagesticket, keine Bewohnerparkvorrechte — Tagesticket, keine Bewohnerparkvorrechte","windows":[{"weekdays":[0,1,2,3,4,5,6],"fromMinute":540,"toMinute":1200}],"fee":{"kind":"exact","centsPerHour":350},"unmodelledRules":[],"sourceDefect":null,"spaces":null,"maxStayMinutes":660,"maxStay":null,"maxStayShare":0,"maxStayValues":[],"chargingPoints":0,"carsharing":0},"geometry":{"type":"MultiPolygon","coordinates":[[[[9.96099,53.58343],[9.95999,53.5831],[9.95674,53.58269],[9.95668,53.58282],[9.95931,53.58316],[9.96013,53.58329],[9.9609,53.58354],[9.96099,53.58343]]]]}},{"type":"Feature","properties":{"zone":"E310","district":"Eimsbüttel","rawHours":"täglich 9-22 Uhr","rawFee":"3,50 € je Stunde","note":"E 310 Lutterothstraße — Parkschein, Bewohner mit Ausweis frei","windows":[{"weekdays":[0,1,2,3,4,5,6],"fromMinute":540,"toMinute":1320}],"fee":{"kind":"exact","centsPerHour":350},"unmodelledRules":[],"sourceDefect":null,"spaces":null,"maxStayMinutes":180,"maxStay":null,"maxStayShare":0,"maxStayValues":[],"chargingPoints":0,"carsharing":0},"geometry":{"type":"MultiPolygon","coordinates":[[[[9.95423,53.58238],[9.95414,53.58214],[9.95529,53.58188],[9.95559,53.58174],[9.95579,53.58145],[9.95668,53.58128],[9.95722,53.581],[9.95759,53.58103],[9.95785,53.58084],[9.95787,53.58074],[9.95772,53.58069],[9.95776,53.58048],[9.95828,53.58038],[9.95907,53.58006],[9.9602,53.57988],[9.96066,53.57984],[9.96126,53.57958],[9.96156,53.57936],[9.96126,53.5791],[9.96095,53.57887],[9.96169,53.57857],[9.962,53.57831],[9.96191,53.57822],[9.96232,53.57802],[9.96161,53.57726],[9.961,53.57612],[9.9606,53.57577],[9.96011,53.57543],[9.95979,53.57517],[9.95954,53.57473],[9.95842,53.57486],[9.95766,53.57498],[9.9557,53.57538],[9.95237,53.57611],[9.95153,53.57618],[9.9503,53.57632],[9.94898,53.57671],[9.94819,53.57722],[9.94744,53.57803],[9.94599,53.57942],[9.94614,53.57943],[9.9463,53.57949],[9.94639,53.57954],[9.94694,53.58002],[9.94708,53.58013],[9.94721,53.58018],[9.94727,53.58026],[9.94711,53.58036],[9.9471,53.58037],[9.94728,53.5805],[9.94747,53.58074],[9.94755,53.58095],[9.94783,53.58224],[9.94753,53.58228],[9.94739,53.58165],[9.94732,53.58148],[9.94734,53.58168],[9.94699,53.58177],[9.94706,53.58216],[9.94743,53.58215],[9.94747,53.58237],[9.94803,53.58246],[9.95055,53.5826],[9.95285,53.58257],[9.95296,53.58249],[9.95336,53.58242],[9.95423,53.58238]]]]}},{"type":"Feature","properties":{"zone":"E313","district":"Eimsbüttel","rawHours":"täglich 9-22 Uhr","rawFee":"3,50 € je Stunde","note":"E 313 Langenfelder Damm — Parkschein, Bewohner mit Ausweis frei","windows":[{"weekdays":[0,1,2,3,4,5,6],"fromMinute":540,"toMinute":1320}],"fee":{"kind":"exact","centsPerHour":350},"unmodelledRules":[],"sourceDefect":null,"spaces":null,"maxStayMinutes":180,"maxStay":null,"maxStayShare":0,"maxStayValues":[],"chargingPoints":0,"carsharing":0},"geometry":{"type":"MultiPolygon","coordinates":[[[[9.93573,53.58258],[9.93644,53.58227],[9.9386,53.58228],[9.9403,53.58203],[9.94223,53.58184],[9.94271,53.58191],[9.94699,53.58177],[9.94734,53.58168],[9.94726,53.58099],[9.94694,53.5805],[9.94578,53.5796],[9.94603,53.57956],[9.9471,53.58037],[9.94711,53.58036],[9.94727,53.58026],[9.94721,53.58018],[9.94708,53.58013],[9.94694,53.58002],[9.94639,53.57954],[9.9463,53.57949],[9.94614,53.57943],[9.94582,53.5794],[9.94503,53.57878],[9.94485,53.57867],[9.94452,53.57857],[9.9438,53.5784],[9.94154,53.57782],[9.94057,53.5774],[9.93973,53.57708],[9.93875,53.57673],[9.93806,53.57652],[9.93513,53.5799],[9.93447,53.58096],[9.93376,53.58334],[9.93373,53.58351],[9.93463,53.58305],[9.93573,53.58258]]]]}},{"type":"Feature","properties":{"zone":"E311","district":"Eimsbüttel","rawHours":"täglich 9-22 Uhr","rawFee":"3,50 € je Stunde","note":"E 311 Emilienstraße — Parkschein, Bewohner mit Ausweis frei","windows":[{"weekdays":[0,1,2,3,4,5,6],"fromMinute":540,"toMinute":1320}],"fee":{"kind":"exact","centsPerHour":350},"unmodelledRules":[],"sourceDefect":null,"spaces":null,"maxStayMinutes":180,"maxStay":null,"maxStayShare":0,"maxStayValues":[],"chargingPoints":0,"carsharing":0},"geometry":{"type":"MultiPolygon","coordinates":[[[[9.95945,53.57456],[9.95836,53.57308],[9.95786,53.5725],[9.95712,53.57148],[9.95617,53.57025],[9.95555,53.57039],[9.95381,53.57099],[9.95245,53.57151],[9.95051,53.57255],[9.95139,53.57301],[9.94976,53.57365],[9.9488,53.57347],[9.94883,53.57347],[9.9488,53.57364],[9.94896,53.57376],[9.9493,53.57362],[9.94951,53.57368],[9.94969,53.5738],[9.95038,53.57438],[9.95082,53.57453],[9.95123,53.57499],[9.9515,53.57541],[9.95176,53.57598],[9.95231,53.57593],[9.95758,53.57481],[9.95945,53.57456]]]]}},{"type":"Feature","properties":{"zone":"E312","district":"Eimsbüttel","rawHours":"täglich 9-22 Uhr","rawFee":"3,50 € je Stunde","note":"E 312 Apostelkirche — Parkschein, Bewohner mit Ausweis frei","windows":[{"weekdays":[0,1,2,3,4,5,6],"fromMinute":540,"toMinute":1320}],"fee":{"kind":"exact","centsPerHour":350},"unmodelledRules":[],"sourceDefect":null,"spaces":null,"maxStayMinutes":180,"maxStay":null,"maxStayShare":0,"maxStayValues":[],"chargingPoints":0,"carsharing":0},"geometry":{"type":"MultiPolygon","coordinates":[[[[9.94367,53.57279],[9.94199,53.5728],[9.94109,53.57308],[9.93809,53.57653],[9.93875,53.57673],[9.93973,53.57708],[9.94057,53.5774],[9.94154,53.57782],[9.9438,53.5784],[9.94452,53.57857],[9.94485,53.57867],[9.94503,53.57878],[9.94582,53.5794],[9.9466,53.5786],[9.94721,53.578],[9.94759,53.57757],[9.94789,53.57729],[9.94817,53.57705],[9.94914,53.57645],[9.95009,53.57621],[9.95148,53.57601],[9.95105,53.57517],[9.95017,53.57451],[9.94896,53.57376],[9.9488,53.57364],[9.94883,53.57347],[9.94615,53.57328],[9.94367,53.57279]]]]}},{"type":"Feature","properties":{"zone":"E314","district":"Stellingen","rawHours":"täglich 9-20 Uhr","rawFee":"3,50 € je Stunde","note":"E 314 Lenzweg — Parkschein, Bewohner mit Ausweis frei","windows":[{"weekdays":[0,1,2,3,4,5,6],"fromMinute":540,"toMinute":1200}],"fee":{"kind":"exact","centsPerHour":350},"unmodelledRules":[],"sourceDefect":null,"spaces":null,"maxStayMinutes":180,"maxStay":null,"maxStayShare":0,"maxStayValues":[],"chargingPoints":0,"carsharing":0},"geometry":{"type":"MultiPolygon","coordinates":[[[[9.95133,53.5826],[9.95055,53.5826],[9.94803,53.58246],[9.94747,53.58237],[9.94743,53.58215],[9.94706,53.58216],[9.94699,53.58177],[9.94271,53.58191],[9.94223,53.58184],[9.9403,53.58203],[9.9386,53.58228],[9.93644,53.58227],[9.93463,53.58305],[9.93373,53.58351],[9.93331,53.5851],[9.93338,53.58516],[9.93396,53.58525],[9.93428,53.58519],[9.93463,53.58518],[9.9349,53.58522],[9.93555,53.58372],[9.9356,53.58363],[9.9361,53.58368],[9.93672,53.58377],[9.93687,53.58394],[9.93807,53.58408],[9.93757,53.58576],[9.93881,53.58588],[9.93912,53.5854],[9.93858,53.58523],[9.93919,53.5843],[9.94171,53.58479],[9.94192,53.58488],[9.94316,53.58522],[9.94452,53.58564],[9.9448,53.58538],[9.94518,53.58545],[9.94414,53.58641],[9.94367,53.58692],[9.94512,53.58726],[9.94551,53.58722],[9.94589,53.58731],[9.94649,53.5866],[9.94685,53.58622],[9.94775,53.58615],[9.94817,53.58741],[9.94882,53.58743],[9.94982,53.58605],[9.95005,53.58524],[9.95031,53.58521],[9.95048,53.58396],[9.95133,53.5826]]]]}},{"type":"Feature","properties":{"zone":"-","district":"Eimsbüttel","rawHours":"täglich 9-22 Uhr","rawFee":"3,50 € je Stunde","note":"Nur Kurzzeitparken, keine Bewohnerparkvorrechte — Nur Kurzzeitparken, keine Bewohnerparkvorrechte","windows":[{"weekdays":[0,1,2,3,4,5,6],"fromMinute":540,"toMinute":1320}],"fee":{"kind":"exact","centsPerHour":350},"unmodelledRules":[],"sourceDefect":null,"spaces":null,"maxStayMinutes":180,"maxStay":null,"maxStayShare":0,"maxStayValues":[],"chargingPoints":0,"carsharing":0},"geometry":{"type":"MultiPolygon","coordinates":[[[[9.95954,53.57473],[9.95945,53.57456],[9.95758,53.57481],[9.95231,53.57593],[9.95146,53.57601],[9.95009,53.57621],[9.94914,53.57645],[9.94817,53.57705],[9.94789,53.57729],[9.94759,53.57757],[9.94721,53.578],[9.9466,53.5786],[9.94582,53.5794],[9.94599,53.57942],[9.94744,53.57803],[9.94819,53.57722],[9.94898,53.57671],[9.9503,53.57632],[9.95153,53.57618],[9.95237,53.57611],[9.9557,53.57538],[9.95766,53.57498],[9.95842,53.57486],[9.95954,53.57473]]]]}},{"type":"Feature","properties":{"zone":"E310","district":"Eimsbüttel","rawHours":"täglich 9-22 Uhr","rawFee":"3,50 € je Stunde","note":"Tagesticket, Bewohner mit Ausweis frei — Parkschein/Tagesticket, Bewohner mit Ausweis frei","windows":[{"weekdays":[0,1,2,3,4,5,6],"fromMinute":540,"toMinute":1320}],"fee":{"kind":"exact","centsPerHour":350},"unmodelledRules":[],"sourceDefect":null,"spaces":null,"maxStayMinutes":780,"maxStay":null,"maxStayShare":0,"maxStayValues":[],"chargingPoints":0,"carsharing":0},"geometry":{"type":"MultiPolygon","coordinates":[[[[9.94747,53.58074],[9.94728,53.5805],[9.94726,53.58099],[9.94732,53.58148],[9.94739,53.58165],[9.94753,53.58228],[9.94783,53.58224],[9.94755,53.58095],[9.94747,53.58074]]]]}},{"type":"Feature","properties":{"zone":"E311","district":"Eimsbüttel","rawHours":"täglich 9-22 Uhr","rawFee":"3,50 € je Stunde","note":"Tagesticket, Bewohner mit Ausweis frei — Parkschein/Tagesticket, Bewohner mit Ausweis frei","windows":[{"weekdays":[0,1,2,3,4,5,6],"fromMinute":540,"toMinute":1320}],"fee":{"kind":"exact","centsPerHour":350},"unmodelledRules":[],"sourceDefect":null,"spaces":null,"maxStayMinutes":780,"maxStay":null,"maxStayShare":0,"maxStayValues":[],"chargingPoints":0,"carsharing":0},"geometry":{"type":"MultiPolygon","coordinates":[[[[9.94951,53.57368],[9.9493,53.57362],[9.94896,53.57376],[9.95017,53.57451],[9.95105,53.57517],[9.95148,53.57601],[9.95176,53.57598],[9.9515,53.57541],[9.95123,53.57499],[9.95082,53.57453],[9.95038,53.57438],[9.94969,53.5738],[9.94951,53.57368]]]]}},{"type":"Feature","properties":{"zone":"N106","district":"Hoheluft-Ost","rawHours":"täglich 9-20 Uhr","rawFee":"3,50 € je Stunde","note":"N 106 Hoheluft-Ost — Parkschein, Bewohner mit Ausweis frei","windows":[{"weekdays":[0,1,2,3,4,5,6],"fromMinute":540,"toMinute":1200}],"fee":{"kind":"exact","centsPerHour":350},"unmodelledRules":[],"sourceDefect":null,"spaces":null,"maxStayMinutes":180,"maxStay":null,"maxStayShare":0,"maxStayValues":[],"chargingPoints":0,"carsharing":0},"geometry":{"type":"MultiPolygon","coordinates":[[[[9.98174,53.58737],[9.98295,53.5866],[9.9823,53.58594],[9.98245,53.58589],[9.9821,53.58561],[9.98209,53.58521],[9.98262,53.58553],[9.98275,53.58564],[9.98296,53.58554],[9.98379,53.58611],[9.98513,53.58556],[9.98602,53.58512],[9.98478,53.58414],[9.9841,53.58377],[9.98303,53.58424],[9.98222,53.58462],[9.98206,53.58474],[9.98196,53.5849],[9.98157,53.58486],[9.98162,53.58472],[9.9819,53.58445],[9.98385,53.58363],[9.98269,53.58297],[9.98168,53.58234],[9.97993,53.58121],[9.97996,53.58078],[9.97963,53.58056],[9.97958,53.58101],[9.97843,53.58026],[9.97653,53.57897],[9.97615,53.57869],[9.97551,53.5791],[9.97483,53.57968],[9.97088,53.58309],[9.97057,53.58337],[9.96967,53.58426],[9.96947,53.58462],[9.96925,53.58515],[9.96898,53.58566],[9.96883,53.58619],[9.96887,53.58636],[9.96898,53.5862],[9.97251,53.58752],[9.97376,53.58654],[9.97396,53.5866],[9.97271,53.5876],[9.97289,53.58766],[9.97399,53.58686],[9.97449,53.58703],[9.97625,53.5877],[9.97703,53.5879],[9.98,53.58881],[9.98107,53.58797],[9.98162,53.58756],[9.98174,53.58737]],[[9.97752,53.58167],[9.97656,53.5809],[9.97606,53.58072],[9.9757,53.58085],[9.97555,53.58098],[9.97531,53.58093],[9.97552,53.58074],[9.97601,53.58052],[9.97683,53.58081],[9.97773,53.58159],[9.97752,53.58167]]]]}},{"type":"Feature","properties":{"zone":"N107","district":"Eppendorf","rawHours":"täglich 9-20 Uhr","rawFee":"3,50 € je Stunde","note":"N 107 Kellinghusenstraße — Parkschein, Bewohner mit Ausweis frei","windows":[{"weekdays":[0,1,2,3,4,5,6],"fromMinute":540,"toMinute":1200}],"fee":{"kind":"exact","centsPerHour":350},"unmodelledRules":[],"sourceDefect":null,"spaces":null,"maxStayMinutes":180,"maxStay":null,"maxStayShare":0,"maxStayValues":[],"chargingPoints":0,"carsharing":0},"geometry":{"type":"MultiPolygon","coordinates":[[[[9.98837,53.59439],[9.98904,53.59428],[9.9927,53.5934],[9.99642,53.5911],[9.99712,53.58836],[9.99708,53.58824],[9.99529,53.58584],[9.99456,53.58456],[9.99391,53.58471],[9.99307,53.58506],[9.99154,53.58524],[9.99045,53.58522],[9.98935,53.58514],[9.9881,53.58496],[9.98721,53.58513],[9.98602,53.58512],[9.98513,53.58556],[9.98379,53.58611],[9.98296,53.58554],[9.98275,53.58564],[9.98419,53.58677],[9.98462,53.58714],[9.98459,53.58716],[9.98461,53.58717],[9.98464,53.58716],[9.9849,53.58739],[9.98583,53.58813],[9.98656,53.58869],[9.98701,53.58938],[9.98737,53.59013],[9.98704,53.59018],[9.98668,53.58939],[9.98656,53.5892],[9.98652,53.5892],[9.9862,53.58883],[9.98519,53.58794],[9.98506,53.58794],[9.98371,53.58684],[9.98331,53.5865],[9.98312,53.5864],[9.98245,53.58589],[9.9823,53.58594],[9.98295,53.5866],[9.98174,53.58737],[9.98162,53.58756],[9.98107,53.58797],[9.97995,53.58886],[9.98247,53.59018],[9.98232,53.59029],[9.98258,53.5904],[9.98152,53.59123],[9.98363,53.59208],[9.98451,53.59225],[9.98814,53.59253],[9.98795,53.59313],[9.98774,53.59386],[9.9877,53.59428],[9.98794,53.59429],[9.98814,53.59443],[9.98837,53.59439]],[[9.99496,53.5869],[9.99441,53.58581],[9.99435,53.58578],[9.99363,53.58575],[9.99357,53.58578],[9.99287,53.58683],[9.99259,53.58676],[9.99325,53.58576],[9.99321,53.58574],[9.98897,53.58559],[9.9888,53.58553],[9.98877,53.58539],[9.99344,53.58555],[9.99398,53.58474],[9.99398,53.58471],[9.99418,53.58465],[9.9953,53.58685],[9.99496,53.5869]]]]}},{"type":"Feature","properties":{"zone":"E315","district":"Lokstedt","rawHours":"täglich 9-20 Uhr","rawFee":"3,50 € je Stunde","note":"E 315 Nedderfeld — Parkschein, Bewohner mit Ausweis frei","windows":[{"weekdays":[0,1,2,3,4,5,6],"fromMinute":540,"toMinute":1200}],"fee":{"kind":"exact","centsPerHour":350},"unmodelledRules":[],"sourceDefect":null,"spaces":null,"maxStayMinutes":180,"maxStay":null,"maxStayShare":0,"maxStayValues":[],"chargingPoints":0,"carsharing":0},"geometry":{"type":"MultiPolygon","coordinates":[[[[9.96447,53.59987],[9.96381,53.60004],[9.96331,53.60054],[9.96261,53.602],[9.96167,53.60443],[9.9613,53.60584],[9.9664,53.60421],[9.96666,53.60403],[9.96665,53.60385],[9.97174,53.60238],[9.97191,53.60191],[9.97066,53.60224],[9.9692,53.60268],[9.966,53.60373],[9.96545,53.60373],[9.96547,53.60361],[9.96393,53.60359],[9.96393,53.60373],[9.96334,53.60372],[9.96341,53.60344],[9.96531,53.60347],[9.96617,53.60347],[9.96669,53.60332],[9.96841,53.60278],[9.96978,53.60231],[9.97119,53.60191],[9.97163,53.60173],[9.97161,53.60028],[9.97155,53.60024],[9.97014,53.60033],[9.97001,53.60039],[9.96985,53.60039],[9.96985,53.60023],[9.97056,53.60021],[9.97154,53.60014],[9.97161,53.60009],[9.97157,53.59886],[9.9661,53.59962],[9.96447,53.59987]]]]}},{"type":"Feature","properties":{"zone":"N106","district":"Hoheluft-Ost","rawHours":"täglich 9-20 Uhr","rawFee":"3,50 € je Stunde","note":"Tagesticket, Bewohner mit Ausweis frei — Parkschein/Tagesticket, Bewohner mit Ausweis frei","windows":[{"weekdays":[0,1,2,3,4,5,6],"fromMinute":540,"toMinute":1200}],"fee":{"kind":"exact","centsPerHour":350},"unmodelledRules":[],"sourceDefect":null,"spaces":null,"maxStayMinutes":660,"maxStay":null,"maxStayShare":0,"maxStayValues":[],"chargingPoints":0,"carsharing":0},"geometry":{"type":"MultiPolygon","coordinates":[[[[9.96898,53.5862],[9.96887,53.58636],[9.97248,53.58771],[9.97271,53.5876],[9.97396,53.5866],[9.97376,53.58654],[9.97251,53.58752],[9.96898,53.5862]]]]}},{"type":"Feature","properties":{"zone":"-","district":"Eppendorf","rawHours":"täglich 9-20 Uhr","rawFee":"3,50 € je Stunde","note":"Tagesticket, keine Bewohnerparkvorrechte — Tagesticket, keine Bewohnerparkvorrechte","windows":[{"weekdays":[0,1,2,3,4,5,6],"fromMinute":540,"toMinute":1200}],"fee":{"kind":"exact","centsPerHour":350},"unmodelledRules":[],"sourceDefect":null,"spaces":null,"maxStayMinutes":660,"maxStay":null,"maxStayShare":0,"maxStayValues":[],"chargingPoints":0,"carsharing":0},"geometry":{"type":"MultiPolygon","coordinates":[[[[9.97683,53.58785],[9.97655,53.58778],[9.97594,53.58826],[9.97575,53.58819],[9.97528,53.58857],[9.97271,53.5876],[9.97248,53.58771],[9.97523,53.58877],[9.9811,53.59124],[9.98123,53.59113],[9.97916,53.59024],[9.97921,53.59017],[9.97922,53.59007],[9.9791,53.58992],[9.97887,53.58982],[9.9786,53.58978],[9.9783,53.58987],[9.97594,53.58884],[9.97589,53.58869],[9.97597,53.58853],[9.97683,53.58785]]]]}},{"type":"Feature","properties":{"zone":"N108","district":"Eppendorf","rawHours":"täglich 9-20 Uhr","rawFee":"3,50 € je Stunde","note":"Tagesticket, Bewohner mit Ausweis frei — Parkschein/Tagesticket, Bewohner mit Ausweis frei","windows":[{"weekdays":[0,1,2,3,4,5,6],"fromMinute":540,"toMinute":1200}],"fee":{"kind":"exact","centsPerHour":350},"unmodelledRules":[],"sourceDefect":null,"spaces":null,"maxStayMinutes":660,"maxStay":null,"maxStayShare":0,"maxStayValues":[],"chargingPoints":0,"carsharing":0},"geometry":{"type":"MultiPolygon","coordinates":[[[[9.98132,53.59138],[9.98134,53.59137],[9.98314,53.59217],[9.98333,53.59205],[9.98149,53.59125],[9.98152,53.59123],[9.98129,53.59114],[9.98003,53.59203],[9.9779,53.59369],[9.97791,53.59432],[9.97823,53.59432],[9.97822,53.59373],[9.97948,53.5928],[9.98132,53.59138]]]]}},{"type":"Feature","properties":{"zone":"-","district":"Eppendorf","rawHours":"täglich 9-20 Uhr","rawFee":"3,50 € je Stunde","note":"Tagesticket, keine Bewohnerparkvorrechte — Tagesticket, keine Bewohnerparkvorrechte","windows":[{"weekdays":[0,1,2,3,4,5,6],"fromMinute":540,"toMinute":1200}],"fee":{"kind":"exact","centsPerHour":350},"unmodelledRules":[],"sourceDefect":null,"spaces":null,"maxStayMinutes":660,"maxStay":null,"maxStayShare":0,"maxStayValues":[],"chargingPoints":0,"carsharing":0},"geometry":{"type":"MultiPolygon","coordinates":[[[[9.98271,53.59275],[9.98332,53.59225],[9.9832,53.59219],[9.98259,53.59269],[9.98238,53.59261],[9.98225,53.59266],[9.98217,53.59285],[9.98271,53.59287],[9.98271,53.59275]]]]}},{"type":"Feature","properties":{"zone":"N108","district":"Eppendorf","rawHours":"täglich 9-20 Uhr","rawFee":"3,50 € je Stunde","note":"Tagesticket, Bewohner mit Ausweis frei — Parkschein/Tagesticket, Bewohner mit Ausweis frei","windows":[{"weekdays":[0,1,2,3,4,5,6],"fromMinute":540,"toMinute":1200}],"fee":{"kind":"exact","centsPerHour":350},"unmodelledRules":[],"sourceDefect":null,"spaces":null,"maxStayMinutes":660,"maxStay":null,"maxStayShare":0,"maxStayValues":[],"chargingPoints":0,"carsharing":0},"geometry":{"type":"MultiPolygon","coordinates":[[[[9.97501,53.59431],[9.97465,53.59427],[9.97465,53.59441],[9.97492,53.59444],[9.97793,53.59446],[9.97793,53.59432],[9.97501,53.59431]]]]}},{"type":"Feature","properties":{"zone":"E316","district":"Lokstedt","rawHours":"täglich 9-20 Uhr","rawFee":"3,50 € je Stunde","note":"Tagesticket, Bewohner mit Ausweis frei — Parkschein/Tagesticket, Bewohner mit Ausweis frei","windows":[{"weekdays":[0,1,2,3,4,5,6],"fromMinute":540,"toMinute":1200}],"fee":{"kind":"exact","centsPerHour":350},"unmodelledRules":[],"sourceDefect":null,"spaces":null,"maxStayMinutes":660,"maxStay":null,"maxStayShare":0,"maxStayValues":[],"chargingPoints":0,"carsharing":0},"geometry":{"type":"MultiPolygon","coordinates":[[[[9.96997,53.59376],[9.97057,53.59313],[9.9709,53.59275],[9.97134,53.5922],[9.97155,53.59185],[9.97161,53.59163],[9.97156,53.59143],[9.97128,53.59126],[9.97107,53.59117],[9.96768,53.59086],[9.96765,53.59099],[9.97093,53.59127],[9.97129,53.5914],[9.97145,53.59164],[9.97125,53.59204],[9.97088,53.59205],[9.96741,53.59186],[9.96738,53.59196],[9.97107,53.59217],[9.97109,53.59223],[9.97064,53.59279],[9.96974,53.59375],[9.96695,53.59365],[9.96695,53.5938],[9.97165,53.59396],[9.97465,53.59441],[9.97465,53.59427],[9.97197,53.59383],[9.96997,53.59376]]]]}},{"type":"Feature","properties":{"zone":"E316","district":"Lokstedt","rawHours":"täglich 9-20 Uhr","rawFee":"3,50 € je Stunde","note":"E 316 Süderfeld — Parkschein, Bewohner mit Ausweis frei","windows":[{"weekdays":[0,1,2,3,4,5,6],"fromMinute":540,"toMinute":1200}],"fee":{"kind":"exact","centsPerHour":350},"unmodelledRules":[],"sourceDefect":null,"spaces":null,"maxStayMinutes":180,"maxStay":null,"maxStayShare":0,"maxStayValues":[],"chargingPoints":0,"carsharing":0},"geometry":{"type":"MultiPolygon","coordinates":[[[[9.9705,53.59392],[9.96695,53.5938],[9.96695,53.59365],[9.96974,53.59375],[9.97064,53.59279],[9.97109,53.59223],[9.97107,53.59217],[9.96738,53.59196],[9.96741,53.59186],[9.97088,53.59205],[9.97125,53.59204],[9.97145,53.59164],[9.97129,53.5914],[9.97093,53.59127],[9.96765,53.59099],[9.96768,53.59086],[9.97107,53.59117],[9.97128,53.59126],[9.97156,53.59143],[9.97161,53.59163],[9.97155,53.59185],[9.97134,53.5922],[9.9709,53.59275],[9.97057,53.59313],[9.96997,53.59376],[9.97197,53.59383],[9.97206,53.59384],[9.97207,53.59372],[9.97155,53.59358],[9.97198,53.5929],[9.97135,53.59274],[9.97194,53.59207],[9.97206,53.59165],[9.97166,53.5911],[9.97024,53.59067],[9.96785,53.59037],[9.96775,53.59079],[9.96741,53.59075],[9.96663,53.5939],[9.96618,53.59612],[9.96527,53.59847],[9.96381,53.60004],[9.96447,53.59987],[9.9661,53.59962],[9.97161,53.59886],[9.97183,53.5989],[9.97552,53.5985],[9.97501,53.59497],[9.97477,53.59496],[9.97475,53.59484],[9.97466,53.59484],[9.97465,53.59441],[9.97213,53.59403],[9.97204,53.59419],[9.97205,53.59438],[9.97251,53.59438],[9.97257,53.59509],[9.97305,53.59509],[9.97314,53.59616],[9.97248,53.5962],[9.97169,53.5962],[9.97165,53.5961],[9.97073,53.59614],[9.97073,53.59529],[9.97,53.59528],[9.97005,53.5949],[9.97036,53.59488],[9.97037,53.59445],[9.97055,53.59444],[9.9705,53.59392]]]]}},{"type":"Feature","properties":{"zone":"-","district":"Lokstedt","rawHours":"täglich 9-20 Uhr","rawFee":"3,50 € je Stunde","note":"Tagesticket, keine Bewohnerparkvorrechte — Tagesticket, keine Bewohnerparkvorrechte","windows":[{"weekdays":[0,1,2,3,4,5,6],"fromMinute":540,"toMinute":1200}],"fee":{"kind":"exact","centsPerHour":350},"unmodelledRules":[],"sourceDefect":null,"spaces":null,"maxStayMinutes":660,"maxStay":null,"maxStayShare":0,"maxStayValues":[],"chargingPoints":0,"carsharing":0},"geometry":{"type":"MultiPolygon","coordinates":[[[[9.97307,53.59574],[9.97305,53.59559],[9.97157,53.59564],[9.97153,53.59519],[9.97135,53.59518],[9.9713,53.59466],[9.97138,53.59458],[9.97139,53.59396],[9.97115,53.59395],[9.97118,53.59415],[9.97117,53.59419],[9.97118,53.59456],[9.97108,53.59466],[9.9711,53.5952],[9.97115,53.59578],[9.97307,53.59574]]]]}},{"type":"Feature","properties":{"zone":"N108","district":"Eppendorf","rawHours":"täglich 9-20 Uhr","rawFee":"3,50 € je Stunde","note":"N 108 Tarpenbekstraße — Parkschein, Bewohner mit Ausweis frei","windows":[{"weekdays":[0,1,2,3,4,5,6],"fromMinute":540,"toMinute":1200}],"fee":{"kind":"exact","centsPerHour":350},"unmodelledRules":[],"sourceDefect":null,"spaces":null,"maxStayMinutes":180,"maxStay":null,"maxStayShare":0,"maxStayValues":[],"chargingPoints":0,"carsharing":0},"geometry":{"type":"MultiPolygon","coordinates":[[[[9.98214,53.60129],[9.98475,53.60106],[9.98545,53.60095],[9.98684,53.60013],[9.98726,53.59979],[9.98772,53.59702],[9.9886,53.59714],[9.98878,53.59708],[9.99009,53.59516],[9.99012,53.59402],[9.98904,53.59428],[9.98814,53.59443],[9.98794,53.59429],[9.9877,53.59428],[9.98774,53.59386],[9.98795,53.59313],[9.98814,53.59253],[9.98451,53.59225],[9.98363,53.59208],[9.98152,53.59123],[9.98149,53.59125],[9.98333,53.59205],[9.98314,53.59217],[9.98134,53.59137],[9.97948,53.5928],[9.97822,53.59373],[9.97823,53.59432],[9.97793,53.59432],[9.97793,53.59446],[9.97492,53.59444],[9.97465,53.59441],[9.97466,53.59484],[9.97475,53.59484],[9.97477,53.59496],[9.97501,53.59497],[9.97552,53.5985],[9.97894,53.59856],[9.97904,53.60085],[9.97995,53.60134],[9.97996,53.60136],[9.98123,53.60127],[9.98127,53.60136],[9.98214,53.60129]],[[9.98225,53.59266],[9.98238,53.59261],[9.98259,53.59269],[9.9832,53.59219],[9.98332,53.59225],[9.98271,53.59275],[9.98271,53.59287],[9.98217,53.59285],[9.98225,53.59266]],[[9.98463,53.6007],[9.98494,53.60069],[9.98516,53.60013],[9.98546,53.59944],[9.98567,53.59948],[9.98543,53.60002],[9.98516,53.60071],[9.98507,53.60078],[9.98512,53.60082],[9.98478,53.60095],[9.98474,53.60091],[9.98461,53.6009],[9.9845,53.60082],[9.98449,53.60078],[9.98454,53.60072],[9.98463,53.6007]]]]}},{"type":"Feature","properties":{"zone":"-","district":"Lokstedt","rawHours":"täglich 9-20 Uhr","rawFee":"3,50 € je Stunde","note":"Tagesticket, keine Bewohnerparkvorrechte — Tagesticket, keine Bewohnerparkvorrechte","windows":[{"weekdays":[0,1,2,3,4,5,6],"fromMinute":540,"toMinute":1200}],"fee":{"kind":"exact","centsPerHour":350},"unmodelledRules":[],"sourceDefect":null,"spaces":null,"maxStayMinutes":660,"maxStay":null,"maxStayShare":0,"maxStayValues":[],"chargingPoints":0,"carsharing":0},"geometry":{"type":"MultiPolygon","coordinates":[[[[9.96872,53.58646],[9.96849,53.58639],[9.96834,53.58688],[9.96804,53.58823],[9.96741,53.59075],[9.96775,53.59079],[9.96822,53.58854],[9.96844,53.58733],[9.96872,53.58646]]]]}},{"type":"Feature","properties":{"zone":"E315","district":"Lokstedt","rawHours":"täglich 9-20 Uhr","rawFee":"3,00 € je Stunde","note":"Tagesticket, Bewohner mit Ausweis frei — Parkschein/Tagesticket, Bewohner mit Ausweis frei","windows":[{"weekdays":[0,1,2,3,4,5,6],"fromMinute":540,"toMinute":1200}],"fee":{"kind":"exact","centsPerHour":300},"unmodelledRules":[],"sourceDefect":null,"spaces":null,"maxStayMinutes":660,"maxStay":null,"maxStayShare":0,"maxStayValues":[],"chargingPoints":0,"carsharing":0},"geometry":{"type":"MultiPolygon","coordinates":[[[[9.97189,53.60051],[9.97185,53.59889],[9.97161,53.59886],[9.97157,53.59886],[9.97161,53.60009],[9.97154,53.60014],[9.97056,53.60021],[9.96985,53.60023],[9.96985,53.60039],[9.97001,53.60039],[9.97014,53.60033],[9.97155,53.60024],[9.97161,53.60028],[9.97163,53.60173],[9.97193,53.60167],[9.9719,53.60114],[9.97189,53.60051]]]]}},{"type":"Feature","properties":{"zone":"-","district":"Lokstedt","rawHours":"täglich 9-20 Uhr","rawFee":"3,50 € je Stunde","note":"Tagesticket, keine Bewohnerparkvorrechte — Tagesticket, keine Bewohnerparkvorrechte","windows":[{"weekdays":[0,1,2,3,4,5,6],"fromMinute":540,"toMinute":1200}],"fee":{"kind":"exact","centsPerHour":350},"unmodelledRules":[],"sourceDefect":null,"spaces":null,"maxStayMinutes":660,"maxStay":null,"maxStayShare":0,"maxStayValues":[],"chargingPoints":0,"carsharing":0},"geometry":{"type":"MultiPolygon","coordinates":[[[[9.96644,53.60359],[9.9692,53.60268],[9.97066,53.60224],[9.97213,53.60185],[9.97377,53.60177],[9.97524,53.60173],[9.97746,53.60163],[9.97998,53.60148],[9.97996,53.60135],[9.97436,53.60158],[9.97229,53.60164],[9.97193,53.60167],[9.97163,53.60173],[9.97119,53.60191],[9.96978,53.60231],[9.96841,53.60278],[9.96669,53.60332],[9.96617,53.60347],[9.96531,53.60347],[9.96341,53.60344],[9.96334,53.60372],[9.96393,53.60373],[9.96393,53.60359],[9.96547,53.60361],[9.96545,53.60373],[9.966,53.60373],[9.96644,53.60359]]]]}},{"type":"Feature","properties":{"zone":"-","district":"Hoheluft-Ost","rawHours":"täglich 9-20 Uhr","rawFee":"3,50 € je Stunde","note":"Nur Kurzzeitparken, keine Bewohnerparkvorrechte — Nur Kurzzeitparken, keine Bewohnerparkvorrechte","windows":[{"weekdays":[0,1,2,3,4,5,6],"fromMinute":540,"toMinute":1200}],"fee":{"kind":"exact","centsPerHour":350},"unmodelledRules":[],"sourceDefect":null,"spaces":null,"maxStayMinutes":180,"maxStay":null,"maxStayShare":0,"maxStayValues":[],"chargingPoints":0,"carsharing":0},"geometry":{"type":"MultiPolygon","coordinates":[[[[9.97773,53.58159],[9.97683,53.58081],[9.97601,53.58052],[9.97552,53.58074],[9.97531,53.58093],[9.97555,53.58098],[9.9757,53.58085],[9.97606,53.58072],[9.97656,53.5809],[9.97752,53.58167],[9.97773,53.58159]]]]}},{"type":"Feature","properties":{"zone":"-","district":"Eppendorf","rawHours":"täglich 9-20 Uhr","rawFee":"3,50 € je Stunde","note":"Nur Kurzzeitparken, keine Bewohnerparkvorrechte — Nur Kurzzeitparken, keine Bewohnerparkvorrechte","windows":[{"weekdays":[0,1,2,3,4,5,6],"fromMinute":540,"toMinute":1200}],"fee":{"kind":"exact","centsPerHour":350},"unmodelledRules":[],"sourceDefect":null,"spaces":null,"maxStayMinutes":180,"maxStay":null,"maxStayShare":0,"maxStayValues":[],"chargingPoints":0,"carsharing":0},"geometry":{"type":"MultiPolygon","coordinates":[[[[9.9841,53.58377],[9.98385,53.58363],[9.9819,53.58445],[9.98162,53.58472],[9.98157,53.58486],[9.98196,53.5849],[9.98206,53.58474],[9.98222,53.58462],[9.98303,53.58424],[9.9841,53.58377]]]]}},{"type":"Feature","properties":{"zone":"-","district":"Eppendorf","rawHours":"täglich 9-20 Uhr","rawFee":"3,50 € je Stunde","note":"Nur Kurzzeitparken, keine Bewohnerparkvorrechte — Nur Kurzzeitparken, keine Bewohnerparkvorrechte","windows":[{"weekdays":[0,1,2,3,4,5,6],"fromMinute":540,"toMinute":1200}],"fee":{"kind":"exact","centsPerHour":350},"unmodelledRules":[],"sourceDefect":null,"spaces":null,"maxStayMinutes":180,"maxStay":null,"maxStayShare":0,"maxStayValues":[],"chargingPoints":0,"carsharing":0},"geometry":{"type":"MultiPolygon","coordinates":[[[[9.98701,53.58938],[9.98656,53.58869],[9.98583,53.58813],[9.9849,53.58739],[9.98464,53.58716],[9.98461,53.58717],[9.98459,53.58716],[9.98462,53.58714],[9.98419,53.58677],[9.9834,53.58613],[9.98262,53.58553],[9.98209,53.58521],[9.9821,53.58561],[9.98312,53.5864],[9.98331,53.5865],[9.98371,53.58684],[9.98506,53.58794],[9.98519,53.58794],[9.9862,53.58883],[9.98652,53.5892],[9.98656,53.5892],[9.98668,53.58939],[9.98704,53.59018],[9.98737,53.59013],[9.98701,53.58938]]]]}},{"type":"Feature","properties":{"zone":"N107","district":"Eppendorf","rawHours":"täglich 9-20 Uhr","rawFee":"3,50 € je Stunde","note":"Tagesticket, Bewohner mit Ausweis frei — Parkschein/Tagesticket, Bewohner mit Ausweis frei","windows":[{"weekdays":[0,1,2,3,4,5,6],"fromMinute":540,"toMinute":1200}],"fee":{"kind":"exact","centsPerHour":350},"unmodelledRules":[],"sourceDefect":null,"spaces":null,"maxStayMinutes":660,"maxStay":null,"maxStayShare":0,"maxStayValues":[],"chargingPoints":0,"carsharing":0},"geometry":{"type":"MultiPolygon","coordinates":[[[[9.98129,53.59114],[9.98152,53.59123],[9.98258,53.5904],[9.98232,53.59029],[9.98129,53.59114]]]]}},{"type":"Feature","properties":{"zone":"E313","district":"Eimsbüttel","rawHours":"täglich 9-22 Uhr","rawFee":"3,50 € je Stunde","note":"Tagesticket, Bewohner mit Ausweis frei — Parkschein/Tagesticket, Bewohner mit Ausweis frei","windows":[{"weekdays":[0,1,2,3,4,5,6],"fromMinute":540,"toMinute":1320}],"fee":{"kind":"exact","centsPerHour":350},"unmodelledRules":[],"sourceDefect":null,"spaces":null,"maxStayMinutes":780,"maxStay":null,"maxStayShare":0,"maxStayValues":[],"chargingPoints":0,"carsharing":0},"geometry":{"type":"MultiPolygon","coordinates":[[[[9.94728,53.5805],[9.94603,53.57956],[9.94578,53.5796],[9.94694,53.5805],[9.94726,53.58099],[9.94728,53.5805]]]]}},{"type":"Feature","properties":{"zone":"N111","district":"Uhlenhorst","rawHours":"werktags 9-20 Uhr","rawFee":"3,50 € je Stunde","note":"N 111 Uhlenhorster Weg — Parkschein, Bewohner mit Ausweis frei","windows":[{"weekdays":[1,2,3,4,5,6],"fromMinute":540,"toMinute":1200}],"fee":{"kind":"exact","centsPerHour":350},"unmodelledRules":[],"sourceDefect":null,"spaces":null,"maxStayMinutes":180,"maxStay":null,"maxStayShare":0,"maxStayValues":[],"chargingPoints":0,"carsharing":0},"geometry":{"type":"MultiPolygon","coordinates":[[[[10.02454,53.57227],[10.02604,53.57087],[10.02826,53.56913],[10.02827,53.56903],[10.02901,53.56852],[10.03137,53.56671],[10.02934,53.56706],[10.02638,53.5668],[10.02506,53.5659],[10.01989,53.56572],[10.0166,53.56571],[10.01623,53.56706],[10.01585,53.56775],[10.01498,53.56823],[10.01639,53.56838],[10.01642,53.56843],[10.01667,53.56846],[10.01672,53.56833],[10.01703,53.56836],[10.01764,53.56838],[10.01804,53.56844],[10.01799,53.56856],[10.01801,53.56859],[10.01937,53.5662],[10.01928,53.5661],[10.01965,53.56623],[10.01868,53.56793],[10.01819,53.56887],[10.01693,53.57067],[10.0163,53.57172],[10.01988,53.57224],[10.02015,53.57191],[10.02054,53.57191],[10.02098,53.57197],[10.02135,53.57215],[10.02179,53.57251],[10.02375,53.57283],[10.0238,53.57282],[10.02454,53.57227]],[[10.01695,53.57072],[10.01703,53.5706],[10.01713,53.57062],[10.02337,53.57091],[10.02359,53.57089],[10.0258,53.57098],[10.02572,53.57111],[10.01695,53.57072]]]]}},{"type":"Feature","properties":{"zone":"N110","district":"Uhlenhorst","rawHours":"werktags 9-20 Uhr","rawFee":"3,50 € je Stunde","note":"N 110 Feenteich — Parkschein, Bewohner mit Ausweis frei","windows":[{"weekdays":[1,2,3,4,5,6],"fromMinute":540,"toMinute":1200}],"fee":{"kind":"exact","centsPerHour":350},"unmodelledRules":[],"sourceDefect":null,"spaces":null,"maxStayMinutes":180,"maxStay":null,"maxStayShare":0,"maxStayValues":[],"chargingPoints":0,"carsharing":0},"geometry":{"type":"MultiPolygon","coordinates":[[[[10.01442,53.57575],[10.01493,53.5733],[10.01488,53.57307],[10.01489,53.57301],[10.01504,53.57302],[10.01507,53.5729],[10.0146,53.57285],[10.01468,53.57269],[10.01481,53.5726],[10.01467,53.57246],[10.01488,53.57219],[10.01536,53.57183],[10.01568,53.57177],[10.01587,53.57178],[10.01623,53.57128],[10.0167,53.57055],[10.01783,53.5689],[10.01801,53.56859],[10.01799,53.56856],[10.01804,53.56844],[10.01764,53.56838],[10.01703,53.56836],[10.01672,53.56833],[10.01667,53.56846],[10.01642,53.56843],[10.01639,53.56838],[10.01498,53.56823],[10.01463,53.56842],[10.01225,53.56926],[10.0099,53.56977],[10.00726,53.57427],[10.00647,53.57492],[10.00645,53.57541],[10.01221,53.57749],[10.0133,53.57902],[10.01378,53.57796],[10.01395,53.57753],[10.01442,53.57575]],[[10.00769,53.574],[10.00887,53.57188],[10.00903,53.57192],[10.00795,53.57392],[10.01031,53.57414],[10.01029,53.57421],[10.01009,53.5742],[10.01007,53.57425],[10.00793,53.57406],[10.00758,53.57463],[10.0077,53.57497],[10.0081,53.57521],[10.00842,53.57532],[10.01119,53.57555],[10.01115,53.5757],[10.00855,53.57548],[10.00811,53.57541],[10.00771,53.5752],[10.00739,53.57492],[10.00735,53.57465],[10.00769,53.574]]]]}},{"type":"Feature","properties":{"zone":"N109","district":"Uhlenhorst","rawHours":"werktags 9-20 Uhr","rawFee":"3,50 € je Stunde","note":"N 109 Hofweg — Parkschein, Bewohner mit Ausweis frei","windows":[{"weekdays":[1,2,3,4,5,6],"fromMinute":540,"toMinute":1200}],"fee":{"kind":"exact","centsPerHour":350},"unmodelledRules":[],"sourceDefect":null,"spaces":null,"maxStayMinutes":180,"maxStay":null,"maxStayShare":0,"maxStayValues":[],"chargingPoints":0,"carsharing":0},"geometry":{"type":"MultiPolygon","coordinates":[[[[10.01884,53.58048],[10.01887,53.57754],[10.01906,53.57705],[10.01972,53.57642],[10.02009,53.57601],[10.02204,53.57432],[10.02292,53.57362],[10.02359,53.57305],[10.02375,53.57283],[10.02179,53.57251],[10.02135,53.57215],[10.02098,53.57197],[10.02054,53.57191],[10.02015,53.57191],[10.01988,53.57224],[10.0163,53.57172],[10.01587,53.57178],[10.01568,53.57177],[10.01536,53.57183],[10.01488,53.57219],[10.01467,53.57246],[10.01481,53.5726],[10.01468,53.57269],[10.0146,53.57285],[10.01507,53.5729],[10.01504,53.57302],[10.01489,53.57301],[10.01488,53.57307],[10.01493,53.5733],[10.01442,53.57575],[10.01395,53.57753],[10.01378,53.57796],[10.01331,53.57902],[10.0139,53.58017],[10.01424,53.58061],[10.01484,53.581],[10.01539,53.58127],[10.01591,53.58141],[10.01932,53.58198],[10.01939,53.58195],[10.01959,53.58137],[10.01955,53.58126],[10.01906,53.58069],[10.01884,53.58048]],[[10.01399,53.57874],[10.01424,53.57838],[10.01436,53.57845],[10.01408,53.57877],[10.01399,53.57874]],[[10.0179,53.57474],[10.01861,53.57302],[10.01879,53.57305],[10.01845,53.57391],[10.01809,53.57477],[10.0179,53.57474]]]]}},{"type":"Feature","properties":{"zone":"M111","district":"Borgfelde","rawHours":"werktags 9-20 Uhr","rawFee":"3,50 € je Stunde","note":"M111 Borgfelde — Parkschein, Bewohner mit Ausweis frei","windows":[{"weekdays":[1,2,3,4,5,6],"fromMinute":540,"toMinute":1200}],"fee":{"kind":"exact","centsPerHour":350},"unmodelledRules":[],"sourceDefect":null,"spaces":null,"maxStayMinutes":180,"maxStay":null,"maxStayShare":0,"maxStayValues":[],"chargingPoints":0,"carsharing":0},"geometry":{"type":"MultiPolygon","coordinates":[[[[10.04008,53.55669],[10.04068,53.55552],[10.04136,53.55525],[10.04169,53.55522],[10.04166,53.55518],[10.0414,53.55518],[10.0414,53.55446],[10.04099,53.55445],[10.041,53.55405],[10.04128,53.55405],[10.04129,53.55391],[10.04106,53.55391],[10.0411,53.55271],[10.04084,53.55237],[10.04061,53.55236],[10.04061,53.55232],[10.03701,53.55215],[10.03746,53.55139],[10.03639,53.55113],[10.03578,53.55178],[10.03498,53.55221],[10.03469,53.55219],[10.03476,53.5521],[10.03183,53.552],[10.03177,53.5521],[10.03149,53.55209],[10.03157,53.55197],[10.0291,53.55188],[10.02673,53.55121],[10.02571,53.55239],[10.02625,53.55486],[10.02758,53.55699],[10.03105,53.55841],[10.03754,53.56099],[10.03856,53.56001],[10.03897,53.55937],[10.04008,53.55669]],[[10.03427,53.55258],[10.0347,53.55255],[10.03342,53.55419],[10.03315,53.55411],[10.03427,53.55258]],[[10.03304,53.55426],[10.03122,53.55314],[10.0291,53.55255],[10.02914,53.55246],[10.02951,53.55252],[10.03137,53.55301],[10.03213,53.55348],[10.03316,53.55408],[10.03304,53.55426]],[[10.02651,53.55391],[10.02672,53.55386],[10.02696,53.55447],[10.02734,53.55464],[10.02802,53.55478],[10.02968,53.55504],[10.03165,53.55537],[10.03233,53.5555],[10.03213,53.55562],[10.02818,53.55495],[10.02746,53.55585],[10.02724,53.55576],[10.02793,53.55491],[10.02736,53.55481],[10.02684,53.55462],[10.02661,53.55436],[10.02651,53.55391]],[[10.03635,53.55257],[10.0347,53.55254],[10.03287,53.55244],[10.02917,53.55228],[10.02847,53.55223],[10.02764,53.55203],[10.02776,53.55185],[10.02692,53.5516],[10.02695,53.55151],[10.02899,53.55206],[10.04056,53.55243],[10.04041,53.55274],[10.03635,53.55257]]]]}},{"type":"Feature","properties":{"zone":"N113","district":"Hohenfelde","rawHours":"werktags 9-20 Uhr","rawFee":"3,50 € je Stunde","note":"N 113 Lübecker Str. — Parkschein, Bewohner mit Ausweis frei","windows":[{"weekdays":[1,2,3,4,5,6],"fromMinute":540,"toMinute":1200}],"fee":{"kind":"exact","centsPerHour":350},"unmodelledRules":[],"sourceDefect":null,"spaces":null,"maxStayMinutes":180,"maxStay":null,"maxStayShare":0,"maxStayValues":[],"chargingPoints":0,"carsharing":0},"geometry":{"type":"MultiPolygon","coordinates":[[[[10.03181,53.56622],[10.0343,53.56423],[10.03364,53.56368],[10.03356,53.56352],[10.03326,53.56328],[10.03302,53.56304],[10.0318,53.56178],[10.03106,53.56134],[10.03031,53.56098],[10.02619,53.55912],[10.02639,53.55882],[10.02829,53.55974],[10.02903,53.56005],[10.02969,53.56036],[10.02984,53.56041],[10.03132,53.56113],[10.03137,53.56111],[10.03139,53.56112],[10.03136,53.56115],[10.03179,53.56138],[10.03224,53.56171],[10.03234,53.56177],[10.03295,53.56244],[10.03447,53.564],[10.03565,53.56283],[10.03727,53.56102],[10.03611,53.56054],[10.03311,53.55942],[10.03044,53.55838],[10.02759,53.55721],[10.0267,53.55673],[10.02618,53.55884],[10.02587,53.55999],[10.02593,53.56021],[10.02565,53.5614],[10.02556,53.56199],[10.02542,53.56256],[10.02545,53.56274],[10.02543,53.56283],[10.02536,53.56286],[10.02522,53.5631],[10.02504,53.56308],[10.02494,53.5633],[10.02515,53.56335],[10.02504,53.56371],[10.02497,53.56371],[10.02491,53.56392],[10.02482,53.56401],[10.02459,53.5645],[10.02464,53.56453],[10.02461,53.56463],[10.02469,53.56463],[10.02468,53.56465],[10.02476,53.56492],[10.02467,53.56502],[10.02458,53.56503],[10.02464,53.56513],[10.02489,53.56535],[10.02488,53.56582],[10.02533,53.56569],[10.02668,53.56571],[10.02895,53.56587],[10.03029,53.56601],[10.03166,53.56637],[10.03181,53.56622]],[[10.02637,53.56394],[10.02737,53.56064],[10.02761,53.56072],[10.02731,53.56142],[10.02698,53.56275],[10.02653,53.56395],[10.02637,53.56394]],[[10.02745,53.55901],[10.02751,53.55879],[10.02918,53.559],[10.03106,53.5594],[10.03126,53.55951],[10.03271,53.56006],[10.03649,53.56147],[10.03633,53.5616],[10.03541,53.56128],[10.03299,53.56032],[10.03125,53.55968],[10.03074,53.55955],[10.02996,53.55938],[10.02995,53.55935],[10.02985,53.55933],[10.02982,53.55935],[10.02864,53.55913],[10.02745,53.55901]]]]}},{"type":"Feature","properties":{"zone":"N112","district":"Hohenfelde","rawHours":"werktags 9-20 Uhr","rawFee":"3,50 € je Stunde","note":"N 112 Schwanenwik — Parkschein, Bewohner mit Ausweis frei","windows":[{"weekdays":[1,2,3,4,5,6],"fromMinute":540,"toMinute":1200}],"fee":{"kind":"exact","centsPerHour":350},"unmodelledRules":[],"sourceDefect":null,"spaces":null,"maxStayMinutes":180,"maxStay":null,"maxStayShare":0,"maxStayValues":[],"chargingPoints":0,"carsharing":0},"geometry":{"type":"MultiPolygon","coordinates":[[[[10.02488,53.56582],[10.02489,53.56535],[10.02464,53.56513],[10.02458,53.56503],[10.02467,53.56502],[10.02476,53.56492],[10.02468,53.56465],[10.02469,53.56463],[10.02461,53.56463],[10.02464,53.56453],[10.02459,53.5645],[10.02482,53.56401],[10.02491,53.56392],[10.02497,53.56371],[10.02504,53.56371],[10.02515,53.56335],[10.02494,53.5633],[10.02504,53.56308],[10.02522,53.5631],[10.02536,53.56286],[10.02543,53.56283],[10.02545,53.56274],[10.02542,53.56256],[10.02556,53.56199],[10.02565,53.5614],[10.02593,53.56021],[10.02587,53.55999],[10.02618,53.55884],[10.02332,53.55809],[10.02213,53.55876],[10.01817,53.56089],[10.01813,53.56112],[10.01734,53.56159],[10.01696,53.5619],[10.01493,53.56293],[10.01688,53.56401],[10.01682,53.56534],[10.01668,53.56551],[10.02152,53.56552],[10.02384,53.5656],[10.02488,53.56582]],[[10.01741,53.56364],[10.01781,53.56288],[10.018,53.56299],[10.01759,53.56381],[10.01747,53.56383],[10.01736,53.56374],[10.01741,53.56364]],[[10.02057,53.56541],[10.02055,53.56524],[10.02347,53.56534],[10.02419,53.56539],[10.02421,53.56552],[10.02057,53.56541]]]]}},{"type":"Feature","properties":{"zone":"N111","district":"Uhlenhorst","rawHours":"werktags 9-20 Uhr","rawFee":"3,50 € je Stunde","note":"Tagesticket, Bewohner mit Ausweis frei — Parkschein/Tagesticket, Bewohner mit Ausweis frei","windows":[{"weekdays":[1,2,3,4,5,6],"fromMinute":540,"toMinute":1200}],"fee":{"kind":"exact","centsPerHour":350},"unmodelledRules":[],"sourceDefect":null,"spaces":null,"maxStayMinutes":660,"maxStay":null,"maxStayShare":0,"maxStayValues":[],"chargingPoints":0,"carsharing":0},"geometry":{"type":"MultiPolygon","coordinates":[[[[10.02499,53.57095],[10.02359,53.57089],[10.02337,53.57091],[10.01713,53.57062],[10.01703,53.5706],[10.01695,53.57072],[10.02572,53.57111],[10.0258,53.57098],[10.02499,53.57095]]]]}},{"type":"Feature","properties":{"zone":"N110","district":"Uhlenhorst","rawHours":"werktags 9-20 Uhr","rawFee":"3,50 € je Stunde","note":"Tagesticket, Bewohner mit Ausweis frei — Parkschein/Tagesticket, Bewohner mit Ausweis frei","windows":[{"weekdays":[1,2,3,4,5,6],"fromMinute":540,"toMinute":1200}],"fee":{"kind":"exact","centsPerHour":350},"unmodelledRules":[],"sourceDefect":null,"spaces":null,"maxStayMinutes":660,"maxStay":null,"maxStayShare":0,"maxStayValues":[],"chargingPoints":0,"carsharing":0},"geometry":{"type":"MultiPolygon","coordinates":[[[[10.00758,53.57463],[10.00793,53.57406],[10.01007,53.57425],[10.01009,53.5742],[10.01029,53.57421],[10.01031,53.57414],[10.00795,53.57392],[10.00903,53.57192],[10.00887,53.57188],[10.00769,53.574],[10.00735,53.57465],[10.00739,53.57492],[10.00771,53.5752],[10.00811,53.57541],[10.00855,53.57548],[10.01115,53.5757],[10.01119,53.57555],[10.00842,53.57532],[10.0081,53.57521],[10.0077,53.57497],[10.00758,53.57463]]]]}},{"type":"Feature","properties":{"zone":"N113","district":"Hohenfelde","rawHours":"werktags 9-20 Uhr","rawFee":"3,50 € je Stunde","note":"Tagesticket, Bewohner mit Ausweis frei — Parkschein/Tagesticket, Bewohner mit Ausweis frei","windows":[{"weekdays":[1,2,3,4,5,6],"fromMinute":540,"toMinute":1200}],"fee":{"kind":"exact","centsPerHour":350},"unmodelledRules":[],"sourceDefect":null,"spaces":null,"maxStayMinutes":660,"maxStay":null,"maxStayShare":0,"maxStayValues":[],"chargingPoints":0,"carsharing":0},"geometry":{"type":"MultiPolygon","coordinates":[[[[10.02637,53.56394],[10.02653,53.56395],[10.02698,53.56275],[10.02731,53.56142],[10.02761,53.56072],[10.02737,53.56064],[10.02637,53.56394]]]]}},{"type":"Feature","properties":{"zone":"N113","district":"Hohenfelde","rawHours":"werktags 9-20 Uhr","rawFee":"3,50 € je Stunde","note":"Wochenticket, Bewohner mit Ausweis frei — Parkschein/Wochenticket, Bewohner mit Ausweis frei","windows":[{"weekdays":[1,2,3,4,5,6],"fromMinute":540,"toMinute":1200}],"fee":{"kind":"exact","centsPerHour":350},"unmodelledRules":[],"sourceDefect":null,"spaces":null,"maxStayMinutes":null,"maxStay":null,"maxStayShare":0,"maxStayValues":[],"chargingPoints":0,"carsharing":0},"geometry":{"type":"MultiPolygon","coordinates":[[[[10.03106,53.5594],[10.02918,53.559],[10.02751,53.55879],[10.02745,53.55901],[10.02864,53.55913],[10.02982,53.55935],[10.02985,53.55933],[10.02995,53.55935],[10.02996,53.55938],[10.03074,53.55955],[10.03125,53.55968],[10.03299,53.56032],[10.03541,53.56128],[10.03633,53.5616],[10.03649,53.56147],[10.03271,53.56006],[10.03126,53.55951],[10.03106,53.5594]]]]}},{"type":"Feature","properties":{"zone":"M111","district":"Borgfelde","rawHours":"werktags 9-20 Uhr","rawFee":"3,50 € je Stunde","note":"Tagesticket, Bewohner mit Ausweis frei — Parkschein/Tagesticket, Bewohner mit Ausweis frei","windows":[{"weekdays":[1,2,3,4,5,6],"fromMinute":540,"toMinute":1200}],"fee":{"kind":"exact","centsPerHour":350},"unmodelledRules":[],"sourceDefect":null,"spaces":null,"maxStayMinutes":660,"maxStay":null,"maxStayShare":0,"maxStayValues":[],"chargingPoints":0,"carsharing":0},"geometry":{"type":"MultiPolygon","coordinates":[[[[10.03213,53.55562],[10.03233,53.5555],[10.03165,53.55537],[10.02968,53.55504],[10.02802,53.55478],[10.02734,53.55464],[10.02696,53.55447],[10.02672,53.55386],[10.02651,53.55391],[10.02661,53.55436],[10.02684,53.55462],[10.02736,53.55481],[10.02793,53.55491],[10.02724,53.55576],[10.02746,53.55585],[10.02818,53.55495],[10.03213,53.55562]]]]}},{"type":"Feature","properties":{"zone":"M111","district":"Borgfelde","rawHours":"werktags 9-20 Uhr","rawFee":"3,50 € je Stunde","note":"Tagesticket, Bewohner mit Ausweis frei — Parkschein/Tagesticket, Bewohner mit Ausweis frei","windows":[{"weekdays":[1,2,3,4,5,6],"fromMinute":540,"toMinute":1200}],"fee":{"kind":"exact","centsPerHour":350},"unmodelledRules":[],"sourceDefect":null,"spaces":null,"maxStayMinutes":660,"maxStay":null,"maxStayShare":0,"maxStayValues":[],"chargingPoints":0,"carsharing":0},"geometry":{"type":"MultiPolygon","coordinates":[[[[10.0291,53.55255],[10.03122,53.55314],[10.03304,53.55426],[10.03316,53.55408],[10.03213,53.55348],[10.03137,53.55301],[10.02951,53.55252],[10.02914,53.55246],[10.0291,53.55255]]]]}},{"type":"Feature","properties":{"zone":"M111","district":"Borgfelde","rawHours":"werktags 9-20 Uhr","rawFee":"3,50 € je Stunde","note":"Tagesticket, Bewohner mit Ausweis frei — Parkschein/Tagesticket, Bewohner mit Ausweis frei","windows":[{"weekdays":[1,2,3,4,5,6],"fromMinute":540,"toMinute":1200}],"fee":{"kind":"exact","centsPerHour":350},"unmodelledRules":[],"sourceDefect":null,"spaces":null,"maxStayMinutes":660,"maxStay":null,"maxStayShare":0,"maxStayValues":[],"chargingPoints":0,"carsharing":0},"geometry":{"type":"MultiPolygon","coordinates":[[[[10.02692,53.5516],[10.02776,53.55185],[10.02764,53.55203],[10.02847,53.55223],[10.02917,53.55228],[10.03287,53.55244],[10.0347,53.55254],[10.03635,53.55257],[10.04041,53.55274],[10.04056,53.55243],[10.02899,53.55206],[10.02695,53.55151],[10.02692,53.5516]]]]}},{"type":"Feature","properties":{"zone":"M111","district":"Borgfelde","rawHours":"werktags 9-20 Uhr","rawFee":"3,50 € je Stunde","note":"Tagesticket, Bewohner mit Ausweis frei — Parkschein/Tagesticket, Bewohner mit Ausweis frei","windows":[{"weekdays":[1,2,3,4,5,6],"fromMinute":540,"toMinute":1200}],"fee":{"kind":"exact","centsPerHour":350},"unmodelledRules":[],"sourceDefect":null,"spaces":null,"maxStayMinutes":660,"maxStay":null,"maxStayShare":0,"maxStayValues":[],"chargingPoints":0,"carsharing":0},"geometry":{"type":"MultiPolygon","coordinates":[[[[10.03315,53.55411],[10.03342,53.55419],[10.0347,53.55255],[10.03427,53.55258],[10.03315,53.55411]]]]}},{"type":"Feature","properties":{"zone":"-","district":"Hohenfelde","rawHours":"werktags 9-20 Uhr","rawFee":"3,50 € je Stunde","note":"Nur Kurzzeitparken, keine Bewohnerparkvorrechte — Nur Kurzzeitparken, keine Bewohnerparkvorrechte","windows":[{"weekdays":[1,2,3,4,5,6],"fromMinute":540,"toMinute":1200}],"fee":{"kind":"exact","centsPerHour":350},"unmodelledRules":[],"sourceDefect":null,"spaces":null,"maxStayMinutes":180,"maxStay":null,"maxStayShare":0,"maxStayValues":[],"chargingPoints":0,"carsharing":0},"geometry":{"type":"MultiPolygon","coordinates":[[[[10.03447,53.564],[10.03295,53.56244],[10.03234,53.56177],[10.03224,53.56171],[10.03179,53.56138],[10.03136,53.56115],[10.03139,53.56112],[10.03137,53.56111],[10.03132,53.56113],[10.02984,53.56041],[10.02969,53.56036],[10.02903,53.56005],[10.02829,53.55974],[10.02639,53.55882],[10.02619,53.55912],[10.02982,53.56075],[10.03106,53.56134],[10.03135,53.5615],[10.0318,53.56178],[10.03302,53.56304],[10.03326,53.56328],[10.03356,53.56352],[10.03364,53.56368],[10.0343,53.56423],[10.03448,53.56402],[10.03447,53.564]]]]}},{"type":"Feature","properties":{"zone":"-","district":"Uhlenhorst","rawHours":"werktags 9-20 Uhr","rawFee":"3,50 € je Stunde","note":"Nur Kurzzeitparken, keine Bewohnerparkvorrechte — Nur Kurzzeitparken, keine Bewohnerparkvorrechte","windows":[{"weekdays":[1,2,3,4,5,6],"fromMinute":540,"toMinute":1200}],"fee":{"kind":"exact","centsPerHour":350},"unmodelledRules":[],"sourceDefect":null,"spaces":null,"maxStayMinutes":180,"maxStay":null,"maxStayShare":0,"maxStayValues":[],"chargingPoints":0,"carsharing":0},"geometry":{"type":"MultiPolygon","coordinates":[[[[10.01965,53.56623],[10.01928,53.5661],[10.01937,53.5662],[10.01801,53.56859],[10.01783,53.5689],[10.0167,53.57055],[10.01623,53.57128],[10.01587,53.57177],[10.0163,53.57172],[10.01693,53.57067],[10.01819,53.56887],[10.01868,53.56793],[10.01965,53.56623]]]]}},{"type":"Feature","properties":{"zone":"-","district":"Uhlenhorst","rawHours":"werktags 9-20 Uhr","rawFee":"3,50 € je Stunde","note":"Nur Kurzzeitparken, keine Bewohnerparkvorrechte — Nur Kurzzeitparken, keine Bewohnerparkvorrechte","windows":[{"weekdays":[1,2,3,4,5,6],"fromMinute":540,"toMinute":1200}],"fee":{"kind":"exact","centsPerHour":350},"unmodelledRules":[],"sourceDefect":null,"spaces":null,"maxStayMinutes":180,"maxStay":null,"maxStayShare":0,"maxStayValues":[],"chargingPoints":0,"carsharing":0},"geometry":{"type":"MultiPolygon","coordinates":[[[[10.01399,53.57874],[10.01408,53.57877],[10.01436,53.57845],[10.01424,53.57838],[10.01399,53.57874]]]]}},{"type":"Feature","properties":{"zone":"N109","district":"Uhlenhorst","rawHours":"werktags 9-20 Uhr","rawFee":"3,50 € je Stunde","note":"Tagesticket, Bewohner mit Ausweis frei — Parkschein/Tagesticket, Bewohner mit Ausweis frei","windows":[{"weekdays":[1,2,3,4,5,6],"fromMinute":540,"toMinute":1200}],"fee":{"kind":"exact","centsPerHour":350},"unmodelledRules":[],"sourceDefect":null,"spaces":null,"maxStayMinutes":660,"maxStay":null,"maxStayShare":0,"maxStayValues":[],"chargingPoints":0,"carsharing":0},"geometry":{"type":"MultiPolygon","coordinates":[[[[10.01861,53.57302],[10.0179,53.57474],[10.01809,53.57477],[10.01845,53.57391],[10.01879,53.57305],[10.01861,53.57302]]]]}},{"type":"Feature","properties":{"zone":"N107","district":"Eppendorf","rawHours":"werktags 9-18 Uhr","rawFee":"3,50 € je Stunde","note":"Tagesticket, Bewohner mit Ausweis frei — Parkschein/Tagesticket, Bewohner mit Ausweis frei","windows":[{"weekdays":[1,2,3,4,5,6],"fromMinute":540,"toMinute":1080}],"fee":{"kind":"exact","centsPerHour":350},"unmodelledRules":[],"sourceDefect":null,"spaces":null,"maxStayMinutes":540,"maxStay":null,"maxStayShare":0,"maxStayValues":[],"chargingPoints":0,"carsharing":0},"geometry":{"type":"MultiPolygon","coordinates":[[[[9.99475,53.58577],[9.99418,53.58465],[9.99398,53.58471],[9.99398,53.58474],[9.99344,53.58555],[9.98877,53.58539],[9.9888,53.58553],[9.98897,53.58559],[9.99321,53.58574],[9.99325,53.58576],[9.99259,53.58676],[9.99287,53.58683],[9.99357,53.58578],[9.99363,53.58575],[9.99435,53.58578],[9.99441,53.58581],[9.99496,53.5869],[9.9953,53.58685],[9.99475,53.58577]],[[9.99378,53.58555],[9.99374,53.58553],[9.99399,53.58514],[9.99403,53.58513],[9.99407,53.58515],[9.99427,53.58555],[9.99423,53.58557],[9.99378,53.58555]]]]}},{"type":"Feature","properties":{"zone":"N108","district":"Eppendorf","rawHours":"täglich 9-20 Uhr","rawFee":"3,50 € je Stunde","note":"Tagesticket, Bewohner mit Ausweis frei — Parkschein/Tagesticket, Bewohner mit Ausweis frei","windows":[{"weekdays":[0,1,2,3,4,5,6],"fromMinute":540,"toMinute":1200}],"fee":{"kind":"exact","centsPerHour":350},"unmodelledRules":[],"sourceDefect":null,"spaces":null,"maxStayMinutes":660,"maxStay":null,"maxStayShare":0,"maxStayValues":[],"chargingPoints":0,"carsharing":0},"geometry":{"type":"MultiPolygon","coordinates":[[[[9.98463,53.6007],[9.98454,53.60072],[9.98449,53.60078],[9.9845,53.60082],[9.98461,53.6009],[9.98474,53.60091],[9.98478,53.60095],[9.98512,53.60082],[9.98507,53.60078],[9.98516,53.60071],[9.98543,53.60002],[9.98567,53.59948],[9.98546,53.59944],[9.98516,53.60013],[9.98494,53.60069],[9.98463,53.6007]]]]}},{"type":"Feature","properties":{"zone":"N108","district":"Eppendorf","rawHours":"täglich 9-20 Uhr","rawFee":"3,50 € je Stunde","note":"Tagesticket, Bewohner mit Ausweis frei — Parkschein/Tagesticket, Bewohner mit Ausweis frei","windows":[{"weekdays":[0,1,2,3,4,5,6],"fromMinute":540,"toMinute":1200}],"fee":{"kind":"exact","centsPerHour":350},"unmodelledRules":[],"sourceDefect":null,"spaces":null,"maxStayMinutes":660,"maxStay":null,"maxStayShare":0,"maxStayValues":[],"chargingPoints":0,"carsharing":0},"geometry":{"type":"MultiPolygon","coordinates":[[[[9.98122,53.60146],[9.98358,53.6013],[9.98351,53.60117],[9.98127,53.60136],[9.98123,53.60127],[9.97996,53.60136],[9.97998,53.60148],[9.98122,53.60146]]]]}},{"type":"Feature","properties":{"zone":"N112","district":"Hohenfelde","rawHours":"werktags 9-20 Uhr","rawFee":"3,50 € je Stunde","note":"Tagesticket, Bewohner mit Ausweis frei — Parkschein/Tagesticket, Bewohner mit Ausweis frei","windows":[{"weekdays":[1,2,3,4,5,6],"fromMinute":540,"toMinute":1200}],"fee":{"kind":"exact","centsPerHour":350},"unmodelledRules":[],"sourceDefect":null,"spaces":null,"maxStayMinutes":660,"maxStay":null,"maxStayShare":0,"maxStayValues":[],"chargingPoints":0,"carsharing":0},"geometry":{"type":"MultiPolygon","coordinates":[[[[10.01736,53.56374],[10.01747,53.56383],[10.01759,53.56381],[10.018,53.56299],[10.01781,53.56288],[10.01736,53.56374]]]]}},{"type":"Feature","properties":{"zone":"MA203","district":"St. Pauli","rawHours":"täglich 9-2 Uhr","rawFee":"3,50 € je Stunde","note":"Wochenticket, Bewohner mit Ausweis frei — Parkschein/Wochenticket, Bewohner mit Ausweis frei","windows":[{"weekdays":[0,1,2,3,4,5,6],"fromMinute":540,"toMinute":1440},{"weekdays":[1,2,3,4,5,6,0],"fromMinute":0,"toMinute":120}],"fee":{"kind":"exact","centsPerHour":350},"unmodelledRules":[],"sourceDefect":null,"spaces":null,"maxStayMinutes":null,"maxStay":null,"maxStayShare":0,"maxStayValues":[],"chargingPoints":0,"carsharing":0},"geometry":{"type":"MultiPolygon","coordinates":[[[[9.96813,53.54723],[9.96817,53.54704],[9.96632,53.54698],[9.96612,53.547],[9.96606,53.54707],[9.96557,53.54704],[9.96537,53.54705],[9.96372,53.54694],[9.96353,53.54694],[9.96351,53.54699],[9.964,53.54705],[9.96401,53.54714],[9.96545,53.54724],[9.96613,53.54723],[9.96651,53.54727],[9.97064,53.5475],[9.97136,53.54754],[9.97139,53.54738],[9.96955,53.54729],[9.96896,53.54724],[9.96813,53.54723]]]]}},{"type":"Feature","properties":{"zone":"M101","district":"Neustadt","rawHours":"täglich 9-24 Uhr","rawFee":"3,50 € je Stunde","note":"Wochenticket, Bewohner mit Ausweis frei — Parkschein/Wochenticket, Bewohner mit Ausweis frei","windows":[{"weekdays":[0,1,2,3,4,5,6],"fromMinute":540,"toMinute":1440}],"fee":{"kind":"exact","centsPerHour":350},"unmodelledRules":[],"sourceDefect":null,"spaces":null,"maxStayMinutes":null,"maxStay":null,"maxStayShare":0,"maxStayValues":[],"chargingPoints":0,"carsharing":0},"geometry":{"type":"MultiPolygon","coordinates":[[[[9.97139,53.54738],[9.97136,53.54754],[9.97253,53.54761],[9.97265,53.54746],[9.97139,53.54738]]]]}},{"type":"Feature","properties":{"zone":"A109","district":"Othmarschen","rawHours":"werktags 9-20 Uhr","rawFee":"3,50 € je Stunde","note":"Tagesticket, Bewohner mit Ausweis frei — Parkschein/Tagesticket, Bewohner mit Ausweis frei","windows":[{"weekdays":[1,2,3,4,5,6],"fromMinute":540,"toMinute":1200}],"fee":{"kind":"exact","centsPerHour":350},"unmodelledRules":[],"sourceDefect":null,"spaces":null,"maxStayMinutes":660,"maxStay":null,"maxStayShare":0,"maxStayValues":[],"chargingPoints":0,"carsharing":0},"geometry":{"type":"MultiPolygon","coordinates":[[[[9.90921,53.54938],[9.90918,53.54925],[9.90439,53.54954],[9.90441,53.54961],[9.90439,53.54965],[9.90446,53.54966],[9.90921,53.54938]]]]}},{"type":"Feature","properties":{"zone":"N112","district":"Hohenfelde","rawHours":"werktags 9-20 Uhr","rawFee":"3,50 € je Stunde","note":"Tagesticket, Bewohner mit Ausweis frei — Parkschein/Tagesticket, Bewohner mit Ausweis frei","windows":[{"weekdays":[1,2,3,4,5,6],"fromMinute":540,"toMinute":1200}],"fee":{"kind":"exact","centsPerHour":350},"unmodelledRules":[],"sourceDefect":null,"spaces":null,"maxStayMinutes":660,"maxStay":null,"maxStayShare":0,"maxStayValues":[],"chargingPoints":0,"carsharing":0},"geometry":{"type":"MultiPolygon","coordinates":[[[[10.02057,53.56541],[10.02421,53.56552],[10.02419,53.56539],[10.02347,53.56534],[10.02055,53.56524],[10.02057,53.56541]]]]}}]}