{"type":"FeatureCollection","features":[{"type":"Feature","properties":{"zone":"1","district":"Durlach","rawHours":"werktags 8 bis 20 Uhr","rawFee":"30 min = 1,50 €; 60 min = 3,00 €; 90 min = 4,50 €; 120 min = 6,00 €","note":"Bienleinstorstraße 16","windows":[{"weekdays":[1,2,3,4,5,6],"fromMinute":480,"toMinute":1200}],"fee":{"kind":"exact","centsPerHour":300},"unmodelledRules":[],"sourceDefect":null,"spaces":null,"maxStayMinutes":null,"maxStay":"2h","maxStayShare":1,"maxStayValues":["2h"],"chargingPoints":0,"carsharing":0},"geometry":{"type":"MultiPolygon","coordinates":[[[[8.46885,49.00012],[8.46895,49.00021],[8.46914,49.0004],[8.46912,49.00041],[8.46884,49.00012],[8.46885,49.00012]]]]}},{"type":"Feature","properties":{"zone":"2","district":"Innenstadt-West","rawHours":"werktags 8 bis 20 Uhr","rawFee":"15 min = 1,50 €; 30 min = 3,00 €; 45 min = 4,50 €; 60 min = 6,00 €","note":"Bismarckstraße 4","windows":[{"weekdays":[1,2,3,4,5,6],"fromMinute":480,"toMinute":1200}],"fee":{"kind":"exact","centsPerHour":600},"unmodelledRules":[],"sourceDefect":null,"spaces":null,"maxStayMinutes":null,"maxStay":"1h","maxStayShare":1,"maxStayValues":["1h"],"chargingPoints":0,"carsharing":0},"geometry":{"type":"MultiPolygon","coordinates":[[[[8.3967,49.01332],[8.3967,49.0133],[8.39692,49.01332],[8.39689,49.01334],[8.3967,49.01332]]],[[[8.39578,49.01324],[8.39577,49.01322],[8.39597,49.01324],[8.39595,49.01326],[8.39578,49.01324]]],[[[8.39651,49.01331],[8.39651,49.01329],[8.39667,49.0133],[8.39664,49.01332],[8.39651,49.01331]]],[[[8.39632,49.01329],[8.39632,49.01327],[8.39646,49.01328],[8.39645,49.0133],[8.39632,49.01329]]],[[[8.396,49.01326],[8.39599,49.01324],[8.39611,49.01325],[8.39611,49.01327],[8.396,49.01326]]],[[[8.39621,49.01328],[8.39623,49.01326],[8.39628,49.01326],[8.39626,49.01329],[8.39621,49.01328]]]]}},{"type":"Feature","properties":{"zone":"4","district":"Südweststadt","rawHours":"werktags 8 bis 20 Uhr","rawFee":"30 min = 1,50 €; 60 min = 3,00 €; 90 min = 4,50 €; 120 min = 6,00 €","note":"Karlstraße 55","windows":[{"weekdays":[1,2,3,4,5,6],"fromMinute":480,"toMinute":1200}],"fee":{"kind":"exact","centsPerHour":300},"unmodelledRules":[],"sourceDefect":null,"spaces":null,"maxStayMinutes":null,"maxStay":"2h","maxStayShare":1,"maxStayValues":["2h"],"chargingPoints":0,"carsharing":0},"geometry":{"type":"MultiPolygon","coordinates":[[[[8.39457,49.00362],[8.39456,49.00351],[8.39459,49.00352],[8.3946,49.00362],[8.39457,49.00362]]],[[[8.39461,49.00399],[8.3946,49.00394],[8.39463,49.00394],[8.39464,49.00399],[8.39461,49.00399]]],[[[8.3946,49.00393],[8.39459,49.00383],[8.39462,49.00383],[8.39463,49.00393],[8.3946,49.00393]]],[[[8.39458,49.00372],[8.39457,49.00363],[8.3946,49.00363],[8.39461,49.00372],[8.39458,49.00372]]],[[[8.39458,49.00373],[8.39461,49.00373],[8.39462,49.00382],[8.39459,49.00382],[8.39458,49.00373]]]]}},{"type":"Feature","properties":{"zone":"5","district":"Durlach","rawHours":"werktags 8 bis 20 Uhr","rawFee":"30 min = 1,50 €; 60 min = 3,00 €; 90 min = 4,50 €; 120 min = 6,00 €","note":"Karlsburgstraße 5","windows":[{"weekdays":[1,2,3,4,5,6],"fromMinute":480,"toMinute":1200}],"fee":{"kind":"exact","centsPerHour":300},"unmodelledRules":[],"sourceDefect":null,"spaces":null,"maxStayMinutes":null,"maxStay":"2h","maxStayShare":1,"maxStayValues":["2h"],"chargingPoints":0,"carsharing":0},"geometry":{"type":"MultiPolygon","coordinates":[[[[8.47472,48.99825],[8.4747,48.99836],[8.47464,48.99836],[8.47464,48.99839],[8.47469,48.9984],[8.47468,48.99846],[8.47462,48.99846],[8.47462,48.99848],[8.47467,48.99849],[8.47466,48.99853],[8.47461,48.99853],[8.4746,48.99855],[8.47466,48.99855],[8.47465,48.99861],[8.47459,48.99861],[8.47466,48.99824],[8.47472,48.99825]]],[[[8.47476,48.99809],[8.47474,48.99816],[8.47468,48.99815],[8.4747,48.99808],[8.47476,48.99809]]],[[[8.47479,48.99793],[8.47478,48.99798],[8.47472,48.99797],[8.47473,48.99793],[8.47479,48.99793]]]]}},{"type":"Feature","properties":{"zone":"6","district":"Südweststadt","rawHours":"Mo-Fr 9 bis 18 Uhr; Sa 9 bis 13 Uhr","rawFee":"30 min = 1,50 €; 60 min = 3,00 €; 90 min = 4,50 €; 120 min = 6,00 €","note":"Karlstraße 112","windows":[{"weekdays":[1,2,3,4,5],"fromMinute":540,"toMinute":1080},{"weekdays":[6],"fromMinute":540,"toMinute":780}],"fee":{"kind":"exact","centsPerHour":300},"unmodelledRules":[],"sourceDefect":null,"spaces":null,"maxStayMinutes":null,"maxStay":"2h","maxStayShare":1,"maxStayValues":["2h"],"chargingPoints":0,"carsharing":0},"geometry":{"type":"Polygon","coordinates":[[[8.39374,48.99873],[8.39372,48.99853],[8.39379,48.99854],[8.39381,48.99876],[8.39374,48.99873]]]}},{"type":"Feature","properties":{"zone":"7","district":"Innenstadt-West","rawHours":"werktags 8 bis 20 Uhr","rawFee":"15 min = 1,50 €; 30 min = 3,00 €; 45 min = 4,50 €; 60 min = 6,00 €","note":"Bismarckstraße 10","windows":[{"weekdays":[1,2,3,4,5,6],"fromMinute":480,"toMinute":1200}],"fee":{"kind":"exact","centsPerHour":600},"unmodelledRules":[],"sourceDefect":null,"spaces":null,"maxStayMinutes":null,"maxStay":"1h","maxStayShare":1,"maxStayValues":["1h"],"chargingPoints":0,"carsharing":0},"geometry":{"type":"MultiPolygon","coordinates":[[[[8.3927,49.01301],[8.39271,49.01297],[8.39282,49.01298],[8.39282,49.01302],[8.3927,49.01301]]],[[[8.39287,49.01302],[8.39288,49.01298],[8.39298,49.01299],[8.39297,49.01303],[8.39287,49.01302]]],[[[8.39302,49.01304],[8.39303,49.013],[8.39314,49.01301],[8.39312,49.01305],[8.39302,49.01304]]],[[[8.39318,49.01305],[8.39319,49.01301],[8.39327,49.01302],[8.39326,49.01306],[8.39318,49.01305]]]]}},{"type":"Feature","properties":{"zone":"8","district":"Innenstadt-West","rawHours":"werktags 8 bis 20 Uhr","rawFee":"15 min = 1,50 €; 30 min = 3,00 €; 45 min = 4,50 €; 60 min = 6,00 €","note":"Bismarckstraße/geg. 51","windows":[{"weekdays":[1,2,3,4,5,6],"fromMinute":480,"toMinute":1200}],"fee":{"kind":"exact","centsPerHour":600},"unmodelledRules":[],"sourceDefect":null,"spaces":null,"maxStayMinutes":null,"maxStay":"1h","maxStayShare":1,"maxStayValues":["1h"],"chargingPoints":0,"carsharing":0},"geometry":{"type":"MultiPolygon","coordinates":[[[[8.39169,49.01292],[8.3917,49.01288],[8.39189,49.0129],[8.39188,49.01294],[8.39169,49.01292]]],[[[8.39239,49.01298],[8.3924,49.01294],[8.3925,49.01295],[8.39249,49.01299],[8.39239,49.01298]]],[[[8.39225,49.01297],[8.39226,49.01293],[8.39235,49.01294],[8.39235,49.01298],[8.39225,49.01297]]],[[[8.39194,49.01294],[8.39194,49.0129],[8.39209,49.01291],[8.39208,49.01295],[8.39194,49.01294]]],[[[8.39212,49.01296],[8.39213,49.01292],[8.39219,49.01292],[8.39218,49.01296],[8.39212,49.01296]]]]}},{"type":"Feature","properties":{"zone":"9","district":"Innenstadt-West","rawHours":"werktags 8 bis 20 Uhr","rawFee":"15 min = 1,50 €; 30 min = 3,00 €; 45 min = 4,50 €; 60 min = 6,00 €","note":"Bismarckstraße 24 · Bismarckstraße 18","windows":[{"weekdays":[1,2,3,4,5,6],"fromMinute":480,"toMinute":1200}],"fee":{"kind":"exact","centsPerHour":600},"unmodelledRules":[],"sourceDefect":null,"spaces":null,"maxStayMinutes":null,"maxStay":"1h","maxStayShare":1,"maxStayValues":["1h"],"chargingPoints":0,"carsharing":0},"geometry":{"type":"MultiPolygon","coordinates":[[[[8.38913,49.01268],[8.38914,49.01264],[8.38929,49.01266],[8.38928,49.0127],[8.38913,49.01268]]],[[[8.38933,49.0127],[8.38934,49.01266],[8.3894,49.01267],[8.3894,49.01271],[8.38933,49.0127]]],[[[8.38859,49.01264],[8.3886,49.0126],[8.38864,49.0126],[8.38863,49.01264],[8.38859,49.01264]]],[[[8.38869,49.01265],[8.3887,49.01261],[8.3888,49.01261],[8.38879,49.01265],[8.38869,49.01265]]],[[[8.38882,49.01266],[8.38883,49.01262],[8.38893,49.01263],[8.38892,49.01267],[8.38882,49.01266]]]]}},{"type":"Feature","properties":{"zone":"10","district":"Innenstadt-West","rawHours":"werktags 8 bis 20 Uhr","rawFee":"15 min = 1,50 €; 30 min = 3,00 €; 45 min = 4,50 €; 60 min = 6,00 €","note":"Bismarckstraße 24","windows":[{"weekdays":[1,2,3,4,5,6],"fromMinute":480,"toMinute":1200}],"fee":{"kind":"exact","centsPerHour":600},"unmodelledRules":[],"sourceDefect":null,"spaces":null,"maxStayMinutes":null,"maxStay":"1h","maxStayShare":1,"maxStayValues":["1h"],"chargingPoints":0,"carsharing":0},"geometry":{"type":"MultiPolygon","coordinates":[[[[8.38788,49.01257],[8.38789,49.01253],[8.38802,49.01254],[8.38801,49.01258],[8.38788,49.01257]]],[[[8.38805,49.01259],[8.38806,49.01255],[8.38818,49.01256],[8.38817,49.0126],[8.38805,49.01259]]],[[[8.38838,49.01262],[8.38838,49.01258],[8.3885,49.01259],[8.38849,49.01263],[8.38838,49.01262]]]]}},{"type":"Feature","properties":{"zone":"11","district":"Innenstadt-West","rawHours":"werktags 8 bis 20 Uhr","rawFee":"15 min = 1,50 €; 30 min = 3,00 €; 45 min = 4,50 €; 60 min = 6,00 €","note":"Bismarckstraße/VBL","windows":[{"weekdays":[1,2,3,4,5,6],"fromMinute":480,"toMinute":1200}],"fee":{"kind":"exact","centsPerHour":600},"unmodelledRules":[],"sourceDefect":null,"spaces":null,"maxStayMinutes":null,"maxStay":"1h","maxStayShare":1,"maxStayValues":["1h"],"chargingPoints":0,"carsharing":0},"geometry":{"type":"MultiPolygon","coordinates":[[[[8.39695,49.01335],[8.39694,49.01332],[8.3973,49.01336],[8.39727,49.01338],[8.39695,49.01335]]],[[[8.39793,49.01343],[8.39792,49.01341],[8.39823,49.01344],[8.39821,49.01345],[8.39793,49.01343]]],[[[8.39763,49.01341],[8.39762,49.01338],[8.39789,49.01341],[8.39787,49.01343],[8.39763,49.01341]]],[[[8.39734,49.01338],[8.39733,49.01336],[8.39742,49.01337],[8.39743,49.01339],[8.39734,49.01338]]]]}},{"type":"Feature","properties":{"zone":"12","district":"Innenstadt-West","rawHours":"werktags 8 bis 20 Uhr","rawFee":"15 min = 1,50 €; 30 min = 3,00 €; 45 min = 4,50 €; 60 min = 6,00 €","note":"Bismarckstraße/geg. 61 · Bismarckstraße/Scheffel.","windows":[{"weekdays":[1,2,3,4,5,6],"fromMinute":480,"toMinute":1200}],"fee":{"kind":"exact","centsPerHour":600},"unmodelledRules":[],"sourceDefect":null,"spaces":null,"maxStayMinutes":null,"maxStay":"1h","maxStayShare":1,"maxStayValues":["1h"],"chargingPoints":0,"carsharing":0},"geometry":{"type":"MultiPolygon","coordinates":[[[[8.39062,49.01282],[8.39063,49.01278],[8.39086,49.0128],[8.39085,49.01284],[8.39062,49.01282]]],[[[8.39104,49.01285],[8.39105,49.01281],[8.39117,49.01282],[8.39116,49.01287],[8.39104,49.01285]]],[[[8.39121,49.01287],[8.39122,49.01283],[8.39132,49.01284],[8.39131,49.01288],[8.39121,49.01287]]],[[[8.39092,49.01284],[8.39093,49.0128],[8.39102,49.01281],[8.39101,49.01285],[8.39092,49.01284]]],[[[8.39051,49.01281],[8.39052,49.01277],[8.39058,49.01277],[8.39057,49.01281],[8.39051,49.01281]]],[[[8.39137,49.01288],[8.39138,49.01284],[8.39141,49.01285],[8.39141,49.01289],[8.39137,49.01288]]]]}},{"type":"Feature","properties":{"zone":"13","district":"Innenstadt-West","rawHours":"werktags 8 bis 20 Uhr","rawFee":"15 min = 1,50 €; 30 min = 3,00 €; 45 min = 4,50 €; 60 min = 6,00 €","note":"Bismarckstraße/Scheffel.","windows":[{"weekdays":[1,2,3,4,5,6],"fromMinute":480,"toMinute":1200}],"fee":{"kind":"exact","centsPerHour":600},"unmodelledRules":[],"sourceDefect":null,"spaces":null,"maxStayMinutes":null,"maxStay":"1h","maxStayShare":1,"maxStayValues":["1h"],"chargingPoints":0,"carsharing":0},"geometry":{"type":"MultiPolygon","coordinates":[[[[8.38976,49.01274],[8.38977,49.0127],[8.38987,49.01271],[8.38986,49.01275],[8.38976,49.01274]]],[[[8.39023,49.01278],[8.39019,49.01278],[8.3902,49.01274],[8.39024,49.01274],[8.39023,49.01278]]],[[[8.39005,49.01277],[8.39006,49.01273],[8.39016,49.01274],[8.39015,49.01278],[8.39005,49.01277]]],[[[8.38991,49.01275],[8.38992,49.01271],[8.39001,49.01272],[8.39001,49.01276],[8.38991,49.01275]]]]}},{"type":"Feature","properties":{"zone":"14","district":"Südweststadt","rawHours":"werktags 8 bis 20 Uhr","rawFee":"30 min = 1,50 €; 60 min = 3,00 €; 90 min = 4,50 €; 120 min = 6,00 €","note":"Brauerstraße 13","windows":[{"weekdays":[1,2,3,4,5,6],"fromMinute":480,"toMinute":1200}],"fee":{"kind":"exact","centsPerHour":300},"unmodelledRules":[],"sourceDefect":null,"spaces":null,"maxStayMinutes":null,"maxStay":"2h","maxStayShare":1,"maxStayValues":["2h"],"chargingPoints":0,"carsharing":0},"geometry":{"type":"MultiPolygon","coordinates":[[[[8.38661,49.00308],[8.38659,49.00306],[8.38658,49.003],[8.38665,49.00297],[8.38666,49.00305],[8.38661,49.00308]]],[[[8.3866,49.00296],[8.38658,49.00294],[8.38657,49.00289],[8.38663,49.00286],[8.38664,49.00294],[8.3866,49.00296]]]]}},{"type":"Feature","properties":{"zone":"15","district":"Innenstadt-Ost","rawHours":"werktags 8 bis 20 Uhr","rawFee":"15 min = 1,50 €; 30 min = 3,00 €; 45 min = 4,50 €; 60 min = 6,00 €","note":"Adlerstraße 14","windows":[{"weekdays":[1,2,3,4,5,6],"fromMinute":480,"toMinute":1200}],"fee":{"kind":"exact","centsPerHour":600},"unmodelledRules":[],"sourceDefect":null,"spaces":null,"maxStayMinutes":null,"maxStay":"1h","maxStayShare":1,"maxStayValues":["1h"],"chargingPoints":0,"carsharing":0},"geometry":{"type":"Polygon","coordinates":[[[8.40684,49.00914],[8.40698,49.00887],[8.407,49.00888],[8.40686,49.00915],[8.40684,49.00914]]]}},{"type":"Feature","properties":{"zone":"16","district":"Innenstadt-Ost","rawHours":"werktags 8 bis 20 Uhr","rawFee":"15 min = 1,50 €; 30 min = 3,00 €; 45 min = 4,50 €; 60 min = 6,00 €","note":"Adlerstraße 42","windows":[{"weekdays":[1,2,3,4,5,6],"fromMinute":480,"toMinute":1200}],"fee":{"kind":"exact","centsPerHour":600},"unmodelledRules":[],"sourceDefect":null,"spaces":null,"maxStayMinutes":null,"maxStay":"1h","maxStayShare":1,"maxStayValues":["1h"],"chargingPoints":0,"carsharing":0},"geometry":{"type":"MultiPolygon","coordinates":[[[[8.40813,49.00648],[8.40818,49.00638],[8.40824,49.00642],[8.40818,49.00652],[8.40813,49.00648]]],[[[8.4082,49.00635],[8.40822,49.0063],[8.40827,49.00634],[8.40825,49.00639],[8.4082,49.00635]]]]}},{"type":"Feature","properties":{"zone":"17","district":"Südstadt","rawHours":"werktags 8 bis 20 Uhr","rawFee":"30 min = 1,50 €; 60 min = 3,00 €; 90 min = 4,50 €; 120 min = 6,00 €","note":"Luisenstraße 23","windows":[{"weekdays":[1,2,3,4,5,6],"fromMinute":480,"toMinute":1200}],"fee":{"kind":"exact","centsPerHour":300},"unmodelledRules":[],"sourceDefect":null,"spaces":null,"maxStayMinutes":null,"maxStay":"2h","maxStayShare":1,"maxStayValues":["2h"],"chargingPoints":0,"carsharing":0},"geometry":{"type":"MultiPolygon","coordinates":[[[[8.40374,49.00054],[8.40374,49.0005],[8.40395,49.0005],[8.40395,49.00054],[8.40374,49.00054]]],[[[8.40344,49.00053],[8.40326,49.00052],[8.40327,49.00048],[8.40344,49.00049],[8.40344,49.00053]]]]}},{"type":"Feature","properties":{"zone":"18","district":"Oststadt","rawHours":"werktags 8 bis 20 Uhr","rawFee":"30 min = 1,50 €; 60 min = 3,00 €; 90 min = 4,50 €; 120 min = 6,00 €","note":"Ludwig-Wilhelm-Straße 2 · Ludwig-Wilhelm-Straße 5","windows":[{"weekdays":[1,2,3,4,5,6],"fromMinute":480,"toMinute":1200}],"fee":{"kind":"exact","centsPerHour":300},"unmodelledRules":[],"sourceDefect":null,"spaces":null,"maxStayMinutes":null,"maxStay":"2h","maxStayShare":1,"maxStayValues":["2h"],"chargingPoints":0,"carsharing":0},"geometry":{"type":"Polygon","coordinates":[[[8.42128,49.00945],[8.42094,49.00942],[8.42095,49.00938],[8.42129,49.00941],[8.42128,49.00945]]]}},{"type":"Feature","properties":{"zone":"19","district":"Mühlburg","rawHours":"werktags 8 bis 20 Uhr","rawFee":"30 min = 1,50 €; 60 min = 3,00 €; 90 min = 4,50 €; 120 min = 6,00 €","note":"Am Entenfang","windows":[{"weekdays":[1,2,3,4,5,6],"fromMinute":480,"toMinute":1200}],"fee":{"kind":"exact","centsPerHour":300},"unmodelledRules":[],"sourceDefect":null,"spaces":null,"maxStayMinutes":null,"maxStay":"2h","maxStayShare":1,"maxStayValues":["2h"],"chargingPoints":0,"carsharing":0},"geometry":{"type":"MultiPolygon","coordinates":[[[[8.3594,49.0109],[8.35943,49.01087],[8.35967,49.01102],[8.35965,49.01103],[8.3594,49.0109]]],[[[8.35917,49.01077],[8.35919,49.01075],[8.35927,49.01079],[8.35925,49.01081],[8.35917,49.01077]]],[[[8.35927,49.01082],[8.35929,49.0108],[8.35941,49.01086],[8.35939,49.01089],[8.35927,49.01082]]]]}},{"type":"Feature","properties":{"zone":"20","district":"Südweststadt","rawHours":"werktags 8 bis 20 Uhr","rawFee":"30 min = 1,50 €; 60 min = 3,00 €; 90 min = 4,50 €; 120 min = 6,00 €","note":"Am Stadtgarten 15","windows":[{"weekdays":[1,2,3,4,5,6],"fromMinute":480,"toMinute":1200}],"fee":{"kind":"exact","centsPerHour":300},"unmodelledRules":[],"sourceDefect":null,"spaces":null,"maxStayMinutes":null,"maxStay":"2h","maxStayShare":1,"maxStayValues":["2h"],"chargingPoints":0,"carsharing":0},"geometry":{"type":"MultiPolygon","coordinates":[[[[8.40205,48.99538],[8.4021,48.99536],[8.40219,48.99543],[8.40215,48.99545],[8.40205,48.99538]]],[[[8.40218,48.99547],[8.40222,48.99545],[8.40231,48.99551],[8.40227,48.99554],[8.40218,48.99547]]]]}},{"type":"Feature","properties":{"zone":"21","district":"Südweststadt","rawHours":"täglich 6 bis 24 Uhr; Tagespauschale","rawFee":"30 min = 1,50 €; 60 min = 3,00 €; 90 min = 4,50 €; 120 min = 6,00 €; Tagespauschale = 22,50 €","note":"Bahnhofstraße 24","windows":[{"weekdays":[0,1,2,3,4,5,6],"fromMinute":360,"toMinute":1440}],"fee":{"kind":"exact","centsPerHour":300},"unmodelledRules":["Tagespauschale"],"sourceDefect":null,"spaces":null,"maxStayMinutes":null,"maxStay":"24h","maxStayShare":1,"maxStayValues":["24h"],"chargingPoints":0,"carsharing":0},"geometry":{"type":"MultiPolygon","coordinates":[[[[8.3992,48.99762],[8.39926,48.99765],[8.39924,48.99769],[8.39919,48.99767],[8.3992,48.99762]]],[[[8.39919,48.99768],[8.39925,48.99771],[8.39923,48.99775],[8.39918,48.99773],[8.39919,48.99768]]],[[[8.39915,48.99787],[8.39921,48.99789],[8.39919,48.99793],[8.39914,48.99792],[8.39915,48.99787]]],[[[8.39924,48.99743],[8.3993,48.99745],[8.39928,48.99749],[8.39923,48.99748],[8.39924,48.99743]]],[[[8.39923,48.9975],[8.39929,48.99752],[8.39927,48.99755],[8.39922,48.99754],[8.39923,48.9975]]],[[[8.39916,48.99782],[8.39922,48.99784],[8.39921,48.99787],[8.39915,48.99785],[8.39916,48.99782]]],[[[8.39921,48.99756],[8.39927,48.99758],[8.39927,48.99761],[8.3992,48.99759],[8.39921,48.99756]]],[[[8.3991,48.99807],[8.39916,48.99809],[8.39916,48.99812],[8.3991,48.9981],[8.3991,48.99807]]],[[[8.39913,48.99793],[8.39919,48.99796],[8.39918,48.99798],[8.39912,48.99797],[8.39913,48.99793]]],[[[8.39912,48.99801],[8.39918,48.99803],[8.39917,48.99806],[8.39911,48.99804],[8.39912,48.99801]]]]}},{"type":"Feature","properties":{"zone":"22","district":"Südweststadt","rawHours":"täglich 6 bis 24 Uhr; Tagespauschale","rawFee":"30 min = 1,50 €; 60 min = 3,00 €; 90 min = 4,50 €; 120 min = 6,00 €; Tagespauschale = 22,50 €","note":"Europabad 1 · Europabad 2 · Europabad 4","windows":[{"weekdays":[0,1,2,3,4,5,6],"fromMinute":360,"toMinute":1440}],"fee":{"kind":"exact","centsPerHour":300},"unmodelledRules":["Tagespauschale"],"sourceDefect":null,"spaces":null,"maxStayMinutes":null,"maxStay":"24h","maxStayShare":1,"maxStayValues":["24h"],"chargingPoints":0,"carsharing":0},"geometry":{"type":"MultiPolygon","coordinates":[[[[8.37798,48.99726],[8.37795,48.997],[8.37801,48.99699],[8.37804,48.99726],[8.37798,48.99726]]],[[[8.37812,48.99721],[8.37809,48.99693],[8.37815,48.99693],[8.37818,48.9972],[8.37812,48.99721]]]]}},{"type":"Feature","properties":{"zone":"23","district":"Rüppurr","rawHours":"werktags 8 bis 20 Uhr; Tagespauschale","rawFee":"30 min = 1,50 €; 60 min = 3,00 €; 90 min = 4,50 €; 120 min = 6,00 €; Tagespauschale = 15,00 €","note":"Diakonissenstraße 1","windows":[{"weekdays":[1,2,3,4,5,6],"fromMinute":480,"toMinute":1200}],"fee":{"kind":"exact","centsPerHour":300},"unmodelledRules":["Tagespauschale"],"sourceDefect":null,"spaces":null,"maxStayMinutes":null,"maxStay":"24h","maxStayShare":1,"maxStayValues":["24h"],"chargingPoints":0,"carsharing":0},"geometry":{"type":"MultiPolygon","coordinates":[[[[8.40849,48.97237],[8.40849,48.97233],[8.40886,48.97234],[8.40886,48.97238],[8.40849,48.97237]]],[[[8.40923,48.97238],[8.40923,48.97237],[8.40949,48.97237],[8.40948,48.97239],[8.40923,48.97238]]]]}},{"type":"Feature","properties":{"zone":"24","district":"Südweststadt","rawHours":"täglich 6 bis 24 Uhr; Tagespauschale","rawFee":"30 min = 1,50 €; 60 min = 3,00 €; 90 min = 4,50 €; 120 min = 6,00 €; Tagespauschale = 22,50 €","note":"Europabad 1 · Europabad 2","windows":[{"weekdays":[0,1,2,3,4,5,6],"fromMinute":360,"toMinute":1440}],"fee":{"kind":"exact","centsPerHour":300},"unmodelledRules":["Tagespauschale"],"sourceDefect":null,"spaces":null,"maxStayMinutes":null,"maxStay":"24h","maxStayShare":1,"maxStayValues":["24h"],"chargingPoints":0,"carsharing":0},"geometry":{"type":"MultiPolygon","coordinates":[[[[8.37787,48.9972],[8.37784,48.99681],[8.3779,48.99681],[8.37794,48.99719],[8.37787,48.9972]]],[[[8.37769,48.99706],[8.37772,48.99736],[8.37766,48.99736],[8.37763,48.99706],[8.37769,48.99706]]],[[[8.37781,48.99737],[8.37775,48.99737],[8.37772,48.99707],[8.37778,48.99706],[8.37781,48.99737]]],[[[8.37774,48.99668],[8.37777,48.99693],[8.37771,48.99693],[8.37768,48.99669],[8.37774,48.99668]]],[[[8.3776,48.99674],[8.37766,48.99674],[8.37768,48.99696],[8.37762,48.99696],[8.3776,48.99674]]]]}},{"type":"Feature","properties":{"zone":"25","district":"Innenstadt-West","rawHours":"werktags 8 bis 20 Uhr","rawFee":"15 min = 1,50 €; 30 min = 3,00 €; 45 min = 4,50 €; 60 min = 6,00 €","note":"Amalienstraße 47 · Amalienstraße 24","windows":[{"weekdays":[1,2,3,4,5,6],"fromMinute":480,"toMinute":1200}],"fee":{"kind":"exact","centsPerHour":600},"unmodelledRules":[],"sourceDefect":null,"spaces":null,"maxStayMinutes":null,"maxStay":"1h","maxStayShare":1,"maxStayValues":["1h"],"chargingPoints":0,"carsharing":0},"geometry":{"type":"MultiPolygon","coordinates":[[[[8.39182,49.00885],[8.39181,49.00883],[8.39195,49.00878],[8.39196,49.0088],[8.39182,49.00885]]],[[[8.39229,49.00868],[8.39228,49.00866],[8.39242,49.00862],[8.39243,49.00863],[8.39229,49.00868]]],[[[8.39214,49.00874],[8.39213,49.00872],[8.39221,49.00869],[8.39223,49.0087],[8.39214,49.00874]]],[[[8.39198,49.00877],[8.39205,49.00874],[8.39207,49.00876],[8.392,49.00879],[8.39198,49.00877]]]]}},{"type":"Feature","properties":{"zone":"26","district":"Innenstadt-West","rawHours":"werktags 8 bis 20 Uhr","rawFee":"15 min = 1,50 €; 30 min = 3,00 €; 45 min = 4,50 €; 60 min = 6,00 €","note":"Amalienstraße 42 · Amalienstraße 67","windows":[{"weekdays":[1,2,3,4,5,6],"fromMinute":480,"toMinute":1200}],"fee":{"kind":"exact","centsPerHour":600},"unmodelledRules":[],"sourceDefect":null,"spaces":null,"maxStayMinutes":null,"maxStay":"1h","maxStayShare":1,"maxStayValues":["1h"],"chargingPoints":0,"carsharing":0},"geometry":{"type":"MultiPolygon","coordinates":[[[[8.39007,49.00945],[8.39006,49.00944],[8.39031,49.00935],[8.39032,49.00937],[8.39007,49.00945]]],[[[8.39046,49.00932],[8.39045,49.0093],[8.39061,49.00925],[8.39062,49.00926],[8.39046,49.00932]]],[[[8.39035,49.00936],[8.39033,49.00934],[8.39038,49.00933],[8.39039,49.00934],[8.39035,49.00936]]]]}},{"type":"Feature","properties":{"zone":"27","district":"Innenstadt-West","rawHours":"werktags 8 bis 20 Uhr","rawFee":"15 min = 1,50 €; 30 min = 3,00 €; 45 min = 4,50 €; 60 min = 6,00 €","note":"Amalienstraße 77 · Kaiserplatz (A)","windows":[{"weekdays":[1,2,3,4,5,6],"fromMinute":480,"toMinute":1200}],"fee":{"kind":"exact","centsPerHour":600},"unmodelledRules":[],"sourceDefect":null,"spaces":null,"maxStayMinutes":null,"maxStay":"1h","maxStayShare":1,"maxStayValues":["1h"],"chargingPoints":0,"carsharing":0},"geometry":{"type":"MultiPolygon","coordinates":[[[[8.38898,49.00983],[8.38896,49.00981],[8.38925,49.00971],[8.38926,49.00973],[8.38898,49.00983]]],[[[8.38949,49.00965],[8.38948,49.00963],[8.38963,49.00958],[8.38964,49.0096],[8.38949,49.00965]]],[[[8.38933,49.0097],[8.38932,49.00969],[8.38943,49.00965],[8.38944,49.00967],[8.38933,49.0097]]]]}},{"type":"Feature","properties":{"zone":"28","district":"Innenstadt-West","rawHours":"werktags 8 bis 20 Uhr","rawFee":"15 min = 1,50 €; 30 min = 3,00 €; 45 min = 4,50 €; 60 min = 6,00 €","note":"Amalienstraße 83","windows":[{"weekdays":[1,2,3,4,5,6],"fromMinute":480,"toMinute":1200}],"fee":{"kind":"exact","centsPerHour":600},"unmodelledRules":[],"sourceDefect":null,"spaces":null,"maxStayMinutes":null,"maxStay":"1h","maxStayShare":1,"maxStayValues":["1h"],"chargingPoints":0,"carsharing":0},"geometry":{"type":"MultiPolygon","coordinates":[[[[8.38834,49.01005],[8.38833,49.01003],[8.3887,49.0099],[8.38869,49.00993],[8.38834,49.01005]]],[[[8.38803,49.01015],[8.38802,49.01013],[8.38809,49.01011],[8.38811,49.01013],[8.38803,49.01015]]]]}},{"type":"Feature","properties":{"zone":"29","district":"Innenstadt-West","rawHours":"werktags 8 bis 20 Uhr","rawFee":"15 min = 1,50 €; 30 min = 3,00 €; 45 min = 4,50 €; 60 min = 6,00 €","note":"Amalienstraße 77 · Kaiserplatz (A)","windows":[{"weekdays":[1,2,3,4,5,6],"fromMinute":480,"toMinute":1200}],"fee":{"kind":"exact","centsPerHour":600},"unmodelledRules":[],"sourceDefect":null,"spaces":null,"maxStayMinutes":null,"maxStay":"1h","maxStayShare":1,"maxStayValues":["1h"],"chargingPoints":0,"carsharing":0},"geometry":{"type":"Polygon","coordinates":[[[8.38917,49.00988],[8.38919,49.00983],[8.38954,49.0097],[8.3896,49.00972],[8.38958,49.00974],[8.38954,49.00975],[8.38954,49.00974],[8.38951,49.00975],[8.38952,49.00976],[8.38945,49.00978],[8.38944,49.00978],[8.38942,49.00979],[8.38942,49.00979],[8.38935,49.00982],[8.38935,49.00981],[8.38932,49.00982],[8.38932,49.00983],[8.38925,49.00985],[8.38925,49.00985],[8.38922,49.00986],[8.38922,49.00986],[8.38917,49.00988]]]}},{"type":"Feature","properties":{"zone":"30","district":"Südweststadt","rawHours":"täglich 6 bis 24 Uhr; Tagespauschale","rawFee":"30 min = 1,50 €; 60 min = 3,00 €; 90 min = 4,50 €; 120 min = 6,00 €; Tagespauschale = 22,50 €","note":"Europabad 1 · Europabad 3","windows":[{"weekdays":[0,1,2,3,4,5,6],"fromMinute":360,"toMinute":1440}],"fee":{"kind":"exact","centsPerHour":300},"unmodelledRules":["Tagespauschale"],"sourceDefect":null,"spaces":null,"maxStayMinutes":null,"maxStay":"24h","maxStayShare":1,"maxStayValues":["24h"],"chargingPoints":0,"carsharing":0},"geometry":{"type":"MultiPolygon","coordinates":[[[[8.37809,48.99693],[8.37806,48.99666],[8.37812,48.99666],[8.37815,48.99693],[8.37809,48.99693]]],[[[8.37834,48.99687],[8.37832,48.99679],[8.37838,48.99679],[8.37839,48.99687],[8.37834,48.99687]]],[[[8.37793,48.99676],[8.37792,48.99668],[8.37798,48.99668],[8.37799,48.99676],[8.37793,48.99676]]],[[[8.37832,48.99674],[8.37831,48.99665],[8.37837,48.99665],[8.37837,48.99674],[8.37832,48.99674]]],[[[8.37795,48.997],[8.37794,48.99681],[8.378,48.99681],[8.37801,48.99699],[8.37795,48.997]]],[[[8.37819,48.99688],[8.37817,48.99666],[8.37823,48.99666],[8.37825,48.99688],[8.37819,48.99688]]]]}},{"type":"Feature","properties":{"zone":"31","district":"Südweststadt","rawHours":"täglich 6 bis 24 Uhr; Tagespauschale","rawFee":"30 min = 1,50 €; 60 min = 3,00 €; 90 min = 4,50 €; 120 min = 6,00 €; Tagespauschale = 22,50 €","note":"Europabad 4","windows":[{"weekdays":[0,1,2,3,4,5,6],"fromMinute":360,"toMinute":1440}],"fee":{"kind":"exact","centsPerHour":300},"unmodelledRules":["Tagespauschale"],"sourceDefect":null,"spaces":null,"maxStayMinutes":null,"maxStay":"24h","maxStayShare":1,"maxStayValues":["24h"],"chargingPoints":0,"carsharing":0},"geometry":{"type":"MultiPolygon","coordinates":[[[[8.37825,48.99688],[8.37828,48.99715],[8.37821,48.99715],[8.37819,48.99688],[8.37825,48.99688]]],[[[8.37839,48.99687],[8.37841,48.99709],[8.37835,48.99709],[8.37834,48.99687],[8.37839,48.99687]]]]}},{"type":"Feature","properties":{"zone":"32","district":"Südweststadt","rawHours":"werktags 8 bis 20 Uhr","rawFee":"30 min = 1,50 €; 60 min = 3,00 €; 90 min = 4,50 €; 120 min = 6,00 €","note":"August-Dürr-Straße","windows":[{"weekdays":[1,2,3,4,5,6],"fromMinute":480,"toMinute":1200}],"fee":{"kind":"exact","centsPerHour":300},"unmodelledRules":[],"sourceDefect":null,"spaces":null,"maxStayMinutes":null,"maxStay":"2h","maxStayShare":1,"maxStayValues":["2h"],"chargingPoints":0,"carsharing":0},"geometry":{"type":"Polygon","coordinates":[[[8.39522,49.00344],[8.39482,49.00344],[8.39482,49.00341],[8.39522,49.00341],[8.39522,49.00344]]]}},{"type":"Feature","properties":{"zone":"33","district":"Durlach","rawHours":"werktags 8 bis 20 Uhr","rawFee":"30 min = 1,50 €; 60 min = 3,00 €; 90 min = 4,50 €; 120 min = 6,00 €","note":"Kelterstraße 32","windows":[{"weekdays":[1,2,3,4,5,6],"fromMinute":480,"toMinute":1200}],"fee":{"kind":"exact","centsPerHour":300},"unmodelledRules":[],"sourceDefect":null,"spaces":null,"maxStayMinutes":null,"maxStay":"2h","maxStayShare":1,"maxStayValues":["2h"],"chargingPoints":0,"carsharing":0},"geometry":{"type":"MultiPolygon","coordinates":[[[[8.46941,48.99774],[8.46928,48.99776],[8.46921,48.99778],[8.4692,48.99776],[8.46927,48.99774],[8.46941,48.99772],[8.46941,48.99774]]],[[[8.46987,48.99768],[8.46974,48.9977],[8.46973,48.99768],[8.46986,48.99766],[8.46987,48.99768]]],[[[8.46915,48.99779],[8.46908,48.99781],[8.46907,48.9978],[8.46914,48.99778],[8.46915,48.99779]]],[[[8.46965,48.99771],[8.46958,48.99772],[8.46958,48.9977],[8.46965,48.99769],[8.46965,48.99771]]],[[[8.46982,48.99763],[8.46976,48.99764],[8.46975,48.99762],[8.46982,48.99761],[8.46982,48.99763]]],[[[8.46968,48.99765],[8.46962,48.99766],[8.46961,48.99764],[8.46968,48.99763],[8.46968,48.99765]]],[[[8.46951,48.99767],[8.46945,48.99768],[8.46944,48.99767],[8.4695,48.99766],[8.46951,48.99767]]]]}},{"type":"Feature","properties":{"zone":"34","district":"Durlach","rawHours":"werktags 8 bis 20 Uhr","rawFee":"30 min = 1,50 €; 60 min = 3,00 €; 90 min = 4,50 €; 120 min = 6,00 €","note":"Kelterstraße 19","windows":[{"weekdays":[1,2,3,4,5,6],"fromMinute":480,"toMinute":1200}],"fee":{"kind":"exact","centsPerHour":300},"unmodelledRules":[],"sourceDefect":null,"spaces":null,"maxStayMinutes":null,"maxStay":"2h","maxStayShare":1,"maxStayValues":["2h"],"chargingPoints":0,"carsharing":0},"geometry":{"type":"MultiPolygon","coordinates":[[[[8.46886,48.99792],[8.46882,48.998],[8.46879,48.99811],[8.46876,48.99811],[8.4688,48.998],[8.46883,48.99791],[8.46886,48.99792]]],[[[8.46874,48.99803],[8.46869,48.99817],[8.46867,48.99816],[8.46871,48.99803],[8.46874,48.99803]]],[[[8.46897,48.99786],[8.46887,48.9979],[8.46886,48.99789],[8.46895,48.99784],[8.46897,48.99786]]],[[[8.46876,48.99821],[8.46874,48.99826],[8.46872,48.99825],[8.46873,48.99821],[8.46876,48.99821]]]]}},{"type":"Feature","properties":{"zone":"35","district":"Durlach","rawHours":"werktags 8 bis 20 Uhr","rawFee":"30 min = 1,50 €; 60 min = 3,00 €; 90 min = 4,50 €; 120 min = 6,00 €","note":"Kelterstraße 3","windows":[{"weekdays":[1,2,3,4,5,6],"fromMinute":480,"toMinute":1200}],"fee":{"kind":"exact","centsPerHour":300},"unmodelledRules":[],"sourceDefect":null,"spaces":null,"maxStayMinutes":null,"maxStay":"2h","maxStayShare":1,"maxStayValues":["2h"],"chargingPoints":0,"carsharing":0},"geometry":{"type":"MultiPolygon","coordinates":[[[[8.46847,48.99916],[8.46846,48.99926],[8.46844,48.99926],[8.46845,48.99916],[8.46847,48.99907],[8.46848,48.99902],[8.4685,48.99902],[8.46849,48.99907],[8.46847,48.99916]]],[[[8.46872,48.99832],[8.46867,48.9985],[8.46864,48.9985],[8.4687,48.99832],[8.46872,48.99832]]],[[[8.46865,48.99856],[8.46861,48.99869],[8.46858,48.99869],[8.46862,48.99856],[8.46865,48.99856]]],[[[8.46865,48.99831],[8.46862,48.9984],[8.4686,48.99839],[8.46862,48.99831],[8.46865,48.99831]]],[[[8.46858,48.99878],[8.46854,48.99887],[8.46852,48.99886],[8.46855,48.99877],[8.46858,48.99878]]],[[[8.46862,48.99844],[8.46859,48.99851],[8.46856,48.99851],[8.46859,48.99843],[8.46862,48.99844]]]]}},{"type":"Feature","properties":{"zone":"36","district":"Durlach","rawHours":"werktags 8 bis 20 Uhr","rawFee":"30 min = 1,50 €; 60 min = 3,00 €; 90 min = 4,50 €; 120 min = 6,00 €","note":"Badener Straße","windows":[{"weekdays":[1,2,3,4,5,6],"fromMinute":480,"toMinute":1200}],"fee":{"kind":"exact","centsPerHour":300},"unmodelledRules":[],"sourceDefect":null,"spaces":null,"maxStayMinutes":null,"maxStay":"2h","maxStayShare":1,"maxStayValues":["2h"],"chargingPoints":0,"carsharing":0},"geometry":{"type":"MultiPolygon","coordinates":[[[[8.47637,48.99879],[8.4761,48.99901],[8.47608,48.999],[8.47635,48.99878],[8.47637,48.99879]]],[[[8.47561,48.99937],[8.47579,48.99923],[8.47581,48.99924],[8.47563,48.99938],[8.47561,48.99937]]],[[[8.47594,48.99913],[8.47592,48.99912],[8.47597,48.99909],[8.47599,48.9991],[8.47594,48.99913]]]]}},{"type":"Feature","properties":{"zone":"37","district":"Südweststadt","rawHours":"werktags 8 bis 20 Uhr","rawFee":"30 min = 1,50 €; 60 min = 3,00 €; 90 min = 4,50 €; 120 min = 6,00 €","note":"Bahnhofplatz Zoo","windows":[{"weekdays":[1,2,3,4,5,6],"fromMinute":480,"toMinute":1200}],"fee":{"kind":"exact","centsPerHour":300},"unmodelledRules":[],"sourceDefect":null,"spaces":null,"maxStayMinutes":null,"maxStay":"2h","maxStayShare":1,"maxStayValues":["2h"],"chargingPoints":0,"carsharing":0},"geometry":{"type":"MultiPolygon","coordinates":[[[[8.39924,48.99453],[8.39926,48.99449],[8.39991,48.99465],[8.39988,48.99469],[8.39924,48.99453]]]]}},{"type":"Feature","properties":{"zone":"38","district":"Südweststadt","rawHours":"täglich 6 bis 24 Uhr; Tagespauschale","rawFee":"30 min = 1,50 €; 60 min = 3,00 €; 90 min = 4,50 €; 120 min = 6,00 €; Tagespauschale = 22,50 €","note":"Bahnhofplatz West","windows":[{"weekdays":[0,1,2,3,4,5,6],"fromMinute":360,"toMinute":1440}],"fee":{"kind":"exact","centsPerHour":300},"unmodelledRules":["Tagespauschale"],"sourceDefect":null,"spaces":null,"maxStayMinutes":null,"maxStay":"24h","maxStayShare":1,"maxStayValues":["24h"],"chargingPoints":0,"carsharing":0},"geometry":{"type":"Polygon","coordinates":[[[8.39912,48.99395],[8.39914,48.99391],[8.39937,48.99396],[8.39935,48.99401],[8.39912,48.99395]]]}},{"type":"Feature","properties":{"zone":"39","district":"Südweststadt","rawHours":"werktags 8 bis 20 Uhr","rawFee":"30 min = 1,50 €; 60 min = 3,00 €; 90 min = 4,50 €; 120 min = 6,00 €","note":"Bahnhofstraße 11","windows":[{"weekdays":[1,2,3,4,5,6],"fromMinute":480,"toMinute":1200}],"fee":{"kind":"exact","centsPerHour":300},"unmodelledRules":[],"sourceDefect":null,"spaces":null,"maxStayMinutes":null,"maxStay":"2h","maxStayShare":1,"maxStayValues":["2h"],"chargingPoints":0,"carsharing":0},"geometry":{"type":"MultiPolygon","coordinates":[[[[8.39516,49.00047],[8.39513,49.00046],[8.39535,49.00039],[8.39536,49.00041],[8.39516,49.00047]]],[[[8.39537,49.0004],[8.39536,49.00039],[8.3955,49.00034],[8.3955,49.00036],[8.39537,49.0004]]]]}},{"type":"Feature","properties":{"zone":"40","district":"Südweststadt","rawHours":"werktags 8 bis 20 Uhr","rawFee":"30 min = 1,50 €; 60 min = 3,00 €; 90 min = 4,50 €; 120 min = 6,00 €","note":"Bahnhofstraße 14","windows":[{"weekdays":[1,2,3,4,5,6],"fromMinute":480,"toMinute":1200}],"fee":{"kind":"exact","centsPerHour":300},"unmodelledRules":[],"sourceDefect":null,"spaces":null,"maxStayMinutes":null,"maxStay":"2h","maxStayShare":1,"maxStayValues":["2h"],"chargingPoints":0,"carsharing":0},"geometry":{"type":"MultiPolygon","coordinates":[[[[8.39624,49.00003],[8.39609,49.00008],[8.39609,49.00003],[8.39623,48.99998],[8.39625,49.00001],[8.39624,49.00003]]],[[[8.39606,49.00009],[8.39595,49.00013],[8.39595,49.00008],[8.39606,49.00004],[8.39606,49.00009]]]]}},{"type":"Feature","properties":{"zone":"41","district":"Südweststadt","rawHours":"täglich 6 bis 24 Uhr; Tagespauschale","rawFee":"30 min = 1,50 €; 60 min = 3,00 €; 90 min = 4,50 €; 120 min = 6,00 €; Tagespauschale = 22,50 €","note":"Bahnhofstraße 46","windows":[{"weekdays":[0,1,2,3,4,5,6],"fromMinute":360,"toMinute":1440}],"fee":{"kind":"exact","centsPerHour":300},"unmodelledRules":["Tagespauschale"],"sourceDefect":null,"spaces":null,"maxStayMinutes":null,"maxStay":"24h","maxStayShare":1,"maxStayValues":["24h"],"chargingPoints":0,"carsharing":0},"geometry":{"type":"MultiPolygon","coordinates":[[[[8.3996,48.99584],[8.39963,48.99575],[8.39969,48.99578],[8.39967,48.99584],[8.39965,48.99586],[8.3996,48.99584]]],[[[8.39977,48.99551],[8.39973,48.99548],[8.39975,48.99543],[8.39977,48.99544],[8.3998,48.99546],[8.39979,48.99548],[8.39977,48.99551]]],[[[8.39966,48.99567],[8.39967,48.99562],[8.39973,48.99565],[8.39972,48.99567],[8.3997,48.99569],[8.39966,48.99567]]],[[[8.39975,48.99557],[8.3997,48.99554],[8.39972,48.99549],[8.39977,48.99553],[8.39977,48.99555],[8.39975,48.99557]]],[[[8.39972,48.99563],[8.39968,48.9956],[8.3997,48.99555],[8.39975,48.99559],[8.39974,48.99561],[8.39972,48.99563]]],[[[8.39979,48.99544],[8.39975,48.99541],[8.39977,48.99537],[8.39982,48.9954],[8.39981,48.99543],[8.39979,48.99544]]],[[[8.39963,48.99573],[8.39965,48.99569],[8.39971,48.99571],[8.3997,48.99573],[8.39968,48.99575],[8.39963,48.99573]]]]}},{"type":"Feature","properties":{"zone":"42","district":"Südstadt","rawHours":"werktags 8 bis 20 Uhr","rawFee":"30 min = 1,50 €; 60 min = 3,00 €; 90 min = 4,50 €; 120 min = 6,00 €","note":"Baumeisterstraße 10","windows":[{"weekdays":[1,2,3,4,5,6],"fromMinute":480,"toMinute":1200}],"fee":{"kind":"exact","centsPerHour":300},"unmodelledRules":[],"sourceDefect":null,"spaces":null,"maxStayMinutes":null,"maxStay":"2h","maxStayShare":1,"maxStayValues":["2h"],"chargingPoints":0,"carsharing":0},"geometry":{"type":"MultiPolygon","coordinates":[[[[8.40587,49.00392],[8.40592,49.00389],[8.40605,49.0039],[8.406,49.00394],[8.40587,49.00392]]],[[[8.4057,49.00391],[8.40574,49.00387],[8.40587,49.00389],[8.40583,49.00392],[8.4057,49.00391]]]]}},{"type":"Feature","properties":{"zone":"43","district":"Südstadt","rawHours":"werktags 8 bis 20 Uhr","rawFee":"30 min = 1,50 €; 60 min = 3,00 €; 90 min = 4,50 €; 120 min = 6,00 €","note":"Baumeisterstraße 48","windows":[{"weekdays":[1,2,3,4,5,6],"fromMinute":480,"toMinute":1200}],"fee":{"kind":"exact","centsPerHour":300},"unmodelledRules":[],"sourceDefect":null,"spaces":null,"maxStayMinutes":null,"maxStay":"2h","maxStayShare":1,"maxStayValues":["2h"],"chargingPoints":0,"carsharing":0},"geometry":{"type":"MultiPolygon","coordinates":[[[[8.40927,49.00429],[8.40927,49.00425],[8.40937,49.00426],[8.40936,49.0043],[8.40927,49.00429]]],[[[8.40915,49.00427],[8.40916,49.00424],[8.40922,49.00424],[8.40921,49.00428],[8.40915,49.00427]]]]}},{"type":"Feature","properties":{"zone":"44","district":"Innenstadt-West","rawHours":"werktags 8 bis 20 Uhr","rawFee":"15 min = 1,50 €; 30 min = 3,00 €; 45 min = 4,50 €; 60 min = 6,00 €","note":"Hans-Thoma-Straße 7","windows":[{"weekdays":[1,2,3,4,5,6],"fromMinute":480,"toMinute":1200}],"fee":{"kind":"exact","centsPerHour":600},"unmodelledRules":[],"sourceDefect":null,"spaces":null,"maxStayMinutes":null,"maxStay":"1h","maxStayShare":1,"maxStayValues":["1h"],"chargingPoints":0,"carsharing":0},"geometry":{"type":"MultiPolygon","coordinates":[[[[8.3986,49.01264],[8.39869,49.0125],[8.39872,49.01249],[8.39862,49.01265],[8.3986,49.01264]]],[[[8.39882,49.0123],[8.39892,49.01214],[8.39894,49.01215],[8.39883,49.01231],[8.39882,49.0123]]]]}},{"type":"Feature","properties":{"zone":"45","district":"Mühlburg","rawHours":"werktags 8 bis 20 Uhr","rawFee":"30 min = 1,50 €; 60 min = 3,00 €; 90 min = 4,50 €; 120 min = 6,00 €","note":"Rheinstraße 35","windows":[{"weekdays":[1,2,3,4,5,6],"fromMinute":480,"toMinute":1200}],"fee":{"kind":"exact","centsPerHour":300},"unmodelledRules":[],"sourceDefect":null,"spaces":null,"maxStayMinutes":null,"maxStay":"2h","maxStayShare":1,"maxStayValues":["2h"],"chargingPoints":0,"carsharing":0},"geometry":{"type":"MultiPolygon","coordinates":[[[[8.36242,49.01128],[8.36236,49.01131],[8.36216,49.01129],[8.36223,49.01126],[8.36242,49.01128]]],[[[8.36209,49.01124],[8.36203,49.01127],[8.36183,49.01125],[8.36184,49.01125],[8.3619,49.01122],[8.36209,49.01124]]],[[[8.36171,49.0112],[8.36164,49.01123],[8.36155,49.01122],[8.36161,49.01119],[8.36171,49.0112]]],[[[8.36185,49.01122],[8.36179,49.01125],[8.36174,49.01124],[8.3618,49.01121],[8.36185,49.01122]]]]}},{"type":"Feature","properties":{"zone":"46","district":"Oststadt","rawHours":"werktags 8 bis 20 Uhr","rawFee":"30 min = 1,50 €; 60 min = 3,00 €; 90 min = 4,50 €; 120 min = 6,00 €","note":"Haid-und-Neu-Straße","windows":[{"weekdays":[1,2,3,4,5,6],"fromMinute":480,"toMinute":1200}],"fee":{"kind":"exact","centsPerHour":300},"unmodelledRules":[],"sourceDefect":null,"spaces":null,"maxStayMinutes":null,"maxStay":"2h","maxStayShare":1,"maxStayValues":["2h"],"chargingPoints":0,"carsharing":0},"geometry":{"type":"MultiPolygon","coordinates":[[[[8.42549,49.01213],[8.42535,49.01208],[8.42545,49.01206],[8.42558,49.01212],[8.42549,49.01213]]],[[[8.42583,49.01226],[8.42571,49.01222],[8.42577,49.01219],[8.42589,49.01224],[8.42583,49.01226]]],[[[8.4262,49.01241],[8.42613,49.01238],[8.4262,49.01236],[8.42627,49.01238],[8.4262,49.01241]]]]}},{"type":"Feature","properties":{"zone":"47","district":"Mühlburg","rawHours":"werktags 8 bis 20 Uhr","rawFee":"30 min = 1,50 €; 60 min = 3,00 €; 90 min = 4,50 €; 120 min = 6,00 €","note":"Rheinstraße 26","windows":[{"weekdays":[1,2,3,4,5,6],"fromMinute":480,"toMinute":1200}],"fee":{"kind":"exact","centsPerHour":300},"unmodelledRules":[],"sourceDefect":null,"spaces":null,"maxStayMinutes":null,"maxStay":"2h","maxStayShare":1,"maxStayValues":["2h"],"chargingPoints":0,"carsharing":0},"geometry":{"type":"Polygon","coordinates":[[[8.36086,49.01137],[8.36093,49.01134],[8.36106,49.01135],[8.36141,49.01139],[8.36134,49.01142],[8.36086,49.01137]]]}},{"type":"Feature","properties":{"zone":"48","district":"Innenstadt-Ost","rawHours":"werktags 8 bis 20 Uhr","rawFee":"15 min = 1,50 €; 30 min = 3,00 €; 45 min = 4,50 €; 60 min = 6,00 €","note":"Hebelstraße 4","windows":[{"weekdays":[1,2,3,4,5,6],"fromMinute":480,"toMinute":1200}],"fee":{"kind":"exact","centsPerHour":600},"unmodelledRules":[],"sourceDefect":null,"spaces":null,"maxStayMinutes":null,"maxStay":"1h","maxStayShare":1,"maxStayValues":["1h"],"chargingPoints":0,"carsharing":0},"geometry":{"type":"MultiPolygon","coordinates":[[[[8.40426,49.00819],[8.40425,49.00816],[8.40474,49.00814],[8.40471,49.00816],[8.40426,49.00819]]],[[[8.40497,49.00815],[8.40497,49.00813],[8.40511,49.00812],[8.40511,49.00814],[8.40497,49.00815]]],[[[8.40513,49.00814],[8.40513,49.00812],[8.40527,49.00811],[8.40527,49.00813],[8.40513,49.00814]]],[[[8.40529,49.00813],[8.40529,49.00811],[8.40535,49.00811],[8.40536,49.00813],[8.40529,49.00813]]]]}},{"type":"Feature","properties":{"zone":"49","district":"Durlach","rawHours":"werktags 8 bis 20 Uhr","rawFee":"30 min = 1,50 €; 60 min = 3,00 €; 90 min = 4,50 €; 120 min = 6,00 €","note":"Bienleinstorstraße 2","windows":[{"weekdays":[1,2,3,4,5,6],"fromMinute":480,"toMinute":1200}],"fee":{"kind":"exact","centsPerHour":300},"unmodelledRules":[],"sourceDefect":null,"spaces":null,"maxStayMinutes":null,"maxStay":"2h","maxStayShare":1,"maxStayValues":["2h"],"chargingPoints":0,"carsharing":0},"geometry":{"type":"Polygon","coordinates":[[[8.4688,49.00008],[8.46878,49.00006],[8.46872,48.99999],[8.46868,48.99993],[8.46865,48.99987],[8.46852,48.99961],[8.46849,48.99953],[8.46847,48.99946],[8.46847,48.99941],[8.46848,48.99945],[8.46852,48.99956],[8.46867,48.99987],[8.46872,48.99995],[8.46881,49.00008],[8.4688,49.00008]]]}},{"type":"Feature","properties":{"zone":"50","district":"Weststadt","rawHours":"werktags 8 bis 20 Uhr","rawFee":"30 min = 1,50 €; 60 min = 3,00 €; 90 min = 4,50 €; 120 min = 6,00 €","note":"Kaiserallee 61","windows":[{"weekdays":[1,2,3,4,5,6],"fromMinute":480,"toMinute":1200}],"fee":{"kind":"exact","centsPerHour":300},"unmodelledRules":[],"sourceDefect":null,"spaces":null,"maxStayMinutes":null,"maxStay":"2h","maxStayShare":1,"maxStayValues":["2h"],"chargingPoints":0,"carsharing":0},"geometry":{"type":"MultiPolygon","coordinates":[[[[8.37587,49.01077],[8.37587,49.01075],[8.37653,49.01072],[8.37654,49.01073],[8.37587,49.01077]]],[[[8.37659,49.01073],[8.3766,49.01071],[8.37694,49.0107],[8.37694,49.01071],[8.37659,49.01073]]]]}},{"type":"Feature","properties":{"zone":"51","district":"Durlach","rawHours":"werktags 8 bis 20 Uhr","rawFee":"30 min = 1,50 €; 60 min = 3,00 €; 90 min = 4,50 €; 120 min = 6,00 €","note":"Pfinztalstraße 83","windows":[{"weekdays":[1,2,3,4,5,6],"fromMinute":480,"toMinute":1200}],"fee":{"kind":"exact","centsPerHour":300},"unmodelledRules":[],"sourceDefect":null,"spaces":null,"maxStayMinutes":null,"maxStay":"2h","maxStayShare":1,"maxStayValues":["2h"],"chargingPoints":0,"carsharing":0},"geometry":{"type":"Polygon","coordinates":[[[8.46502,48.99992],[8.46502,48.99992],[8.46505,48.99986],[8.46508,48.99987],[8.46509,48.99985],[8.46512,48.99986],[8.46513,48.99984],[8.46517,48.99984],[8.46518,48.99982],[8.46521,48.99983],[8.46522,48.99982],[8.46525,48.99982],[8.46524,48.99984],[8.46524,48.99985],[8.46524,48.99985],[8.46502,48.99992]]]}},{"type":"Feature","properties":{"zone":"52","district":"Durlach","rawHours":"werktags 8 bis 20 Uhr","rawFee":"30 min = 1,50 €; 60 min = 3,00 €; 90 min = 4,50 €; 120 min = 6,00 €","note":"Pfinztalstraße 73 · Pfinztalstraße 75 · Pfinztalstraße 90","windows":[{"weekdays":[1,2,3,4,5,6],"fromMinute":480,"toMinute":1200}],"fee":{"kind":"exact","centsPerHour":300},"unmodelledRules":[],"sourceDefect":null,"spaces":null,"maxStayMinutes":null,"maxStay":"2h","maxStayShare":1,"maxStayValues":["2h"],"chargingPoints":0,"carsharing":0},"geometry":{"type":"MultiPolygon","coordinates":[[[[8.46637,48.99972],[8.46635,48.99975],[8.4662,48.99977],[8.46617,48.99976],[8.46637,48.99972]]],[[[8.46682,48.99965],[8.4668,48.99967],[8.46665,48.99969],[8.46661,48.99968],[8.46682,48.99965]]],[[[8.46705,48.9996],[8.46703,48.99962],[8.46688,48.99965],[8.46685,48.99964],[8.46705,48.9996]]]]}},{"type":"Feature","properties":{"zone":"53","district":"Durlach","rawHours":"werktags 8 bis 20 Uhr","rawFee":"30 min = 1,50 €; 60 min = 3,00 €; 90 min = 4,50 €; 120 min = 6,00 €","note":"Zunftstraße 1","windows":[{"weekdays":[1,2,3,4,5,6],"fromMinute":480,"toMinute":1200}],"fee":{"kind":"exact","centsPerHour":300},"unmodelledRules":[],"sourceDefect":null,"spaces":null,"maxStayMinutes":null,"maxStay":"2h","maxStayShare":1,"maxStayValues":["2h"],"chargingPoints":0,"carsharing":0},"geometry":{"type":"Polygon","coordinates":[[[8.47164,48.99945],[8.47165,48.99938],[8.47166,48.99929],[8.47169,48.99929],[8.47168,48.99938],[8.47166,48.99949],[8.47163,48.99967],[8.47161,48.99981],[8.47159,48.99987],[8.47157,48.99987],[8.47158,48.99981],[8.4716,48.99971],[8.47164,48.99945]]]}},{"type":"Feature","properties":{"zone":"54","district":"Oststadt","rawHours":"werktags 8 bis 20 Uhr","rawFee":"30 min = 1,50 €; 60 min = 3,00 €; 90 min = 4,50 €; 120 min = 6,00 €","note":"Essenweinstraße · Georg-Friedrich-Straße 14 · Georg-Friedrich-Straße 18","windows":[{"weekdays":[1,2,3,4,5,6],"fromMinute":480,"toMinute":1200}],"fee":{"kind":"exact","centsPerHour":300},"unmodelledRules":[],"sourceDefect":null,"spaces":null,"maxStayMinutes":null,"maxStay":"2h","maxStayShare":1,"maxStayValues":["2h"],"chargingPoints":0,"carsharing":0},"geometry":{"type":"MultiPolygon","coordinates":[[[[8.42351,49.00995],[8.42356,49.00973],[8.42358,49.00975],[8.42354,49.00994],[8.42351,49.00995]]],[[[8.42383,49.01011],[8.42382,49.01009],[8.42406,49.01011],[8.42406,49.01013],[8.42383,49.01011]]],[[[8.4235,49.01028],[8.42344,49.01028],[8.42345,49.01021],[8.42351,49.01022],[8.4235,49.01028]]],[[[8.4236,49.0101],[8.42359,49.01008],[8.42377,49.01009],[8.42375,49.01011],[8.4236,49.0101]]],[[[8.42348,49.01036],[8.42342,49.01035],[8.42343,49.01031],[8.42349,49.01031],[8.42348,49.01036]]],[[[8.42347,49.0104],[8.42341,49.0104],[8.42341,49.01038],[8.42347,49.01038],[8.42347,49.0104]]]]}},{"type":"Feature","properties":{"zone":"55","district":"Oststadt","rawHours":"werktags 8 bis 20 Uhr","rawFee":"30 min = 1,50 €; 60 min = 3,00 €; 90 min = 4,50 €; 120 min = 6,00 €","note":"Karl-Wilhelm-Platz · Georg-Friedrich-Straße 8","windows":[{"weekdays":[1,2,3,4,5,6],"fromMinute":480,"toMinute":1200}],"fee":{"kind":"exact","centsPerHour":300},"unmodelledRules":[],"sourceDefect":null,"spaces":null,"maxStayMinutes":null,"maxStay":"2h","maxStayShare":1,"maxStayValues":["2h"],"chargingPoints":0,"carsharing":0},"geometry":{"type":"MultiPolygon","coordinates":[[[[8.42318,49.011],[8.42316,49.011],[8.42321,49.01077],[8.42324,49.01077],[8.42318,49.011]]],[[[8.42354,49.01089],[8.42353,49.01087],[8.42372,49.01089],[8.42371,49.01091],[8.42354,49.01089]]]]}},{"type":"Feature","properties":{"zone":"57","district":"Innenstadt-Ost","rawHours":"werktags 8 bis 20 Uhr","rawFee":"15 min = 1,50 €; 30 min = 3,00 €; 45 min = 4,50 €; 60 min = 6,00 €","note":"Fritz-Erler-Straße 11","windows":[{"weekdays":[1,2,3,4,5,6],"fromMinute":480,"toMinute":1200}],"fee":{"kind":"exact","centsPerHour":600},"unmodelledRules":[],"sourceDefect":null,"spaces":null,"maxStayMinutes":null,"maxStay":"1h","maxStayShare":1,"maxStayValues":["1h"],"chargingPoints":0,"carsharing":0},"geometry":{"type":"Polygon","coordinates":[[[8.41027,49.00846],[8.41023,49.0085],[8.41018,49.00802],[8.41018,49.00797],[8.41021,49.00797],[8.41024,49.00834],[8.41026,49.00834],[8.41027,49.00846]]]}},{"type":"Feature","properties":{"zone":"58","district":"Innenstadt-Ost","rawHours":"werktags 8 bis 20 Uhr","rawFee":"15 min = 1,50 €; 30 min = 3,00 €; 45 min = 4,50 €; 60 min = 6,00 €","note":"Fritz-Erler-Straße 21","windows":[{"weekdays":[1,2,3,4,5,6],"fromMinute":480,"toMinute":1200}],"fee":{"kind":"exact","centsPerHour":600},"unmodelledRules":[],"sourceDefect":null,"spaces":null,"maxStayMinutes":null,"maxStay":"1h","maxStayShare":1,"maxStayValues":["1h"],"chargingPoints":0,"carsharing":0},"geometry":{"type":"MultiPolygon","coordinates":[[[[8.41034,49.00697],[8.41036,49.00685],[8.41039,49.0067],[8.41042,49.0067],[8.41039,49.00685],[8.41037,49.00697],[8.41034,49.00697]]],[[[8.41045,49.00653],[8.41042,49.00654],[8.41046,49.00638],[8.41048,49.00639],[8.41045,49.00653]]]]}},{"type":"Feature","properties":{"zone":"59","district":"Südweststadt","rawHours":"werktags 8 bis 20 Uhr","rawFee":"30 min = 1,50 €; 60 min = 3,00 €; 90 min = 4,50 €; 120 min = 6,00 €","note":"Gartenstraße 7","windows":[{"weekdays":[1,2,3,4,5,6],"fromMinute":480,"toMinute":1200}],"fee":{"kind":"exact","centsPerHour":300},"unmodelledRules":[],"sourceDefect":null,"spaces":null,"maxStayMinutes":null,"maxStay":"2h","maxStayShare":1,"maxStayValues":["2h"],"chargingPoints":0,"carsharing":0},"geometry":{"type":"MultiPolygon","coordinates":[[[[8.39548,49.00418],[8.39559,49.00418],[8.3956,49.00422],[8.39548,49.00422],[8.39548,49.00418]]],[[[8.39536,49.00418],[8.39547,49.00418],[8.39547,49.00422],[8.39536,49.00422],[8.39536,49.00418]]]]}},{"type":"Feature","properties":{"zone":"60","district":"Oststadt","rawHours":"werktags 8 bis 20 Uhr","rawFee":"30 min = 1,50 €; 60 min = 3,00 €; 90 min = 4,50 €; 120 min = 6,00 €","note":"Gottesauer Platz","windows":[{"weekdays":[1,2,3,4,5,6],"fromMinute":480,"toMinute":1200}],"fee":{"kind":"exact","centsPerHour":300},"unmodelledRules":[],"sourceDefect":null,"spaces":null,"maxStayMinutes":null,"maxStay":"2h","maxStayShare":1,"maxStayValues":["2h"],"chargingPoints":0,"carsharing":0},"geometry":{"type":"MultiPolygon","coordinates":[[[[8.42348,49.00715],[8.42346,49.00711],[8.42366,49.00707],[8.42368,49.00711],[8.42348,49.00715]]],[[[8.42372,49.0071],[8.4237,49.00706],[8.42386,49.00703],[8.42388,49.00707],[8.42372,49.0071]]]]}},{"type":"Feature","properties":{"zone":"61","district":"Südweststadt","rawHours":"täglich 6 bis 24 Uhr; Tagespauschale","rawFee":"30 min = 1,50 €; 60 min = 3,00 €; 90 min = 4,50 €; 120 min = 6,00 €; Tagespauschale = 22,50 €","note":"Bahnhofstraße 32","windows":[{"weekdays":[0,1,2,3,4,5,6],"fromMinute":360,"toMinute":1440}],"fee":{"kind":"exact","centsPerHour":300},"unmodelledRules":["Tagespauschale"],"sourceDefect":null,"spaces":null,"maxStayMinutes":null,"maxStay":"24h","maxStayShare":1,"maxStayValues":["24h"],"chargingPoints":0,"carsharing":0},"geometry":{"type":"MultiPolygon","coordinates":[[[[8.39941,48.99662],[8.39947,48.99665],[8.39947,48.99667],[8.39945,48.99669],[8.3994,48.99667],[8.39941,48.99662]]],[[[8.3994,48.99669],[8.39946,48.99671],[8.39946,48.99674],[8.39944,48.99675],[8.39939,48.99673],[8.3994,48.99669]]],[[[8.39935,48.99694],[8.39941,48.99696],[8.39939,48.997],[8.39934,48.99699],[8.39935,48.99694]]],[[[8.39936,48.99688],[8.39942,48.9969],[8.3994,48.99694],[8.39935,48.99692],[8.39936,48.99688]]],[[[8.39927,48.99726],[8.39934,48.99728],[8.39932,48.99732],[8.39927,48.9973],[8.39927,48.99726]]],[[[8.39937,48.99682],[8.39943,48.99684],[8.39942,48.99688],[8.39936,48.99685],[8.39937,48.99682]]],[[[8.39932,48.99707],[8.39938,48.99709],[8.39936,48.99713],[8.39931,48.99711],[8.39932,48.99707]]],[[[8.39939,48.99675],[8.39945,48.99677],[8.39944,48.9968],[8.39938,48.99678],[8.39939,48.99675]]],[[[8.39933,48.99701],[8.39939,48.99703],[8.39939,48.99706],[8.39933,48.99704],[8.39933,48.99701]]],[[[8.39926,48.99732],[8.39932,48.99735],[8.39932,48.99737],[8.39926,48.99735],[8.39926,48.99732]]],[[[8.3993,48.99715],[8.39936,48.99717],[8.39936,48.99719],[8.3993,48.99717],[8.3993,48.99715]]],[[[8.39929,48.9972],[8.39935,48.99722],[8.39934,48.99725],[8.39928,48.99723],[8.39929,48.9972]]]]}},{"type":"Feature","properties":{"zone":"62","district":"Innenstadt-West","rawHours":"werktags 8 bis 20 Uhr","rawFee":"15 min = 1,50 €; 30 min = 3,00 €; 45 min = 4,50 €; 60 min = 6,00 €","note":"Waldstraße 15","windows":[{"weekdays":[1,2,3,4,5,6],"fromMinute":480,"toMinute":1200}],"fee":{"kind":"exact","centsPerHour":600},"unmodelledRules":[],"sourceDefect":null,"spaces":null,"maxStayMinutes":null,"maxStay":"1h","maxStayShare":1,"maxStayValues":["1h"],"chargingPoints":0,"carsharing":0},"geometry":{"type":"MultiPolygon","coordinates":[[[[8.39872,49.01065],[8.39882,49.0107],[8.3988,49.01072],[8.3987,49.01066],[8.39872,49.01065]]],[[[8.39884,49.01071],[8.39894,49.01077],[8.39892,49.01079],[8.39882,49.01073],[8.39884,49.01071]]],[[[8.39907,49.01085],[8.39918,49.01091],[8.39916,49.01092],[8.39906,49.01086],[8.39907,49.01085]]],[[[8.39895,49.01078],[8.39906,49.01084],[8.39904,49.01085],[8.39894,49.01079],[8.39895,49.01078]]],[[[8.39943,49.01105],[8.39958,49.01114],[8.39956,49.01115],[8.39941,49.01107],[8.39943,49.01105]]],[[[8.39931,49.01099],[8.39941,49.01105],[8.39939,49.01106],[8.39929,49.011],[8.39931,49.01099]]],[[[8.39919,49.01092],[8.39929,49.01098],[8.39928,49.01099],[8.39918,49.01093],[8.39919,49.01092]]]]}},{"type":"Feature","properties":{"zone":"63","district":"Mühlburg","rawHours":"werktags 8 bis 20 Uhr","rawFee":"30 min = 1,50 €; 60 min = 3,00 €; 90 min = 4,50 €; 120 min = 6,00 €","note":"Weinbrennerstraße","windows":[{"weekdays":[1,2,3,4,5,6],"fromMinute":480,"toMinute":1200}],"fee":{"kind":"exact","centsPerHour":300},"unmodelledRules":[],"sourceDefect":null,"spaces":null,"maxStayMinutes":null,"maxStay":"2h","maxStayShare":1,"maxStayValues":["2h"],"chargingPoints":0,"carsharing":0},"geometry":{"type":"Polygon","coordinates":[[[8.36003,49.01031],[8.35986,49.01035],[8.35984,49.01031],[8.36001,49.01027],[8.36003,49.01031]]]}},{"type":"Feature","properties":{"zone":"64","district":"Innenstadt-West","rawHours":"werktags 8 bis 20 Uhr","rawFee":"15 min = 1,50 €; 30 min = 3,00 €; 45 min = 4,50 €; 60 min = 6,00 €","note":"Kaiserstraße 168 · Kaiserstraße 227","windows":[{"weekdays":[1,2,3,4,5,6],"fromMinute":480,"toMinute":1200}],"fee":{"kind":"exact","centsPerHour":600},"unmodelledRules":[],"sourceDefect":null,"spaces":null,"maxStayMinutes":null,"maxStay":"1h","maxStayShare":1,"maxStayValues":["1h"],"chargingPoints":0,"carsharing":0},"geometry":{"type":"MultiPolygon","coordinates":[[[[8.39236,49.0102],[8.39236,49.01018],[8.39244,49.01018],[8.39245,49.0102],[8.39236,49.0102]]],[[[8.39194,49.0102],[8.39203,49.0102],[8.39203,49.01021],[8.39195,49.01022],[8.39194,49.0102]]],[[[8.39257,49.01019],[8.39257,49.01017],[8.39265,49.01017],[8.39265,49.01019],[8.39257,49.01019]]],[[[8.39267,49.01019],[8.39267,49.01017],[8.39275,49.01016],[8.39275,49.01018],[8.39267,49.01019]]],[[[8.39246,49.0102],[8.39246,49.01018],[8.39253,49.01017],[8.39254,49.01019],[8.39246,49.0102]]],[[[8.39225,49.0102],[8.39225,49.01019],[8.39232,49.01018],[8.39232,49.0102],[8.39225,49.0102]]]]}},{"type":"Feature","properties":{"zone":"65","district":"Innenstadt-Ost","rawHours":"werktags 8 bis 20 Uhr","rawFee":"15 min = 1,50 €; 30 min = 3,00 €; 45 min = 4,50 €; 60 min = 6,00 €","note":"Markgrafenstraße","windows":[{"weekdays":[1,2,3,4,5,6],"fromMinute":480,"toMinute":1200}],"fee":{"kind":"exact","centsPerHour":600},"unmodelledRules":[],"sourceDefect":null,"spaces":null,"maxStayMinutes":null,"maxStay":"1h","maxStayShare":1,"maxStayValues":["1h"],"chargingPoints":0,"carsharing":0},"geometry":{"type":"MultiPolygon","coordinates":[[[[8.41139,49.0076],[8.41136,49.00764],[8.41124,49.00765],[8.41127,49.00761],[8.41139,49.0076]]],[[[8.41096,49.00762],[8.41093,49.00766],[8.41094,49.00766],[8.41094,49.00766],[8.41082,49.00767],[8.41085,49.00763],[8.41096,49.00762]]],[[[8.4111,49.00762],[8.41107,49.00765],[8.41108,49.00765],[8.41108,49.00765],[8.41096,49.00766],[8.41099,49.00762],[8.4111,49.00762]]],[[[8.41124,49.00761],[8.41121,49.00765],[8.4111,49.00765],[8.41113,49.00761],[8.41124,49.00761]]],[[[8.41082,49.00763],[8.41079,49.00767],[8.41069,49.00767],[8.41069,49.00767],[8.41071,49.00763],[8.41082,49.00763]]],[[[8.41148,49.0076],[8.41146,49.00764],[8.41138,49.00764],[8.41141,49.0076],[8.41148,49.0076]]]]}},{"type":"Feature","properties":{"zone":"66","district":"Innenstadt-West","rawHours":"werktags 8 bis 20 Uhr","rawFee":"15 min = 1,50 €; 30 min = 3,00 €; 45 min = 4,50 €; 60 min = 6,00 €","note":"Kaiserstraße 180","windows":[{"weekdays":[1,2,3,4,5,6],"fromMinute":480,"toMinute":1200}],"fee":{"kind":"exact","centsPerHour":600},"unmodelledRules":[],"sourceDefect":null,"spaces":null,"maxStayMinutes":null,"maxStay":"1h","maxStayShare":1,"maxStayValues":["1h"],"chargingPoints":0,"carsharing":0},"geometry":{"type":"MultiPolygon","coordinates":[[[[8.39164,49.01023],[8.39153,49.01024],[8.39153,49.01022],[8.39164,49.01021],[8.39164,49.01023]]],[[[8.39116,49.01025],[8.39106,49.01026],[8.39105,49.01024],[8.39116,49.01023],[8.39116,49.01025]]],[[[8.39152,49.01024],[8.39143,49.01024],[8.39143,49.01022],[8.39151,49.01022],[8.39152,49.01024]]],[[[8.39131,49.01025],[8.39124,49.01025],[8.39124,49.01023],[8.39131,49.01023],[8.39131,49.01025]]],[[[8.3914,49.01024],[8.39133,49.01025],[8.39133,49.01023],[8.39139,49.01022],[8.3914,49.01024]]]]}},{"type":"Feature","properties":{"zone":"67","district":"Innenstadt-West","rawHours":"werktags 8 bis 20 Uhr","rawFee":"15 min = 1,50 €; 30 min = 3,00 €; 45 min = 4,50 €; 60 min = 6,00 €","note":"Kaiserstraße 186 · Kaiserstraße 237","windows":[{"weekdays":[1,2,3,4,5,6],"fromMinute":480,"toMinute":1200}],"fee":{"kind":"exact","centsPerHour":600},"unmodelledRules":[],"sourceDefect":null,"spaces":null,"maxStayMinutes":null,"maxStay":"1h","maxStayShare":1,"maxStayValues":["1h"],"chargingPoints":0,"carsharing":0},"geometry":{"type":"MultiPolygon","coordinates":[[[[8.3908,49.01027],[8.39071,49.01028],[8.39071,49.01026],[8.3908,49.01025],[8.3908,49.01027]]],[[[8.3909,49.01027],[8.39082,49.01027],[8.39081,49.01025],[8.3909,49.01025],[8.3909,49.01027]]],[[[8.39031,49.01029],[8.39023,49.0103],[8.39023,49.01028],[8.39031,49.01027],[8.39031,49.01029]]],[[[8.39043,49.01029],[8.39036,49.01029],[8.39036,49.01027],[8.39043,49.01027],[8.39043,49.01029]]],[[[8.39064,49.01028],[8.39057,49.01028],[8.39056,49.01026],[8.39063,49.01026],[8.39064,49.01028]]],[[[8.39054,49.01028],[8.39047,49.01029],[8.39047,49.01027],[8.39054,49.01026],[8.39054,49.01028]]]]}},{"type":"Feature","properties":{"zone":"68","district":"Innenstadt-West","rawHours":"werktags 8 bis 20 Uhr","rawFee":"15 min = 1,50 €; 30 min = 3,00 €; 45 min = 4,50 €; 60 min = 6,00 €","note":"Kaiserstraße 180 · Kaiserstraße 186 · Kaiserstraße 237","windows":[{"weekdays":[1,2,3,4,5,6],"fromMinute":480,"toMinute":1200}],"fee":{"kind":"exact","centsPerHour":600},"unmodelledRules":[],"sourceDefect":null,"spaces":null,"maxStayMinutes":null,"maxStay":"1h","maxStayShare":1,"maxStayValues":["1h"],"chargingPoints":0,"carsharing":0},"geometry":{"type":"MultiPolygon","coordinates":[[[[8.39152,49.0101],[8.39142,49.01011],[8.39142,49.01009],[8.39152,49.01008],[8.39152,49.0101]]],[[[8.39029,49.01016],[8.39022,49.01016],[8.39022,49.01015],[8.39029,49.01014],[8.39029,49.01016]]],[[[8.39114,49.01012],[8.39105,49.01013],[8.39105,49.01011],[8.39114,49.0101],[8.39114,49.01012]]],[[[8.39039,49.01016],[8.39032,49.01016],[8.39031,49.01014],[8.39039,49.01014],[8.39039,49.01016]]],[[[8.39103,49.01013],[8.39095,49.01013],[8.39094,49.01011],[8.39103,49.01011],[8.39103,49.01013]]],[[[8.39066,49.01014],[8.39057,49.01015],[8.39057,49.01013],[8.39066,49.01012],[8.39066,49.01014]]],[[[8.39078,49.01014],[8.39069,49.01014],[8.39069,49.01012],[8.39078,49.01012],[8.39078,49.01014]]]]}},{"type":"Feature","properties":{"zone":"69","district":"Innenstadt-Ost","rawHours":"werktags 8 bis 20 Uhr","rawFee":"15 min = 1,50 €; 30 min = 3,00 €; 45 min = 4,50 €; 60 min = 6,00 €","note":"Kaiserstraße 41","windows":[{"weekdays":[1,2,3,4,5,6],"fromMinute":480,"toMinute":1200}],"fee":{"kind":"exact","centsPerHour":600},"unmodelledRules":[],"sourceDefect":null,"spaces":null,"maxStayMinutes":null,"maxStay":"1h","maxStayShare":1,"maxStayValues":["1h"],"chargingPoints":0,"carsharing":0},"geometry":{"type":"Polygon","coordinates":[[[8.41312,49.00914],[8.41265,49.00915],[8.41265,49.00913],[8.41312,49.00911],[8.41312,49.00914]]]}},{"type":"Feature","properties":{"zone":"70","district":"Innenstadt-Ost","rawHours":"werktags 8 bis 20 Uhr","rawFee":"15 min = 1,50 €; 30 min = 3,00 €; 45 min = 4,50 €; 60 min = 6,00 €","note":"Kaiserstraße 41 · Kaiserstraße 53","windows":[{"weekdays":[1,2,3,4,5,6],"fromMinute":480,"toMinute":1200}],"fee":{"kind":"exact","centsPerHour":600},"unmodelledRules":[],"sourceDefect":null,"spaces":null,"maxStayMinutes":null,"maxStay":"1h","maxStayShare":1,"maxStayValues":["1h"],"chargingPoints":0,"carsharing":0},"geometry":{"type":"Polygon","coordinates":[[[8.41265,49.00915],[8.41169,49.00919],[8.41168,49.00917],[8.41265,49.00913],[8.41265,49.00915]]]}},{"type":"Feature","properties":{"zone":"71","district":"Innenstadt-West","rawHours":"werktags 8 bis 20 Uhr","rawFee":"15 min = 1,50 €; 30 min = 3,00 €; 45 min = 4,50 €; 60 min = 6,00 €","note":"Stephanienstraße 86 · Kaiserplatz (S)","windows":[{"weekdays":[1,2,3,4,5,6],"fromMinute":480,"toMinute":1200}],"fee":{"kind":"exact","centsPerHour":600},"unmodelledRules":[],"sourceDefect":null,"spaces":null,"maxStayMinutes":null,"maxStay":"1h","maxStayShare":1,"maxStayValues":["1h"],"chargingPoints":0,"carsharing":0},"geometry":{"type":"MultiPolygon","coordinates":[[[[8.38931,49.0107],[8.3893,49.01064],[8.38971,49.01073],[8.38972,49.01078],[8.38931,49.0107]]],[[[8.38979,49.01074],[8.38976,49.0104],[8.38979,49.0104],[8.38982,49.01074],[8.38979,49.01074]]],[[[8.38986,49.01074],[8.38984,49.01052],[8.38987,49.01052],[8.38989,49.01074],[8.38986,49.01074]]],[[[8.38982,49.0104],[8.38985,49.0104],[8.38986,49.01044],[8.38983,49.01044],[8.38982,49.0104]]]]}},{"type":"Feature","properties":{"zone":"72","district":"Innenstadt-West","rawHours":"werktags 8 bis 20 Uhr","rawFee":"15 min = 1,50 €; 30 min = 3,00 €; 45 min = 4,50 €; 60 min = 6,00 €","note":"Karlstraße 4 · Karlstraße 8 · Karlstraße 9","windows":[{"weekdays":[1,2,3,4,5,6],"fromMinute":480,"toMinute":1200}],"fee":{"kind":"exact","centsPerHour":600},"unmodelledRules":[],"sourceDefect":null,"spaces":null,"maxStayMinutes":null,"maxStay":"1h","maxStayShare":1,"maxStayValues":["1h"],"chargingPoints":0,"carsharing":0},"geometry":{"type":"MultiPolygon","coordinates":[[[[8.39518,49.01182],[8.39512,49.01184],[8.39509,49.01152],[8.39515,49.01148],[8.39518,49.01182]]],[[[8.39509,49.01146],[8.39508,49.0114],[8.39514,49.01137],[8.39515,49.01143],[8.39509,49.01146]]],[[[8.39507,49.01131],[8.39507,49.01128],[8.39513,49.01128],[8.39513,49.0113],[8.39507,49.01131]]]]}},{"type":"Feature","properties":{"zone":"73","district":"Innenstadt-West","rawHours":"werktags 8 bis 20 Uhr","rawFee":"15 min = 1,50 €; 30 min = 3,00 €; 45 min = 4,50 €; 60 min = 6,00 €","note":"Karlstraße 8","windows":[{"weekdays":[1,2,3,4,5,6],"fromMinute":480,"toMinute":1200}],"fee":{"kind":"exact","centsPerHour":600},"unmodelledRules":[],"sourceDefect":null,"spaces":null,"maxStayMinutes":null,"maxStay":"1h","maxStayShare":1,"maxStayValues":["1h"],"chargingPoints":0,"carsharing":0},"geometry":{"type":"Polygon","coordinates":[[[8.39505,49.0111],[8.39504,49.01097],[8.3951,49.01094],[8.39511,49.01107],[8.39505,49.0111]]]}},{"type":"Feature","properties":{"zone":"74","district":"Innenstadt-West","rawHours":"werktags 8 bis 20 Uhr","rawFee":"15 min = 1,50 €; 30 min = 3,00 €; 45 min = 4,50 €; 60 min = 6,00 €","note":"Karlstraße 26 · Karlstraße 31","windows":[{"weekdays":[1,2,3,4,5,6],"fromMinute":480,"toMinute":1200}],"fee":{"kind":"exact","centsPerHour":600},"unmodelledRules":[],"sourceDefect":null,"spaces":null,"maxStayMinutes":null,"maxStay":"1h","maxStayShare":1,"maxStayValues":["1h"],"chargingPoints":0,"carsharing":0},"geometry":{"type":"MultiPolygon","coordinates":[[[[8.39466,49.00722],[8.39464,49.00722],[8.3946,49.00682],[8.39462,49.00683],[8.39466,49.00722]]],[[[8.39469,49.0075],[8.39466,49.0075],[8.39465,49.00733],[8.39467,49.00733],[8.39469,49.0075]]]]}},{"type":"Feature","properties":{"zone":"75","district":"Innenstadt-West","rawHours":"werktags 8 bis 20 Uhr","rawFee":"15 min = 1,50 €; 30 min = 3,00 €; 45 min = 4,50 €; 60 min = 6,00 €","note":"Karlstraße 40 · Karlstraße 45","windows":[{"weekdays":[1,2,3,4,5,6],"fromMinute":480,"toMinute":1200}],"fee":{"kind":"exact","centsPerHour":600},"unmodelledRules":[],"sourceDefect":null,"spaces":null,"maxStayMinutes":null,"maxStay":"1h","maxStayShare":1,"maxStayValues":["1h"],"chargingPoints":0,"carsharing":0},"geometry":{"type":"MultiPolygon","coordinates":[[[[8.39461,49.00668],[8.39458,49.00667],[8.39456,49.00649],[8.39459,49.00648],[8.39461,49.00668]]],[[[8.39457,49.00631],[8.39454,49.00631],[8.39453,49.00622],[8.39456,49.0062],[8.39457,49.00631]]],[[[8.39458,49.00645],[8.39455,49.00644],[8.39455,49.00637],[8.39457,49.00636],[8.39458,49.00645]]],[[[8.39462,49.00683],[8.3946,49.00682],[8.39459,49.00677],[8.39461,49.00678],[8.39462,49.00683]]]]}},{"type":"Feature","properties":{"zone":"76","district":"Innenstadt-West","rawHours":"werktags 8 bis 20 Uhr","rawFee":"15 min = 1,50 €; 30 min = 3,00 €; 45 min = 4,50 €; 60 min = 6,00 €","note":"Karlstraße 40 · Karlstraße 45","windows":[{"weekdays":[1,2,3,4,5,6],"fromMinute":480,"toMinute":1200}],"fee":{"kind":"exact","centsPerHour":600},"unmodelledRules":[],"sourceDefect":null,"spaces":null,"maxStayMinutes":null,"maxStay":"1h","maxStayShare":1,"maxStayValues":["1h"],"chargingPoints":0,"carsharing":0},"geometry":{"type":"MultiPolygon","coordinates":[[[[8.39483,49.00689],[8.3948,49.00661],[8.39482,49.00661],[8.39486,49.00689],[8.39483,49.00689]]],[[[8.39479,49.00655],[8.39478,49.0064],[8.39481,49.00639],[8.39482,49.00653],[8.39479,49.00655]]],[[[8.39477,49.00633],[8.39476,49.00621],[8.39478,49.00621],[8.39479,49.00633],[8.39477,49.00633]]]]}},{"type":"Feature","properties":{"zone":"77","district":"Oberreut","rawHours":"werktags 8 bis 20 Uhr","rawFee":"30 min = 1,50 €; 60 min = 3,00 €; 90 min = 4,50 €; 120 min = 6,00 €","note":"Badeniaplatz","windows":[{"weekdays":[1,2,3,4,5,6],"fromMinute":480,"toMinute":1200}],"fee":{"kind":"exact","centsPerHour":300},"unmodelledRules":[],"sourceDefect":null,"spaces":null,"maxStayMinutes":null,"maxStay":"2h","maxStayShare":1,"maxStayValues":["2h"],"chargingPoints":0,"carsharing":0},"geometry":{"type":"MultiPolygon","coordinates":[[[[8.36907,48.98226],[8.36907,48.98201],[8.3691,48.982],[8.3691,48.98227],[8.36907,48.98226]]],[[[8.36945,48.98232],[8.36945,48.98228],[8.36955,48.98228],[8.36955,48.98231],[8.36945,48.98232]]],[[[8.36931,48.98232],[8.36931,48.98228],[8.36941,48.98228],[8.36941,48.98232],[8.36931,48.98232]]]]}},{"type":"Feature","properties":{"zone":"78","district":"Innenstadt-West","rawHours":"werktags 8 bis 20 Uhr","rawFee":"15 min = 1,50 €; 30 min = 3,00 €; 45 min = 4,50 €; 60 min = 6,00 €","note":"Viktoriastraße 1 · Leopoldstraße 36","windows":[{"weekdays":[1,2,3,4,5,6],"fromMinute":480,"toMinute":1200}],"fee":{"kind":"exact","centsPerHour":600},"unmodelledRules":[],"sourceDefect":null,"spaces":null,"maxStayMinutes":null,"maxStay":"1h","maxStayShare":1,"maxStayValues":["1h"],"chargingPoints":0,"carsharing":0},"geometry":{"type":"MultiPolygon","coordinates":[[[[8.38934,49.00622],[8.38937,49.00622],[8.38939,49.00646],[8.38937,49.00646],[8.38934,49.00622]]],[[[8.38926,49.00649],[8.38927,49.00651],[8.38886,49.00653],[8.38886,49.00651],[8.38926,49.00649]]]]}},{"type":"Feature","properties":{"zone":"79","district":"Weststadt","rawHours":"werktags 8 bis 20 Uhr","rawFee":"30 min = 1,50 €; 60 min = 3,00 €; 90 min = 4,50 €; 120 min = 6,00 €","note":"Südliche Hildapromenade/West · Südliche Hildapromenade/Ost","windows":[{"weekdays":[1,2,3,4,5,6],"fromMinute":480,"toMinute":1200}],"fee":{"kind":"exact","centsPerHour":300},"unmodelledRules":[],"sourceDefect":null,"spaces":null,"maxStayMinutes":null,"maxStay":"2h","maxStayShare":1,"maxStayValues":["2h"],"chargingPoints":0,"carsharing":0},"geometry":{"type":"Polygon","coordinates":[[[8.38491,49.0115],[8.38491,49.01148],[8.38515,49.01126],[8.3853,49.01111],[8.38531,49.0111],[8.38534,49.0111],[8.38524,49.0112],[8.38512,49.01131],[8.38491,49.0115]]]}},{"type":"Feature","properties":{"zone":"80","district":"Innenstadt-West","rawHours":"werktags 8 bis 20 Uhr","rawFee":"15 min = 1,50 €; 30 min = 3,00 €; 45 min = 4,50 €; 60 min = 6,00 €","note":"Ritterstraße 16","windows":[{"weekdays":[1,2,3,4,5,6],"fromMinute":480,"toMinute":1200}],"fee":{"kind":"exact","centsPerHour":600},"unmodelledRules":[],"sourceDefect":null,"spaces":null,"maxStayMinutes":null,"maxStay":"1h","maxStayShare":1,"maxStayValues":["1h"],"chargingPoints":0,"carsharing":0},"geometry":{"type":"Polygon","coordinates":[[[8.39923,49.007],[8.39927,49.00699],[8.39973,49.0076],[8.39969,49.00761],[8.39923,49.007]]]}},{"type":"Feature","properties":{"zone":"81","district":"Innenstadt-West","rawHours":"werktags 8 bis 20 Uhr","rawFee":"15 min = 1,50 €; 30 min = 3,00 €; 45 min = 4,50 €; 60 min = 6,00 €","note":"Karlstraße 4 · Karlstraße 8 · Karlstraße 9","windows":[{"weekdays":[1,2,3,4,5,6],"fromMinute":480,"toMinute":1200}],"fee":{"kind":"exact","centsPerHour":600},"unmodelledRules":[],"sourceDefect":null,"spaces":null,"maxStayMinutes":null,"maxStay":"1h","maxStayShare":1,"maxStayValues":["1h"],"chargingPoints":0,"carsharing":0},"geometry":{"type":"MultiPolygon","coordinates":[[[[8.39532,49.01176],[8.39529,49.01156],[8.39527,49.01151],[8.39525,49.01145],[8.39524,49.01135],[8.3953,49.01135],[8.39537,49.01192],[8.39534,49.01193],[8.39532,49.01176]]],[[[8.39521,49.01104],[8.39527,49.01107],[8.3953,49.01131],[8.39524,49.01131],[8.39521,49.01104]]]]}},{"type":"Feature","properties":{"zone":"82","district":"Innenstadt-West","rawHours":"werktags 8 bis 20 Uhr","rawFee":"15 min = 1,50 €; 30 min = 3,00 €; 45 min = 4,50 €; 60 min = 6,00 €","note":"Karlstraße 26 · Karlstraße 31","windows":[{"weekdays":[1,2,3,4,5,6],"fromMinute":480,"toMinute":1200}],"fee":{"kind":"exact","centsPerHour":600},"unmodelledRules":[],"sourceDefect":null,"spaces":null,"maxStayMinutes":null,"maxStay":"1h","maxStayShare":1,"maxStayValues":["1h"],"chargingPoints":0,"carsharing":0},"geometry":{"type":"MultiPolygon","coordinates":[[[[8.39491,49.00744],[8.39488,49.00744],[8.39487,49.00725],[8.39489,49.00724],[8.39491,49.00744]]],[[[8.39488,49.0071],[8.39485,49.0071],[8.39484,49.00697],[8.39487,49.00696],[8.39488,49.0071]]],[[[8.39489,49.00721],[8.39486,49.00721],[8.39485,49.00713],[8.39488,49.00713],[8.39489,49.00721]]],[[[8.39493,49.00762],[8.39491,49.00762],[8.3949,49.00757],[8.39493,49.00757],[8.39493,49.00762]]]]}},{"type":"Feature","properties":{"zone":"83","district":"Südweststadt","rawHours":"Mo-Fr 9 bis 18 Uhr; Sa 9 bis 13 Uhr","rawFee":"30 min = 1,50 €; 60 min = 3,00 €; 90 min = 4,50 €; 120 min = 6,00 €","note":"Karlstraße 83","windows":[{"weekdays":[1,2,3,4,5],"fromMinute":540,"toMinute":1080},{"weekdays":[6],"fromMinute":540,"toMinute":780}],"fee":{"kind":"exact","centsPerHour":300},"unmodelledRules":[],"sourceDefect":null,"spaces":null,"maxStayMinutes":null,"maxStay":"2h","maxStayShare":1,"maxStayValues":["2h"],"chargingPoints":0,"carsharing":0},"geometry":{"type":"MultiPolygon","coordinates":[[[[8.3941,48.99938],[8.39412,48.99954],[8.39405,48.99951],[8.39403,48.99936],[8.3941,48.99938]]],[[[8.39409,48.99925],[8.3941,48.99936],[8.39403,48.99934],[8.39402,48.99923],[8.39409,48.99925]]]]}},{"type":"Feature","properties":{"zone":"84","district":"Oststadt","rawHours":"werktags 8 bis 20 Uhr","rawFee":"30 min = 1,50 €; 60 min = 3,00 €; 90 min = 4,50 €; 120 min = 6,00 €","note":"Karl-Wilhelm-Straße","windows":[{"weekdays":[1,2,3,4,5,6],"fromMinute":480,"toMinute":1200}],"fee":{"kind":"exact","centsPerHour":300},"unmodelledRules":[],"sourceDefect":null,"spaces":null,"maxStayMinutes":null,"maxStay":"2h","maxStayShare":1,"maxStayValues":["2h"],"chargingPoints":0,"carsharing":0},"geometry":{"type":"Polygon","coordinates":[[[8.41936,49.0097],[8.41952,49.00977],[8.41947,49.00979],[8.4193,49.00972],[8.41936,49.0097]]]}},{"type":"Feature","properties":{"zone":"85","district":"Durlach","rawHours":"werktags 8 bis 20 Uhr","rawFee":"30 min = 1,50 €; 60 min = 3,00 €; 90 min = 4,50 €; 120 min = 6,00 €","note":"Karlsburgstraße 10","windows":[{"weekdays":[1,2,3,4,5,6],"fromMinute":480,"toMinute":1200}],"fee":{"kind":"exact","centsPerHour":300},"unmodelledRules":[],"sourceDefect":null,"spaces":null,"maxStayMinutes":null,"maxStay":"2h","maxStayShare":1,"maxStayValues":["2h"],"chargingPoints":0,"carsharing":0},"geometry":{"type":"Polygon","coordinates":[[[8.47519,48.9975],[8.4752,48.99748],[8.47566,48.99725],[8.47569,48.99725],[8.47519,48.9975]]]}},{"type":"Feature","properties":{"zone":"86","district":"Südweststadt","rawHours":"werktags 8 bis 20 Uhr","rawFee":"30 min = 1,50 €; 60 min = 3,00 €; 90 min = 4,50 €; 120 min = 6,00 €","note":"Kriegsstraße 29","windows":[{"weekdays":[1,2,3,4,5,6],"fromMinute":480,"toMinute":1200}],"fee":{"kind":"exact","centsPerHour":300},"unmodelledRules":[],"sourceDefect":null,"spaces":null,"maxStayMinutes":null,"maxStay":"2h","maxStayShare":1,"maxStayValues":["2h"],"chargingPoints":0,"carsharing":0},"geometry":{"type":"MultiPolygon","coordinates":[[[[8.39866,49.00534],[8.39845,49.00534],[8.3985,49.00531],[8.3987,49.00531],[8.39871,49.00531],[8.39866,49.00534]]],[[[8.3989,49.00534],[8.39875,49.00534],[8.39881,49.00531],[8.39893,49.00531],[8.39894,49.00531],[8.3989,49.00534]]]]}},{"type":"Feature","properties":{"zone":"87","district":"Südweststadt","rawHours":"werktags 8 bis 20 Uhr","rawFee":"30 min = 1,50 €; 60 min = 3,00 €; 90 min = 4,50 €; 120 min = 6,00 €","note":"Ritterstraße 9","windows":[{"weekdays":[1,2,3,4,5,6],"fromMinute":480,"toMinute":1200}],"fee":{"kind":"exact","centsPerHour":300},"unmodelledRules":[],"sourceDefect":null,"spaces":null,"maxStayMinutes":null,"maxStay":"2h","maxStayShare":1,"maxStayValues":["2h"],"chargingPoints":0,"carsharing":0},"geometry":{"type":"MultiPolygon","coordinates":[[[[8.3982,49.00506],[8.39813,49.00506],[8.39813,49.0049],[8.3982,49.0049],[8.3982,49.00506]]],[[[8.39813,49.00523],[8.39813,49.00508],[8.3982,49.00508],[8.3982,49.00524],[8.39813,49.00523]]]]}},{"type":"Feature","properties":{"zone":"88","district":"Südweststadt","rawHours":"werktags 8 bis 20 Uhr","rawFee":"30 min = 1,50 €; 60 min = 3,00 €; 90 min = 4,50 €; 120 min = 6,00 €","note":"Kriegsstraße 45","windows":[{"weekdays":[1,2,3,4,5,6],"fromMinute":480,"toMinute":1200}],"fee":{"kind":"exact","centsPerHour":300},"unmodelledRules":[],"sourceDefect":null,"spaces":null,"maxStayMinutes":null,"maxStay":"2h","maxStayShare":1,"maxStayValues":["2h"],"chargingPoints":0,"carsharing":0},"geometry":{"type":"MultiPolygon","coordinates":[[[[8.39599,49.00528],[8.39606,49.00528],[8.39608,49.0053],[8.39597,49.0053],[8.39599,49.00528]]],[[[8.39679,49.00529],[8.39687,49.00529],[8.39688,49.00531],[8.39678,49.00531],[8.39679,49.00529]]],[[[8.39612,49.00528],[8.39619,49.00528],[8.39621,49.0053],[8.39611,49.0053],[8.39612,49.00528]]],[[[8.39571,49.0053],[8.39572,49.00528],[8.3958,49.00528],[8.39581,49.0053],[8.39571,49.0053]]],[[[8.3964,49.00529],[8.39648,49.00529],[8.39649,49.0053],[8.39639,49.0053],[8.3964,49.00529]]],[[[8.39586,49.00528],[8.39593,49.00528],[8.39594,49.0053],[8.39584,49.0053],[8.39586,49.00528]]],[[[8.39654,49.00529],[8.39661,49.00529],[8.39662,49.00531],[8.39652,49.0053],[8.39654,49.00529]]],[[[8.3955,49.00528],[8.39551,49.0053],[8.39533,49.0053],[8.39534,49.00528],[8.3955,49.00528]]]]}},{"type":"Feature","properties":{"zone":"89","district":"Südweststadt","rawHours":"werktags 8 bis 20 Uhr; Tagespauschale","rawFee":"30 min = 1,50 €; 60 min = 3,00 €; 90 min = 4,50 €; 120 min = 6,00 €; Tagespauschale = 15,00 €","note":"Südendstraße 32/Ost","windows":[{"weekdays":[1,2,3,4,5,6],"fromMinute":480,"toMinute":1200}],"fee":{"kind":"exact","centsPerHour":300},"unmodelledRules":["Tagespauschale"],"sourceDefect":null,"spaces":null,"maxStayMinutes":null,"maxStay":"24h","maxStayShare":1,"maxStayValues":["24h"],"chargingPoints":0,"carsharing":0},"geometry":{"type":"MultiPolygon","coordinates":[[[[8.38984,48.99851],[8.38982,48.99851],[8.38981,48.9985],[8.38995,48.99849],[8.38995,48.99851],[8.39,48.99855],[8.38996,48.99855],[8.38991,48.99851],[8.38986,48.99851],[8.38988,48.99851],[8.38992,48.99855],[8.38988,48.99855],[8.38984,48.99851]]],[[[8.3902,48.99849],[8.39025,48.99854],[8.39021,48.99854],[8.39016,48.9985],[8.3902,48.99849]]],[[[8.38942,48.99858],[8.38938,48.99858],[8.38933,48.99853],[8.38937,48.99853],[8.38942,48.99858]]],[[[8.39016,48.99845],[8.39016,48.99843],[8.39034,48.99842],[8.39034,48.99844],[8.39016,48.99845]]],[[[8.3895,48.99853],[8.38935,48.99853],[8.38936,48.99851],[8.3895,48.99851],[8.3895,48.99853]]],[[[8.39026,48.99849],[8.39013,48.9985],[8.39013,48.99848],[8.39026,48.99848],[8.39026,48.99849]]],[[[8.38949,48.99857],[8.38946,48.99857],[8.38941,48.99853],[8.38945,48.99853],[8.38949,48.99857]]],[[[8.39017,48.99854],[8.39013,48.99854],[8.39008,48.9985],[8.39012,48.9985],[8.39017,48.99854]]],[[[8.38959,48.99857],[8.38955,48.99857],[8.3895,48.99853],[8.38952,48.99852],[8.38951,48.99851],[8.38966,48.9985],[8.38966,48.99852],[8.38954,48.99852],[8.38954,48.99852],[8.38959,48.99857]]],[[[8.39008,48.99861],[8.39011,48.99859],[8.39035,48.99858],[8.39035,48.9986],[8.39008,48.99861]]],[[[8.38974,48.99856],[8.38971,48.99856],[8.38966,48.99852],[8.3897,48.99852],[8.38974,48.99856]]],[[[8.39005,48.99855],[8.39,48.9985],[8.39004,48.9985],[8.39009,48.99855],[8.39005,48.99855]]],[[[8.3898,48.99851],[8.38967,48.99852],[8.38967,48.9985],[8.3898,48.9985],[8.3898,48.99851]]],[[[8.39001,48.99845],[8.39,48.99844],[8.39014,48.99843],[8.39014,48.99845],[8.39001,48.99845]]],[[[8.39011,48.9985],[8.38997,48.9985],[8.38997,48.99849],[8.39011,48.99848],[8.39011,48.9985]]],[[[8.38983,48.99846],[8.38983,48.99844],[8.38999,48.99844],[8.38999,48.99845],[8.38983,48.99846]]]]}},{"type":"Feature","properties":{"zone":"90","district":"Südweststadt","rawHours":"werktags 8 bis 20 Uhr; Tagespauschale","rawFee":"30 min = 1,50 €; 60 min = 3,00 €; 90 min = 4,50 €; 120 min = 6,00 €; Tagespauschale = 15,00 €","note":"Südendstraße 32/west · Südendstraße 35","windows":[{"weekdays":[1,2,3,4,5,6],"fromMinute":480,"toMinute":1200}],"fee":{"kind":"exact","centsPerHour":300},"unmodelledRules":["Tagespauschale"],"sourceDefect":null,"spaces":null,"maxStayMinutes":null,"maxStay":"24h","maxStayShare":1,"maxStayValues":["24h"],"chargingPoints":0,"carsharing":0},"geometry":{"type":"MultiPolygon","coordinates":[[[[8.38831,48.99869],[8.38831,48.99867],[8.38844,48.99866],[8.38845,48.99868],[8.38831,48.99869]]],[[[8.38868,48.99856],[8.38872,48.99856],[8.38877,48.9986],[8.38872,48.99861],[8.38868,48.99856]]],[[[8.38898,48.99859],[8.38894,48.99855],[8.38898,48.99855],[8.38902,48.99859],[8.38898,48.99859]]],[[[8.38906,48.99859],[8.38902,48.99855],[8.38906,48.99855],[8.3891,48.99859],[8.38906,48.99859]]],[[[8.38889,48.9986],[8.38885,48.99855],[8.38889,48.99855],[8.38893,48.9986],[8.38889,48.9986]]],[[[8.38877,48.99856],[8.38881,48.99856],[8.38885,48.9986],[8.38881,48.9986],[8.38877,48.99856]]],[[[8.38829,48.99862],[8.38825,48.99858],[8.38829,48.99858],[8.38833,48.99862],[8.38829,48.99862]]],[[[8.38842,48.99857],[8.38846,48.99857],[8.38851,48.99862],[8.38847,48.99862],[8.38842,48.99857]]],[[[8.38864,48.99861],[8.3886,48.99857],[8.38863,48.99857],[8.38868,48.99861],[8.38864,48.99861]]],[[[8.38834,48.99858],[8.38838,48.99858],[8.38842,48.99862],[8.38838,48.99862],[8.38834,48.99858]]],[[[8.38859,48.99861],[8.38856,48.99861],[8.38851,48.99857],[8.38855,48.99857],[8.38859,48.99861]]],[[[8.38821,48.99869],[8.38821,48.99867],[8.38829,48.99867],[8.38829,48.99869],[8.38821,48.99869]]],[[[8.38846,48.99868],[8.38846,48.99866],[8.38852,48.99866],[8.38852,48.99868],[8.38846,48.99868]]]]}},{"type":"Feature","properties":{"zone":"91","district":"Südweststadt","rawHours":"werktags 8 bis 20 Uhr; Tagespauschale","rawFee":"30 min = 1,50 €; 60 min = 3,00 €; 90 min = 4,50 €; 120 min = 6,00 €; Tagespauschale = 15,00 €","note":"Südendstraße 32/west · Südendstraße 35","windows":[{"weekdays":[1,2,3,4,5,6],"fromMinute":480,"toMinute":1200}],"fee":{"kind":"exact","centsPerHour":300},"unmodelledRules":["Tagespauschale"],"sourceDefect":null,"spaces":null,"maxStayMinutes":null,"maxStay":"24h","maxStayShare":1,"maxStayValues":["24h"],"chargingPoints":0,"carsharing":0},"geometry":{"type":"MultiPolygon","coordinates":[[[[8.38842,48.99851],[8.38864,48.9985],[8.38864,48.99851],[8.38843,48.99852],[8.38842,48.99851]]],[[[8.38946,48.99848],[8.38929,48.99848],[8.38929,48.99847],[8.38946,48.99846],[8.38946,48.99848]]],[[[8.38895,48.9985],[8.38895,48.99848],[8.38909,48.99848],[8.38909,48.99849],[8.38895,48.9985]]],[[[8.3888,48.99851],[8.3888,48.99849],[8.38893,48.99848],[8.38893,48.9985],[8.3888,48.99851]]],[[[8.38865,48.99851],[8.38865,48.9985],[8.38878,48.99849],[8.38878,48.99851],[8.38865,48.99851]]],[[[8.3891,48.99849],[8.3891,48.99848],[8.38923,48.99847],[8.38923,48.99849],[8.3891,48.99849]]]]}},{"type":"Feature","properties":{"zone":"92","district":"Weststadt","rawHours":"werktags 8 bis 20 Uhr","rawFee":"30 min = 1,50 €; 60 min = 3,00 €; 90 min = 4,50 €; 120 min = 6,00 €","note":"Südliche Hildapromenade/West · Südliche Hildapromenade/Ost","windows":[{"weekdays":[1,2,3,4,5,6],"fromMinute":480,"toMinute":1200}],"fee":{"kind":"exact","centsPerHour":300},"unmodelledRules":[],"sourceDefect":null,"spaces":null,"maxStayMinutes":null,"maxStay":"2h","maxStayShare":1,"maxStayValues":["2h"],"chargingPoints":0,"carsharing":0},"geometry":{"type":"Polygon","coordinates":[[[8.38531,49.01135],[8.38514,49.01151],[8.38493,49.01169],[8.3849,49.01161],[8.38507,49.01148],[8.38524,49.01132],[8.38531,49.01135]]]}},{"type":"Feature","properties":{"zone":"93","district":"Weststadt","rawHours":"werktags 8 bis 20 Uhr","rawFee":"30 min = 1,50 €; 60 min = 3,00 €; 90 min = 4,50 €; 120 min = 6,00 €","note":"Yorckstraße","windows":[{"weekdays":[1,2,3,4,5,6],"fromMinute":480,"toMinute":1200}],"fee":{"kind":"exact","centsPerHour":300},"unmodelledRules":[],"sourceDefect":null,"spaces":null,"maxStayMinutes":null,"maxStay":"2h","maxStayShare":1,"maxStayValues":["2h"],"chargingPoints":0,"carsharing":0},"geometry":{"type":"MultiPolygon","coordinates":[[[[8.37431,49.0103],[8.37442,49.01027],[8.37443,49.01031],[8.37444,49.01034],[8.37445,49.01041],[8.37446,49.01043],[8.3744,49.01044],[8.37431,49.0103]]],[[[8.3744,49.0106],[8.37442,49.0106],[8.37451,49.01074],[8.37448,49.01075],[8.3744,49.0106]]],[[[8.3743,49.01043],[8.37432,49.01043],[8.3744,49.01056],[8.37438,49.01057],[8.3743,49.01043]]]]}},{"type":"Feature","properties":{"zone":"94","district":"Innenstadt-Ost","rawHours":"werktags 8 bis 20 Uhr","rawFee":"15 min = 1,50 €; 30 min = 3,00 €; 45 min = 4,50 €; 60 min = 6,00 €","note":"Zirkel 13","windows":[{"weekdays":[1,2,3,4,5,6],"fromMinute":480,"toMinute":1200}],"fee":{"kind":"exact","centsPerHour":600},"unmodelledRules":[],"sourceDefect":null,"spaces":null,"maxStayMinutes":null,"maxStay":"1h","maxStayShare":1,"maxStayValues":["1h"],"chargingPoints":0,"carsharing":0},"geometry":{"type":"Polygon","coordinates":[[[8.40641,49.01034],[8.40645,49.01033],[8.40655,49.01035],[8.40665,49.01038],[8.40679,49.01042],[8.40688,49.01045],[8.4069,49.01047],[8.40675,49.01043],[8.40649,49.01035],[8.40641,49.01034]]]}},{"type":"Feature","properties":{"zone":"95","district":"Südweststadt","rawHours":"werktags 8 bis 20 Uhr","rawFee":"30 min = 1,50 €; 60 min = 3,00 €; 90 min = 4,50 €; 120 min = 6,00 €","note":"Kriegsstraße 117","windows":[{"weekdays":[1,2,3,4,5,6],"fromMinute":480,"toMinute":1200}],"fee":{"kind":"exact","centsPerHour":300},"unmodelledRules":[],"sourceDefect":null,"spaces":null,"maxStayMinutes":null,"maxStay":"2h","maxStayShare":1,"maxStayValues":["2h"],"chargingPoints":0,"carsharing":0},"geometry":{"type":"MultiPolygon","coordinates":[[[[8.38267,49.00536],[8.38267,49.00532],[8.38283,49.00532],[8.38283,49.00536],[8.38267,49.00536]]],[[[8.38232,49.00534],[8.38246,49.00533],[8.38246,49.00537],[8.38232,49.00538],[8.38232,49.00534]]]]}},{"type":"Feature","properties":{"zone":"96","district":"Innenstadt-West","rawHours":"werktags 8 bis 20 Uhr","rawFee":"15 min = 1,50 €; 30 min = 3,00 €; 45 min = 4,50 €; 60 min = 6,00 €","note":"Douglasstraße 5","windows":[{"weekdays":[1,2,3,4,5,6],"fromMinute":480,"toMinute":1200}],"fee":{"kind":"exact","centsPerHour":600},"unmodelledRules":[],"sourceDefect":null,"spaces":null,"maxStayMinutes":null,"maxStay":"1h","maxStayShare":1,"maxStayValues":["1h"],"chargingPoints":0,"carsharing":0},"geometry":{"type":"MultiPolygon","coordinates":[[[[8.39364,49.0115],[8.39361,49.01131],[8.39364,49.01131],[8.39366,49.0115],[8.39364,49.0115]]],[[[8.39362,49.01115],[8.39363,49.01126],[8.39361,49.01126],[8.3936,49.01116],[8.39362,49.01115]]],[[[8.39358,49.01098],[8.39357,49.01093],[8.3936,49.01093],[8.3936,49.01098],[8.39358,49.01098]]],[[[8.39359,49.01107],[8.39358,49.01103],[8.39361,49.01103],[8.39361,49.01107],[8.39359,49.01107]]],[[[8.39364,49.01156],[8.39364,49.01151],[8.39366,49.01151],[8.39366,49.01156],[8.39364,49.01156]]]]}},{"type":"Feature","properties":{"zone":"97","district":"Innenstadt-West","rawHours":"werktags 8 bis 20 Uhr","rawFee":"15 min = 1,50 €; 30 min = 3,00 €; 45 min = 4,50 €; 60 min = 6,00 €","note":"Douglasstraße 15","windows":[{"weekdays":[1,2,3,4,5,6],"fromMinute":480,"toMinute":1200}],"fee":{"kind":"exact","centsPerHour":600},"unmodelledRules":[],"sourceDefect":null,"spaces":null,"maxStayMinutes":null,"maxStay":"1h","maxStayShare":1,"maxStayValues":["1h"],"chargingPoints":0,"carsharing":0},"geometry":{"type":"MultiPolygon","coordinates":[[[[8.39365,49.01083],[8.39365,49.01081],[8.39379,49.01081],[8.39379,49.01083],[8.39365,49.01083]]],[[[8.39381,49.01083],[8.39381,49.0108],[8.39394,49.0108],[8.39395,49.01082],[8.39381,49.01083]]],[[[8.39354,49.01038],[8.39351,49.01038],[8.3935,49.01028],[8.39353,49.01028],[8.39354,49.01038]]],[[[8.39355,49.01048],[8.39352,49.01048],[8.39351,49.01039],[8.39354,49.01039],[8.39355,49.01048]]],[[[8.39357,49.01064],[8.39354,49.01064],[8.39353,49.01055],[8.39356,49.01055],[8.39357,49.01064]]],[[[8.39358,49.01074],[8.39355,49.01075],[8.39354,49.01066],[8.39357,49.01066],[8.39358,49.01074]]],[[[8.39404,49.01079],[8.39404,49.01081],[8.39397,49.01082],[8.39397,49.0108],[8.39404,49.01079]]],[[[8.39352,49.01026],[8.3935,49.01026],[8.39349,49.01022],[8.39352,49.01022],[8.39352,49.01026]]]]}},{"type":"Feature","properties":{"zone":"98","district":"Südweststadt","rawHours":"täglich 6 bis 24 Uhr; Tagespauschale","rawFee":"30 min = 1,50 €; 60 min = 3,00 €; 90 min = 4,50 €; 120 min = 6,00 €; Tagespauschale = 22,50 €","note":"Bahnhofstraße 40","windows":[{"weekdays":[0,1,2,3,4,5,6],"fromMinute":360,"toMinute":1440}],"fee":{"kind":"exact","centsPerHour":300},"unmodelledRules":["Tagespauschale"],"sourceDefect":null,"spaces":null,"maxStayMinutes":null,"maxStay":"24h","maxStayShare":1,"maxStayValues":["24h"],"chargingPoints":0,"carsharing":0},"geometry":{"type":"MultiPolygon","coordinates":[[[[8.39943,48.99655],[8.39949,48.99658],[8.39949,48.9966],[8.39946,48.99662],[8.39942,48.99661],[8.39943,48.99655]]],[[[8.39947,48.99636],[8.39953,48.99639],[8.39953,48.99641],[8.39951,48.99643],[8.39946,48.99641],[8.39947,48.99636]]],[[[8.39944,48.99649],[8.3995,48.99651],[8.3995,48.99654],[8.39948,48.99656],[8.39943,48.99654],[8.39944,48.99649]]],[[[8.3996,48.99586],[8.39965,48.99588],[8.39965,48.9959],[8.39963,48.99592],[8.39958,48.9959],[8.3996,48.99586]]],[[[8.39948,48.9963],[8.39954,48.99633],[8.39954,48.99637],[8.39947,48.99635],[8.39948,48.9963]]],[[[8.39946,48.99643],[8.39952,48.99645],[8.39951,48.99647],[8.3995,48.99649],[8.39945,48.99647],[8.39946,48.99643]]],[[[8.39954,48.99605],[8.3996,48.99607],[8.3996,48.99609],[8.39958,48.99611],[8.39953,48.99609],[8.39954,48.99605]]],[[[8.3995,48.99624],[8.39956,48.99626],[8.39954,48.9963],[8.39949,48.99628],[8.3995,48.99624]]],[[[8.39956,48.99598],[8.39962,48.99601],[8.39961,48.99603],[8.3996,48.99605],[8.39955,48.99603],[8.39956,48.99598]]],[[[8.39958,48.99592],[8.39964,48.99594],[8.39963,48.99597],[8.39961,48.99598],[8.39956,48.99596],[8.39958,48.99592]]],[[[8.39951,48.99617],[8.39957,48.9962],[8.39955,48.99623],[8.3995,48.99622],[8.39951,48.99617]]]]}},{"type":"Feature","properties":{"zone":"99","district":"Südweststadt","rawHours":"werktags 8 bis 20 Uhr","rawFee":"30 min = 1,50 €; 60 min = 3,00 €; 90 min = 4,50 €; 120 min = 6,00 €","note":"Ebertstraße 3","windows":[{"weekdays":[1,2,3,4,5,6],"fromMinute":480,"toMinute":1200}],"fee":{"kind":"exact","centsPerHour":300},"unmodelledRules":[],"sourceDefect":null,"spaces":null,"maxStayMinutes":null,"maxStay":"2h","maxStayShare":1,"maxStayValues":["2h"],"chargingPoints":0,"carsharing":0},"geometry":{"type":"MultiPolygon","coordinates":[[[[8.39798,48.99417],[8.39805,48.99416],[8.3981,48.99417],[8.39809,48.99418],[8.39815,48.99417],[8.39817,48.99419],[8.3977,48.99424],[8.39773,48.99419],[8.39798,48.99417]]],[[[8.39746,48.99422],[8.39771,48.9942],[8.39768,48.99424],[8.39755,48.99426],[8.39742,48.99427],[8.39746,48.99422]]],[[[8.3972,48.99428],[8.39723,48.99424],[8.39743,48.99422],[8.3974,48.99427],[8.3972,48.99428]]]]}},{"type":"Feature","properties":{"zone":"100","district":"Innenstadt-West","rawHours":"werktags 8 bis 20 Uhr","rawFee":"15 min = 1,50 €; 30 min = 3,00 €; 45 min = 4,50 €; 60 min = 6,00 €","note":"Herrenstraße BBB","windows":[{"weekdays":[1,2,3,4,5,6],"fromMinute":480,"toMinute":1200}],"fee":{"kind":"exact","centsPerHour":600},"unmodelledRules":[],"sourceDefect":null,"spaces":null,"maxStayMinutes":null,"maxStay":"1h","maxStayShare":1,"maxStayValues":["1h"],"chargingPoints":0,"carsharing":0},"geometry":{"type":"MultiPolygon","coordinates":[[[[8.40049,49.01078],[8.40055,49.01075],[8.40067,49.01085],[8.40062,49.01088],[8.40049,49.01078]]],[[[8.40026,49.01058],[8.40031,49.01055],[8.40037,49.0106],[8.40032,49.01063],[8.40026,49.01058]]]]}},{"type":"Feature","properties":{"zone":"101","district":"Innenstadt-West","rawHours":"werktags 8 bis 20 Uhr","rawFee":"15 min = 1,50 €; 30 min = 3,00 €; 45 min = 4,50 €; 60 min = 6,00 €","note":"Hirschstraße 6","windows":[{"weekdays":[1,2,3,4,5,6],"fromMinute":480,"toMinute":1200}],"fee":{"kind":"exact","centsPerHour":600},"unmodelledRules":[],"sourceDefect":null,"spaces":null,"maxStayMinutes":null,"maxStay":"1h","maxStayShare":1,"maxStayValues":["1h"],"chargingPoints":0,"carsharing":0},"geometry":{"type":"MultiPolygon","coordinates":[[[[8.39183,49.01071],[8.3918,49.01071],[8.39176,49.01029],[8.39178,49.01029],[8.39183,49.01071]]],[[[8.39187,49.01111],[8.39184,49.01111],[8.39181,49.0108],[8.39184,49.0108],[8.39187,49.01111]]]]}},{"type":"Feature","properties":{"zone":"102","district":"Nordweststadt","rawHours":"werktags 8 bis 20 Uhr; Tagespauschale","rawFee":"30 min = 1,50 €; 60 min = 3,00 €; 90 min = 4,50 €; 120 min = 6,00 €; Tagespauschale = 15,00 €","note":"Kußmaulstraße 2 · Kußmaulstraße 1","windows":[{"weekdays":[1,2,3,4,5,6],"fromMinute":480,"toMinute":1200}],"fee":{"kind":"exact","centsPerHour":300},"unmodelledRules":["Tagespauschale"],"sourceDefect":null,"spaces":null,"maxStayMinutes":null,"maxStay":"24h","maxStayShare":1,"maxStayValues":["24h"],"chargingPoints":0,"carsharing":0},"geometry":{"type":"MultiPolygon","coordinates":[[[[8.36948,49.0175],[8.36947,49.01751],[8.3693,49.01735],[8.36933,49.01735],[8.36948,49.0175]]],[[[8.37003,49.01806],[8.36991,49.01794],[8.36994,49.01794],[8.37005,49.01805],[8.37003,49.01806]]],[[[8.36952,49.01753],[8.36962,49.01763],[8.36961,49.01765],[8.36949,49.01753],[8.36952,49.01753]]],[[[8.36976,49.01777],[8.36975,49.01778],[8.36963,49.01767],[8.36966,49.01767],[8.36976,49.01777]]],[[[8.3699,49.0179],[8.36989,49.01792],[8.36976,49.0178],[8.3698,49.0178],[8.3699,49.0179]]],[[[8.36929,49.01731],[8.36928,49.01733],[8.36916,49.01721],[8.3692,49.01722],[8.36929,49.01731]]]]}},{"type":"Feature","properties":{"zone":"103","district":"Nordweststadt","rawHours":"werktags 8 bis 20 Uhr; Tagespauschale","rawFee":"30 min = 1,50 €; 60 min = 3,00 €; 90 min = 4,50 €; 120 min = 6,00 €; Tagespauschale = 15,00 €","note":"Kußmaulstraße 2 · Kußmaulstraße 1","windows":[{"weekdays":[1,2,3,4,5,6],"fromMinute":480,"toMinute":1200}],"fee":{"kind":"exact","centsPerHour":300},"unmodelledRules":["Tagespauschale"],"sourceDefect":null,"spaces":null,"maxStayMinutes":null,"maxStay":"24h","maxStayShare":1,"maxStayValues":["24h"],"chargingPoints":0,"carsharing":0},"geometry":{"type":"MultiPolygon","coordinates":[[[[8.36943,49.01762],[8.36918,49.01738],[8.36922,49.01738],[8.36944,49.0176],[8.36943,49.01762]]],[[[8.36992,49.0181],[8.36996,49.0181],[8.37005,49.0182],[8.37002,49.0182],[8.36992,49.0181]]],[[[8.36985,49.01803],[8.36975,49.01793],[8.36976,49.01791],[8.36985,49.018],[8.36985,49.01803]]],[[[8.36949,49.01768],[8.36953,49.01768],[8.36962,49.01777],[8.36959,49.01778],[8.36949,49.01768]]],[[[8.36972,49.0179],[8.36962,49.01781],[8.36963,49.01779],[8.36975,49.0179],[8.36972,49.0179]]]]}},{"type":"Feature","properties":{"zone":"104","district":"Südweststadt","rawHours":"werktags 8 bis 20 Uhr","rawFee":"30 min = 1,50 €; 60 min = 3,00 €; 90 min = 4,50 €; 120 min = 6,00 €","note":"Lorenzstraße 20","windows":[{"weekdays":[1,2,3,4,5,6],"fromMinute":480,"toMinute":1200}],"fee":{"kind":"exact","centsPerHour":300},"unmodelledRules":[],"sourceDefect":null,"spaces":null,"maxStayMinutes":null,"maxStay":"2h","maxStayShare":1,"maxStayValues":["2h"],"chargingPoints":0,"carsharing":0},"geometry":{"type":"MultiPolygon","coordinates":[[[[8.38309,49.00188],[8.38306,49.00188],[8.38303,49.00159],[8.38306,49.00158],[8.38309,49.00188]]],[[[8.38306,49.00154],[8.38303,49.00153],[8.38301,49.00134],[8.38304,49.00134],[8.38306,49.00154]]]]}},{"type":"Feature","properties":{"zone":"105","district":"Mühlburg","rawHours":"werktags 8 bis 20 Uhr","rawFee":"30 min = 1,50 €; 60 min = 3,00 €; 90 min = 4,50 €; 120 min = 6,00 €","note":"Lameystraße 12","windows":[{"weekdays":[1,2,3,4,5,6],"fromMinute":480,"toMinute":1200}],"fee":{"kind":"exact","centsPerHour":300},"unmodelledRules":[],"sourceDefect":null,"spaces":null,"maxStayMinutes":null,"maxStay":"2h","maxStayShare":1,"maxStayValues":["2h"],"chargingPoints":0,"carsharing":0},"geometry":{"type":"Polygon","coordinates":[[[8.35783,49.01133],[8.3579,49.01128],[8.358,49.01134],[8.35793,49.01139],[8.35783,49.01133]]]}},{"type":"Feature","properties":{"zone":"106","district":"Innenstadt-West","rawHours":"werktags 8 bis 20 Uhr","rawFee":"15 min = 1,50 €; 30 min = 3,00 €; 45 min = 4,50 €; 60 min = 6,00 €","note":"Leopoldstraße 3","windows":[{"weekdays":[1,2,3,4,5,6],"fromMinute":480,"toMinute":1200}],"fee":{"kind":"exact","centsPerHour":600},"unmodelledRules":[],"sourceDefect":null,"spaces":null,"maxStayMinutes":null,"maxStay":"1h","maxStayShare":1,"maxStayValues":["1h"],"chargingPoints":0,"carsharing":0},"geometry":{"type":"Polygon","coordinates":[[[8.38982,49.01008],[8.3898,49.01008],[8.38976,49.00972],[8.38979,49.00972],[8.38982,49.01008]]]}},{"type":"Feature","properties":{"zone":"107","district":"Weststadt","rawHours":"werktags 8 bis 20 Uhr","rawFee":"30 min = 1,50 €; 60 min = 3,00 €; 90 min = 4,50 €; 120 min = 6,00 €","note":"Kaiserallee 10","windows":[{"weekdays":[1,2,3,4,5,6],"fromMinute":480,"toMinute":1200}],"fee":{"kind":"exact","centsPerHour":300},"unmodelledRules":[],"sourceDefect":null,"spaces":null,"maxStayMinutes":null,"maxStay":"2h","maxStayShare":1,"maxStayValues":["2h"],"chargingPoints":0,"carsharing":0},"geometry":{"type":"Polygon","coordinates":[[[8.3815,49.01083],[8.38153,49.01081],[8.3821,49.01079],[8.3821,49.0108],[8.3815,49.01083]]]}},{"type":"Feature","properties":{"zone":"108","district":"Weststadt","rawHours":"werktags 8 bis 20 Uhr","rawFee":"30 min = 1,50 €; 60 min = 3,00 €; 90 min = 4,50 €; 120 min = 6,00 €","note":"Kaiserallee 8","windows":[{"weekdays":[1,2,3,4,5,6],"fromMinute":480,"toMinute":1200}],"fee":{"kind":"exact","centsPerHour":300},"unmodelledRules":[],"sourceDefect":null,"spaces":null,"maxStayMinutes":null,"maxStay":"2h","maxStayShare":1,"maxStayValues":["2h"],"chargingPoints":0,"carsharing":0},"geometry":{"type":"Polygon","coordinates":[[[8.3821,49.01079],[8.38294,49.01075],[8.38295,49.01076],[8.3821,49.0108],[8.3821,49.01079]]]}},{"type":"Feature","properties":{"zone":"109","district":"Weststadt","rawHours":"werktags 8 bis 20 Uhr","rawFee":"30 min = 1,50 €; 60 min = 3,00 €; 90 min = 4,50 €; 120 min = 6,00 €","note":"Kaiserallee 11","windows":[{"weekdays":[1,2,3,4,5,6],"fromMinute":480,"toMinute":1200}],"fee":{"kind":"exact","centsPerHour":300},"unmodelledRules":[],"sourceDefect":null,"spaces":null,"maxStayMinutes":null,"maxStay":"2h","maxStayShare":1,"maxStayValues":["2h"],"chargingPoints":0,"carsharing":0},"geometry":{"type":"MultiPolygon","coordinates":[[[[8.38522,49.01037],[8.38523,49.01035],[8.3853,49.01034],[8.38532,49.01036],[8.38522,49.01037]]],[[[8.38511,49.01037],[8.38512,49.01035],[8.38519,49.01035],[8.38521,49.01037],[8.38511,49.01037]]],[[[8.38533,49.01036],[8.38534,49.01034],[8.38541,49.01034],[8.38543,49.01036],[8.38533,49.01036]]],[[[8.385,49.01038],[8.38501,49.01036],[8.38508,49.01035],[8.3851,49.01037],[8.385,49.01038]]]]}},{"type":"Feature","properties":{"zone":"110","district":"Südstadt","rawHours":"werktags 8 bis 20 Uhr","rawFee":"30 min = 1,50 €; 60 min = 3,00 €; 90 min = 4,50 €; 120 min = 6,00 €","note":"Werderplatz","windows":[{"weekdays":[1,2,3,4,5,6],"fromMinute":480,"toMinute":1200}],"fee":{"kind":"exact","centsPerHour":300},"unmodelledRules":[],"sourceDefect":null,"spaces":null,"maxStayMinutes":null,"maxStay":"2h","maxStayShare":1,"maxStayValues":["2h"],"chargingPoints":0,"carsharing":0},"geometry":{"type":"MultiPolygon","coordinates":[[[[8.40606,49.00153],[8.40606,49.00151],[8.40613,49.00151],[8.40613,49.00153],[8.40606,49.00153]]],[[[8.40642,49.00154],[8.40642,49.00152],[8.40649,49.00152],[8.40648,49.00154],[8.40642,49.00154]]],[[[8.4065,49.00154],[8.40651,49.00152],[8.40658,49.00152],[8.40657,49.00154],[8.4065,49.00154]]],[[[8.40624,49.00153],[8.40624,49.00151],[8.40631,49.00152],[8.40631,49.00153],[8.40624,49.00153]]],[[[8.40649,49.00148],[8.40642,49.00148],[8.40642,49.00146],[8.40649,49.00147],[8.40649,49.00148]]],[[[8.40658,49.00149],[8.40651,49.00148],[8.40651,49.00147],[8.40658,49.00147],[8.40658,49.00149]]],[[[8.40633,49.00153],[8.40633,49.00152],[8.4064,49.00152],[8.4064,49.00154],[8.40633,49.00153]]],[[[8.4066,49.00149],[8.4066,49.00147],[8.40667,49.00147],[8.40667,49.00149],[8.4066,49.00149]]],[[[8.40659,49.00154],[8.40659,49.00152],[8.40666,49.00152],[8.40666,49.00154],[8.40659,49.00154]]],[[[8.4064,49.00148],[8.40633,49.00148],[8.40633,49.00146],[8.4064,49.00146],[8.4064,49.00148]]],[[[8.40613,49.00147],[8.40606,49.00147],[8.40606,49.00145],[8.40613,49.00146],[8.40613,49.00147]]],[[[8.40597,49.00153],[8.40597,49.00151],[8.40604,49.00151],[8.40604,49.00153],[8.40597,49.00153]]],[[[8.40615,49.00153],[8.40615,49.00151],[8.40622,49.00151],[8.40622,49.00153],[8.40615,49.00153]]],[[[8.40631,49.00148],[8.40624,49.00148],[8.40624,49.00146],[8.40631,49.00146],[8.40631,49.00148]]],[[[8.40622,49.00148],[8.40615,49.00148],[8.40615,49.00146],[8.40622,49.00146],[8.40622,49.00148]]],[[[8.40604,49.00147],[8.40598,49.00147],[8.40598,49.00145],[8.40604,49.00145],[8.40604,49.00147]]]]}},{"type":"Feature","properties":{"zone":"112","district":"Innenstadt-Ost","rawHours":"werktags 8 bis 20 Uhr","rawFee":"15 min = 1,50 €; 30 min = 3,00 €; 45 min = 4,50 €; 60 min = 6,00 €","note":"Lidellplatz","windows":[{"weekdays":[1,2,3,4,5,6],"fromMinute":480,"toMinute":1200}],"fee":{"kind":"exact","centsPerHour":600},"unmodelledRules":[],"sourceDefect":null,"spaces":null,"maxStayMinutes":null,"maxStay":"1h","maxStayShare":1,"maxStayValues":["1h"],"chargingPoints":0,"carsharing":0},"geometry":{"type":"MultiPolygon","coordinates":[[[[8.40692,49.00725],[8.40694,49.00729],[8.40688,49.00731],[8.40685,49.00726],[8.40692,49.00725]]],[[[8.40733,49.00714],[8.40735,49.00719],[8.40729,49.0072],[8.40726,49.00716],[8.40733,49.00714]]],[[[8.40702,49.00722],[8.40705,49.00726],[8.40698,49.00728],[8.40696,49.00724],[8.40702,49.00722]]],[[[8.4075,49.0071],[8.40752,49.00714],[8.40746,49.00716],[8.40743,49.00712],[8.4075,49.0071]]],[[[8.40723,49.00717],[8.40725,49.00721],[8.40719,49.00723],[8.40716,49.00718],[8.40723,49.00717]]],[[[8.4076,49.00707],[8.40763,49.00712],[8.40756,49.00713],[8.40754,49.00709],[8.4076,49.00707]]],[[[8.40712,49.00719],[8.40715,49.00724],[8.40709,49.00725],[8.40706,49.00721],[8.40712,49.00719]]],[[[8.4077,49.00705],[8.40772,49.00709],[8.40766,49.0071],[8.40764,49.00706],[8.4077,49.00705]]]]}},{"type":"Feature","properties":{"zone":"113","district":"Durlach","rawHours":"werktags 8 bis 20 Uhr","rawFee":"30 min = 1,50 €; 60 min = 3,00 €; 90 min = 4,50 €; 120 min = 6,00 €","note":"Marstallstraße 8","windows":[{"weekdays":[1,2,3,4,5,6],"fromMinute":480,"toMinute":1200}],"fee":{"kind":"exact","centsPerHour":300},"unmodelledRules":[],"sourceDefect":null,"spaces":null,"maxStayMinutes":null,"maxStay":"2h","maxStayShare":1,"maxStayValues":["2h"],"chargingPoints":0,"carsharing":0},"geometry":{"type":"MultiPolygon","coordinates":[[[[8.47314,48.99868],[8.47317,48.99868],[8.47321,48.99893],[8.47319,48.99893],[8.47314,48.99868]]],[[[8.47312,48.99855],[8.47309,48.9984],[8.47311,48.9984],[8.47314,48.99854],[8.47312,48.99855]]],[[[8.47308,48.99835],[8.47307,48.99825],[8.47307,48.9982],[8.4731,48.9982],[8.4731,48.99825],[8.4731,48.99831],[8.4731,48.99835],[8.47308,48.99835]]]]}},{"type":"Feature","properties":{"zone":"114","district":"Südweststadt","rawHours":"werktags 8 bis 20 Uhr","rawFee":"30 min = 1,50 €; 60 min = 3,00 €; 90 min = 4,50 €; 120 min = 6,00 €","note":"Mathystraße/Ost","windows":[{"weekdays":[1,2,3,4,5,6],"fromMinute":480,"toMinute":1200}],"fee":{"kind":"exact","centsPerHour":300},"unmodelledRules":[],"sourceDefect":null,"spaces":null,"maxStayMinutes":null,"maxStay":"2h","maxStayShare":1,"maxStayValues":["2h"],"chargingPoints":0,"carsharing":0},"geometry":{"type":"MultiPolygon","coordinates":[[[[8.39375,49.00263],[8.39381,49.00267],[8.39368,49.00268],[8.39362,49.00265],[8.39375,49.00263]]],[[[8.39358,49.00265],[8.39364,49.00269],[8.39351,49.00271],[8.39346,49.00267],[8.39358,49.00265]]]]}},{"type":"Feature","properties":{"zone":"115","district":"Südweststadt","rawHours":"werktags 8 bis 20 Uhr","rawFee":"30 min = 1,50 €; 60 min = 3,00 €; 90 min = 4,50 €; 120 min = 6,00 €","note":"Mathystraße/West","windows":[{"weekdays":[1,2,3,4,5,6],"fromMinute":480,"toMinute":1200}],"fee":{"kind":"exact","centsPerHour":300},"unmodelledRules":[],"sourceDefect":null,"spaces":null,"maxStayMinutes":null,"maxStay":"2h","maxStayShare":1,"maxStayValues":["2h"],"chargingPoints":0,"carsharing":0},"geometry":{"type":"MultiPolygon","coordinates":[[[[8.39511,49.00233],[8.39497,49.00235],[8.39496,49.00231],[8.3951,49.00229],[8.39511,49.00233]]],[[[8.39494,49.00235],[8.39485,49.00236],[8.39484,49.00232],[8.39493,49.00231],[8.39494,49.00235]]],[[[8.39522,49.00232],[8.39514,49.00233],[8.39513,49.00229],[8.39521,49.00228],[8.39522,49.00232]]]]}},{"type":"Feature","properties":{"zone":"116","district":"Innenstadt-West","rawHours":"werktags 8 bis 20 Uhr","rawFee":"15 min = 1,50 €; 30 min = 3,00 €; 45 min = 4,50 €; 60 min = 6,00 €","note":"Passagehof/Süd","windows":[{"weekdays":[1,2,3,4,5,6],"fromMinute":480,"toMinute":1200}],"fee":{"kind":"exact","centsPerHour":600},"unmodelledRules":[],"sourceDefect":null,"spaces":null,"maxStayMinutes":null,"maxStay":"1h","maxStayShare":1,"maxStayValues":["1h"],"chargingPoints":0,"carsharing":0},"geometry":{"type":"Polygon","coordinates":[[[8.39839,49.01065],[8.39842,49.01067],[8.3978,49.01112],[8.39778,49.01111],[8.39839,49.01065]]]}},{"type":"Feature","properties":{"zone":"117","district":"Durlach","rawHours":"werktags 8 bis 20 Uhr","rawFee":"30 min = 1,50 €; 60 min = 3,00 €; 90 min = 4,50 €; 120 min = 6,00 €","note":"Pfinztalstraße 73 · Pfinztalstraße 75 · Pfinztalstraße 90","windows":[{"weekdays":[1,2,3,4,5,6],"fromMinute":480,"toMinute":1200}],"fee":{"kind":"exact","centsPerHour":300},"unmodelledRules":[],"sourceDefect":null,"spaces":null,"maxStayMinutes":null,"maxStay":"2h","maxStayShare":1,"maxStayValues":["2h"],"chargingPoints":0,"carsharing":0},"geometry":{"type":"MultiPolygon","coordinates":[[[[8.46707,48.99948],[8.46708,48.9995],[8.46657,48.99959],[8.46656,48.99957],[8.46707,48.99948]]],[[[8.46723,48.99945],[8.46743,48.99941],[8.46744,48.99943],[8.46724,48.99947],[8.46723,48.99945]]]]}},{"type":"Feature","properties":{"zone":"118","district":"Durlach","rawHours":"werktags 8 bis 20 Uhr","rawFee":"30 min = 1,50 €; 60 min = 3,00 €; 90 min = 4,50 €; 120 min = 6,00 €","note":"Pfinztalstraße 75 · Pfinztalstraße 90","windows":[{"weekdays":[1,2,3,4,5,6],"fromMinute":480,"toMinute":1200}],"fee":{"kind":"exact","centsPerHour":300},"unmodelledRules":[],"sourceDefect":null,"spaces":null,"maxStayMinutes":null,"maxStay":"2h","maxStayShare":1,"maxStayValues":["2h"],"chargingPoints":0,"carsharing":0},"geometry":{"type":"Polygon","coordinates":[[[8.46656,48.99957],[8.46657,48.99959],[8.46589,48.99972],[8.46588,48.9997],[8.46656,48.99957]]]}},{"type":"Feature","properties":{"zone":"119","district":"Innenstadt-West","rawHours":"werktags 8 bis 20 Uhr","rawFee":"15 min = 1,50 €; 30 min = 3,00 €; 45 min = 4,50 €; 60 min = 6,00 €","note":"Herrenstraße Amtsgericht","windows":[{"weekdays":[1,2,3,4,5,6],"fromMinute":480,"toMinute":1200}],"fee":{"kind":"exact","centsPerHour":600},"unmodelledRules":[],"sourceDefect":null,"spaces":null,"maxStayMinutes":null,"maxStay":"1h","maxStayShare":1,"maxStayValues":["1h"],"chargingPoints":0,"carsharing":0},"geometry":{"type":"MultiPolygon","coordinates":[[[[8.40097,49.01101],[8.40135,49.01133],[8.40134,49.01134],[8.40095,49.01102],[8.40097,49.01101]]],[[[8.40114,49.01125],[8.4011,49.01125],[8.4009,49.01108],[8.40091,49.01105],[8.40114,49.01125]]]]}},{"type":"Feature","properties":{"zone":"121","district":"Weststadt","rawHours":"werktags 8 bis 20 Uhr","rawFee":"30 min = 1,50 €; 60 min = 3,00 €; 90 min = 4,50 €; 120 min = 6,00 €","note":"Sophienstraße 68","windows":[{"weekdays":[1,2,3,4,5,6],"fromMinute":480,"toMinute":1200}],"fee":{"kind":"exact","centsPerHour":300},"unmodelledRules":[],"sourceDefect":null,"spaces":null,"maxStayMinutes":null,"maxStay":"2h","maxStayShare":1,"maxStayValues":["2h"],"chargingPoints":0,"carsharing":0},"geometry":{"type":"MultiPolygon","coordinates":[[[[8.38664,49.00771],[8.38662,49.0077],[8.38662,49.0077],[8.3868,49.00769],[8.3868,49.00769],[8.38679,49.00771],[8.38664,49.00771]]],[[[8.38641,49.00772],[8.3864,49.00771],[8.38639,49.00771],[8.38658,49.0077],[8.38658,49.0077],[8.38657,49.00772],[8.38641,49.00772]]],[[[8.38686,49.0077],[8.38684,49.00769],[8.38684,49.00768],[8.38704,49.00768],[8.38701,49.00769],[8.38686,49.0077]]]]}},{"type":"Feature","properties":{"zone":"122","district":"Südweststadt","rawHours":"werktags 8 bis 20 Uhr","rawFee":"30 min = 1,50 €; 60 min = 3,00 €; 90 min = 4,50 €; 120 min = 6,00 €","note":"Schnetzlerstraße 5 ggü.","windows":[{"weekdays":[1,2,3,4,5,6],"fromMinute":480,"toMinute":1200}],"fee":{"kind":"exact","centsPerHour":300},"unmodelledRules":[],"sourceDefect":null,"spaces":null,"maxStayMinutes":null,"maxStay":"2h","maxStayShare":1,"maxStayValues":["2h"],"chargingPoints":0,"carsharing":0},"geometry":{"type":"MultiPolygon","coordinates":[[[[8.39855,48.99584],[8.39855,48.99583],[8.3987,48.99583],[8.3987,48.99584],[8.39855,48.99584]]],[[[8.39838,48.99583],[8.39851,48.99583],[8.39851,48.99585],[8.39839,48.99585],[8.39838,48.99583]]]]}},{"type":"Feature","properties":{"zone":"123","district":"Rüppurr","rawHours":"werktags 8 bis 20 Uhr; Tagespauschale","rawFee":"30 min = 1,50 €; 60 min = 3,00 €; 90 min = 4,50 €; 120 min = 6,00 €; Tagespauschale = 15,00 €","note":"Diakonissenstraße 2","windows":[{"weekdays":[1,2,3,4,5,6],"fromMinute":480,"toMinute":1200}],"fee":{"kind":"exact","centsPerHour":300},"unmodelledRules":["Tagespauschale"],"sourceDefect":null,"spaces":null,"maxStayMinutes":null,"maxStay":"24h","maxStayShare":1,"maxStayValues":["24h"],"chargingPoints":0,"carsharing":0},"geometry":{"type":"Polygon","coordinates":[[[8.40997,48.9724],[8.40997,48.97236],[8.41041,48.97237],[8.41041,48.97241],[8.40997,48.9724]]]}},{"type":"Feature","properties":{"zone":"124","district":"Mühlburg","rawHours":"werktags 8 bis 20 Uhr","rawFee":"30 min = 1,50 €; 60 min = 3,00 €; 90 min = 4,50 €; 120 min = 6,00 €","note":"Daxlanderstraße 72","windows":[{"weekdays":[1,2,3,4,5,6],"fromMinute":480,"toMinute":1200}],"fee":{"kind":"exact","centsPerHour":300},"unmodelledRules":[],"sourceDefect":null,"spaces":null,"maxStayMinutes":null,"maxStay":"2h","maxStayShare":1,"maxStayValues":["2h"],"chargingPoints":0,"carsharing":0},"geometry":{"type":"Polygon","coordinates":[[[8.34214,49.00748],[8.34272,49.0074],[8.34269,49.00744],[8.3421,49.00752],[8.34214,49.00748]]]}},{"type":"Feature","properties":{"zone":"125","district":"Innenstadt-West","rawHours":"werktags 8 bis 20 Uhr","rawFee":"30 min = 1,50 €; 60 min = 3,00 €; 90 min = 4,50 €; 120 min = 6,00 €","note":"Moltkestraße","windows":[{"weekdays":[1,2,3,4,5,6],"fromMinute":480,"toMinute":1200}],"fee":{"kind":"exact","centsPerHour":300},"unmodelledRules":[],"sourceDefect":null,"spaces":null,"maxStayMinutes":null,"maxStay":"2h","maxStayShare":1,"maxStayValues":["2h"],"chargingPoints":0,"carsharing":0},"geometry":{"type":"Polygon","coordinates":[[[8.39176,49.01453],[8.39196,49.01455],[8.39196,49.01459],[8.39176,49.0146],[8.39176,49.01453]]]}},{"type":"Feature","properties":{"zone":"126","district":"Weststadt","rawHours":"werktags 8 bis 20 Uhr","rawFee":"30 min = 1,50 €; 60 min = 3,00 €; 90 min = 4,50 €; 120 min = 6,00 €","note":"Sophienstraße 128","windows":[{"weekdays":[1,2,3,4,5,6],"fromMinute":480,"toMinute":1200}],"fee":{"kind":"exact","centsPerHour":300},"unmodelledRules":[],"sourceDefect":null,"spaces":null,"maxStayMinutes":null,"maxStay":"2h","maxStayShare":1,"maxStayValues":["2h"],"chargingPoints":0,"carsharing":0},"geometry":{"type":"MultiPolygon","coordinates":[[[[8.37894,49.00801],[8.37893,49.00793],[8.37907,49.00792],[8.37908,49.008],[8.37894,49.00801]]],[[[8.37921,49.00799],[8.37911,49.008],[8.3791,49.00792],[8.3792,49.00791],[8.37921,49.00799]]]]}},{"type":"Feature","properties":{"zone":"127","district":"Südweststadt","rawHours":"werktags 8 bis 20 Uhr; Tagespauschale","rawFee":"30 min = 1,50 €; 60 min = 3,00 €; 90 min = 4,50 €; 120 min = 6,00 €; Tagespauschale = 15,00 €","note":"Steinhäuserstraße 18/R","windows":[{"weekdays":[1,2,3,4,5,6],"fromMinute":480,"toMinute":1200}],"fee":{"kind":"exact","centsPerHour":300},"unmodelledRules":["Tagespauschale"],"sourceDefect":null,"spaces":null,"maxStayMinutes":null,"maxStay":"24h","maxStayShare":1,"maxStayValues":["24h"],"chargingPoints":0,"carsharing":0},"geometry":{"type":"Polygon","coordinates":[[[8.38087,49.00054],[8.38084,49.00025],[8.3809,49.00025],[8.38093,49.00054],[8.38087,49.00054]]]}},{"type":"Feature","properties":{"zone":"128","district":"Innenstadt-West","rawHours":"werktags 8 bis 20 Uhr","rawFee":"15 min = 1,50 €; 30 min = 3,00 €; 45 min = 4,50 €; 60 min = 6,00 €","note":"Sophienstraße 39","windows":[{"weekdays":[1,2,3,4,5,6],"fromMinute":480,"toMinute":1200}],"fee":{"kind":"exact","centsPerHour":600},"unmodelledRules":[],"sourceDefect":null,"spaces":null,"maxStayMinutes":null,"maxStay":"1h","maxStayShare":1,"maxStayValues":["1h"],"chargingPoints":0,"carsharing":0},"geometry":{"type":"MultiPolygon","coordinates":[[[[8.39132,49.00691],[8.39133,49.00692],[8.39089,49.00707],[8.39088,49.00706],[8.39132,49.00691]]],[[[8.3913,49.00701],[8.39103,49.0071],[8.39102,49.00708],[8.39129,49.00699],[8.3913,49.00701]]],[[[8.3908,49.0071],[8.39055,49.00718],[8.39054,49.00717],[8.39079,49.00709],[8.3908,49.0071]]],[[[8.39067,49.00721],[8.39047,49.00728],[8.39046,49.00727],[8.39066,49.0072],[8.39067,49.00721]]],[[[8.39094,49.00713],[8.39078,49.00718],[8.39077,49.00717],[8.39092,49.00711],[8.39094,49.00713]]]]}},{"type":"Feature","properties":{"zone":"129","district":"Innenstadt-West","rawHours":"werktags 8 bis 20 Uhr","rawFee":"15 min = 1,50 €; 30 min = 3,00 €; 45 min = 4,50 €; 60 min = 6,00 €","note":"Sophienstraße 57c","windows":[{"weekdays":[1,2,3,4,5,6],"fromMinute":480,"toMinute":1200}],"fee":{"kind":"exact","centsPerHour":600},"unmodelledRules":[],"sourceDefect":null,"spaces":null,"maxStayMinutes":null,"maxStay":"1h","maxStayShare":1,"maxStayValues":["1h"],"chargingPoints":0,"carsharing":0},"geometry":{"type":"MultiPolygon","coordinates":[[[[8.38784,49.00754],[8.38737,49.00756],[8.38737,49.00754],[8.38784,49.00752],[8.38784,49.00754]]],[[[8.38833,49.00754],[8.38818,49.00755],[8.38817,49.00751],[8.38833,49.0075],[8.38833,49.00754]]],[[[8.38814,49.00755],[8.38799,49.00756],[8.38799,49.00751],[8.38814,49.00751],[8.38814,49.00755]]],[[[8.38842,49.00761],[8.38822,49.00762],[8.38822,49.0076],[8.38842,49.0076],[8.38842,49.00761]]],[[[8.38807,49.00763],[8.3879,49.00764],[8.3879,49.00762],[8.38807,49.00761],[8.38807,49.00763]]]]}},{"type":"Feature","properties":{"zone":"131","district":"Südstadt","rawHours":"täglich 6 bis 24 Uhr","rawFee":"30 min = 1,50 €; 60 min = 3,00 €; 90 min = 4,50 €; 120 min = 6,00 €; Tagespauschale = 22,50 €","note":"Güterbahnstraße","windows":[{"weekdays":[0,1,2,3,4,5,6],"fromMinute":360,"toMinute":1440}],"fee":{"kind":"exact","centsPerHour":300},"unmodelledRules":[],"sourceDefect":null,"spaces":null,"maxStayMinutes":null,"maxStay":"24h","maxStayShare":1,"maxStayValues":["24h"],"chargingPoints":0,"carsharing":0},"geometry":{"type":"Polygon","coordinates":[[[8.40446,48.99213],[8.40441,48.99205],[8.40448,48.99192],[8.40458,48.99193],[8.40461,48.99193],[8.40605,48.99232],[8.40614,48.9924],[8.40624,48.99243],[8.40632,48.99243],[8.40643,48.99243],[8.40685,48.99254],[8.40766,48.99279],[8.40752,48.993],[8.40744,48.99304],[8.40726,48.993],[8.40674,48.99284],[8.40665,48.99282],[8.4061,48.99266],[8.40602,48.99261],[8.40585,48.99249],[8.40532,48.99235],[8.40446,48.99213]]]}},{"type":"Feature","properties":{"zone":"132","district":"Innenstadt-West","rawHours":"werktags 8 bis 20 Uhr","rawFee":"15 min = 1,50 €; 30 min = 3,00 €; 45 min = 4,50 €; 60 min = 6,00 €","note":"Sophienstraße 19","windows":[{"weekdays":[1,2,3,4,5,6],"fromMinute":480,"toMinute":1200}],"fee":{"kind":"exact","centsPerHour":600},"unmodelledRules":[],"sourceDefect":null,"spaces":null,"maxStayMinutes":null,"maxStay":"1h","maxStayShare":1,"maxStayValues":["1h"],"chargingPoints":0,"carsharing":0},"geometry":{"type":"MultiPolygon","coordinates":[[[[8.39262,49.00651],[8.39263,49.00646],[8.39277,49.00641],[8.39277,49.00646],[8.39262,49.00651]]],[[[8.39291,49.00641],[8.39293,49.00636],[8.39303,49.00633],[8.39303,49.00637],[8.39291,49.00641]]],[[[8.3924,49.00658],[8.3924,49.00654],[8.39245,49.00653],[8.39245,49.00653],[8.39245,49.00657],[8.3924,49.00658]]],[[[8.39256,49.0066],[8.39255,49.00658],[8.39269,49.00654],[8.3927,49.00655],[8.39256,49.0066]]],[[[8.39305,49.00643],[8.39304,49.00642],[8.39311,49.00639],[8.39312,49.00641],[8.39305,49.00643]]]]}},{"type":"Feature","properties":{"zone":"133","district":"Innenstadt-West","rawHours":"werktags 8 bis 20 Uhr","rawFee":"15 min = 1,50 €; 30 min = 3,00 €; 45 min = 4,50 €; 60 min = 6,00 €","note":"Sophienstraße 49","windows":[{"weekdays":[1,2,3,4,5,6],"fromMinute":480,"toMinute":1200}],"fee":{"kind":"exact","centsPerHour":600},"unmodelledRules":[],"sourceDefect":null,"spaces":null,"maxStayMinutes":null,"maxStay":"1h","maxStayShare":1,"maxStayValues":["1h"],"chargingPoints":0,"carsharing":0},"geometry":{"type":"MultiPolygon","coordinates":[[[[8.3898,49.0075],[8.3898,49.00749],[8.39009,49.00739],[8.3901,49.0074],[8.3898,49.0075]]],[[[8.39043,49.0072],[8.39044,49.00722],[8.39022,49.00729],[8.39021,49.00728],[8.39043,49.0072]]],[[[8.38986,49.00739],[8.3901,49.00731],[8.39011,49.00733],[8.38988,49.0074],[8.38986,49.00739]]],[[[8.39018,49.00738],[8.39017,49.00736],[8.39037,49.0073],[8.39038,49.00731],[8.39018,49.00738]]]]}},{"type":"Feature","properties":{"zone":"134","district":"Innenstadt-West","rawHours":"werktags 8 bis 20 Uhr","rawFee":"15 min = 1,50 €; 30 min = 3,00 €; 45 min = 4,50 €; 60 min = 6,00 €","note":"Sophienstraße 29","windows":[{"weekdays":[1,2,3,4,5,6],"fromMinute":480,"toMinute":1200}],"fee":{"kind":"exact","centsPerHour":600},"unmodelledRules":[],"sourceDefect":null,"spaces":null,"maxStayMinutes":null,"maxStay":"1h","maxStayShare":1,"maxStayValues":["1h"],"chargingPoints":0,"carsharing":0},"geometry":{"type":"MultiPolygon","coordinates":[[[[8.39221,49.00664],[8.39204,49.0067],[8.39198,49.00672],[8.39199,49.00668],[8.39222,49.0066],[8.39222,49.0066],[8.39221,49.00664]]],[[[8.39163,49.00684],[8.39164,49.00679],[8.39182,49.00673],[8.39182,49.00677],[8.39163,49.00684]]],[[[8.39209,49.00673],[8.39239,49.00663],[8.3924,49.00665],[8.3921,49.00675],[8.39209,49.00673]]],[[[8.39166,49.00688],[8.39182,49.00682],[8.39183,49.00684],[8.39168,49.00689],[8.39166,49.00688]]]]}},{"type":"Feature","properties":{"zone":"135","district":"Innenstadt-Ost","rawHours":"werktags 8 bis 20 Uhr","rawFee":"15 min = 1,50 €; 30 min = 3,00 €; 45 min = 4,50 €; 60 min = 6,00 €","note":"Kaiserstraße 4","windows":[{"weekdays":[1,2,3,4,5,6],"fromMinute":480,"toMinute":1200}],"fee":{"kind":"exact","centsPerHour":600},"unmodelledRules":[],"sourceDefect":null,"spaces":null,"maxStayMinutes":null,"maxStay":"1h","maxStayShare":1,"maxStayValues":["1h"],"chargingPoints":0,"carsharing":0},"geometry":{"type":"Polygon","coordinates":[[[8.41508,49.00918],[8.41508,49.00916],[8.4163,49.00911],[8.41629,49.00913],[8.41508,49.00918]]]}},{"type":"Feature","properties":{"zone":"136","district":"Innenstadt-West","rawHours":"werktags 8 bis 20 Uhr","rawFee":"15 min = 1,50 €; 30 min = 3,00 €; 45 min = 4,50 €; 60 min = 6,00 €","note":"Lammstraße 3 · Lammstraße 2","windows":[{"weekdays":[1,2,3,4,5,6],"fromMinute":480,"toMinute":1200}],"fee":{"kind":"exact","centsPerHour":600},"unmodelledRules":[],"sourceDefect":null,"spaces":null,"maxStayMinutes":null,"maxStay":"1h","maxStayShare":1,"maxStayValues":["1h"],"chargingPoints":0,"carsharing":0},"geometry":{"type":"MultiPolygon","coordinates":[[[[8.40082,49.00668],[8.40076,49.0067],[8.40065,49.00654],[8.40071,49.00652],[8.40082,49.00668]]],[[[8.4009,49.00679],[8.40084,49.00681],[8.40078,49.00673],[8.40084,49.00671],[8.4009,49.00679]]]]}},{"type":"Feature","properties":{"zone":"137","district":"Innenstadt-West","rawHours":"werktags 8 bis 20 Uhr","rawFee":"15 min = 1,50 €; 30 min = 3,00 €; 45 min = 4,50 €; 60 min = 6,00 €","note":"Lammstraße 3 · Lammstraße 2","windows":[{"weekdays":[1,2,3,4,5,6],"fromMinute":480,"toMinute":1200}],"fee":{"kind":"exact","centsPerHour":600},"unmodelledRules":[],"sourceDefect":null,"spaces":null,"maxStayMinutes":null,"maxStay":"1h","maxStayShare":1,"maxStayValues":["1h"],"chargingPoints":0,"carsharing":0},"geometry":{"type":"MultiPolygon","coordinates":[[[[8.40107,49.00703],[8.40101,49.00705],[8.40084,49.00681],[8.4009,49.00679],[8.40107,49.00703]]],[[[8.40116,49.00715],[8.4011,49.00717],[8.40103,49.00707],[8.40109,49.00705],[8.40116,49.00715]]]]}},{"type":"Feature","properties":{"zone":"138","district":"Innenstadt-West","rawHours":"werktags 8 bis 20 Uhr","rawFee":"15 min = 1,50 €; 30 min = 3,00 €; 45 min = 4,50 €; 60 min = 6,00 €","note":"Stephanienstraße 12","windows":[{"weekdays":[1,2,3,4,5,6],"fromMinute":480,"toMinute":1200}],"fee":{"kind":"exact","centsPerHour":600},"unmodelledRules":[],"sourceDefect":null,"spaces":null,"maxStayMinutes":null,"maxStay":"1h","maxStayShare":1,"maxStayValues":["1h"],"chargingPoints":0,"carsharing":0},"geometry":{"type":"MultiPolygon","coordinates":[[[[8.39707,49.01244],[8.39705,49.01248],[8.39698,49.01246],[8.397,49.01243],[8.39707,49.01244]]],[[[8.39736,49.0125],[8.39734,49.01254],[8.39727,49.01253],[8.39729,49.01249],[8.39736,49.0125]]],[[[8.39758,49.01255],[8.39756,49.01259],[8.39749,49.01258],[8.39751,49.01254],[8.39758,49.01255]]],[[[8.39717,49.01246],[8.39715,49.0125],[8.39708,49.01248],[8.3971,49.01245],[8.39717,49.01246]]],[[[8.39785,49.01263],[8.39783,49.01264],[8.39775,49.01262],[8.39776,49.0126],[8.39785,49.01263]]],[[[8.39796,49.01266],[8.39795,49.01267],[8.39786,49.01265],[8.39787,49.01264],[8.39796,49.01266]]]]}},{"type":"Feature","properties":{"zone":"139","district":"Innenstadt-West","rawHours":"werktags 8 bis 20 Uhr","rawFee":"15 min = 1,50 €; 30 min = 3,00 €; 45 min = 4,50 €; 60 min = 6,00 €","note":"Stephanienstraße 18","windows":[{"weekdays":[1,2,3,4,5,6],"fromMinute":480,"toMinute":1200}],"fee":{"kind":"exact","centsPerHour":600},"unmodelledRules":[],"sourceDefect":null,"spaces":null,"maxStayMinutes":null,"maxStay":"1h","maxStayShare":1,"maxStayValues":["1h"],"chargingPoints":0,"carsharing":0},"geometry":{"type":"MultiPolygon","coordinates":[[[[8.39621,49.01225],[8.39619,49.01229],[8.39606,49.01226],[8.39608,49.01222],[8.39621,49.01225]]],[[[8.39672,49.01236],[8.3967,49.0124],[8.39657,49.01237],[8.39658,49.01233],[8.39672,49.01236]]],[[[8.39632,49.01228],[8.3963,49.01232],[8.39623,49.0123],[8.39625,49.01226],[8.39632,49.01228]]],[[[8.39654,49.01233],[8.39652,49.01236],[8.39646,49.01235],[8.39648,49.01231],[8.39654,49.01233]]]]}},{"type":"Feature","properties":{"zone":"140","district":"Innenstadt-West","rawHours":"werktags 8 bis 20 Uhr","rawFee":"15 min = 1,50 €; 30 min = 3,00 €; 45 min = 4,50 €; 60 min = 6,00 €","note":"Stephanienstraße 44 · Stephanienstraße 54","windows":[{"weekdays":[1,2,3,4,5,6],"fromMinute":480,"toMinute":1200}],"fee":{"kind":"exact","centsPerHour":600},"unmodelledRules":[],"sourceDefect":null,"spaces":null,"maxStayMinutes":null,"maxStay":"1h","maxStayShare":1,"maxStayValues":["1h"],"chargingPoints":0,"carsharing":0},"geometry":{"type":"MultiPolygon","coordinates":[[[[8.39374,49.01171],[8.39372,49.01175],[8.39359,49.01172],[8.39361,49.01168],[8.39374,49.01171]]],[[[8.39352,49.01167],[8.3935,49.0117],[8.39344,49.01169],[8.39345,49.01165],[8.39352,49.01167]]],[[[8.39313,49.01158],[8.39311,49.01162],[8.39305,49.0116],[8.39306,49.01157],[8.39306,49.01157],[8.39313,49.01158]]],[[[8.39331,49.01162],[8.39329,49.01166],[8.39323,49.01164],[8.39324,49.01161],[8.39331,49.01162]]],[[[8.39302,49.01156],[8.39302,49.01156],[8.393,49.0116],[8.39297,49.01159],[8.39299,49.01155],[8.39302,49.01156]]],[[[8.39337,49.01164],[8.39335,49.01167],[8.39332,49.01166],[8.39334,49.01163],[8.39337,49.01164]]]]}},{"type":"Feature","properties":{"zone":"141","district":"Innenstadt-West","rawHours":"werktags 8 bis 20 Uhr","rawFee":"15 min = 1,50 €; 30 min = 3,00 €; 45 min = 4,50 €; 60 min = 6,00 €","note":"Stephanienstraße 38","windows":[{"weekdays":[1,2,3,4,5,6],"fromMinute":480,"toMinute":1200}],"fee":{"kind":"exact","centsPerHour":600},"unmodelledRules":[],"sourceDefect":null,"spaces":null,"maxStayMinutes":null,"maxStay":"1h","maxStayShare":1,"maxStayValues":["1h"],"chargingPoints":0,"carsharing":0},"geometry":{"type":"MultiPolygon","coordinates":[[[[8.39393,49.0118],[8.39395,49.01176],[8.39406,49.01178],[8.39404,49.01182],[8.39393,49.0118]]],[[[8.39424,49.01186],[8.39425,49.01183],[8.39435,49.01185],[8.39433,49.01188],[8.39424,49.01186]]],[[[8.39453,49.01193],[8.39455,49.01189],[8.39461,49.0119],[8.39459,49.01194],[8.39453,49.01193]]],[[[8.39448,49.01191],[8.39444,49.01191],[8.39446,49.01187],[8.3945,49.01188],[8.39448,49.01191]]],[[[8.39437,49.01189],[8.39439,49.01186],[8.39442,49.01186],[8.3944,49.0119],[8.39437,49.01189]]],[[[8.39417,49.01185],[8.39419,49.01181],[8.39422,49.01182],[8.3942,49.01185],[8.39417,49.01185]]]]}},{"type":"Feature","properties":{"zone":"142","district":"Innenstadt-Ost","rawHours":"werktags 8 bis 20 Uhr","rawFee":"15 min = 1,50 €; 30 min = 3,00 €; 45 min = 4,50 €; 60 min = 6,00 €","note":"Zirkel 19 · Zirkel 13","windows":[{"weekdays":[1,2,3,4,5,6],"fromMinute":480,"toMinute":1200}],"fee":{"kind":"exact","centsPerHour":600},"unmodelledRules":[],"sourceDefect":null,"spaces":null,"maxStayMinutes":null,"maxStay":"1h","maxStayShare":1,"maxStayValues":["1h"],"chargingPoints":0,"carsharing":0},"geometry":{"type":"MultiPolygon","coordinates":[[[[8.40578,49.01021],[8.40577,49.01023],[8.40557,49.0102],[8.40523,49.01017],[8.40524,49.01016],[8.40554,49.01018],[8.40578,49.01021]]],[[[8.40622,49.01028],[8.40621,49.01029],[8.4061,49.01027],[8.40592,49.01025],[8.40593,49.01023],[8.40602,49.01024],[8.40622,49.01028]]],[[[8.40508,49.01016],[8.40481,49.01013],[8.40482,49.01012],[8.40508,49.01014],[8.40508,49.01016]]]]}},{"type":"Feature","properties":{"zone":"143","district":"Innenstadt-West","rawHours":"werktags 8 bis 20 Uhr","rawFee":"15 min = 1,50 €; 30 min = 3,00 €; 45 min = 4,50 €; 60 min = 6,00 €","note":"Stephanienstraße 54","windows":[{"weekdays":[1,2,3,4,5,6],"fromMinute":480,"toMinute":1200}],"fee":{"kind":"exact","centsPerHour":600},"unmodelledRules":[],"sourceDefect":null,"spaces":null,"maxStayMinutes":null,"maxStay":"1h","maxStayShare":1,"maxStayValues":["1h"],"chargingPoints":0,"carsharing":0},"geometry":{"type":"MultiPolygon","coordinates":[[[[8.39242,49.01147],[8.39244,49.01143],[8.39254,49.01145],[8.39253,49.01149],[8.39242,49.01147]]],[[[8.39284,49.01156],[8.39274,49.01154],[8.39276,49.0115],[8.39286,49.01152],[8.39284,49.01156]]],[[[8.39257,49.0115],[8.39259,49.01146],[8.39266,49.01148],[8.39264,49.01152],[8.39257,49.0115]]],[[[8.39289,49.01157],[8.39291,49.01153],[8.39295,49.01154],[8.39293,49.01158],[8.39289,49.01157]]]]}},{"type":"Feature","properties":{"zone":"144","district":"Südweststadt","rawHours":"werktags 8 bis 20 Uhr","rawFee":"30 min = 1,50 €; 60 min = 3,00 €; 90 min = 4,50 €; 120 min = 6,00 €","note":"Am Stadtgarten-Zoo","windows":[{"weekdays":[1,2,3,4,5,6],"fromMinute":480,"toMinute":1200}],"fee":{"kind":"exact","centsPerHour":300},"unmodelledRules":[],"sourceDefect":null,"spaces":null,"maxStayMinutes":null,"maxStay":"2h","maxStayShare":1,"maxStayValues":["2h"],"chargingPoints":0,"carsharing":0},"geometry":{"type":"Polygon","coordinates":[[[8.40286,48.99606],[8.40288,48.99605],[8.40307,48.9962],[8.40331,48.99637],[8.4033,48.99638],[8.40286,48.99606]]]}},{"type":"Feature","properties":{"zone":"146","district":"Südweststadt","rawHours":"werktags 8 bis 20 Uhr","rawFee":"30 min = 1,50 €; 60 min = 3,00 €; 90 min = 4,50 €; 120 min = 6,00 €","note":"Karlstraße 61","windows":[{"weekdays":[1,2,3,4,5,6],"fromMinute":480,"toMinute":1200}],"fee":{"kind":"exact","centsPerHour":300},"unmodelledRules":[],"sourceDefect":null,"spaces":null,"maxStayMinutes":null,"maxStay":"2h","maxStayShare":1,"maxStayValues":["2h"],"chargingPoints":0,"carsharing":0},"geometry":{"type":"MultiPolygon","coordinates":[[[[8.39451,49.00283],[8.39458,49.00286],[8.39459,49.00314],[8.39453,49.00311],[8.39451,49.00283]]],[[[8.39454,49.00324],[8.39457,49.00325],[8.39457,49.0033],[8.39454,49.00331],[8.39454,49.00324]]],[[[8.39453,49.00318],[8.3946,49.0032],[8.3946,49.00326],[8.39454,49.00324],[8.39453,49.00318]]]]}},{"type":"Feature","properties":{"zone":"147","district":"Südweststadt","rawHours":"werktags 8 bis 20 Uhr","rawFee":"30 min = 1,50 €; 60 min = 3,00 €; 90 min = 4,50 €; 120 min = 6,00 €","note":"Kriegsstraße 121","windows":[{"weekdays":[1,2,3,4,5,6],"fromMinute":480,"toMinute":1200}],"fee":{"kind":"exact","centsPerHour":300},"unmodelledRules":[],"sourceDefect":null,"spaces":null,"maxStayMinutes":null,"maxStay":"2h","maxStayShare":1,"maxStayValues":["2h"],"chargingPoints":0,"carsharing":0},"geometry":{"type":"Polygon","coordinates":[[[8.38133,49.00542],[8.38133,49.00538],[8.38153,49.00537],[8.38154,49.00541],[8.38133,49.00542]]]}},{"type":"Feature","properties":{"zone":"148","district":"Durlach","rawHours":"werktags 8 bis 20 Uhr","rawFee":"30 min = 1,50 €; 60 min = 3,00 €; 90 min = 4,50 €; 120 min = 6,00 €","note":"Amalienbadstraße 9","windows":[{"weekdays":[1,2,3,4,5,6],"fromMinute":480,"toMinute":1200}],"fee":{"kind":"exact","centsPerHour":300},"unmodelledRules":[],"sourceDefect":null,"spaces":null,"maxStayMinutes":null,"maxStay":"2h","maxStayShare":1,"maxStayValues":["2h"],"chargingPoints":0,"carsharing":0},"geometry":{"type":"Polygon","coordinates":[[[8.4666,48.99872],[8.4669,48.99898],[8.46688,48.99899],[8.46658,48.99873],[8.4666,48.99872]]]}},{"type":"Feature","properties":{"zone":"149","district":"Innenstadt-West","rawHours":"werktags 8 bis 20 Uhr","rawFee":"15 min = 1,50 €; 30 min = 3,00 €; 45 min = 4,50 €; 60 min = 6,00 €","note":"Amalienstraße 25a","windows":[{"weekdays":[1,2,3,4,5,6],"fromMinute":480,"toMinute":1200}],"fee":{"kind":"exact","centsPerHour":600},"unmodelledRules":[],"sourceDefect":null,"spaces":null,"maxStayMinutes":null,"maxStay":"1h","maxStayShare":1,"maxStayValues":["1h"],"chargingPoints":0,"carsharing":0},"geometry":{"type":"Polygon","coordinates":[[[8.3934,49.00828],[8.39393,49.0081],[8.39397,49.00811],[8.39342,49.00831],[8.3934,49.00828]]]}},{"type":"Feature","properties":{"zone":"150","district":"Weststadt","rawHours":"werktags 8 bis 20 Uhr","rawFee":"30 min = 1,50 €; 60 min = 3,00 €; 90 min = 4,50 €; 120 min = 6,00 €","note":"Kriegsstraße 198","windows":[{"weekdays":[1,2,3,4,5,6],"fromMinute":480,"toMinute":1200}],"fee":{"kind":"exact","centsPerHour":300},"unmodelledRules":[],"sourceDefect":null,"spaces":null,"maxStayMinutes":null,"maxStay":"2h","maxStayShare":1,"maxStayValues":["2h"],"chargingPoints":0,"carsharing":0},"geometry":{"type":"MultiPolygon","coordinates":[[[[8.38618,49.00554],[8.38577,49.00553],[8.38578,49.00551],[8.38616,49.00552],[8.38618,49.00554]]],[[[8.3865,49.00554],[8.38648,49.00555],[8.38627,49.00554],[8.3863,49.00553],[8.38646,49.00553],[8.3865,49.00554]]]]}},{"type":"Feature","properties":{"zone":"151","district":"Südstadt","rawHours":"werktags 8 bis 20 Uhr","rawFee":"30 min = 1,50 €; 60 min = 3,00 €; 90 min = 4,50 €; 120 min = 6,00 €","note":"Ludwig-Erhard-Allee 14","windows":[{"weekdays":[1,2,3,4,5,6],"fromMinute":480,"toMinute":1200}],"fee":{"kind":"exact","centsPerHour":300},"unmodelledRules":[],"sourceDefect":null,"spaces":null,"maxStayMinutes":null,"maxStay":"2h","maxStayShare":1,"maxStayValues":["2h"],"chargingPoints":0,"carsharing":0},"geometry":{"type":"Polygon","coordinates":[[[8.41924,49.0042],[8.41823,49.00442],[8.41822,49.00441],[8.41923,49.00418],[8.41924,49.0042]]]}},{"type":"Feature","properties":{"zone":"152","district":"Südstadt","rawHours":"werktags 8 bis 20 Uhr","rawFee":"30 min = 1,50 €; 60 min = 3,00 €; 90 min = 4,50 €; 120 min = 6,00 €","note":"Ludwig-Erhard-Allee 16","windows":[{"weekdays":[1,2,3,4,5,6],"fromMinute":480,"toMinute":1200}],"fee":{"kind":"exact","centsPerHour":300},"unmodelledRules":[],"sourceDefect":null,"spaces":null,"maxStayMinutes":null,"maxStay":"2h","maxStayShare":1,"maxStayValues":["2h"],"chargingPoints":0,"carsharing":0},"geometry":{"type":"MultiPolygon","coordinates":[[[[8.4203,49.00396],[8.41985,49.00406],[8.41984,49.00405],[8.4203,49.00395],[8.4203,49.00396]]],[[[8.41975,49.00409],[8.41943,49.00416],[8.41942,49.00414],[8.41974,49.00407],[8.41975,49.00409]]]]}},{"type":"Feature","properties":{"zone":"153","district":"Südstadt","rawHours":"werktags 8 bis 20 Uhr","rawFee":"30 min = 1,50 €; 60 min = 3,00 €; 90 min = 4,50 €; 120 min = 6,00 €","note":"Ludwig-Erhard-Allee 8","windows":[{"weekdays":[1,2,3,4,5,6],"fromMinute":480,"toMinute":1200}],"fee":{"kind":"exact","centsPerHour":300},"unmodelledRules":[],"sourceDefect":null,"spaces":null,"maxStayMinutes":null,"maxStay":"2h","maxStayShare":1,"maxStayValues":["2h"],"chargingPoints":0,"carsharing":0},"geometry":{"type":"Polygon","coordinates":[[[8.41717,49.00466],[8.41716,49.00464],[8.41822,49.00441],[8.41823,49.00442],[8.41717,49.00466]]]}},{"type":"Feature","properties":{"zone":"154","district":"Südstadt","rawHours":"werktags 8 bis 20 Uhr","rawFee":"30 min = 1,50 €; 60 min = 3,00 €; 90 min = 4,50 €; 120 min = 6,00 €","note":"Ludwig-Erhard-Allee 4","windows":[{"weekdays":[1,2,3,4,5,6],"fromMinute":480,"toMinute":1200}],"fee":{"kind":"exact","centsPerHour":300},"unmodelledRules":[],"sourceDefect":null,"spaces":null,"maxStayMinutes":null,"maxStay":"2h","maxStayShare":1,"maxStayValues":["2h"],"chargingPoints":0,"carsharing":0},"geometry":{"type":"Polygon","coordinates":[[[8.41621,49.00487],[8.4162,49.00486],[8.41708,49.00466],[8.41709,49.00468],[8.41621,49.00487]]]}},{"type":"Feature","properties":{"zone":"155","district":"Südweststadt","rawHours":"werktags 8 bis 20 Uhr","rawFee":"30 min = 1,50 €; 60 min = 3,00 €; 90 min = 4,50 €; 120 min = 6,00 €","note":"Lorenzstraße 12","windows":[{"weekdays":[1,2,3,4,5,6],"fromMinute":480,"toMinute":1200}],"fee":{"kind":"exact","centsPerHour":300},"unmodelledRules":[],"sourceDefect":null,"spaces":null,"maxStayMinutes":null,"maxStay":"2h","maxStayShare":1,"maxStayValues":["2h"],"chargingPoints":0,"carsharing":0},"geometry":{"type":"MultiPolygon","coordinates":[[[[8.38325,49.00334],[8.38322,49.00334],[8.3832,49.00314],[8.38323,49.00314],[8.38325,49.00334]]],[[[8.38322,49.0031],[8.38319,49.0031],[8.38317,49.00295],[8.3832,49.00295],[8.38322,49.0031]]]]}},{"type":"Feature","properties":{"zone":"156","district":"Südweststadt","rawHours":"werktags 8 bis 20 Uhr","rawFee":"30 min = 1,50 €; 60 min = 3,00 €; 90 min = 4,50 €; 120 min = 6,00 €","note":"Lorenzstraße 16","windows":[{"weekdays":[1,2,3,4,5,6],"fromMinute":480,"toMinute":1200}],"fee":{"kind":"exact","centsPerHour":300},"unmodelledRules":[],"sourceDefect":null,"spaces":null,"maxStayMinutes":null,"maxStay":"2h","maxStayShare":1,"maxStayValues":["2h"],"chargingPoints":0,"carsharing":0},"geometry":{"type":"MultiPolygon","coordinates":[[[[8.38317,49.00254],[8.38314,49.00254],[8.38312,49.0024],[8.38315,49.0024],[8.38317,49.00254]]],[[[8.38318,49.00268],[8.38315,49.00268],[8.38314,49.00256],[8.38317,49.00256],[8.38318,49.00268]]]]}},{"type":"Feature","properties":{"zone":"157","district":"Nordstadt","rawHours":"werktags 8 bis 20 Uhr","rawFee":"30 min = 1,50 €; 60 min = 3,00 €; 90 min = 4,50 €; 120 min = 6,00 €","note":"Roggenbachstraße","windows":[{"weekdays":[1,2,3,4,5,6],"fromMinute":480,"toMinute":1200}],"fee":{"kind":"exact","centsPerHour":300},"unmodelledRules":[],"sourceDefect":null,"spaces":null,"maxStayMinutes":null,"maxStay":"2h","maxStayShare":1,"maxStayValues":["2h"],"chargingPoints":0,"carsharing":0},"geometry":{"type":"Polygon","coordinates":[[[8.38391,49.01495],[8.38391,49.01492],[8.38399,49.01495],[8.38401,49.01521],[8.384,49.01521],[8.38393,49.01518],[8.38391,49.01495]]]}},{"type":"Feature","properties":{"zone":"158","district":"Mühlburg","rawHours":"werktags 8 bis 20 Uhr","rawFee":"30 min = 1,50 €; 60 min = 3,00 €; 90 min = 4,50 €; 120 min = 6,00 €","note":"Rheinstraße 22","windows":[{"weekdays":[1,2,3,4,5,6],"fromMinute":480,"toMinute":1200}],"fee":{"kind":"exact","centsPerHour":300},"unmodelledRules":[],"sourceDefect":null,"spaces":null,"maxStayMinutes":null,"maxStay":"2h","maxStayShare":1,"maxStayValues":["2h"],"chargingPoints":0,"carsharing":0},"geometry":{"type":"Polygon","coordinates":[[[8.36185,49.01143],[8.36238,49.01149],[8.36231,49.01152],[8.36179,49.01146],[8.36185,49.01143]]]}},{"type":"Feature","properties":{"zone":"159","district":"Mühlburg","rawHours":"werktags 8 bis 20 Uhr","rawFee":"30 min = 1,50 €; 60 min = 3,00 €; 90 min = 4,50 €; 120 min = 6,00 €","note":"Rheinstraße 16","windows":[{"weekdays":[1,2,3,4,5,6],"fromMinute":480,"toMinute":1200}],"fee":{"kind":"exact","centsPerHour":300},"unmodelledRules":[],"sourceDefect":null,"spaces":null,"maxStayMinutes":null,"maxStay":"2h","maxStayShare":1,"maxStayValues":["2h"],"chargingPoints":0,"carsharing":0},"geometry":{"type":"Polygon","coordinates":[[[8.36285,49.01158],[8.36291,49.01154],[8.36325,49.01156],[8.36319,49.01159],[8.36285,49.01158]]]}},{"type":"Feature","properties":{"zone":"160","district":"Innenstadt-Ost","rawHours":"werktags 8 bis 20 Uhr","rawFee":"15 min = 1,50 €; 30 min = 3,00 €; 45 min = 4,50 €; 60 min = 6,00 €","note":"Waldhornplatz","windows":[{"weekdays":[1,2,3,4,5,6],"fromMinute":480,"toMinute":1200}],"fee":{"kind":"exact","centsPerHour":600},"unmodelledRules":[],"sourceDefect":null,"spaces":null,"maxStayMinutes":null,"maxStay":"1h","maxStayShare":1,"maxStayValues":["1h"],"chargingPoints":0,"carsharing":0},"geometry":{"type":"MultiPolygon","coordinates":[[[[8.412,49.00763],[8.41196,49.00766],[8.41193,49.00765],[8.4119,49.00764],[8.41183,49.00763],[8.41186,49.00759],[8.412,49.00763]]],[[[8.41212,49.00769],[8.41206,49.00771],[8.41202,49.00768],[8.41198,49.00767],[8.41203,49.00764],[8.41212,49.00769]]],[[[8.41223,49.00775],[8.41216,49.00777],[8.41208,49.00772],[8.41215,49.00771],[8.41223,49.00775]]],[[[8.41183,49.00758],[8.4118,49.00762],[8.41177,49.00762],[8.4117,49.00763],[8.41173,49.00759],[8.41183,49.00758]]],[[[8.41232,49.00781],[8.41226,49.00782],[8.41219,49.00778],[8.41225,49.00777],[8.41232,49.00781]]]]}},{"type":"Feature","properties":{"zone":"161","district":"Innenstadt-West","rawHours":"werktags 8 bis 20 Uhr","rawFee":"15 min = 1,50 €; 30 min = 3,00 €; 45 min = 4,50 €; 60 min = 6,00 €","note":"Karlstraße 27","windows":[{"weekdays":[1,2,3,4,5,6],"fromMinute":480,"toMinute":1200}],"fee":{"kind":"exact","centsPerHour":600},"unmodelledRules":[],"sourceDefect":null,"spaces":null,"maxStayMinutes":null,"maxStay":"1h","maxStayShare":1,"maxStayValues":["1h"],"chargingPoints":0,"carsharing":0},"geometry":{"type":"MultiPolygon","coordinates":[[[[8.39501,49.00841],[8.39498,49.00841],[8.39496,49.00824],[8.39499,49.00823],[8.39501,49.00841]]],[[[8.39498,49.00821],[8.39496,49.00822],[8.39495,49.00817],[8.39498,49.00817],[8.39498,49.00821]]]]}},{"type":"Feature","properties":{"zone":"162","district":"Weststadt","rawHours":"werktags 8 bis 20 Uhr","rawFee":"30 min = 1,50 €; 60 min = 3,00 €; 90 min = 4,50 €; 120 min = 6,00 €","note":"Kaiserallee 5","windows":[{"weekdays":[1,2,3,4,5,6],"fromMinute":480,"toMinute":1200}],"fee":{"kind":"exact","centsPerHour":300},"unmodelledRules":[],"sourceDefect":null,"spaces":null,"maxStayMinutes":null,"maxStay":"2h","maxStayShare":1,"maxStayValues":["2h"],"chargingPoints":0,"carsharing":0},"geometry":{"type":"MultiPolygon","coordinates":[[[[8.38633,49.01033],[8.38617,49.01033],[8.38617,49.01031],[8.38633,49.01031],[8.38633,49.01033]]],[[[8.38613,49.01033],[8.38598,49.01034],[8.38597,49.01032],[8.38613,49.01031],[8.38613,49.01033]]],[[[8.38593,49.01034],[8.38578,49.01035],[8.38578,49.01033],[8.38593,49.01032],[8.38593,49.01034]]]]}},{"type":"Feature","properties":{"zone":"163","district":"Südweststadt","rawHours":"täglich 0 bis 24 Uhr","rawFee":"30 min = 1,50 €; 60 min = 3,00 €; 90 min = 4,50 €; 120 min = 6,00 €","note":"Bahnhofplatz Süd 1","windows":[{"weekdays":[0,1,2,3,4,5,6],"fromMinute":0,"toMinute":1440}],"fee":{"kind":"exact","centsPerHour":300},"unmodelledRules":[],"sourceDefect":null,"spaces":null,"maxStayMinutes":null,"maxStay":"2h","maxStayShare":1,"maxStayValues":["2h"],"chargingPoints":0,"carsharing":0},"geometry":{"type":"Polygon","coordinates":[[[8.39962,48.99137],[8.39959,48.99141],[8.39915,48.99129],[8.39917,48.99126],[8.39962,48.99137]]]}},{"type":"Feature","properties":{"zone":"164","district":"Südstadt","rawHours":"werktags 8 bis 20 Uhr","rawFee":"30 min = 1,50 €; 60 min = 3,00 €; 90 min = 4,50 €; 120 min = 6,00 €","note":"Ettlinger Straße 1","windows":[{"weekdays":[1,2,3,4,5,6],"fromMinute":480,"toMinute":1200}],"fee":{"kind":"exact","centsPerHour":300},"unmodelledRules":[],"sourceDefect":null,"spaces":null,"maxStayMinutes":null,"maxStay":"2h","maxStayShare":1,"maxStayValues":["2h"],"chargingPoints":0,"carsharing":0},"geometry":{"type":"Polygon","coordinates":[[[8.40339,49.00321],[8.40342,49.0032],[8.40344,49.00324],[8.40345,49.00329],[8.40346,49.00332],[8.40347,49.00336],[8.40349,49.00353],[8.40346,49.00353],[8.40344,49.00334],[8.40342,49.00329],[8.40339,49.00321]]]}},{"type":"Feature","properties":{"zone":"165","district":"Durlach","rawHours":"werktags 8 bis 20 Uhr","rawFee":"30 min = 1,50 €; 60 min = 3,00 €; 90 min = 4,50 €; 120 min = 6,00 €","note":"Weiherhof (B)","windows":[{"weekdays":[1,2,3,4,5,6],"fromMinute":480,"toMinute":1200}],"fee":{"kind":"exact","centsPerHour":300},"unmodelledRules":[],"sourceDefect":null,"spaces":null,"maxStayMinutes":null,"maxStay":"2h","maxStayShare":1,"maxStayValues":["2h"],"chargingPoints":0,"carsharing":0},"geometry":{"type":"Polygon","coordinates":[[[8.47181,48.99767],[8.47196,48.99749],[8.47201,48.99751],[8.47187,48.99769],[8.47181,48.99767]]]}},{"type":"Feature","properties":{"zone":"166","district":"Durlach","rawHours":"werktags 8 bis 20 Uhr","rawFee":"30 min = 1,50 €; 60 min = 3,00 €; 90 min = 4,50 €; 120 min = 6,00 €","note":"Weiherhof (A)","windows":[{"weekdays":[1,2,3,4,5,6],"fromMinute":480,"toMinute":1200}],"fee":{"kind":"exact","centsPerHour":300},"unmodelledRules":[],"sourceDefect":null,"spaces":null,"maxStayMinutes":null,"maxStay":"2h","maxStayShare":1,"maxStayValues":["2h"],"chargingPoints":0,"carsharing":0},"geometry":{"type":"MultiPolygon","coordinates":[[[[8.47318,48.99741],[8.47318,48.99743],[8.47277,48.99737],[8.47278,48.99735],[8.47318,48.99741]]],[[[8.47273,48.99735],[8.47273,48.99736],[8.47256,48.99734],[8.47256,48.99732],[8.47273,48.99735]]],[[[8.47249,48.99733],[8.47242,48.99733],[8.47236,48.99734],[8.47233,48.99735],[8.4723,48.99736],[8.47229,48.99734],[8.47232,48.99733],[8.47235,48.99733],[8.47242,48.99732],[8.47249,48.99731],[8.47249,48.99733]]]]}},{"type":"Feature","properties":{"zone":"167","district":"Südweststadt","rawHours":"werktags 8 bis 20 Uhr; Tagespauschale","rawFee":"30 min = 1,50 €; 60 min = 3,00 €; 90 min = 4,50 €; 120 min = 6,00 €; Tagespauschale = 15,00 €","note":"Steinhäuserstraße 18/L · Steinhäuserstraße 18/R · Steinhäuserstraße 7","windows":[{"weekdays":[1,2,3,4,5,6],"fromMinute":480,"toMinute":1200}],"fee":{"kind":"exact","centsPerHour":300},"unmodelledRules":["Tagespauschale"],"sourceDefect":null,"spaces":null,"maxStayMinutes":null,"maxStay":"24h","maxStayShare":1,"maxStayValues":["24h"],"chargingPoints":0,"carsharing":0},"geometry":{"type":"MultiPolygon","coordinates":[[[[8.38089,49.00014],[8.38083,49.00014],[8.38077,48.99959],[8.38083,48.99958],[8.38089,49.00014]]],[[[8.3808,48.99925],[8.38074,48.99925],[8.38073,48.99915],[8.38079,48.99915],[8.3808,48.99925]]]]}},{"type":"Feature","properties":{"zone":"169","district":"Durlach","rawHours":"werktags 8 bis 20 Uhr","rawFee":"30 min = 1,50 €; 60 min = 3,00 €; 90 min = 4,50 €; 120 min = 6,00 €","note":"Raiherwiesenstraße","windows":[{"weekdays":[1,2,3,4,5,6],"fromMinute":480,"toMinute":1200}],"fee":{"kind":"exact","centsPerHour":300},"unmodelledRules":[],"sourceDefect":null,"spaces":null,"maxStayMinutes":null,"maxStay":"2h","maxStayShare":1,"maxStayValues":["2h"],"chargingPoints":0,"carsharing":0},"geometry":{"type":"Polygon","coordinates":[[[8.4587,48.99768],[8.45867,48.99764],[8.45871,48.99759],[8.45875,48.99755],[8.4588,48.99751],[8.45881,48.9975],[8.45883,48.99757],[8.45876,48.99763],[8.4587,48.99768]]]}},{"type":"Feature","properties":{"zone":"170","district":"Mühlburg","rawHours":"werktags 8 bis 20 Uhr","rawFee":"30 min = 1,50 €; 60 min = 3,00 €; 90 min = 4,50 €; 120 min = 6,00 €","note":"Rheinstraße 41","windows":[{"weekdays":[1,2,3,4,5,6],"fromMinute":480,"toMinute":1200}],"fee":{"kind":"exact","centsPerHour":300},"unmodelledRules":[],"sourceDefect":null,"spaces":null,"maxStayMinutes":null,"maxStay":"2h","maxStayShare":1,"maxStayValues":["2h"],"chargingPoints":0,"carsharing":0},"geometry":{"type":"MultiPolygon","coordinates":[[[[8.36126,49.01119],[8.36132,49.01116],[8.36156,49.01119],[8.3615,49.01122],[8.36126,49.01119]]],[[[8.36098,49.01116],[8.36104,49.01113],[8.36128,49.01116],[8.36121,49.01119],[8.36098,49.01116]]]]}},{"type":"Feature","properties":{"zone":"171","district":"Oststadt","rawHours":"werktags 8 bis 20 Uhr","rawFee":"30 min = 1,50 €; 60 min = 3,00 €; 90 min = 4,50 €; 120 min = 6,00 €","note":"Rintheimer Straße 19","windows":[{"weekdays":[1,2,3,4,5,6],"fromMinute":480,"toMinute":1200}],"fee":{"kind":"exact","centsPerHour":300},"unmodelledRules":[],"sourceDefect":null,"spaces":null,"maxStayMinutes":null,"maxStay":"2h","maxStayShare":1,"maxStayValues":["2h"],"chargingPoints":0,"carsharing":0},"geometry":{"type":"Polygon","coordinates":[[[8.42607,49.01114],[8.42608,49.0111],[8.42628,49.01111],[8.42627,49.01115],[8.42607,49.01114]]]}},{"type":"Feature","properties":{"zone":"172","district":"Innenstadt-Ost","rawHours":"werktags 8 bis 20 Uhr","rawFee":"30 min = 1,50 €; 60 min = 3,00 €; 90 min = 4,50 €; 120 min = 6,00 €","note":"Englerstraße","windows":[{"weekdays":[1,2,3,4,5,6],"fromMinute":480,"toMinute":1200}],"fee":{"kind":"exact","centsPerHour":300},"unmodelledRules":[],"sourceDefect":null,"spaces":null,"maxStayMinutes":null,"maxStay":"2h","maxStayShare":1,"maxStayValues":["2h"],"chargingPoints":0,"carsharing":0},"geometry":{"type":"Polygon","coordinates":[[[8.41129,49.00958],[8.41131,49.00978],[8.41125,49.00978],[8.41123,49.00958],[8.41129,49.00958]]]}},{"type":"Feature","properties":{"zone":"173","district":"Südweststadt","rawHours":"werktags 8 bis 20 Uhr","rawFee":"30 min = 1,50 €; 60 min = 3,00 €; 90 min = 4,50 €; 120 min = 6,00 €","note":"Ritterstraße 42","windows":[{"weekdays":[1,2,3,4,5,6],"fromMinute":480,"toMinute":1200}],"fee":{"kind":"exact","centsPerHour":300},"unmodelledRules":[],"sourceDefect":null,"spaces":null,"maxStayMinutes":null,"maxStay":"2h","maxStayShare":1,"maxStayValues":["2h"],"chargingPoints":0,"carsharing":0},"geometry":{"type":"Polygon","coordinates":[[[8.39798,49.00392],[8.39797,49.00361],[8.39799,49.00361],[8.398,49.00392],[8.39798,49.00392]]]}},{"type":"Feature","properties":{"zone":"174","district":"Weststadt","rawHours":"werktags 8 bis 20 Uhr","rawFee":"30 min = 1,50 €; 60 min = 3,00 €; 90 min = 4,50 €; 120 min = 6,00 €","note":"Scheffelstraße 1","windows":[{"weekdays":[1,2,3,4,5,6],"fromMinute":480,"toMinute":1200}],"fee":{"kind":"exact","centsPerHour":300},"unmodelledRules":[],"sourceDefect":null,"spaces":null,"maxStayMinutes":null,"maxStay":"2h","maxStayShare":1,"maxStayValues":["2h"],"chargingPoints":0,"carsharing":0},"geometry":{"type":"Polygon","coordinates":[[[8.38191,49.00983],[8.38194,49.01002],[8.38187,49.01003],[8.38184,49.00984],[8.38191,49.00983]]]}},{"type":"Feature","properties":{"zone":"175","district":"Innenstadt-West","rawHours":"werktags 8 bis 20 Uhr","rawFee":"15 min = 1,50 €; 30 min = 3,00 €; 45 min = 4,50 €; 60 min = 6,00 €","note":"Schirmerstraße","windows":[{"weekdays":[1,2,3,4,5,6],"fromMinute":480,"toMinute":1200}],"fee":{"kind":"exact","centsPerHour":600},"unmodelledRules":[],"sourceDefect":null,"spaces":null,"maxStayMinutes":null,"maxStay":"1h","maxStayShare":1,"maxStayValues":["1h"],"chargingPoints":0,"carsharing":0},"geometry":{"type":"MultiPolygon","coordinates":[[[[8.39049,49.01357],[8.3905,49.0137],[8.39047,49.01371],[8.39046,49.01357],[8.39049,49.01357]]],[[[8.39051,49.01379],[8.39052,49.0139],[8.39049,49.0139],[8.39048,49.01378],[8.39051,49.01379]]],[[[8.39055,49.01424],[8.39056,49.01436],[8.39053,49.01436],[8.39052,49.01423],[8.39055,49.01424]]],[[[8.39053,49.01406],[8.39054,49.01415],[8.39051,49.01417],[8.3905,49.01405],[8.39053,49.01406]]],[[[8.39052,49.01392],[8.39053,49.014],[8.3905,49.01402],[8.39049,49.01392],[8.39052,49.01392]]],[[[8.39056,49.01438],[8.39056,49.01444],[8.39054,49.01446],[8.39053,49.01438],[8.39056,49.01438]]],[[[8.39048,49.01351],[8.39049,49.01355],[8.39046,49.01356],[8.39045,49.01349],[8.39048,49.01351]]]]}},{"type":"Feature","properties":{"zone":"176","district":"Südweststadt","rawHours":"werktags 8 bis 20 Uhr; Tagespauschale","rawFee":"30 min = 1,50 €; 60 min = 3,00 €; 90 min = 4,50 €; 120 min = 6,00 €; Tagespauschale = 15,00 €","note":"Siegfried-Kühn-Straße","windows":[{"weekdays":[1,2,3,4,5,6],"fromMinute":480,"toMinute":1200}],"fee":{"kind":"exact","centsPerHour":300},"unmodelledRules":["Tagespauschale"],"sourceDefect":null,"spaces":null,"maxStayMinutes":null,"maxStay":"24h","maxStayShare":1,"maxStayValues":["24h"],"chargingPoints":0,"carsharing":0},"geometry":{"type":"MultiPolygon","coordinates":[[[[8.37871,49.00215],[8.37861,49.00216],[8.37861,49.00211],[8.37871,49.00211],[8.37871,49.00215]]],[[[8.37909,49.00213],[8.37899,49.00214],[8.37898,49.0021],[8.37908,49.00209],[8.37909,49.00213]]],[[[8.37896,49.00214],[8.37886,49.00214],[8.37886,49.0021],[8.37896,49.0021],[8.37896,49.00214]]],[[[8.37881,49.00215],[8.37874,49.00215],[8.37873,49.00211],[8.37881,49.00211],[8.37881,49.00215]]]]}},{"type":"Feature","properties":{"zone":"177","district":"Innenstadt-West","rawHours":"werktags 8 bis 20 Uhr","rawFee":"15 min = 1,50 €; 30 min = 3,00 €; 45 min = 4,50 €; 60 min = 6,00 €","note":"Hans-Thoma-Straße 4","windows":[{"weekdays":[1,2,3,4,5,6],"fromMinute":480,"toMinute":1200}],"fee":{"kind":"exact","centsPerHour":600},"unmodelledRules":[],"sourceDefect":null,"spaces":null,"maxStayMinutes":null,"maxStay":"1h","maxStayShare":1,"maxStayValues":["1h"],"chargingPoints":0,"carsharing":0},"geometry":{"type":"Polygon","coordinates":[[[8.39926,49.01214],[8.39929,49.01215],[8.39916,49.01232],[8.3991,49.0124],[8.39907,49.01239],[8.39911,49.01234],[8.39926,49.01214]]]}},{"type":"Feature","properties":{"zone":"178","district":"Weststadt","rawHours":"werktags 8 bis 20 Uhr","rawFee":"30 min = 1,50 €; 60 min = 3,00 €; 90 min = 4,50 €; 120 min = 6,00 €","note":"Kaiserallee 47","windows":[{"weekdays":[1,2,3,4,5,6],"fromMinute":480,"toMinute":1200}],"fee":{"kind":"exact","centsPerHour":300},"unmodelledRules":[],"sourceDefect":null,"spaces":null,"maxStayMinutes":null,"maxStay":"2h","maxStayShare":1,"maxStayValues":["2h"],"chargingPoints":0,"carsharing":0},"geometry":{"type":"Polygon","coordinates":[[[8.3784,49.01066],[8.3784,49.01068],[8.37804,49.01069],[8.37803,49.01068],[8.3784,49.01066]]]}},{"type":"Feature","properties":{"zone":"179","district":"Innenstadt-Ost","rawHours":"werktags 8 bis 20 Uhr","rawFee":"15 min = 1,50 €; 30 min = 3,00 €; 45 min = 4,50 €; 60 min = 6,00 €","note":"Adlerstraße 4","windows":[{"weekdays":[1,2,3,4,5,6],"fromMinute":480,"toMinute":1200}],"fee":{"kind":"exact","centsPerHour":600},"unmodelledRules":[],"sourceDefect":null,"spaces":null,"maxStayMinutes":null,"maxStay":"1h","maxStayShare":1,"maxStayValues":["1h"],"chargingPoints":0,"carsharing":0},"geometry":{"type":"Polygon","coordinates":[[[8.40632,49.01015],[8.40651,49.00977],[8.40654,49.00977],[8.40634,49.01016],[8.40632,49.01015]]]}},{"type":"Feature","properties":{"zone":"180","district":"Innenstadt-West","rawHours":"werktags 8 bis 20 Uhr","rawFee":"15 min = 1,50 €; 30 min = 3,00 €; 45 min = 4,50 €; 60 min = 6,00 €","note":"Sophienstraße 9","windows":[{"weekdays":[1,2,3,4,5,6],"fromMinute":480,"toMinute":1200}],"fee":{"kind":"exact","centsPerHour":600},"unmodelledRules":[],"sourceDefect":null,"spaces":null,"maxStayMinutes":null,"maxStay":"1h","maxStayShare":1,"maxStayValues":["1h"],"chargingPoints":0,"carsharing":0},"geometry":{"type":"MultiPolygon","coordinates":[[[[8.39335,49.00634],[8.39333,49.00632],[8.3937,49.0062],[8.39371,49.00621],[8.39335,49.00634]]],[[[8.39357,49.0062],[8.39357,49.00615],[8.39372,49.0061],[8.39372,49.00614],[8.39357,49.0062]]],[[[8.39328,49.00625],[8.39338,49.00621],[8.39338,49.00626],[8.39327,49.0063],[8.39328,49.00625]]],[[[8.39384,49.0061],[8.39385,49.00606],[8.39392,49.00603],[8.39392,49.00608],[8.39384,49.0061]]],[[[8.39412,49.00599],[8.39411,49.00597],[8.39425,49.00592],[8.39426,49.00594],[8.39412,49.00599]]]]}},{"type":"Feature","properties":{"zone":"181","district":"Weststadt","rawHours":"Mo-Fr 8 bis 16 Uhr","rawFee":"30 min = 1,50 €; 60 min = 3,00 €; 90 min = 4,50 €; 120 min = 6,00 €","note":"Helmholtzstraße 7","windows":[{"weekdays":[1,2,3,4,5],"fromMinute":480,"toMinute":960}],"fee":{"kind":"exact","centsPerHour":300},"unmodelledRules":[],"sourceDefect":null,"spaces":null,"maxStayMinutes":null,"maxStay":"2h","maxStayShare":1,"maxStayValues":["2h"],"chargingPoints":0,"carsharing":0},"geometry":{"type":"MultiPolygon","coordinates":[[[[8.38252,49.01177],[8.38286,49.01176],[8.38285,49.01177],[8.38254,49.01179],[8.38252,49.01177]]],[[[8.38299,49.01175],[8.3832,49.01174],[8.38322,49.01176],[8.383,49.01176],[8.38299,49.01175]]]]}},{"type":"Feature","properties":{"zone":"182","district":"Nordweststadt","rawHours":"werktags 8 bis 20 Uhr; Tagespauschale","rawFee":"30 min = 1,50 €; 60 min = 3,00 €; 90 min = 4,50 €; 120 min = 6,00 €; Tagespauschale = 15,00 €","note":"Kußmaulstraße 3 · Kußmaulstraße 4","windows":[{"weekdays":[1,2,3,4,5,6],"fromMinute":480,"toMinute":1200}],"fee":{"kind":"exact","centsPerHour":300},"unmodelledRules":["Tagespauschale"],"sourceDefect":null,"spaces":null,"maxStayMinutes":null,"maxStay":"24h","maxStayShare":1,"maxStayValues":["24h"],"chargingPoints":0,"carsharing":0},"geometry":{"type":"MultiPolygon","coordinates":[[[[8.37095,49.01894],[8.37101,49.01891],[8.37108,49.01898],[8.37102,49.019],[8.37095,49.01894]]],[[[8.37088,49.01887],[8.37094,49.01884],[8.37098,49.01889],[8.37093,49.01892],[8.37088,49.01887]]]]}},{"type":"Feature","properties":{"zone":"183","district":"Nordweststadt","rawHours":"werktags 8 bis 20 Uhr; Tagespauschale","rawFee":"30 min = 1,50 €; 60 min = 3,00 €; 90 min = 4,50 €; 120 min = 6,00 €; Tagespauschale = 15,00 €","note":"Kußmaulstraße 3 · Kußmaulstraße 4","windows":[{"weekdays":[1,2,3,4,5,6],"fromMinute":480,"toMinute":1200}],"fee":{"kind":"exact","centsPerHour":300},"unmodelledRules":["Tagespauschale"],"sourceDefect":null,"spaces":null,"maxStayMinutes":null,"maxStay":"24h","maxStayShare":1,"maxStayValues":["24h"],"chargingPoints":0,"carsharing":0},"geometry":{"type":"Polygon","coordinates":[[[8.3706,49.0187],[8.37135,49.01943],[8.37132,49.01944],[8.37058,49.01872],[8.3706,49.0187]]]}},{"type":"Feature","properties":{"zone":"184","district":"Nordweststadt","rawHours":"werktags 8 bis 20 Uhr; Tagespauschale","rawFee":"30 min = 1,50 €; 60 min = 3,00 €; 90 min = 4,50 €; 120 min = 6,00 €; Tagespauschale = 15,00 €","note":"Kußmaulstraße 5 · Kußmaulstraße 6","windows":[{"weekdays":[1,2,3,4,5,6],"fromMinute":480,"toMinute":1200}],"fee":{"kind":"exact","centsPerHour":300},"unmodelledRules":["Tagespauschale"],"sourceDefect":null,"spaces":null,"maxStayMinutes":null,"maxStay":"24h","maxStayShare":1,"maxStayValues":["24h"],"chargingPoints":0,"carsharing":0},"geometry":{"type":"MultiPolygon","coordinates":[[[[8.37169,49.01965],[8.37174,49.01963],[8.3719,49.01977],[8.37184,49.0198],[8.37169,49.01965]]],[[[8.37192,49.01979],[8.37205,49.01992],[8.37199,49.01995],[8.37186,49.01982],[8.37192,49.01979]]],[[[8.37157,49.01954],[8.37163,49.01951],[8.37172,49.01961],[8.37167,49.01963],[8.37157,49.01954]]]]}},{"type":"Feature","properties":{"zone":"185","district":"Nordweststadt","rawHours":"werktags 8 bis 20 Uhr; Tagespauschale","rawFee":"30 min = 1,50 €; 60 min = 3,00 €; 90 min = 4,50 €; 120 min = 6,00 €; Tagespauschale = 15,00 €","note":"Kußmaulstraße 5 · Kußmaulstraße 6","windows":[{"weekdays":[1,2,3,4,5,6],"fromMinute":480,"toMinute":1200}],"fee":{"kind":"exact","centsPerHour":300},"unmodelledRules":["Tagespauschale"],"sourceDefect":null,"spaces":null,"maxStayMinutes":null,"maxStay":"24h","maxStayShare":1,"maxStayValues":["24h"],"chargingPoints":0,"carsharing":0},"geometry":{"type":"Polygon","coordinates":[[[8.37145,49.01953],[8.37196,49.02003],[8.37194,49.02004],[8.37163,49.01974],[8.37143,49.01954],[8.37145,49.01953]]]}},{"type":"Feature","properties":{"zone":"186","district":"Südweststadt","rawHours":"werktags 8 bis 20 Uhr","rawFee":"30 min = 1,50 €; 60 min = 3,00 €; 90 min = 4,50 €; 120 min = 6,00 €","note":"Gartenstraße 15","windows":[{"weekdays":[1,2,3,4,5,6],"fromMinute":480,"toMinute":1200}],"fee":{"kind":"exact","centsPerHour":300},"unmodelledRules":[],"sourceDefect":null,"spaces":null,"maxStayMinutes":null,"maxStay":"2h","maxStayShare":1,"maxStayValues":["2h"],"chargingPoints":0,"carsharing":0},"geometry":{"type":"MultiPolygon","coordinates":[[[[8.39427,49.00447],[8.39416,49.00448],[8.39415,49.00445],[8.39425,49.00443],[8.39427,49.00447]]],[[[8.39414,49.00449],[8.39403,49.00452],[8.39402,49.00449],[8.39412,49.00446],[8.39414,49.00449]]]]}},{"type":"Feature","properties":{"zone":"187","district":"Südweststadt","rawHours":"werktags 8 bis 20 Uhr","rawFee":"30 min = 1,50 €; 60 min = 3,00 €; 90 min = 4,50 €; 120 min = 6,00 €","note":"Steinhäuserstraße 4 · Steinhäuserstraße 3","windows":[{"weekdays":[1,2,3,4,5,6],"fromMinute":480,"toMinute":1200}],"fee":{"kind":"exact","centsPerHour":300},"unmodelledRules":[],"sourceDefect":null,"spaces":null,"maxStayMinutes":null,"maxStay":"2h","maxStayShare":1,"maxStayValues":["2h"],"chargingPoints":0,"carsharing":0},"geometry":{"type":"MultiPolygon","coordinates":[[[[8.38063,48.99765],[8.38057,48.99765],[8.38054,48.99743],[8.38061,48.99743],[8.38063,48.99765]]],[[[8.3806,48.99727],[8.38053,48.99728],[8.38052,48.99716],[8.38059,48.99716],[8.3806,48.99727]]]]}},{"type":"Feature","properties":{"zone":"188","district":"Südweststadt","rawHours":"werktags 8 bis 20 Uhr; Tagespauschale","rawFee":"30 min = 1,50 €; 60 min = 3,00 €; 90 min = 4,50 €; 120 min = 6,00 €; Tagespauschale = 15,00 €","note":"Steinhäuserstraße 6 · Steinhäuserstraße 5","windows":[{"weekdays":[1,2,3,4,5,6],"fromMinute":480,"toMinute":1200}],"fee":{"kind":"exact","centsPerHour":300},"unmodelledRules":["Tagespauschale"],"sourceDefect":null,"spaces":null,"maxStayMinutes":null,"maxStay":"24h","maxStayShare":1,"maxStayValues":["24h"],"chargingPoints":0,"carsharing":0},"geometry":{"type":"Polygon","coordinates":[[[8.38075,48.99877],[8.38069,48.99877],[8.38065,48.99844],[8.38071,48.99843],[8.38075,48.99877]]]}},{"type":"Feature","properties":{"zone":"189","district":"Südweststadt","rawHours":"werktags 8 bis 20 Uhr; Tagespauschale","rawFee":"30 min = 1,50 €; 60 min = 3,00 €; 90 min = 4,50 €; 120 min = 6,00 €; Tagespauschale = 15,00 €","note":"Steinhäuserstraße 6 · Steinhäuserstraße 5","windows":[{"weekdays":[1,2,3,4,5,6],"fromMinute":480,"toMinute":1200}],"fee":{"kind":"exact","centsPerHour":300},"unmodelledRules":["Tagespauschale"],"sourceDefect":null,"spaces":null,"maxStayMinutes":null,"maxStay":"24h","maxStayShare":1,"maxStayValues":["24h"],"chargingPoints":0,"carsharing":0},"geometry":{"type":"MultiPolygon","coordinates":[[[[8.38087,48.99828],[8.38081,48.99828],[8.38077,48.99785],[8.38083,48.99784],[8.38087,48.99828]]],[[[8.38092,48.99878],[8.38086,48.99878],[8.38082,48.99837],[8.38088,48.99837],[8.38092,48.99878]]]]}},{"type":"Feature","properties":{"zone":"190","district":"Südweststadt","rawHours":"werktags 8 bis 20 Uhr","rawFee":"30 min = 1,50 €; 60 min = 3,00 €; 90 min = 4,50 €; 120 min = 6,00 €","note":"Steinhäuserstraße 4 · Steinhäuserstraße 3 · Steinhäuserstraße 1 · Steinhäuserstraße 2","windows":[{"weekdays":[1,2,3,4,5,6],"fromMinute":480,"toMinute":1200}],"fee":{"kind":"exact","centsPerHour":300},"unmodelledRules":[],"sourceDefect":null,"spaces":null,"maxStayMinutes":null,"maxStay":"2h","maxStayShare":1,"maxStayValues":["2h"],"chargingPoints":0,"carsharing":0},"geometry":{"type":"MultiPolygon","coordinates":[[[[8.38055,48.99677],[8.38048,48.99677],[8.38045,48.99654],[8.38052,48.99654],[8.38055,48.99677]]],[[[8.38059,48.99716],[8.38052,48.99716],[8.3805,48.99703],[8.38057,48.99702],[8.38059,48.99716]]]]}},{"type":"Feature","properties":{"zone":"191","district":"Südweststadt","rawHours":"werktags 8 bis 20 Uhr","rawFee":"30 min = 1,50 €; 60 min = 3,00 €; 90 min = 4,50 €; 120 min = 6,00 €","note":"Steinhäuserstraße 4 · Steinhäuserstraße 3","windows":[{"weekdays":[1,2,3,4,5,6],"fromMinute":480,"toMinute":1200}],"fee":{"kind":"exact","centsPerHour":300},"unmodelledRules":[],"sourceDefect":null,"spaces":null,"maxStayMinutes":null,"maxStay":"2h","maxStayShare":1,"maxStayValues":["2h"],"chargingPoints":0,"carsharing":0},"geometry":{"type":"MultiPolygon","coordinates":[[[[8.38081,48.99769],[8.38075,48.99769],[8.38073,48.99749],[8.38079,48.99749],[8.38081,48.99769]]],[[[8.38078,48.99742],[8.38072,48.99743],[8.38071,48.99729],[8.38077,48.99729],[8.38078,48.99742]]],[[[8.38076,48.99723],[8.38071,48.99723],[8.38069,48.99711],[8.38075,48.99711],[8.38076,48.99723]]]]}},{"type":"Feature","properties":{"zone":"192","district":"Südweststadt","rawHours":"werktags 8 bis 20 Uhr","rawFee":"30 min = 1,50 €; 60 min = 3,00 €; 90 min = 4,50 €; 120 min = 6,00 €","note":"Steinhäuserstraße 1 · Steinhäuserstraße 2","windows":[{"weekdays":[1,2,3,4,5,6],"fromMinute":480,"toMinute":1200}],"fee":{"kind":"exact","centsPerHour":300},"unmodelledRules":[],"sourceDefect":null,"spaces":null,"maxStayMinutes":null,"maxStay":"2h","maxStayShare":1,"maxStayValues":["2h"],"chargingPoints":0,"carsharing":0},"geometry":{"type":"MultiPolygon","coordinates":[[[[8.38071,48.99669],[8.38065,48.9967],[8.38063,48.99651],[8.38069,48.99651],[8.38071,48.99669]]],[[[8.38073,48.9969],[8.38067,48.9969],[8.38066,48.99677],[8.38072,48.99677],[8.38073,48.9969]]]]}},{"type":"Feature","properties":{"zone":"193","district":"Südweststadt","rawHours":"werktags 8 bis 20 Uhr; Tagespauschale","rawFee":"30 min = 1,50 €; 60 min = 3,00 €; 90 min = 4,50 €; 120 min = 6,00 €; Tagespauschale = 15,00 €","note":"Steinhäuserstraße 18/L · Steinhäuserstraße 7","windows":[{"weekdays":[1,2,3,4,5,6],"fromMinute":480,"toMinute":1200}],"fee":{"kind":"exact","centsPerHour":300},"unmodelledRules":["Tagespauschale"],"sourceDefect":null,"spaces":null,"maxStayMinutes":null,"maxStay":"24h","maxStayShare":1,"maxStayValues":["24h"],"chargingPoints":0,"carsharing":0},"geometry":{"type":"MultiPolygon","coordinates":[[[[8.38105,49.00008],[8.38099,49.00009],[8.38095,48.9997],[8.38094,48.99966],[8.38101,48.99966],[8.38105,49.00008]]],[[[8.38097,48.99933],[8.38091,48.99933],[8.38089,48.99915],[8.38095,48.99914],[8.38097,48.99933]]],[[[8.38099,48.99953],[8.38093,48.99953],[8.38092,48.99943],[8.38098,48.99943],[8.38099,48.99953]]]]}},{"type":"Feature","properties":{"zone":"194","district":"Weststadt","rawHours":"werktags 8 bis 20 Uhr; Tagespauschale","rawFee":"30 min = 1,50 €; 60 min = 3,00 €; 90 min = 4,50 €; 120 min = 6,00 €; Tagespauschale = 22,50 €","note":"Gustav-Heller-Platz","windows":[{"weekdays":[1,2,3,4,5,6],"fromMinute":480,"toMinute":1200}],"fee":{"kind":"exact","centsPerHour":300},"unmodelledRules":["Tagespauschale"],"sourceDefect":null,"spaces":null,"maxStayMinutes":null,"maxStay":"24h","maxStayShare":1,"maxStayValues":["24h"],"chargingPoints":0,"carsharing":0},"geometry":{"type":"Polygon","coordinates":[[[8.37093,49.00296],[8.37114,49.0028],[8.37119,49.00283],[8.37098,49.00299],[8.37093,49.00296]]]}},{"type":"Feature","properties":{"zone":"195","district":"Oststadt","rawHours":"werktags 8 bis 20 Uhr","rawFee":"30 min = 1,50 €; 60 min = 3,00 €; 90 min = 4,50 €; 120 min = 6,00 €","note":"Hennebergstraße","windows":[{"weekdays":[1,2,3,4,5,6],"fromMinute":480,"toMinute":1200}],"fee":{"kind":"exact","centsPerHour":300},"unmodelledRules":[],"sourceDefect":null,"spaces":null,"maxStayMinutes":null,"maxStay":"2h","maxStayShare":1,"maxStayValues":["2h"],"chargingPoints":0,"carsharing":0},"geometry":{"type":"Polygon","coordinates":[[[8.42051,49.00474],[8.42057,49.00472],[8.42069,49.00485],[8.42064,49.00488],[8.42051,49.00474]]]}},{"type":"Feature","properties":{"zone":"196","district":"Innenstadt-West","rawHours":"werktags 8 bis 20 Uhr","rawFee":"15 min = 1,50 €; 30 min = 3,00 €; 45 min = 4,50 €; 60 min = 6,00 €","note":"Stephanienstraße 66","windows":[{"weekdays":[1,2,3,4,5,6],"fromMinute":480,"toMinute":1200}],"fee":{"kind":"exact","centsPerHour":600},"unmodelledRules":[],"sourceDefect":null,"spaces":null,"maxStayMinutes":null,"maxStay":"1h","maxStayShare":1,"maxStayValues":["1h"],"chargingPoints":0,"carsharing":0},"geometry":{"type":"MultiPolygon","coordinates":[[[[8.39197,49.01133],[8.39195,49.01137],[8.39182,49.01134],[8.39184,49.0113],[8.39197,49.01133]]],[[[8.39239,49.01142],[8.39237,49.01146],[8.39228,49.01144],[8.39229,49.0114],[8.39239,49.01142]]],[[[8.39225,49.01139],[8.39223,49.01143],[8.39214,49.01141],[8.39215,49.01137],[8.39225,49.01139]]],[[[8.39207,49.01135],[8.39206,49.01139],[8.39201,49.01138],[8.39203,49.01134],[8.39207,49.01135]]],[[[8.39179,49.01129],[8.39177,49.01133],[8.39174,49.01132],[8.39176,49.01128],[8.39179,49.01129]]],[[[8.3917,49.01127],[8.39168,49.01131],[8.39165,49.0113],[8.39167,49.01126],[8.3917,49.01127]]],[[[8.39155,49.01124],[8.39153,49.01128],[8.39151,49.01127],[8.39153,49.01123],[8.39155,49.01124]]]]}},{"type":"Feature","properties":{"zone":"197","district":"Innenstadt-West","rawHours":"werktags 8 bis 20 Uhr","rawFee":"15 min = 1,50 €; 30 min = 3,00 €; 45 min = 4,50 €; 60 min = 6,00 €","note":"Stephanienstraße 86","windows":[{"weekdays":[1,2,3,4,5,6],"fromMinute":480,"toMinute":1200}],"fee":{"kind":"exact","centsPerHour":600},"unmodelledRules":[],"sourceDefect":null,"spaces":null,"maxStayMinutes":null,"maxStay":"1h","maxStayShare":1,"maxStayValues":["1h"],"chargingPoints":0,"carsharing":0},"geometry":{"type":"MultiPolygon","coordinates":[[[[8.38938,49.01077],[8.38936,49.01081],[8.38923,49.01078],[8.38925,49.01074],[8.38938,49.01077]]],[[[8.38997,49.0109],[8.38995,49.01094],[8.38985,49.01091],[8.38987,49.01088],[8.38997,49.0109]]],[[[8.38959,49.01082],[8.38957,49.01085],[8.3895,49.01084],[8.38952,49.0108],[8.38959,49.01082]]],[[[8.38969,49.01084],[8.38968,49.01088],[8.38961,49.01086],[8.38963,49.01083],[8.38969,49.01084]]],[[[8.39007,49.01092],[8.39005,49.01096],[8.38998,49.01094],[8.39,49.01091],[8.39007,49.01092]]],[[[8.38977,49.01086],[8.38975,49.01089],[8.38971,49.01088],[8.38973,49.01085],[8.38977,49.01086]]],[[[8.39013,49.01093],[8.39012,49.01097],[8.39008,49.01096],[8.3901,49.01093],[8.39013,49.01093]]]]}},{"type":"Feature","properties":{"zone":"198","district":"Innenstadt-West","rawHours":"werktags 8 bis 20 Uhr","rawFee":"15 min = 1,50 €; 30 min = 3,00 €; 45 min = 4,50 €; 60 min = 6,00 €","note":"Stephanienstraße 74","windows":[{"weekdays":[1,2,3,4,5,6],"fromMinute":480,"toMinute":1200}],"fee":{"kind":"exact","centsPerHour":600},"unmodelledRules":[],"sourceDefect":null,"spaces":null,"maxStayMinutes":null,"maxStay":"1h","maxStayShare":1,"maxStayValues":["1h"],"chargingPoints":0,"carsharing":0},"geometry":{"type":"MultiPolygon","coordinates":[[[[8.39048,49.01101],[8.39047,49.01105],[8.39034,49.01102],[8.39036,49.01098],[8.39048,49.01101]]],[[[8.39063,49.01104],[8.39061,49.01108],[8.39051,49.01106],[8.39053,49.01102],[8.39063,49.01104]]],[[[8.39103,49.01113],[8.39101,49.01116],[8.39091,49.01114],[8.39093,49.01111],[8.39103,49.01113]]],[[[8.39134,49.01119],[8.39133,49.01123],[8.39125,49.01121],[8.39127,49.01118],[8.39134,49.01119]]],[[[8.3909,49.0111],[8.39088,49.01113],[8.39081,49.01112],[8.39083,49.01108],[8.3909,49.0111]]],[[[8.39112,49.01115],[8.39111,49.01118],[8.39104,49.01117],[8.39106,49.01113],[8.39112,49.01115]]],[[[8.39031,49.01097],[8.39029,49.01101],[8.39026,49.011],[8.39028,49.01097],[8.39031,49.01097]]]]}},{"type":"Feature","properties":{"zone":"199","district":"Weststadt","rawHours":"Mo-Fr 8 bis 16 Uhr","rawFee":"30 min = 1,50 €; 60 min = 3,00 €; 90 min = 4,50 €; 120 min = 6,00 €","note":"Kochstraße","windows":[{"weekdays":[1,2,3,4,5],"fromMinute":480,"toMinute":960}],"fee":{"kind":"exact","centsPerHour":300},"unmodelledRules":[],"sourceDefect":null,"spaces":null,"maxStayMinutes":null,"maxStay":"2h","maxStayShare":1,"maxStayValues":["2h"],"chargingPoints":0,"carsharing":0},"geometry":{"type":"MultiPolygon","coordinates":[[[[8.38197,49.01126],[8.38193,49.01129],[8.38192,49.01128],[8.3819,49.01113],[8.38196,49.0111],[8.38197,49.01126]]],[[[8.38195,49.01107],[8.38191,49.0111],[8.3819,49.01109],[8.38189,49.01098],[8.38194,49.01094],[8.38195,49.01107]]]]}},{"type":"Feature","properties":{"zone":"200","district":"Innenstadt-West","rawHours":"werktags 8 bis 20 Uhr","rawFee":"15 min = 1,50 €; 30 min = 3,00 €; 45 min = 4,50 €; 60 min = 6,00 €","note":"Hans-Thoma-Straße 3","windows":[{"weekdays":[1,2,3,4,5,6],"fromMinute":480,"toMinute":1200}],"fee":{"kind":"exact","centsPerHour":600},"unmodelledRules":[],"sourceDefect":null,"spaces":null,"maxStayMinutes":null,"maxStay":"1h","maxStayShare":1,"maxStayValues":["1h"],"chargingPoints":0,"carsharing":0},"geometry":{"type":"MultiPolygon","coordinates":[[[[8.39934,49.0117],[8.39924,49.0118],[8.39918,49.01185],[8.39916,49.01184],[8.39933,49.01169],[8.39934,49.0117]]],[[[8.39916,49.01187],[8.3991,49.01193],[8.39908,49.01193],[8.39913,49.01186],[8.39916,49.01187]]]]}},{"type":"Feature","properties":{"zone":"201","district":"Südweststadt","rawHours":"werktags 8 bis 20 Uhr","rawFee":"30 min = 1,50 €; 60 min = 3,00 €; 90 min = 4,50 €; 120 min = 6,00 €","note":"Ettlinger Straße 2","windows":[{"weekdays":[1,2,3,4,5,6],"fromMinute":480,"toMinute":1200}],"fee":{"kind":"exact","centsPerHour":300},"unmodelledRules":[],"sourceDefect":null,"spaces":null,"maxStayMinutes":null,"maxStay":"2h","maxStayShare":1,"maxStayValues":["2h"],"chargingPoints":0,"carsharing":0},"geometry":{"type":"Polygon","coordinates":[[[8.40303,49.00243],[8.40306,49.00243],[8.40311,49.0029],[8.40307,49.0029],[8.40303,49.00243]]]}},{"type":"Feature","properties":{"zone":"202","district":"Südweststadt","rawHours":"werktags 8 bis 20 Uhr; Tagespauschale","rawFee":"30 min = 1,50 €; 60 min = 3,00 €; 90 min = 4,50 €; 120 min = 6,00 €; Tagespauschale = 22,50 €","note":"Ettlinger Straße 4","windows":[{"weekdays":[1,2,3,4,5,6],"fromMinute":480,"toMinute":1200}],"fee":{"kind":"exact","centsPerHour":300},"unmodelledRules":["Tagespauschale"],"sourceDefect":null,"spaces":null,"maxStayMinutes":null,"maxStay":"24h","maxStayShare":1,"maxStayValues":["24h"],"chargingPoints":0,"carsharing":0},"geometry":{"type":"Polygon","coordinates":[[[8.40294,49.0016],[8.40297,49.0016],[8.40301,49.00192],[8.40297,49.00192],[8.40294,49.0016]]]}},{"type":"Feature","properties":{"zone":"203","district":"Südstadt","rawHours":"werktags 8 bis 20 Uhr · werktags 8 bis 20 Uhr; Tagespauschale","rawFee":"30 min = 1,50 €; 60 min = 3,00 €; 90 min = 4,50 €; 120 min = 6,00 € · 30 min = 1,50 €; 60 min = 3,00 €; 90 min = 4,50 €; 120 min = 6,00 €; Tagespauschale = 22,50 €","note":"Ettlinger Straße 13 · Ettlinger Straße 4","windows":[{"weekdays":[1,2,3,4,5,6],"fromMinute":480,"toMinute":1200}],"fee":{"kind":"exact","centsPerHour":300},"unmodelledRules":["Tagespauschale"],"sourceDefect":null,"spaces":null,"maxStayMinutes":null,"maxStay":"2h","maxStayShare":1,"maxStayValues":["2h","24h"],"chargingPoints":0,"carsharing":0},"geometry":{"type":"Polygon","coordinates":[[[8.4032,49.00149],[8.40323,49.00182],[8.40319,49.00182],[8.40317,49.00153],[8.40317,49.00149],[8.4032,49.00149]]]}},{"type":"Feature","properties":{"zone":"204","district":"Innenstadt-Ost","rawHours":"werktags 8 bis 20 Uhr","rawFee":"15 min = 1,50 €; 30 min = 3,00 €; 45 min = 4,50 €; 60 min = 6,00 €","note":"Karl-Friedrich-Straße 17","windows":[{"weekdays":[1,2,3,4,5,6],"fromMinute":480,"toMinute":1200}],"fee":{"kind":"exact","centsPerHour":600},"unmodelledRules":[],"sourceDefect":null,"spaces":null,"maxStayMinutes":null,"maxStay":"1h","maxStayShare":1,"maxStayValues":["1h"],"chargingPoints":0,"carsharing":0},"geometry":{"type":"Polygon","coordinates":[[[8.40374,49.0072],[8.40378,49.0076],[8.40376,49.0076],[8.40371,49.0072],[8.40371,49.00717],[8.40372,49.00712],[8.40375,49.00713],[8.40374,49.00716],[8.40374,49.0072]]]}},{"type":"Feature","properties":{"zone":"205","district":"Mühlburg","rawHours":"werktags 8 bis 20 Uhr","rawFee":"30 min = 1,50 €; 60 min = 3,00 €; 90 min = 4,50 €; 120 min = 6,00 €","note":"Rheinstraße 8","windows":[{"weekdays":[1,2,3,4,5,6],"fromMinute":480,"toMinute":1200}],"fee":{"kind":"exact","centsPerHour":300},"unmodelledRules":[],"sourceDefect":null,"spaces":null,"maxStayMinutes":null,"maxStay":"2h","maxStayShare":1,"maxStayValues":["2h"],"chargingPoints":0,"carsharing":0},"geometry":{"type":"MultiPolygon","coordinates":[[[[8.36417,49.01157],[8.36401,49.01158],[8.36401,49.01156],[8.36417,49.01155],[8.36417,49.01157]]],[[[8.36469,49.01155],[8.36457,49.01155],[8.36457,49.01153],[8.36468,49.01153],[8.36469,49.01155]]],[[[8.36486,49.01152],[8.36485,49.01154],[8.36475,49.01154],[8.36475,49.01153],[8.36486,49.01152]]],[[[8.36384,49.01158],[8.36376,49.01159],[8.36376,49.01157],[8.36384,49.01156],[8.36384,49.01158]]],[[[8.36439,49.01156],[8.36431,49.01156],[8.3643,49.01155],[8.36439,49.01154],[8.36439,49.01156]]],[[[8.36397,49.01158],[8.36391,49.01158],[8.36391,49.01156],[8.36397,49.01156],[8.36397,49.01158]]]]}},{"type":"Feature","properties":{"zone":"206","district":"Südweststadt","rawHours":"werktags 8 bis 20 Uhr; Tagespauschale","rawFee":"30 min = 1,50 €; 60 min = 3,00 €; 90 min = 4,50 €; 120 min = 6,00 €; Tagespauschale = 15,00 €","note":"Südendstraße 32/west · Südendstraße 35","windows":[{"weekdays":[1,2,3,4,5,6],"fromMinute":480,"toMinute":1200}],"fee":{"kind":"exact","centsPerHour":300},"unmodelledRules":["Tagespauschale"],"sourceDefect":null,"spaces":null,"maxStayMinutes":null,"maxStay":"24h","maxStayShare":1,"maxStayValues":["24h"],"chargingPoints":0,"carsharing":0},"geometry":{"type":"Polygon","coordinates":[[[8.38824,48.99859],[8.38824,48.99857],[8.38913,48.99853],[8.38913,48.99854],[8.38824,48.99859]]]}},{"type":"Feature","properties":{"zone":"207","district":"Südstadt","rawHours":"werktags 8 bis 20 Uhr","rawFee":"30 min = 1,50 €; 60 min = 3,00 €; 90 min = 4,50 €; 120 min = 6,00 €","note":"Baumeisterstraße 21","windows":[{"weekdays":[1,2,3,4,5,6],"fromMinute":480,"toMinute":1200}],"fee":{"kind":"exact","centsPerHour":300},"unmodelledRules":[],"sourceDefect":null,"spaces":null,"maxStayMinutes":null,"maxStay":"2h","maxStayShare":1,"maxStayValues":["2h"],"chargingPoints":0,"carsharing":0},"geometry":{"type":"Polygon","coordinates":[[[8.40952,49.00445],[8.40953,49.00443],[8.41017,49.0045],[8.41015,49.00451],[8.40952,49.00445]]]}},{"type":"Feature","properties":{"zone":"208","district":"Innenstadt-West","rawHours":"werktags 8 bis 20 Uhr","rawFee":"15 min = 1,50 €; 30 min = 3,00 €; 45 min = 4,50 €; 60 min = 6,00 €","note":"Passagehof/Ost","windows":[{"weekdays":[1,2,3,4,5,6],"fromMinute":480,"toMinute":1200}],"fee":{"kind":"exact","centsPerHour":600},"unmodelledRules":[],"sourceDefect":null,"spaces":null,"maxStayMinutes":null,"maxStay":"1h","maxStayShare":1,"maxStayValues":["1h"],"chargingPoints":0,"carsharing":0},"geometry":{"type":"MultiPolygon","coordinates":[[[[8.39845,49.01154],[8.39841,49.01156],[8.39813,49.01138],[8.39814,49.01137],[8.39845,49.01154]]],[[[8.39835,49.01158],[8.39833,49.01159],[8.39813,49.01147],[8.39815,49.01146],[8.39835,49.01158]]],[[[8.39846,49.01167],[8.39835,49.01181],[8.39833,49.0118],[8.39844,49.01166],[8.39846,49.01167]]]]}},{"type":"Feature","properties":{"zone":"209","district":"Weststadt","rawHours":"werktags 8 bis 20 Uhr","rawFee":"30 min = 1,50 €; 60 min = 3,00 €; 90 min = 4,50 €; 120 min = 6,00 €","note":"Kaiserallee 97","windows":[{"weekdays":[1,2,3,4,5,6],"fromMinute":480,"toMinute":1200}],"fee":{"kind":"exact","centsPerHour":300},"unmodelledRules":[],"sourceDefect":null,"spaces":null,"maxStayMinutes":null,"maxStay":"2h","maxStayShare":1,"maxStayValues":["2h"],"chargingPoints":0,"carsharing":0},"geometry":{"type":"MultiPolygon","coordinates":[[[[8.37122,49.01102],[8.37121,49.01103],[8.37109,49.01103],[8.37107,49.01102],[8.37105,49.01102],[8.37104,49.01103],[8.37089,49.01104],[8.37088,49.01103],[8.37088,49.01103],[8.37122,49.01101],[8.37122,49.01102]]],[[[8.37125,49.01098],[8.37111,49.01099],[8.3711,49.01096],[8.37124,49.01096],[8.37125,49.01098]]],[[[8.3714,49.01097],[8.37126,49.01098],[8.37126,49.01096],[8.3714,49.01095],[8.3714,49.01097]]],[[[8.37109,49.01099],[8.37102,49.01099],[8.37101,49.01097],[8.37108,49.01097],[8.37109,49.01099]]]]}},{"type":"Feature","properties":{"zone":"210","district":"Oststadt","rawHours":"werktags 8 bis 20 Uhr","rawFee":"30 min = 1,50 €; 60 min = 3,00 €; 90 min = 4,50 €; 120 min = 6,00 €","note":"Georg-Friedrich-Straße 8","windows":[{"weekdays":[1,2,3,4,5,6],"fromMinute":480,"toMinute":1200}],"fee":{"kind":"exact","centsPerHour":300},"unmodelledRules":[],"sourceDefect":null,"spaces":null,"maxStayMinutes":null,"maxStay":"2h","maxStayShare":1,"maxStayValues":["2h"],"chargingPoints":0,"carsharing":0},"geometry":{"type":"Polygon","coordinates":[[[8.4233,49.01049],[8.42324,49.01074],[8.42322,49.01073],[8.42327,49.01048],[8.4233,49.01049]]]}},{"type":"Feature","properties":{"zone":"211","district":"Oststadt","rawHours":"werktags 8 bis 20 Uhr","rawFee":"30 min = 1,50 €; 60 min = 3,00 €; 90 min = 4,50 €; 120 min = 6,00 €","note":"Essenweinstraße · Georg-Friedrich-Straße 14","windows":[{"weekdays":[1,2,3,4,5,6],"fromMinute":480,"toMinute":1200}],"fee":{"kind":"exact","centsPerHour":300},"unmodelledRules":[],"sourceDefect":null,"spaces":null,"maxStayMinutes":null,"maxStay":"2h","maxStayShare":1,"maxStayValues":["2h"],"chargingPoints":0,"carsharing":0},"geometry":{"type":"MultiPolygon","coordinates":[[[[8.42335,49.01028],[8.42331,49.01044],[8.42328,49.01045],[8.42332,49.01027],[8.42335,49.01028]]],[[[8.42338,49.01013],[8.42336,49.01024],[8.42333,49.01025],[8.42336,49.01012],[8.42338,49.01013]]]]}},{"type":"Feature","properties":{"zone":"212","district":"Oststadt","rawHours":"werktags 8 bis 20 Uhr","rawFee":"30 min = 1,50 €; 60 min = 3,00 €; 90 min = 4,50 €; 120 min = 6,00 €","note":"Essenweinstraße · Georg-Friedrich-Straße 18","windows":[{"weekdays":[1,2,3,4,5,6],"fromMinute":480,"toMinute":1200}],"fee":{"kind":"exact","centsPerHour":300},"unmodelledRules":[],"sourceDefect":null,"spaces":null,"maxStayMinutes":null,"maxStay":"2h","maxStayShare":1,"maxStayValues":["2h"],"chargingPoints":0,"carsharing":0},"geometry":{"type":"Polygon","coordinates":[[[8.42336,49.0101],[8.42345,49.00973],[8.42348,49.00972],[8.42339,49.01009],[8.42336,49.0101]]]}},{"type":"Feature","properties":{"zone":"213","district":"Oststadt","rawHours":"werktags 8 bis 20 Uhr","rawFee":"30 min = 1,50 €; 60 min = 3,00 €; 90 min = 4,50 €; 120 min = 6,00 €","note":"Georg-Friedrich-Straße 26","windows":[{"weekdays":[1,2,3,4,5,6],"fromMinute":480,"toMinute":1200}],"fee":{"kind":"exact","centsPerHour":300},"unmodelledRules":[],"sourceDefect":null,"spaces":null,"maxStayMinutes":null,"maxStay":"2h","maxStayShare":1,"maxStayValues":["2h"],"chargingPoints":0,"carsharing":0},"geometry":{"type":"Polygon","coordinates":[[[8.42362,49.00906],[8.42355,49.00936],[8.42354,49.0094],[8.42352,49.00938],[8.42359,49.00904],[8.42362,49.00906]]]}},{"type":"Feature","properties":{"zone":"214","district":"Oststadt","rawHours":"werktags 8 bis 20 Uhr","rawFee":"30 min = 1,50 €; 60 min = 3,00 €; 90 min = 4,50 €; 120 min = 6,00 €","note":"Georg-Friedrich-Straße 34","windows":[{"weekdays":[1,2,3,4,5,6],"fromMinute":480,"toMinute":1200}],"fee":{"kind":"exact","centsPerHour":300},"unmodelledRules":[],"sourceDefect":null,"spaces":null,"maxStayMinutes":null,"maxStay":"2h","maxStayShare":1,"maxStayValues":["2h"],"chargingPoints":0,"carsharing":0},"geometry":{"type":"Polygon","coordinates":[[[8.42373,49.00855],[8.42369,49.00875],[8.42366,49.00876],[8.4237,49.00857],[8.42373,49.00855]]]}},{"type":"Feature","properties":{"zone":"215","district":"Oststadt","rawHours":"werktags 8 bis 20 Uhr","rawFee":"30 min = 1,50 €; 60 min = 3,00 €; 90 min = 4,50 €; 120 min = 6,00 €","note":"Lutherkirche","windows":[{"weekdays":[1,2,3,4,5,6],"fromMinute":480,"toMinute":1200}],"fee":{"kind":"exact","centsPerHour":300},"unmodelledRules":[],"sourceDefect":null,"spaces":null,"maxStayMinutes":null,"maxStay":"2h","maxStayShare":1,"maxStayValues":["2h"],"chargingPoints":0,"carsharing":0},"geometry":{"type":"Polygon","coordinates":[[[8.42373,49.00843],[8.4238,49.00814],[8.42382,49.00816],[8.42376,49.00844],[8.42373,49.00843]]]}},{"type":"Feature","properties":{"zone":"216","district":"Oststadt","rawHours":"werktags 8 bis 20 Uhr","rawFee":"30 min = 1,50 €; 60 min = 3,00 €; 90 min = 4,50 €; 120 min = 6,00 €","note":"Ludwig-Wilhelm-Straße 12 · Rudolfstraße 17","windows":[{"weekdays":[1,2,3,4,5,6],"fromMinute":480,"toMinute":1200}],"fee":{"kind":"exact","centsPerHour":300},"unmodelledRules":[],"sourceDefect":null,"spaces":null,"maxStayMinutes":null,"maxStay":"2h","maxStayShare":1,"maxStayValues":["2h"],"chargingPoints":0,"carsharing":0},"geometry":{"type":"MultiPolygon","coordinates":[[[[8.42229,49.00935],[8.42221,49.00935],[8.42221,49.00935],[8.4222,49.00935],[8.42219,49.00924],[8.42228,49.00923],[8.42229,49.00935]]],[[[8.42227,49.00921],[8.42219,49.00921],[8.42218,49.00914],[8.42227,49.00914],[8.42227,49.00921]]]]}},{"type":"Feature","properties":{"zone":"217","district":"Oststadt","rawHours":"werktags 8 bis 20 Uhr","rawFee":"30 min = 1,50 €; 60 min = 3,00 €; 90 min = 4,50 €; 120 min = 6,00 €","note":"Ludwig-Wilhelm-Straße 10","windows":[{"weekdays":[1,2,3,4,5,6],"fromMinute":480,"toMinute":1200}],"fee":{"kind":"exact","centsPerHour":300},"unmodelledRules":[],"sourceDefect":null,"spaces":null,"maxStayMinutes":null,"maxStay":"2h","maxStayShare":1,"maxStayValues":["2h"],"chargingPoints":0,"carsharing":0},"geometry":{"type":"MultiPolygon","coordinates":[[[[8.42178,49.00936],[8.42178,49.0094],[8.4215,49.00938],[8.42151,49.00934],[8.42178,49.00936]]],[[[8.42195,49.00938],[8.42195,49.00942],[8.42181,49.00941],[8.42182,49.00937],[8.42195,49.00938]]]]}},{"type":"Feature","properties":{"zone":"218","district":"Oststadt","rawHours":"werktags 8 bis 20 Uhr","rawFee":"30 min = 1,50 €; 60 min = 3,00 €; 90 min = 4,50 €; 120 min = 6,00 €","note":"Bernhardstraße","windows":[{"weekdays":[1,2,3,4,5,6],"fromMinute":480,"toMinute":1200}],"fee":{"kind":"exact","centsPerHour":300},"unmodelledRules":[],"sourceDefect":null,"spaces":null,"maxStayMinutes":null,"maxStay":"2h","maxStayShare":1,"maxStayValues":["2h"],"chargingPoints":0,"carsharing":0},"geometry":{"type":"Polygon","coordinates":[[[8.42062,49.00858],[8.42064,49.00858],[8.42068,49.00891],[8.42065,49.00892],[8.42062,49.00858]]]}},{"type":"Feature","properties":{"zone":"219","district":"Oststadt","rawHours":"werktags 8 bis 20 Uhr","rawFee":"30 min = 1,50 €; 60 min = 3,00 €; 90 min = 4,50 €; 120 min = 6,00 €","note":"Durlacher Allee 11","windows":[{"weekdays":[1,2,3,4,5,6],"fromMinute":480,"toMinute":1200}],"fee":{"kind":"exact","centsPerHour":300},"unmodelledRules":[],"sourceDefect":null,"spaces":null,"maxStayMinutes":null,"maxStay":"2h","maxStayShare":1,"maxStayValues":["2h"],"chargingPoints":0,"carsharing":0},"geometry":{"type":"MultiPolygon","coordinates":[[[[8.42107,49.00837],[8.42092,49.0084],[8.42092,49.00838],[8.42107,49.00835],[8.42107,49.00837]]],[[[8.42087,49.00841],[8.4208,49.00842],[8.42079,49.00841],[8.42086,49.00839],[8.42087,49.00841]]]]}},{"type":"Feature","properties":{"zone":"220","district":"Oststadt","rawHours":"werktags 8 bis 20 Uhr","rawFee":"30 min = 1,50 €; 60 min = 3,00 €; 90 min = 4,50 €; 120 min = 6,00 €","note":"Durlacher Allee 15","windows":[{"weekdays":[1,2,3,4,5,6],"fromMinute":480,"toMinute":1200}],"fee":{"kind":"exact","centsPerHour":300},"unmodelledRules":[],"sourceDefect":null,"spaces":null,"maxStayMinutes":null,"maxStay":"2h","maxStayShare":1,"maxStayValues":["2h"],"chargingPoints":0,"carsharing":0},"geometry":{"type":"MultiPolygon","coordinates":[[[[8.42189,49.00822],[8.42174,49.00825],[8.42173,49.00823],[8.42188,49.0082],[8.42189,49.00822]]],[[[8.42162,49.00827],[8.42153,49.00829],[8.42152,49.00827],[8.4216,49.00825],[8.42161,49.00826],[8.42162,49.00827]]]]}},{"type":"Feature","properties":{"zone":"221","district":"Durlach","rawHours":"werktags 8 bis 20 Uhr","rawFee":"30 min = 1,50 €; 60 min = 3,00 €; 90 min = 4,50 €; 120 min = 6,00 €","note":"Amthausstraße 19 · Amthausstraße 13","windows":[{"weekdays":[1,2,3,4,5,6],"fromMinute":480,"toMinute":1200}],"fee":{"kind":"exact","centsPerHour":300},"unmodelledRules":[],"sourceDefect":null,"spaces":null,"maxStayMinutes":null,"maxStay":"2h","maxStayShare":1,"maxStayValues":["2h"],"chargingPoints":0,"carsharing":0},"geometry":{"type":"MultiPolygon","coordinates":[[[[8.47128,48.99828],[8.47125,48.99829],[8.47113,48.99809],[8.47116,48.99809],[8.47128,48.99828]]],[[[8.47152,48.99867],[8.4715,48.99868],[8.47137,48.99846],[8.47139,48.99845],[8.47152,48.99867]]],[[[8.47131,48.99815],[8.47128,48.99816],[8.4712,48.99801],[8.47122,48.99801],[8.47131,48.99815]]],[[[8.47143,48.99835],[8.4714,48.99836],[8.47133,48.99823],[8.47136,48.99823],[8.47143,48.99835]]],[[[8.47135,48.99839],[8.47133,48.99839],[8.4713,48.99835],[8.47132,48.99834],[8.47135,48.99839]]]]}},{"type":"Feature","properties":{"zone":"222","district":"Südstadt","rawHours":"werktags 8 bis 20 Uhr","rawFee":"30 min = 1,50 €; 60 min = 3,00 €; 90 min = 4,50 €; 120 min = 6,00 €","note":"Nebeniusstraße 8","windows":[{"weekdays":[1,2,3,4,5,6],"fromMinute":480,"toMinute":1200}],"fee":{"kind":"exact","centsPerHour":300},"unmodelledRules":[],"sourceDefect":null,"spaces":null,"maxStayMinutes":null,"maxStay":"2h","maxStayShare":1,"maxStayValues":["2h"],"chargingPoints":0,"carsharing":0},"geometry":{"type":"MultiPolygon","coordinates":[[[[8.40539,48.99749],[8.40502,48.99752],[8.40501,48.99751],[8.40538,48.99748],[8.40539,48.99749]]],[[[8.4056,48.99748],[8.40546,48.99749],[8.40546,48.99747],[8.40559,48.99746],[8.4056,48.99748]]],[[[8.40579,48.99746],[8.40566,48.99747],[8.40566,48.99745],[8.40579,48.99744],[8.40579,48.99746]]]]}},{"type":"Feature","properties":{"zone":"223","district":"Innenstadt-West","rawHours":"werktags 8 bis 20 Uhr","rawFee":"15 min = 1,50 €; 30 min = 3,00 €; 45 min = 4,50 €; 60 min = 6,00 €","note":"Douglasstraße 22","windows":[{"weekdays":[1,2,3,4,5,6],"fromMinute":480,"toMinute":1200}],"fee":{"kind":"exact","centsPerHour":600},"unmodelledRules":[],"sourceDefect":null,"spaces":null,"maxStayMinutes":null,"maxStay":"1h","maxStayShare":1,"maxStayValues":["1h"],"chargingPoints":0,"carsharing":0},"geometry":{"type":"MultiPolygon","coordinates":[[[[8.39337,49.00942],[8.39334,49.00942],[8.39332,49.00922],[8.39335,49.00922],[8.39337,49.00942]]],[[[8.3934,49.00971],[8.39338,49.00971],[8.39336,49.00953],[8.39338,49.00952],[8.3934,49.00971]]]]}},{"type":"Feature","properties":{"zone":"224","district":"Innenstadt-West","rawHours":"werktags 8 bis 20 Uhr","rawFee":"15 min = 1,50 €; 30 min = 3,00 €; 45 min = 4,50 €; 60 min = 6,00 €","note":"Douglasstraße 32","windows":[{"weekdays":[1,2,3,4,5,6],"fromMinute":480,"toMinute":1200}],"fee":{"kind":"exact","centsPerHour":600},"unmodelledRules":[],"sourceDefect":null,"spaces":null,"maxStayMinutes":null,"maxStay":"1h","maxStayShare":1,"maxStayValues":["1h"],"chargingPoints":0,"carsharing":0},"geometry":{"type":"MultiPolygon","coordinates":[[[[8.39332,49.0089],[8.39329,49.0089],[8.39326,49.00864],[8.39328,49.00862],[8.39332,49.0089]]],[[[8.39335,49.00916],[8.39332,49.00916],[8.39331,49.00905],[8.39334,49.00905],[8.39335,49.00916]]],[[[8.39333,49.00901],[8.3933,49.00901],[8.39329,49.00893],[8.39332,49.00893],[8.39333,49.00901]]]]}},{"type":"Feature","properties":{"zone":"225","district":"Innenstadt-West","rawHours":"werktags 8 bis 20 Uhr","rawFee":"15 min = 1,50 €; 30 min = 3,00 €; 45 min = 4,50 €; 60 min = 6,00 €","note":"Hirschstraße 7","windows":[{"weekdays":[1,2,3,4,5,6],"fromMinute":480,"toMinute":1200}],"fee":{"kind":"exact","centsPerHour":600},"unmodelledRules":[],"sourceDefect":null,"spaces":null,"maxStayMinutes":null,"maxStay":"1h","maxStayShare":1,"maxStayValues":["1h"],"chargingPoints":0,"carsharing":0},"geometry":{"type":"MultiPolygon","coordinates":[[[[8.39176,49.00945],[8.39173,49.00945],[8.3917,49.00911],[8.39173,49.00911],[8.39176,49.00945]]],[[[8.39182,49.01002],[8.39178,49.01002],[8.39175,49.00972],[8.39178,49.00972],[8.39182,49.01002]]]]}},{"type":"Feature","properties":{"zone":"226","district":"Innenstadt-West","rawHours":"werktags 8 bis 20 Uhr","rawFee":"15 min = 1,50 €; 30 min = 3,00 €; 45 min = 4,50 €; 60 min = 6,00 €","note":"Kaiserstraße 227","windows":[{"weekdays":[1,2,3,4,5,6],"fromMinute":480,"toMinute":1200}],"fee":{"kind":"exact","centsPerHour":600},"unmodelledRules":[],"sourceDefect":null,"spaces":null,"maxStayMinutes":null,"maxStay":"1h","maxStayShare":1,"maxStayValues":["1h"],"chargingPoints":0,"carsharing":0},"geometry":{"type":"MultiPolygon","coordinates":[[[[8.39243,49.01002],[8.39241,49.01006],[8.39233,49.01007],[8.39236,49.01002],[8.39243,49.01002]]],[[[8.39213,49.01003],[8.3921,49.01008],[8.39203,49.01008],[8.39206,49.01004],[8.39213,49.01003]]],[[[8.39204,49.01004],[8.39201,49.01008],[8.39193,49.01008],[8.39196,49.01004],[8.39204,49.01004]]]]}},{"type":"Feature","properties":{"zone":"227","district":"Innenstadt-West","rawHours":"werktags 8 bis 20 Uhr","rawFee":"15 min = 1,50 €; 30 min = 3,00 €; 45 min = 4,50 €; 60 min = 6,00 €","note":"Karlstraße 17","windows":[{"weekdays":[1,2,3,4,5,6],"fromMinute":480,"toMinute":1200}],"fee":{"kind":"exact","centsPerHour":600},"unmodelledRules":[],"sourceDefect":null,"spaces":null,"maxStayMinutes":null,"maxStay":"1h","maxStayShare":1,"maxStayValues":["1h"],"chargingPoints":0,"carsharing":0},"geometry":{"type":"Polygon","coordinates":[[[8.39515,49.01017],[8.39518,49.01017],[8.39522,49.01055],[8.39518,49.01055],[8.39515,49.01017]]]}},{"type":"Feature","properties":{"zone":"228","district":"Innenstadt-Ost","rawHours":"werktags 8 bis 20 Uhr","rawFee":"15 min = 1,50 €; 30 min = 3,00 €; 45 min = 4,50 €; 60 min = 6,00 €","note":"Karl-Friedrich-Straße 23","windows":[{"weekdays":[1,2,3,4,5,6],"fromMinute":480,"toMinute":1200}],"fee":{"kind":"exact","centsPerHour":600},"unmodelledRules":[],"sourceDefect":null,"spaces":null,"maxStayMinutes":null,"maxStay":"1h","maxStayShare":1,"maxStayValues":["1h"],"chargingPoints":0,"carsharing":0},"geometry":{"type":"Polygon","coordinates":[[[8.4037,49.00652],[8.40367,49.00622],[8.4037,49.00623],[8.40372,49.0065],[8.4037,49.00652]]]}},{"type":"Feature","properties":{"zone":"229","district":"Südweststadt","rawHours":"täglich 0 bis 24 Uhr","rawFee":"30 min = 1,50 €; 60 min = 3,00 €; 90 min = 4,50 €; 120 min = 6,00 €","note":"Bahnhofplatz Süd 2","windows":[{"weekdays":[0,1,2,3,4,5,6],"fromMinute":0,"toMinute":1440}],"fee":{"kind":"exact","centsPerHour":300},"unmodelledRules":[],"sourceDefect":null,"spaces":null,"maxStayMinutes":null,"maxStay":"2h","maxStayShare":1,"maxStayValues":["2h"],"chargingPoints":0,"carsharing":0},"geometry":{"type":"Polygon","coordinates":[[[8.39974,48.9914],[8.40035,48.99156],[8.40033,48.9916],[8.39972,48.99144],[8.39974,48.9914]]]}},{"type":"Feature","properties":{"zone":"230","district":"Südweststadt","rawHours":"täglich 0 bis 24 Uhr","rawFee":"30 min = 1,50 €; 60 min = 3,00 €; 90 min = 4,50 €; 120 min = 6,00 €","note":"Bahnhofplatz Süd 3 · Bahnhofplatz Süd 4","windows":[{"weekdays":[0,1,2,3,4,5,6],"fromMinute":0,"toMinute":1440}],"fee":{"kind":"exact","centsPerHour":300},"unmodelledRules":[],"sourceDefect":null,"spaces":null,"maxStayMinutes":null,"maxStay":"2h","maxStayShare":1,"maxStayValues":["2h"],"chargingPoints":0,"carsharing":0},"geometry":{"type":"Polygon","coordinates":[[[8.40033,48.9916],[8.40035,48.99156],[8.40089,48.9917],[8.40087,48.99174],[8.40033,48.9916]]]}},{"type":"Feature","properties":{"zone":"231","district":"Südweststadt","rawHours":"täglich 0 bis 24 Uhr","rawFee":"30 min = 1,50 €; 60 min = 3,00 €; 90 min = 4,50 €; 120 min = 6,00 €","note":"Bahnhofplatz Süd 4","windows":[{"weekdays":[0,1,2,3,4,5,6],"fromMinute":0,"toMinute":1440}],"fee":{"kind":"exact","centsPerHour":300},"unmodelledRules":[],"sourceDefect":null,"spaces":null,"maxStayMinutes":null,"maxStay":"2h","maxStayShare":1,"maxStayValues":["2h"],"chargingPoints":0,"carsharing":0},"geometry":{"type":"Polygon","coordinates":[[[8.40087,48.99174],[8.40089,48.9917],[8.40113,48.99176],[8.40111,48.9918],[8.40087,48.99174]]]}},{"type":"Feature","properties":{"zone":"232","district":"Südweststadt","rawHours":"täglich 0 bis 24 Uhr","rawFee":"30 min = 1,50 €; 60 min = 3,00 €; 90 min = 4,50 €; 120 min = 6,00 €","note":"Bahnhofplatz Süd 7 · Bahnhofplatz Süd 8","windows":[{"weekdays":[0,1,2,3,4,5,6],"fromMinute":0,"toMinute":1440}],"fee":{"kind":"exact","centsPerHour":300},"unmodelledRules":[],"sourceDefect":null,"spaces":null,"maxStayMinutes":null,"maxStay":"2h","maxStayShare":1,"maxStayValues":["2h"],"chargingPoints":0,"carsharing":0},"geometry":{"type":"Polygon","coordinates":[[[8.4037,48.99247],[8.40323,48.99234],[8.40325,48.9923],[8.40373,48.99243],[8.4037,48.99247]]]}},{"type":"Feature","properties":{"zone":"233","district":"Südweststadt","rawHours":"täglich 0 bis 24 Uhr","rawFee":"30 min = 1,50 €; 60 min = 3,00 €; 90 min = 4,50 €; 120 min = 6,00 €","note":"Bahnhofplatz Süd 6 · Bahnhofplatz Süd 7","windows":[{"weekdays":[0,1,2,3,4,5,6],"fromMinute":0,"toMinute":1440}],"fee":{"kind":"exact","centsPerHour":300},"unmodelledRules":[],"sourceDefect":null,"spaces":null,"maxStayMinutes":null,"maxStay":"2h","maxStayShare":1,"maxStayValues":["2h"],"chargingPoints":0,"carsharing":0},"geometry":{"type":"Polygon","coordinates":[[[8.40323,48.99234],[8.40261,48.99219],[8.40264,48.99215],[8.40325,48.9923],[8.40323,48.99234]]]}},{"type":"Feature","properties":{"zone":"234","district":"Südweststadt","rawHours":"täglich 0 bis 24 Uhr","rawFee":"30 min = 1,50 €; 60 min = 3,00 €; 90 min = 4,50 €; 120 min = 6,00 €","note":"Bahnhofplatz Süd 6","windows":[{"weekdays":[0,1,2,3,4,5,6],"fromMinute":0,"toMinute":1440}],"fee":{"kind":"exact","centsPerHour":300},"unmodelledRules":[],"sourceDefect":null,"spaces":null,"maxStayMinutes":null,"maxStay":"2h","maxStayShare":1,"maxStayValues":["2h"],"chargingPoints":0,"carsharing":0},"geometry":{"type":"Polygon","coordinates":[[[8.40264,48.99215],[8.40261,48.99219],[8.40227,48.9921],[8.4023,48.99206],[8.40264,48.99215]]]}},{"type":"Feature","properties":{"zone":"236","district":"Nordweststadt","rawHours":"werktags 8 bis 20 Uhr; Tagespauschale","rawFee":"30 min = 1,50 €; 60 min = 3,00 €; 90 min = 4,50 €; 120 min = 6,00 €; Tagespauschale = 15,00 €","note":"Knielinger Allee (B)","windows":[{"weekdays":[1,2,3,4,5,6],"fromMinute":480,"toMinute":1200}],"fee":{"kind":"exact","centsPerHour":300},"unmodelledRules":["Tagespauschale"],"sourceDefect":null,"spaces":null,"maxStayMinutes":null,"maxStay":"24h","maxStayShare":1,"maxStayValues":["24h"],"chargingPoints":0,"carsharing":0},"geometry":{"type":"MultiPolygon","coordinates":[[[[8.37321,49.01961],[8.37309,49.01966],[8.37306,49.01963],[8.37318,49.01958],[8.37321,49.01961]]],[[[8.37335,49.01955],[8.37323,49.0196],[8.3732,49.01957],[8.37332,49.01952],[8.37335,49.01955]]],[[[8.37365,49.01944],[8.37357,49.01948],[8.37354,49.01944],[8.37362,49.01941],[8.37365,49.01944]]],[[[8.37344,49.01952],[8.37338,49.01954],[8.37335,49.01951],[8.37341,49.01949],[8.37344,49.01952]]]]}},{"type":"Feature","properties":{"zone":"237","district":"Nordweststadt","rawHours":"werktags 8 bis 20 Uhr; Tagespauschale","rawFee":"30 min = 1,50 €; 60 min = 3,00 €; 90 min = 4,50 €; 120 min = 6,00 €; Tagespauschale = 15,00 €","note":"Knielinger Allee (C)","windows":[{"weekdays":[1,2,3,4,5,6],"fromMinute":480,"toMinute":1200}],"fee":{"kind":"exact","centsPerHour":300},"unmodelledRules":["Tagespauschale"],"sourceDefect":null,"spaces":null,"maxStayMinutes":null,"maxStay":"24h","maxStayShare":1,"maxStayValues":["24h"],"chargingPoints":0,"carsharing":0},"geometry":{"type":"MultiPolygon","coordinates":[[[[8.37476,49.01918],[8.37462,49.0192],[8.3746,49.01916],[8.37474,49.01914],[8.37476,49.01918]]],[[[8.3746,49.0192],[8.37445,49.01923],[8.37444,49.01919],[8.37458,49.01917],[8.3746,49.0192]]],[[[8.37443,49.01923],[8.3743,49.01926],[8.37428,49.01923],[8.37442,49.0192],[8.37443,49.01923]]],[[[8.37395,49.01935],[8.37382,49.01939],[8.3738,49.01936],[8.37393,49.01932],[8.37395,49.01935]]],[[[8.37411,49.01931],[8.37398,49.01934],[8.37396,49.01931],[8.37409,49.01927],[8.37411,49.01931]]],[[[8.37427,49.01927],[8.37414,49.0193],[8.37412,49.01927],[8.37425,49.01924],[8.37427,49.01927]]]]}},{"type":"Feature","properties":{"zone":"238","district":"Nordweststadt","rawHours":"werktags 8 bis 20 Uhr; Tagespauschale","rawFee":"30 min = 1,50 €; 60 min = 3,00 €; 90 min = 4,50 €; 120 min = 6,00 €; Tagespauschale = 15,00 €","note":"Knielinger Allee (A) · Knielinger Allee (B)","windows":[{"weekdays":[1,2,3,4,5,6],"fromMinute":480,"toMinute":1200}],"fee":{"kind":"exact","centsPerHour":300},"unmodelledRules":["Tagespauschale"],"sourceDefect":null,"spaces":null,"maxStayMinutes":null,"maxStay":"24h","maxStayShare":1,"maxStayValues":["24h"],"chargingPoints":0,"carsharing":0},"geometry":{"type":"MultiPolygon","coordinates":[[[[8.37237,49.01999],[8.37226,49.02005],[8.37222,49.02001],[8.37233,49.01996],[8.37237,49.01999]]],[[[8.37293,49.01973],[8.37281,49.01979],[8.37278,49.01976],[8.37289,49.0197],[8.37293,49.01973]]],[[[8.37251,49.01993],[8.37239,49.01998],[8.37236,49.01995],[8.37247,49.0199],[8.37251,49.01993]]],[[[8.37265,49.01986],[8.37253,49.01992],[8.3725,49.01988],[8.37261,49.01983],[8.37265,49.01986]]],[[[8.37276,49.01981],[8.37267,49.01985],[8.37264,49.01982],[8.37273,49.01978],[8.37276,49.01981]]],[[[8.37301,49.0197],[8.37295,49.01972],[8.37292,49.01969],[8.37298,49.01966],[8.37301,49.0197]]]]}},{"type":"Feature","properties":{"zone":"239","district":"Südstadt","rawHours":"werktags 8 bis 20 Uhr","rawFee":"30 min = 1,50 €; 60 min = 3,00 €; 90 min = 4,50 €; 120 min = 6,00 €","note":"Ludwig-Erhard-Allee 30","windows":[{"weekdays":[1,2,3,4,5,6],"fromMinute":480,"toMinute":1200}],"fee":{"kind":"exact","centsPerHour":300},"unmodelledRules":[],"sourceDefect":null,"spaces":null,"maxStayMinutes":null,"maxStay":"2h","maxStayShare":1,"maxStayValues":["2h"],"chargingPoints":0,"carsharing":0},"geometry":{"type":"MultiPolygon","coordinates":[[[[8.42304,49.00336],[8.42242,49.00349],[8.42241,49.00348],[8.42303,49.00334],[8.42304,49.00336]]],[[[8.42233,49.00351],[8.42173,49.00365],[8.42172,49.00363],[8.42232,49.0035],[8.42233,49.00351]]]]}},{"type":"Feature","properties":{"zone":"240","district":"Südstadt","rawHours":"werktags 8 bis 20 Uhr","rawFee":"30 min = 1,50 €; 60 min = 3,00 €; 90 min = 4,50 €; 120 min = 6,00 €","note":"Ludwig-Erhard-Allee 20","windows":[{"weekdays":[1,2,3,4,5,6],"fromMinute":480,"toMinute":1200}],"fee":{"kind":"exact","centsPerHour":300},"unmodelledRules":[],"sourceDefect":null,"spaces":null,"maxStayMinutes":null,"maxStay":"2h","maxStayShare":1,"maxStayValues":["2h"],"chargingPoints":0,"carsharing":0},"geometry":{"type":"Polygon","coordinates":[[[8.42054,49.0039],[8.42054,49.00389],[8.42053,49.00389],[8.42168,49.00364],[8.42168,49.00366],[8.42055,49.00391],[8.42054,49.0039]]]}},{"type":"Feature","properties":{"zone":"241","district":"Südstadt","rawHours":"werktags 8 bis 20 Uhr","rawFee":"30 min = 1,50 €; 60 min = 3,00 €; 90 min = 4,50 €; 120 min = 6,00 €","note":"Luise-Riegger-Straße","windows":[{"weekdays":[1,2,3,4,5,6],"fromMinute":480,"toMinute":1200}],"fee":{"kind":"exact","centsPerHour":300},"unmodelledRules":[],"sourceDefect":null,"spaces":null,"maxStayMinutes":null,"maxStay":"2h","maxStayShare":1,"maxStayValues":["2h"],"chargingPoints":0,"carsharing":0},"geometry":{"type":"MultiPolygon","coordinates":[[[[8.41578,49.00197],[8.41577,49.00207],[8.41576,49.00207],[8.41571,49.00206],[8.41571,49.00197],[8.41577,49.00197],[8.41578,49.00197]]],[[[8.41577,49.00208],[8.41577,49.00213],[8.4157,49.00213],[8.4157,49.00208],[8.41576,49.00208],[8.41577,49.00208]]]]}},{"type":"Feature","properties":{"zone":"242","district":"Oststadt","rawHours":"Mo-Fr 8 bis 18 Uhr","rawFee":"30 min = 1,50 €; 60 min = 3,00 €; 90 min = 4,50 €; 120 min = 6,00 €","note":"Rintheimer Straße 1","windows":[{"weekdays":[1,2,3,4,5],"fromMinute":480,"toMinute":1080}],"fee":{"kind":"exact","centsPerHour":300},"unmodelledRules":[],"sourceDefect":null,"spaces":null,"maxStayMinutes":null,"maxStay":"2h","maxStayShare":1,"maxStayValues":["2h"],"chargingPoints":0,"carsharing":0},"geometry":{"type":"MultiPolygon","coordinates":[[[[8.43532,49.0113],[8.43532,49.0113],[8.43527,49.01134],[8.43498,49.01133],[8.43503,49.01128],[8.43532,49.0113]]],[[[8.43561,49.01131],[8.43561,49.01132],[8.43557,49.01135],[8.43531,49.01134],[8.43537,49.0113],[8.43561,49.01131]]]]}},{"type":"Feature","properties":{"zone":"243","district":"Oststadt","rawHours":"Mo-Fr 8 bis 18 Uhr","rawFee":"30 min = 1,50 €; 60 min = 3,00 €; 90 min = 4,50 €; 120 min = 6,00 €","note":"Rintheimer Straße 2","windows":[{"weekdays":[1,2,3,4,5],"fromMinute":480,"toMinute":1080}],"fee":{"kind":"exact","centsPerHour":300},"unmodelledRules":[],"sourceDefect":null,"spaces":null,"maxStayMinutes":null,"maxStay":"2h","maxStayShare":1,"maxStayValues":["2h"],"chargingPoints":0,"carsharing":0},"geometry":{"type":"MultiPolygon","coordinates":[[[[8.43619,49.01134],[8.43619,49.01134],[8.43614,49.01138],[8.43596,49.01137],[8.43601,49.01133],[8.43619,49.01134]]],[[[8.43637,49.01134],[8.43633,49.01139],[8.43619,49.01138],[8.43624,49.01134],[8.43637,49.01134]]]]}},{"type":"Feature","properties":{"zone":"244","district":"Weiherfeld-Dammerstock","rawHours":"täglich 0 bis 24 Uhr; Tagespauschale","rawFee":"Tagespauschale = 22,50 €","note":"Parkplatz P5 (Schwarzwaldstraße 1)","windows":[{"weekdays":[0,1,2,3,4,5,6],"fromMinute":0,"toMinute":1440}],"fee":{"kind":"unknown"},"unmodelledRules":["Tagespauschale"],"sourceDefect":null,"spaces":null,"maxStayMinutes":null,"maxStay":"24h","maxStayShare":1,"maxStayValues":["24h"],"chargingPoints":0,"carsharing":0},"geometry":{"type":"MultiPolygon","coordinates":[[[[8.40214,48.99159],[8.40212,48.99163],[8.40163,48.9915],[8.40165,48.99147],[8.40214,48.99159]]],[[[8.40234,48.99153],[8.40231,48.99157],[8.40188,48.99147],[8.40191,48.99142],[8.40234,48.99153]]],[[[8.40239,48.99144],[8.40237,48.99148],[8.40205,48.9914],[8.40207,48.99136],[8.40239,48.99144]]]]}},{"type":"Feature","properties":{"zone":"245","district":"Weiherfeld-Dammerstock","rawHours":"täglich 0 bis 24 Uhr; Tagespauschale","rawFee":"Tagespauschale = 22,50 €","note":"Parkplatz P5 (Schwarzwaldstraße 2)","windows":[{"weekdays":[0,1,2,3,4,5,6],"fromMinute":0,"toMinute":1440}],"fee":{"kind":"unknown"},"unmodelledRules":["Tagespauschale"],"sourceDefect":null,"spaces":null,"maxStayMinutes":null,"maxStay":"24h","maxStayShare":1,"maxStayValues":["24h"],"chargingPoints":0,"carsharing":0},"geometry":{"type":"MultiPolygon","coordinates":[[[[8.40289,48.99178],[8.40287,48.99182],[8.40212,48.99163],[8.40214,48.99159],[8.40289,48.99178]]],[[[8.40285,48.99166],[8.40283,48.9917],[8.40231,48.99157],[8.40234,48.99153],[8.40285,48.99166]]],[[[8.40296,48.99166],[8.40239,48.99149],[8.40239,48.99149],[8.40243,48.99148],[8.40293,48.99163],[8.40296,48.99166]]]]}},{"type":"Feature","properties":{"zone":"246","district":"Weststadt","rawHours":"werktags 8 bis 20 Uhr","rawFee":"30 min = 1,50 €; 60 min = 3,00 €; 90 min = 4,50 €; 120 min = 6,00 €","note":"Stabelstraße","windows":[{"weekdays":[1,2,3,4,5,6],"fromMinute":480,"toMinute":1200}],"fee":{"kind":"exact","centsPerHour":300},"unmodelledRules":[],"sourceDefect":null,"spaces":null,"maxStayMinutes":null,"maxStay":"2h","maxStayShare":1,"maxStayValues":["2h"],"chargingPoints":0,"carsharing":0},"geometry":{"type":"MultiPolygon","coordinates":[[[[8.38456,49.01293],[8.38452,49.01293],[8.38451,49.01293],[8.3845,49.01283],[8.38451,49.01284],[8.38456,49.01284],[8.38456,49.01293]]],[[[8.38455,49.01281],[8.38451,49.01281],[8.3845,49.01282],[8.38449,49.01277],[8.38455,49.01277],[8.38455,49.01281]]]]}},{"type":"Feature","properties":{"zone":"247","district":"Mühlburg","rawHours":"werktags 8 bis 20 Uhr","rawFee":"30 min = 1,50 €; 60 min = 3,00 €; 90 min = 4,50 €; 120 min = 6,00 €","note":"Rheinstraße 77","windows":[{"weekdays":[1,2,3,4,5,6],"fromMinute":480,"toMinute":1200}],"fee":{"kind":"exact","centsPerHour":300},"unmodelledRules":[],"sourceDefect":null,"spaces":null,"maxStayMinutes":null,"maxStay":"2h","maxStayShare":1,"maxStayValues":["2h"],"chargingPoints":0,"carsharing":0},"geometry":{"type":"MultiPolygon","coordinates":[[[[8.35829,49.01193],[8.35799,49.01206],[8.35794,49.01203],[8.35824,49.0119],[8.35829,49.01193]]],[[[8.35854,49.01183],[8.35832,49.01192],[8.35832,49.0119],[8.35852,49.01182],[8.35854,49.01183]]],[[[8.35873,49.01175],[8.3586,49.01181],[8.3586,49.01179],[8.3587,49.01174],[8.35873,49.01175]]]]}},{"type":"Feature","properties":{"zone":"248","district":"Mühlburg","rawHours":"werktags 8 bis 20 Uhr","rawFee":"30 min = 1,50 €; 60 min = 3,00 €; 90 min = 4,50 €; 120 min = 6,00 €","note":"Rheinstraße 38","windows":[{"weekdays":[1,2,3,4,5,6],"fromMinute":480,"toMinute":1200}],"fee":{"kind":"exact","centsPerHour":300},"unmodelledRules":[],"sourceDefect":null,"spaces":null,"maxStayMinutes":null,"maxStay":"2h","maxStayShare":1,"maxStayValues":["2h"],"chargingPoints":0,"carsharing":0},"geometry":{"type":"MultiPolygon","coordinates":[[[[8.35927,49.01159],[8.35897,49.01171],[8.35895,49.0117],[8.35926,49.01157],[8.35927,49.01159]]],[[[8.35956,49.01147],[8.3594,49.01153],[8.35938,49.01152],[8.35955,49.01145],[8.35956,49.01147]]],[[[8.35965,49.01143],[8.35959,49.01146],[8.35956,49.01145],[8.35965,49.01141],[8.35965,49.01143]]]]}},{"type":"Feature","properties":{"zone":"249","district":"Mühlburg","rawHours":"werktags 8 bis 20 Uhr","rawFee":"30 min = 1,50 €; 60 min = 3,00 €; 90 min = 4,50 €; 120 min = 6,00 €","note":"Rheinstraße 7","windows":[{"weekdays":[1,2,3,4,5,6],"fromMinute":480,"toMinute":1200}],"fee":{"kind":"exact","centsPerHour":300},"unmodelledRules":[],"sourceDefect":null,"spaces":null,"maxStayMinutes":null,"maxStay":"2h","maxStayShare":1,"maxStayValues":["2h"],"chargingPoints":0,"carsharing":0},"geometry":{"type":"MultiPolygon","coordinates":[[[[8.36461,49.01127],[8.36456,49.01131],[8.36431,49.01132],[8.36432,49.01131],[8.36437,49.01128],[8.36461,49.01127]]],[[[8.36403,49.01129],[8.36398,49.01133],[8.36374,49.01134],[8.36379,49.0113],[8.36403,49.01129]]],[[[8.36432,49.01128],[8.36427,49.01132],[8.36412,49.01133],[8.36417,49.01129],[8.36432,49.01128]]]]}},{"type":"Feature","properties":{"zone":"250","district":"Oststadt","rawHours":"Mo-Fr 8 bis 17 Uhr","rawFee":"30 min = 1,50 €; 60 min = 3,00 €; 90 min = 4,50 €; 120 min = 6,00 €","note":"Am Schloss Gottesaue","windows":[{"weekdays":[1,2,3,4,5],"fromMinute":480,"toMinute":1020}],"fee":{"kind":"exact","centsPerHour":300},"unmodelledRules":[],"sourceDefect":null,"spaces":null,"maxStayMinutes":null,"maxStay":"2h","maxStayShare":1,"maxStayValues":["2h"],"chargingPoints":0,"carsharing":0},"geometry":{"type":"MultiPolygon","coordinates":[[[[8.42653,49.00372],[8.42653,49.00376],[8.42628,49.00376],[8.42629,49.00375],[8.42629,49.00372],[8.42653,49.00372]]],[[[8.42623,49.00376],[8.42608,49.00375],[8.42608,49.00371],[8.42622,49.00372],[8.42622,49.00375],[8.42623,49.00375],[8.42623,49.00376]]]]}},{"type":"Feature","properties":{"zone":"251","district":"Weststadt","rawHours":"werktags 8 bis 20 Uhr","rawFee":"30 min = 1,50 €; 60 min = 3,00 €; 90 min = 4,50 €; 120 min = 6,00 €","note":"Kaiserallee 13","windows":[{"weekdays":[1,2,3,4,5,6],"fromMinute":480,"toMinute":1200}],"fee":{"kind":"exact","centsPerHour":300},"unmodelledRules":[],"sourceDefect":null,"spaces":null,"maxStayMinutes":null,"maxStay":"2h","maxStayShare":1,"maxStayValues":["2h"],"chargingPoints":0,"carsharing":0},"geometry":{"type":"MultiPolygon","coordinates":[[[[8.38332,49.01043],[8.38314,49.01044],[8.38315,49.01042],[8.3833,49.01041],[8.38332,49.01043]]],[[[8.38275,49.01046],[8.38257,49.01047],[8.38258,49.01045],[8.38274,49.01044],[8.38275,49.01046]]],[[[8.3831,49.01044],[8.38292,49.01045],[8.38293,49.01043],[8.38309,49.01042],[8.3831,49.01044]]],[[[8.38288,49.01045],[8.38278,49.01046],[8.38279,49.01044],[8.38287,49.01043],[8.38288,49.01045]]]]}},{"type":"Feature","properties":{"zone":"252","district":"Oststadt","rawHours":"werktags 8 bis 20 Uhr","rawFee":"30 min = 1,50 €; 60 min = 3,00 €; 90 min = 4,50 €; 120 min = 6,00 €","note":"Ludwig-Wilhelm-Straße 2 · Ludwig-Wilhelm-Straße 5","windows":[{"weekdays":[1,2,3,4,5,6],"fromMinute":480,"toMinute":1200}],"fee":{"kind":"exact","centsPerHour":300},"unmodelledRules":[],"sourceDefect":null,"spaces":null,"maxStayMinutes":null,"maxStay":"2h","maxStayShare":1,"maxStayValues":["2h"],"chargingPoints":0,"carsharing":0},"geometry":{"type":"MultiPolygon","coordinates":[[[[8.42143,49.00933],[8.42142,49.00937],[8.42119,49.00935],[8.4212,49.00931],[8.42143,49.00933]]],[[[8.42104,49.0093],[8.42103,49.00934],[8.42093,49.00933],[8.42093,49.00929],[8.42104,49.0093]]],[[[8.42117,49.00931],[8.42116,49.00935],[8.42108,49.00934],[8.42109,49.0093],[8.42117,49.00931]]]]}},{"type":"Feature","properties":{"zone":"253","district":"Oststadt","rawHours":"werktags 8 bis 20 Uhr","rawFee":"30 min = 1,50 €; 60 min = 3,00 €; 90 min = 4,50 €; 120 min = 6,00 €","note":"Ludwig-Wilhelm-Straße 12 · Ludwig-Wilhelm-Straße 16 · Ludwig-Wilhelm-Straße 15","windows":[{"weekdays":[1,2,3,4,5,6],"fromMinute":480,"toMinute":1200}],"fee":{"kind":"exact","centsPerHour":300},"unmodelledRules":[],"sourceDefect":null,"spaces":null,"maxStayMinutes":null,"maxStay":"2h","maxStayShare":1,"maxStayValues":["2h"],"chargingPoints":0,"carsharing":0},"geometry":{"type":"Polygon","coordinates":[[[8.42236,49.00951],[8.42266,49.00954],[8.42266,49.00958],[8.42235,49.00955],[8.42236,49.00951]]]}},{"type":"Feature","properties":{"zone":"254","district":"Oststadt","rawHours":"werktags 8 bis 20 Uhr","rawFee":"30 min = 1,50 €; 60 min = 3,00 €; 90 min = 4,50 €; 120 min = 6,00 €","note":"Ludwig-Wilhelm-Straße 12 · Ludwig-Wilhelm-Straße 16 · Ludwig-Wilhelm-Straße 15","windows":[{"weekdays":[1,2,3,4,5,6],"fromMinute":480,"toMinute":1200}],"fee":{"kind":"exact","centsPerHour":300},"unmodelledRules":[],"sourceDefect":null,"spaces":null,"maxStayMinutes":null,"maxStay":"2h","maxStayShare":1,"maxStayValues":["2h"],"chargingPoints":0,"carsharing":0},"geometry":{"type":"MultiPolygon","coordinates":[[[[8.42286,49.00946],[8.42286,49.0095],[8.42248,49.00947],[8.42249,49.00943],[8.42286,49.00946]]],[[[8.42246,49.00943],[8.42245,49.00947],[8.42231,49.00945],[8.42232,49.00941],[8.42246,49.00943]]]]}},{"type":"Feature","properties":{"zone":"255","district":"Oststadt","rawHours":"werktags 8 bis 20 Uhr","rawFee":"30 min = 1,50 €; 60 min = 3,00 €; 90 min = 4,50 €; 120 min = 6,00 €","note":"Ludwig-Wilhelm-Straße 16 · Ludwig-Wilhelm-Straße 19","windows":[{"weekdays":[1,2,3,4,5,6],"fromMinute":480,"toMinute":1200}],"fee":{"kind":"exact","centsPerHour":300},"unmodelledRules":[],"sourceDefect":null,"spaces":null,"maxStayMinutes":null,"maxStay":"2h","maxStayShare":1,"maxStayValues":["2h"],"chargingPoints":0,"carsharing":0},"geometry":{"type":"MultiPolygon","coordinates":[[[[8.42325,49.00959],[8.42324,49.00963],[8.42299,49.00961],[8.423,49.00957],[8.42325,49.00959]]],[[[8.42291,49.00956],[8.4229,49.0096],[8.42274,49.00958],[8.42275,49.00954],[8.42291,49.00956]]]]}},{"type":"Feature","properties":{"zone":"256","district":"Oststadt","rawHours":"werktags 8 bis 20 Uhr","rawFee":"30 min = 1,50 €; 60 min = 3,00 €; 90 min = 4,50 €; 120 min = 6,00 €","note":"Ludwig-Wilhelm-Straße 16 · Ludwig-Wilhelm-Straße 19","windows":[{"weekdays":[1,2,3,4,5,6],"fromMinute":480,"toMinute":1200}],"fee":{"kind":"exact","centsPerHour":300},"unmodelledRules":[],"sourceDefect":null,"spaces":null,"maxStayMinutes":null,"maxStay":"2h","maxStayShare":1,"maxStayValues":["2h"],"chargingPoints":0,"carsharing":0},"geometry":{"type":"MultiPolygon","coordinates":[[[[8.42327,49.0095],[8.42326,49.00954],[8.42308,49.00952],[8.42309,49.00948],[8.42327,49.0095]]],[[[8.42305,49.00948],[8.42304,49.00952],[8.42293,49.00951],[8.42294,49.00947],[8.42305,49.00948]]]]}},{"type":"Feature","properties":{"zone":"257","district":"Oststadt","rawHours":"werktags 8 bis 20 Uhr","rawFee":"30 min = 1,50 €; 60 min = 3,00 €; 90 min = 4,50 €; 120 min = 6,00 €","note":"Rudolfstraße 15 · Ludwig-Wilhelm-Straße 15","windows":[{"weekdays":[1,2,3,4,5,6],"fromMinute":480,"toMinute":1200}],"fee":{"kind":"exact","centsPerHour":300},"unmodelledRules":[],"sourceDefect":null,"spaces":null,"maxStayMinutes":null,"maxStay":"2h","maxStayShare":1,"maxStayValues":["2h"],"chargingPoints":0,"carsharing":0},"geometry":{"type":"Polygon","coordinates":[[[8.42213,49.00986],[8.42216,49.00972],[8.42216,49.00972],[8.42217,49.00972],[8.4222,49.00958],[8.42221,49.00959],[8.42227,49.00959],[8.42224,49.00973],[8.42218,49.00972],[8.42218,49.00972],[8.42218,49.00974],[8.42218,49.00974],[8.42218,49.00974],[8.42223,49.00975],[8.42221,49.00986],[8.42216,49.00985],[8.42215,49.00985],[8.42215,49.00986],[8.42213,49.00986]]]}},{"type":"Feature","properties":{"zone":"258","district":"Durlach","rawHours":"werktags 8 bis 20 Uhr","rawFee":"30 min = 1,50 €; 60 min = 3,00 €; 90 min = 4,50 €; 120 min = 6,00 €","note":"Amthausstraße 24","windows":[{"weekdays":[1,2,3,4,5,6],"fromMinute":480,"toMinute":1200}],"fee":{"kind":"exact","centsPerHour":300},"unmodelledRules":[],"sourceDefect":null,"spaces":null,"maxStayMinutes":null,"maxStay":"2h","maxStayShare":1,"maxStayValues":["2h"],"chargingPoints":0,"carsharing":0},"geometry":{"type":"MultiPolygon","coordinates":[[[[8.47057,48.99762],[8.47019,48.99764],[8.47012,48.99765],[8.47012,48.99763],[8.47019,48.99763],[8.47056,48.9976],[8.47057,48.99762]]],[[[8.47003,48.99766],[8.46995,48.99766],[8.46995,48.99765],[8.47002,48.99764],[8.47003,48.99766]]]]}},{"type":"Feature","properties":{"zone":"259","district":"Durlach","rawHours":"werktags 8 bis 20 Uhr","rawFee":"30 min = 1,50 €; 60 min = 3,00 €; 90 min = 4,50 €; 120 min = 6,00 €","note":"Amthausstraße 19","windows":[{"weekdays":[1,2,3,4,5,6],"fromMinute":480,"toMinute":1200}],"fee":{"kind":"exact","centsPerHour":300},"unmodelledRules":[],"sourceDefect":null,"spaces":null,"maxStayMinutes":null,"maxStay":"2h","maxStayShare":1,"maxStayValues":["2h"],"chargingPoints":0,"carsharing":0},"geometry":{"type":"MultiPolygon","coordinates":[[[[8.471,48.99785],[8.47098,48.99786],[8.47087,48.99771],[8.47084,48.99769],[8.47081,48.99767],[8.47077,48.99765],[8.47074,48.99764],[8.47069,48.99763],[8.4707,48.99761],[8.47075,48.99762],[8.47079,48.99764],[8.47083,48.99766],[8.47087,48.99768],[8.47089,48.99771],[8.471,48.99785]]],[[[8.47116,48.99809],[8.47113,48.99809],[8.47102,48.99792],[8.47105,48.99792],[8.47116,48.99809]]],[[[8.47102,48.99771],[8.47099,48.99771],[8.47094,48.99763],[8.47096,48.99763],[8.47102,48.99771]]],[[[8.47117,48.99792],[8.47114,48.99793],[8.47109,48.99785],[8.47111,48.99784],[8.47117,48.99792]]],[[[8.47082,48.99758],[8.47075,48.99758],[8.47075,48.99756],[8.47082,48.99756],[8.47082,48.99758]]],[[[8.47108,48.9978],[8.47106,48.99781],[8.47103,48.99777],[8.47106,48.99776],[8.47108,48.9978]]]]}},{"type":"Feature","properties":{"zone":"260","district":"Durlach","rawHours":"werktags 8 bis 20 Uhr","rawFee":"30 min = 1,50 €; 60 min = 3,00 €; 90 min = 4,50 €; 120 min = 6,00 €","note":"Ochsentorstraße 6","windows":[{"weekdays":[1,2,3,4,5,6],"fromMinute":480,"toMinute":1200}],"fee":{"kind":"exact","centsPerHour":300},"unmodelledRules":[],"sourceDefect":null,"spaces":null,"maxStayMinutes":null,"maxStay":"2h","maxStayShare":1,"maxStayValues":["2h"],"chargingPoints":0,"carsharing":0},"geometry":{"type":"MultiPolygon","coordinates":[[[[8.47309,48.99922],[8.47307,48.99948],[8.47305,48.99948],[8.47306,48.99922],[8.47309,48.99922]]],[[[8.473,48.99984],[8.47296,48.99997],[8.47293,48.99997],[8.47297,48.99983],[8.473,48.99984]]],[[[8.47307,48.99953],[8.47306,48.99961],[8.47305,48.99963],[8.47303,48.99963],[8.47304,48.99953],[8.47307,48.99953]]],[[[8.47304,48.99969],[8.47301,48.99978],[8.47299,48.99978],[8.47301,48.99968],[8.47304,48.99969]]]]}},{"type":"Feature","properties":{"zone":"261","district":"Durlach","rawHours":"werktags 8 bis 20 Uhr","rawFee":"30 min = 1,50 €; 60 min = 3,00 €; 90 min = 4,50 €; 120 min = 6,00 €","note":"Ochsentorstraße 20","windows":[{"weekdays":[1,2,3,4,5,6],"fromMinute":480,"toMinute":1200}],"fee":{"kind":"exact","centsPerHour":300},"unmodelledRules":[],"sourceDefect":null,"spaces":null,"maxStayMinutes":null,"maxStay":"2h","maxStayShare":1,"maxStayValues":["2h"],"chargingPoints":0,"carsharing":0},"geometry":{"type":"MultiPolygon","coordinates":[[[[8.47288,49.00061],[8.47286,49.00068],[8.47281,49.00067],[8.47282,49.00061],[8.47288,49.00061]]],[[[8.47289,49.00053],[8.47288,49.00059],[8.47283,49.00059],[8.47284,49.00052],[8.47289,49.00053]]],[[[8.47292,49.00041],[8.47291,49.00046],[8.47285,49.00046],[8.47286,49.00041],[8.47292,49.00041]]],[[[8.47293,49.00035],[8.47292,49.00039],[8.47287,49.00039],[8.47288,49.00034],[8.47293,49.00035]]],[[[8.47294,49.00021],[8.47292,49.00028],[8.47289,49.00027],[8.47291,49.0002],[8.47294,49.00021]]],[[[8.47297,49.00007],[8.47295,49.00013],[8.47293,49.00013],[8.47294,49.00006],[8.47297,49.00007]]],[[[8.47295,49.00015],[8.47294,49.00019],[8.47291,49.00018],[8.47292,49.00015],[8.47295,49.00015]]]]}},{"type":"Feature","properties":{"zone":"262","district":"Durlach","rawHours":"werktags 8 bis 20 Uhr","rawFee":"30 min = 1,50 €; 60 min = 3,00 €; 90 min = 4,50 €; 120 min = 6,00 €","note":"Zunftstraße 18 · Bienleinstorstraße 47","windows":[{"weekdays":[1,2,3,4,5,6],"fromMinute":480,"toMinute":1200}],"fee":{"kind":"exact","centsPerHour":300},"unmodelledRules":[],"sourceDefect":null,"spaces":null,"maxStayMinutes":null,"maxStay":"2h","maxStayShare":1,"maxStayValues":["2h"],"chargingPoints":0,"carsharing":0},"geometry":{"type":"MultiPolygon","coordinates":[[[[8.47122,49.00044],[8.47105,49.00053],[8.47103,49.00052],[8.4712,49.00042],[8.47122,49.00044]]],[[[8.47144,49.0003],[8.47129,49.00039],[8.47127,49.00038],[8.47142,49.00029],[8.47144,49.0003]]],[[[8.47113,49.00042],[8.47102,49.00047],[8.47097,49.0005],[8.47095,49.00049],[8.47101,49.00046],[8.47111,49.0004],[8.47113,49.00042]]],[[[8.47161,49.00008],[8.47159,49.00012],[8.47157,49.00016],[8.47157,49.00018],[8.47154,49.00021],[8.47151,49.00021],[8.47154,49.00017],[8.47155,49.00015],[8.47157,49.00011],[8.47158,49.00008],[8.47161,49.00008]]],[[[8.47131,49.00029],[8.47122,49.00036],[8.4712,49.00034],[8.47129,49.00028],[8.47131,49.00029]]],[[[8.47147,49.00013],[8.47142,49.00018],[8.4714,49.00017],[8.47145,49.00012],[8.47147,49.00013]]],[[[8.4714,49.00021],[8.47136,49.00025],[8.47134,49.00025],[8.47138,49.0002],[8.4714,49.00021]]],[[[8.47163,48.99999],[8.47162,49.00003],[8.47159,49.00003],[8.47161,48.99999],[8.47163,48.99999]]]]}},{"type":"Feature","properties":{"zone":"263","district":"Durlach","rawHours":"werktags 8 bis 20 Uhr","rawFee":"30 min = 1,50 €; 60 min = 3,00 €; 90 min = 4,50 €; 120 min = 6,00 €","note":"Bienleinstorstraße 30 · Bienleinstorstraße 47","windows":[{"weekdays":[1,2,3,4,5,6],"fromMinute":480,"toMinute":1200}],"fee":{"kind":"exact","centsPerHour":300},"unmodelledRules":[],"sourceDefect":null,"spaces":null,"maxStayMinutes":null,"maxStay":"2h","maxStayShare":1,"maxStayValues":["2h"],"chargingPoints":0,"carsharing":0},"geometry":{"type":"MultiPolygon","coordinates":[[[[8.47064,49.0007],[8.47055,49.00073],[8.47044,49.00076],[8.47043,49.00074],[8.47052,49.00072],[8.47063,49.00069],[8.47064,49.0007]]],[[[8.47035,49.00078],[8.47029,49.00079],[8.47022,49.0008],[8.47022,49.00079],[8.47028,49.00078],[8.47034,49.00076],[8.47035,49.00078]]],[[[8.4708,49.00066],[8.47073,49.00068],[8.47072,49.00066],[8.47079,49.00064],[8.4708,49.00066]]],[[[8.47096,49.00059],[8.47091,49.00061],[8.47089,49.0006],[8.47095,49.00058],[8.47096,49.00059]]],[[[8.47008,49.00082],[8.47001,49.00083],[8.47001,49.00081],[8.47008,49.00081],[8.47008,49.00082]]]]}},{"type":"Feature","properties":{"zone":"264","district":"Durlach","rawHours":"werktags 8 bis 20 Uhr","rawFee":"30 min = 1,50 €; 60 min = 3,00 €; 90 min = 4,50 €; 120 min = 6,00 €","note":"Bienleinstorstraße 30 · Bienleinstorstraße 47","windows":[{"weekdays":[1,2,3,4,5,6],"fromMinute":480,"toMinute":1200}],"fee":{"kind":"exact","centsPerHour":300},"unmodelledRules":[],"sourceDefect":null,"spaces":null,"maxStayMinutes":null,"maxStay":"2h","maxStayShare":1,"maxStayValues":["2h"],"chargingPoints":0,"carsharing":0},"geometry":{"type":"MultiPolygon","coordinates":[[[[8.46973,49.00074],[8.46972,49.00075],[8.46961,49.00072],[8.46949,49.00067],[8.46942,49.00064],[8.46937,49.00061],[8.46932,49.00059],[8.46928,49.00056],[8.4693,49.00055],[8.46934,49.00057],[8.46938,49.0006],[8.46942,49.00062],[8.46947,49.00065],[8.46952,49.00066],[8.46958,49.00069],[8.46973,49.00074]]],[[[8.47064,49.00064],[8.47051,49.00068],[8.4705,49.00066],[8.47063,49.00062],[8.47064,49.00064]]],[[[8.47016,49.00076],[8.47002,49.00077],[8.47002,49.00075],[8.47015,49.00074],[8.47016,49.00076]]],[[[8.47097,49.0005],[8.47086,49.00056],[8.47084,49.00055],[8.47095,49.00049],[8.47097,49.0005]]],[[[8.4708,49.00059],[8.47069,49.00062],[8.47068,49.00061],[8.47079,49.00058],[8.4708,49.00059]]],[[[8.47031,49.00073],[8.47025,49.00075],[8.47024,49.00073],[8.4703,49.00072],[8.47031,49.00073]]],[[[8.47045,49.00069],[8.47039,49.00071],[8.47038,49.00069],[8.47044,49.00068],[8.47045,49.00069]]]]}},{"type":"Feature","properties":{"zone":"265","district":"Südweststadt","rawHours":"täglich 6 bis 24 Uhr; Tagespauschale","rawFee":"30 min = 1,50 €; 60 min = 3,00 €; 90 min = 4,50 €; 120 min = 6,00 €; Tagespauschale = 22,50 €","note":"Parkplatz P3 (Bahnhofplatz Süd 9)","windows":[{"weekdays":[0,1,2,3,4,5,6],"fromMinute":360,"toMinute":1440}],"fee":{"kind":"exact","centsPerHour":300},"unmodelledRules":["Tagespauschale"],"sourceDefect":null,"spaces":null,"maxStayMinutes":null,"maxStay":"24h","maxStayShare":1,"maxStayValues":["24h"],"chargingPoints":0,"carsharing":0},"geometry":{"type":"MultiPolygon","coordinates":[[[[8.40529,48.99306],[8.4053,48.9931],[8.40523,48.99312],[8.40519,48.99312],[8.40501,48.99313],[8.40501,48.99308],[8.40518,48.99308],[8.40523,48.99307],[8.40529,48.99306]]],[[[8.40549,48.99296],[8.40552,48.99301],[8.40545,48.99302],[8.40543,48.99297],[8.40549,48.99296]]],[[[8.40463,48.99288],[8.40481,48.99292],[8.40492,48.99297],[8.40483,48.99298],[8.40478,48.99296],[8.40461,48.99292],[8.40463,48.99288]]],[[[8.40457,48.99275],[8.40488,48.99283],[8.40511,48.99295],[8.40514,48.99296],[8.40517,48.99297],[8.4052,48.99297],[8.40522,48.99297],[8.40525,48.99296],[8.40541,48.99293],[8.40543,48.99297],[8.40524,48.99301],[8.40522,48.99301],[8.40518,48.99301],[8.40514,48.99301],[8.40512,48.993],[8.40508,48.99299],[8.40507,48.99298],[8.40485,48.99287],[8.40455,48.99279],[8.40457,48.99275]]]]}},{"type":"Feature","properties":{"zone":"266","district":"Innenstadt-West","rawHours":"werktags 8 bis 20 Uhr","rawFee":"15 min = 1,50 €; 30 min = 3,00 €; 45 min = 4,50 €; 60 min = 6,00 €","note":"Amalienstraße 34","windows":[{"weekdays":[1,2,3,4,5,6],"fromMinute":480,"toMinute":1200}],"fee":{"kind":"exact","centsPerHour":600},"unmodelledRules":[],"sourceDefect":null,"spaces":null,"maxStayMinutes":null,"maxStay":"1h","maxStayShare":1,"maxStayValues":["1h"],"chargingPoints":0,"carsharing":0},"geometry":{"type":"MultiPolygon","coordinates":[[[[8.3913,49.00915],[8.39117,49.0092],[8.39114,49.00916],[8.39128,49.00911],[8.3913,49.00915]]],[[[8.39147,49.00909],[8.39133,49.00914],[8.3913,49.0091],[8.39144,49.00906],[8.39147,49.00909]]],[[[8.39099,49.00926],[8.39086,49.0093],[8.39083,49.00927],[8.39096,49.00922],[8.39099,49.00926]]],[[[8.3915,49.00896],[8.39131,49.00902],[8.3913,49.00901],[8.39149,49.00894],[8.3915,49.00896]]],[[[8.39083,49.00931],[8.39075,49.00934],[8.39072,49.00931],[8.3908,49.00928],[8.39083,49.00931]]],[[[8.39114,49.0092],[8.39112,49.00921],[8.39109,49.00918],[8.39112,49.00917],[8.39114,49.0092]]],[[[8.39104,49.00924],[8.39101,49.00925],[8.39098,49.00921],[8.39101,49.0092],[8.39104,49.00924]]]]}},{"type":"Feature","properties":{"zone":"267","district":"Innenstadt-West","rawHours":"werktags 8 bis 20 Uhr","rawFee":"15 min = 1,50 €; 30 min = 3,00 €; 45 min = 4,50 €; 60 min = 6,00 €","note":"Amalienstraße 47 · Amalienstraße 24","windows":[{"weekdays":[1,2,3,4,5,6],"fromMinute":480,"toMinute":1200}],"fee":{"kind":"exact","centsPerHour":600},"unmodelledRules":[],"sourceDefect":null,"spaces":null,"maxStayMinutes":null,"maxStay":"1h","maxStayShare":1,"maxStayValues":["1h"],"chargingPoints":0,"carsharing":0},"geometry":{"type":"MultiPolygon","coordinates":[[[[8.3926,49.0087],[8.39248,49.00874],[8.39245,49.0087],[8.39257,49.00866],[8.3926,49.0087]]],[[[8.39233,49.00879],[8.39222,49.00883],[8.39219,49.00879],[8.39231,49.00875],[8.39233,49.00879]]],[[[8.39272,49.00866],[8.39262,49.00869],[8.39259,49.00865],[8.39269,49.00862],[8.39272,49.00866]]],[[[8.39214,49.00886],[8.39208,49.00888],[8.39205,49.00884],[8.39211,49.00882],[8.39214,49.00886]]],[[[8.39205,49.00889],[8.39199,49.00891],[8.39196,49.00887],[8.39202,49.00885],[8.39205,49.00889]]],[[[8.39291,49.00859],[8.39288,49.0086],[8.39285,49.00856],[8.39288,49.00855],[8.39291,49.00859]]],[[[8.3922,49.00884],[8.39217,49.00885],[8.39214,49.00881],[8.39217,49.0088],[8.3922,49.00884]]],[[[8.39196,49.00892],[8.39193,49.00893],[8.3919,49.00889],[8.39193,49.00888],[8.39196,49.00892]]],[[[8.39183,49.00897],[8.3918,49.00897],[8.39177,49.00894],[8.3918,49.00893],[8.39183,49.00897]]],[[[8.3919,49.00894],[8.39187,49.00895],[8.39184,49.00891],[8.39187,49.00891],[8.3919,49.00894]]]]}},{"type":"Feature","properties":{"zone":"268","district":"Innenstadt-West","rawHours":"werktags 8 bis 20 Uhr","rawFee":"15 min = 1,50 €; 30 min = 3,00 €; 45 min = 4,50 €; 60 min = 6,00 €","note":"Amalienstraße 5 · Amalienstraße 14","windows":[{"weekdays":[1,2,3,4,5,6],"fromMinute":480,"toMinute":1200}],"fee":{"kind":"exact","centsPerHour":600},"unmodelledRules":[],"sourceDefect":null,"spaces":null,"maxStayMinutes":null,"maxStay":"1h","maxStayShare":1,"maxStayValues":["1h"],"chargingPoints":0,"carsharing":0},"geometry":{"type":"MultiPolygon","coordinates":[[[[8.39591,49.00744],[8.3958,49.00746],[8.39565,49.00752],[8.39544,49.00759],[8.39542,49.00757],[8.39588,49.00741],[8.39591,49.00744]]],[[[8.39622,49.00733],[8.39611,49.00738],[8.39609,49.00736],[8.39608,49.00734],[8.39619,49.0073],[8.39621,49.00731],[8.39622,49.00733]]],[[[8.39604,49.0074],[8.39596,49.00743],[8.39597,49.00741],[8.39595,49.00738],[8.39601,49.00736],[8.39604,49.0074]]],[[[8.39525,49.00765],[8.3951,49.0077],[8.3951,49.00768],[8.39522,49.00764],[8.39525,49.00765]]]]}},{"type":"Feature","properties":{"zone":"269","district":"Innenstadt-West","rawHours":"werktags 8 bis 20 Uhr","rawFee":"15 min = 1,50 €; 30 min = 3,00 €; 45 min = 4,50 €; 60 min = 6,00 €","note":"Amalienstraße 5 · Amalienstraße 14","windows":[{"weekdays":[1,2,3,4,5,6],"fromMinute":480,"toMinute":1200}],"fee":{"kind":"exact","centsPerHour":600},"unmodelledRules":[],"sourceDefect":null,"spaces":null,"maxStayMinutes":null,"maxStay":"1h","maxStayShare":1,"maxStayValues":["1h"],"chargingPoints":0,"carsharing":0},"geometry":{"type":"MultiPolygon","coordinates":[[[[8.39568,49.00763],[8.39547,49.0077],[8.39547,49.00768],[8.39567,49.00761],[8.39568,49.00763]]],[[[8.39626,49.00743],[8.39619,49.00746],[8.39616,49.00742],[8.39615,49.00742],[8.39622,49.0074],[8.39625,49.00741],[8.39626,49.00743]]],[[[8.39643,49.00737],[8.39636,49.00739],[8.39633,49.00736],[8.3964,49.00733],[8.39643,49.00737]]]]}},{"type":"Feature","properties":{"zone":"270","district":"Innenstadt-West","rawHours":"werktags 8 bis 20 Uhr","rawFee":"15 min = 1,50 €; 30 min = 3,00 €; 45 min = 4,50 €; 60 min = 6,00 €","note":"Sophienstraße 59a","windows":[{"weekdays":[1,2,3,4,5,6],"fromMinute":480,"toMinute":1200}],"fee":{"kind":"exact","centsPerHour":600},"unmodelledRules":[],"sourceDefect":null,"spaces":null,"maxStayMinutes":null,"maxStay":"1h","maxStayShare":1,"maxStayValues":["1h"],"chargingPoints":0,"carsharing":0},"geometry":{"type":"MultiPolygon","coordinates":[[[[8.38918,49.0075],[8.38903,49.00751],[8.38902,49.00747],[8.38918,49.00746],[8.38918,49.0075]]],[[[8.38884,49.00752],[8.3887,49.00752],[8.38869,49.00748],[8.38884,49.00748],[8.38884,49.00752]]],[[[8.38885,49.0076],[8.38852,49.00762],[8.38852,49.0076],[8.38884,49.00758],[8.38885,49.0076]]],[[[8.38935,49.0075],[8.38921,49.0075],[8.38921,49.00746],[8.38935,49.00745],[8.38935,49.0075]]],[[[8.38867,49.00753],[8.38854,49.00753],[8.38854,49.00749],[8.38866,49.00748],[8.38867,49.00753]]],[[[8.389,49.00751],[8.38887,49.00752],[8.38887,49.00747],[8.38899,49.00747],[8.389,49.00751]]],[[[8.38935,49.00757],[8.38903,49.00758],[8.38903,49.00757],[8.38934,49.00755],[8.38935,49.00757]]]]}},{"type":"Feature","properties":{"zone":"273","district":"Durlach","rawHours":"werktags 8 bis 20 Uhr","rawFee":"30 min = 1,50 €; 60 min = 3,00 €; 90 min = 4,50 €; 120 min = 6,00 €","note":"Gritznerstraße · Gritznerstraße / Post","windows":[{"weekdays":[1,2,3,4,5,6],"fromMinute":480,"toMinute":1200}],"fee":{"kind":"exact","centsPerHour":300},"unmodelledRules":[],"sourceDefect":null,"spaces":null,"maxStayMinutes":null,"maxStay":"2h","maxStayShare":1,"maxStayValues":["2h"],"chargingPoints":0,"carsharing":0},"geometry":{"type":"MultiPolygon","coordinates":[[[[8.46475,48.99904],[8.4647,48.99906],[8.46462,48.99898],[8.46468,48.99896],[8.46475,48.99904]]],[[[8.46465,48.99892],[8.46459,48.99895],[8.46453,48.99888],[8.46459,48.99885],[8.46465,48.99892]]],[[[8.46481,48.9991],[8.46475,48.99912],[8.46471,48.99908],[8.46477,48.99905],[8.46481,48.9991]]],[[[8.46485,48.99914],[8.46479,48.99916],[8.46477,48.99914],[8.46483,48.99912],[8.46485,48.99914]]]]}},{"type":"Feature","properties":{"zone":"274","district":"Durlach","rawHours":"werktags 8 bis 20 Uhr","rawFee":"30 min = 1,50 €; 60 min = 3,00 €; 90 min = 4,50 €; 120 min = 6,00 €","note":"Gritznerstraße · Gritznerstraße / Post","windows":[{"weekdays":[1,2,3,4,5,6],"fromMinute":480,"toMinute":1200}],"fee":{"kind":"exact","centsPerHour":300},"unmodelledRules":[],"sourceDefect":null,"spaces":null,"maxStayMinutes":null,"maxStay":"2h","maxStayShare":1,"maxStayValues":["2h"],"chargingPoints":0,"carsharing":0},"geometry":{"type":"MultiPolygon","coordinates":[[[[8.46499,48.99897],[8.46493,48.99899],[8.46485,48.9989],[8.4649,48.99888],[8.46499,48.99897]]],[[[8.46478,48.99888],[8.46473,48.9989],[8.46466,48.99883],[8.46472,48.9988],[8.46478,48.99888]]],[[[8.46489,48.99899],[8.46483,48.99902],[8.46479,48.99897],[8.46485,48.99895],[8.46489,48.99899]]],[[[8.46486,48.99883],[8.46481,48.99886],[8.46477,48.99882],[8.46482,48.99879],[8.46486,48.99883]]],[[[8.46482,48.99892],[8.46476,48.99894],[8.46474,48.99892],[8.4648,48.9989],[8.46482,48.99892]]]]}},{"type":"Feature","properties":{"zone":"279","district":"Innenstadt-West","rawHours":"werktags 8 bis 20 Uhr","rawFee":"15 min = 1,50 €; 30 min = 3,00 €; 45 min = 4,50 €; 60 min = 6,00 €","note":"Amalienstraße 42 · Amalienstraße 67","windows":[{"weekdays":[1,2,3,4,5,6],"fromMinute":480,"toMinute":1200}],"fee":{"kind":"exact","centsPerHour":600},"unmodelledRules":[],"sourceDefect":null,"spaces":null,"maxStayMinutes":null,"maxStay":"1h","maxStayShare":1,"maxStayValues":["1h"],"chargingPoints":0,"carsharing":0},"geometry":{"type":"MultiPolygon","coordinates":[[[[8.39049,49.00943],[8.39029,49.0095],[8.39026,49.00946],[8.39046,49.0094],[8.39049,49.00943]]],[[[8.39066,49.00937],[8.39051,49.00942],[8.39049,49.00939],[8.39063,49.00934],[8.39066,49.00937]]],[[[8.38996,49.00961],[8.38987,49.00965],[8.38984,49.00961],[8.38993,49.00958],[8.38996,49.00961]]],[[[8.39027,49.00951],[8.39017,49.00954],[8.39014,49.00951],[8.39024,49.00947],[8.39027,49.00951]]],[[[8.39015,49.00955],[8.39009,49.00957],[8.39006,49.00954],[8.39012,49.00951],[8.39015,49.00955]]],[[[8.39001,49.00959],[8.38999,49.0096],[8.38996,49.00957],[8.38999,49.00956],[8.39001,49.00959]]]]}},{"type":"Feature","properties":{"zone":"280","district":"Oststadt","rawHours":"werktags 8 bis 20 Uhr","rawFee":"30 min = 1,50 €; 60 min = 3,00 €; 90 min = 4,50 €; 120 min = 6,00 €","note":"Durlacher Allee 32","windows":[{"weekdays":[1,2,3,4,5,6],"fromMinute":480,"toMinute":1200}],"fee":{"kind":"exact","centsPerHour":300},"unmodelledRules":[],"sourceDefect":null,"spaces":null,"maxStayMinutes":null,"maxStay":"2h","maxStayShare":1,"maxStayValues":["2h"],"chargingPoints":0,"carsharing":0},"geometry":{"type":"MultiPolygon","coordinates":[[[[8.42157,49.00805],[8.42128,49.0081],[8.4213,49.00807],[8.42154,49.00803],[8.42157,49.00805]]],[[[8.42099,49.00816],[8.4208,49.00819],[8.42081,49.00817],[8.4208,49.00816],[8.42096,49.00814],[8.42096,49.00814],[8.42099,49.00816]]],[[[8.42077,49.0082],[8.42058,49.00823],[8.42059,49.00821],[8.42059,49.00821],[8.42074,49.00818],[8.42074,49.00818],[8.42077,49.0082]]],[[[8.42055,49.00824],[8.42036,49.00827],[8.42037,49.00825],[8.42037,49.00825],[8.42052,49.00822],[8.42052,49.00822],[8.42055,49.00824]]]]}},{"type":"Feature","properties":{"zone":"281","district":"Innenstadt-Ost","rawHours":"werktags 8 bis 20 Uhr","rawFee":"15 min = 1,50 €; 30 min = 3,00 €; 45 min = 4,50 €; 60 min = 6,00 €","note":"Kriegsstraße 100","windows":[{"weekdays":[1,2,3,4,5,6],"fromMinute":480,"toMinute":1200}],"fee":{"kind":"exact","centsPerHour":600},"unmodelledRules":[],"sourceDefect":null,"spaces":null,"maxStayMinutes":null,"maxStay":"1h","maxStayShare":1,"maxStayValues":["1h"],"chargingPoints":0,"carsharing":0},"geometry":{"type":"MultiPolygon","coordinates":[[[[8.40597,49.00564],[8.40595,49.00566],[8.40584,49.00565],[8.40551,49.00564],[8.40527,49.00564],[8.40527,49.00562],[8.4055,49.00562],[8.40597,49.00564]]],[[[8.40468,49.00564],[8.40465,49.00567],[8.40425,49.00567],[8.40423,49.00565],[8.40468,49.00564]]]]}},{"type":"Feature","properties":{"zone":"282","district":"Innenstadt-West","rawHours":"werktags 8 bis 20 Uhr","rawFee":"15 min = 1,50 €; 30 min = 3,00 €; 45 min = 4,50 €; 60 min = 6,00 €","note":"Kriegsstraße 134","windows":[{"weekdays":[1,2,3,4,5,6],"fromMinute":480,"toMinute":1200}],"fee":{"kind":"exact","centsPerHour":600},"unmodelledRules":[],"sourceDefect":null,"spaces":null,"maxStayMinutes":null,"maxStay":"1h","maxStayShare":1,"maxStayValues":["1h"],"chargingPoints":0,"carsharing":0},"geometry":{"type":"MultiPolygon","coordinates":[[[[8.40086,49.00567],[8.40084,49.00569],[8.40076,49.00569],[8.40075,49.00567],[8.40086,49.00567]]],[[[8.40072,49.00567],[8.40071,49.00569],[8.40063,49.00569],[8.40061,49.00567],[8.40072,49.00567]]],[[[8.40115,49.00567],[8.40113,49.00569],[8.40105,49.00569],[8.40104,49.00567],[8.40115,49.00567]]],[[[8.40147,49.00567],[8.40146,49.00569],[8.40138,49.00569],[8.40136,49.00567],[8.40147,49.00567]]]]}},{"type":"Feature","properties":{"zone":"283","district":"Südstadt","rawHours":"werktags 8 bis 20 Uhr","rawFee":"15 min = 1,50 €; 30 min = 3,00 €; 45 min = 4,50 €; 60 min = 6,00 €","note":"Mendelssohnplatz","windows":[{"weekdays":[1,2,3,4,5,6],"fromMinute":480,"toMinute":1200}],"fee":{"kind":"exact","centsPerHour":600},"unmodelledRules":[],"sourceDefect":null,"spaces":null,"maxStayMinutes":null,"maxStay":"1h","maxStayShare":1,"maxStayValues":["1h"],"chargingPoints":0,"carsharing":0},"geometry":{"type":"MultiPolygon","coordinates":[[[[8.40925,49.0057],[8.40888,49.00569],[8.40888,49.00567],[8.40924,49.00569],[8.40925,49.0057]]],[[[8.40938,49.00571],[8.40928,49.0057],[8.40929,49.00569],[8.40934,49.00569],[8.40936,49.00569],[8.40938,49.00571]]],[[[8.4095,49.00572],[8.40941,49.00571],[8.40943,49.0057],[8.4095,49.00571],[8.4095,49.00572]]]]}},{"type":"Feature","properties":{"zone":"284","district":"Innenstadt-West","rawHours":"werktags 8 bis 20 Uhr","rawFee":"15 min = 1,50 €; 30 min = 3,00 €; 45 min = 4,50 €; 60 min = 6,00 €","note":"Bismarckstraße 8","windows":[{"weekdays":[1,2,3,4,5,6],"fromMinute":480,"toMinute":1200}],"fee":{"kind":"exact","centsPerHour":600},"unmodelledRules":[],"sourceDefect":null,"spaces":null,"maxStayMinutes":null,"maxStay":"1h","maxStayShare":1,"maxStayValues":["1h"],"chargingPoints":0,"carsharing":0},"geometry":{"type":"MultiPolygon","coordinates":[[[[8.39519,49.01323],[8.39536,49.01325],[8.39537,49.0132],[8.3952,49.01319],[8.39519,49.01323]]],[[[8.39501,49.01321],[8.39518,49.01323],[8.39518,49.01319],[8.39502,49.01317],[8.39501,49.01321]]],[[[8.39475,49.01319],[8.39488,49.0132],[8.39489,49.01316],[8.39476,49.01315],[8.39475,49.01319]]]]}},{"type":"Feature","properties":{"zone":"286","district":"Südstadt","rawHours":"werktags 8 bis 20 Uhr","rawFee":"30 min = 1,50 €; 60 min = 3,00 €; 90 min = 4,50 €; 120 min = 6,00 €","note":"Ettlinger Straße 5","windows":[{"weekdays":[1,2,3,4,5,6],"fromMinute":480,"toMinute":1200}],"fee":{"kind":"exact","centsPerHour":300},"unmodelledRules":[],"sourceDefect":null,"spaces":null,"maxStayMinutes":null,"maxStay":"2h","maxStayShare":1,"maxStayValues":["2h"],"chargingPoints":0,"carsharing":0},"geometry":{"type":"MultiPolygon","coordinates":[[[[8.40325,49.00232],[8.40332,49.00236],[8.40334,49.00255],[8.40327,49.00251],[8.40325,49.00232]]],[[[8.4033,49.00279],[8.40337,49.00283],[8.40337,49.00287],[8.40335,49.00288],[8.40331,49.00286],[8.4033,49.00286],[8.4033,49.00279]]]]}},{"type":"Feature","properties":{"zone":"287","district":"Südweststadt","rawHours":"werktags 8 bis 20 Uhr","rawFee":"30 min = 1,50 €; 60 min = 3,00 €; 90 min = 4,50 €; 120 min = 6,00 €","note":"Victor-Gollancz-Straße 4","windows":[{"weekdays":[1,2,3,4,5,6],"fromMinute":480,"toMinute":1200}],"fee":{"kind":"exact","centsPerHour":300},"unmodelledRules":[],"sourceDefect":null,"spaces":null,"maxStayMinutes":null,"maxStay":"2h","maxStayShare":1,"maxStayValues":["2h"],"chargingPoints":0,"carsharing":0},"geometry":{"type":"MultiPolygon","coordinates":[[[[8.39838,48.9936],[8.39838,48.9936],[8.3984,48.99357],[8.39847,48.9936],[8.39845,48.99363],[8.39845,48.99363],[8.39846,48.99363],[8.39838,48.99361],[8.39838,48.9936]]],[[[8.39849,48.99364],[8.3985,48.99364],[8.39852,48.99361],[8.39863,48.99364],[8.39861,48.99367],[8.39861,48.99367],[8.39849,48.99364]]],[[[8.39864,48.99368],[8.39865,48.99368],[8.39867,48.99365],[8.39878,48.99367],[8.39876,48.99371],[8.39876,48.99371],[8.39864,48.99368]]],[[[8.3988,48.99372],[8.3988,48.99372],[8.39882,48.99369],[8.3989,48.99371],[8.39888,48.99374],[8.3988,48.99372]]]]}},{"type":"Feature","properties":{"zone":"288","district":"Südweststadt","rawHours":"werktags 8 bis 20 Uhr","rawFee":"30 min = 1,50 €; 60 min = 3,00 €; 90 min = 4,50 €; 120 min = 6,00 €","note":"Victor-Gollancz-Straße 4 · Victor-Gollancz-Straße 8","windows":[{"weekdays":[1,2,3,4,5,6],"fromMinute":480,"toMinute":1200}],"fee":{"kind":"exact","centsPerHour":300},"unmodelledRules":[],"sourceDefect":null,"spaces":null,"maxStayMinutes":null,"maxStay":"2h","maxStayShare":1,"maxStayValues":["2h"],"chargingPoints":0,"carsharing":0},"geometry":{"type":"MultiPolygon","coordinates":[[[[8.39796,48.99348],[8.39797,48.99348],[8.39799,48.99345],[8.3981,48.99349],[8.39808,48.99352],[8.39808,48.99352],[8.39796,48.99348]]],[[[8.39811,48.99353],[8.39811,48.99353],[8.39814,48.9935],[8.39829,48.99354],[8.39826,48.99358],[8.39826,48.99358],[8.39811,48.99353]]],[[[8.39779,48.99343],[8.39782,48.99339],[8.39795,48.99344],[8.39793,48.99347],[8.39793,48.99347],[8.39786,48.99345],[8.39779,48.99343]]]]}},{"type":"Feature","properties":{"zone":"289","district":"Südweststadt","rawHours":"werktags 8 bis 20 Uhr","rawFee":"30 min = 1,50 €; 60 min = 3,00 €; 90 min = 4,50 €; 120 min = 6,00 €","note":"Victor-Gollancz-Straße 8 · Victor-Gollancz-Straße 5","windows":[{"weekdays":[1,2,3,4,5,6],"fromMinute":480,"toMinute":1200}],"fee":{"kind":"exact","centsPerHour":300},"unmodelledRules":[],"sourceDefect":null,"spaces":null,"maxStayMinutes":null,"maxStay":"2h","maxStayShare":1,"maxStayValues":["2h"],"chargingPoints":0,"carsharing":0},"geometry":{"type":"MultiPolygon","coordinates":[[[[8.397,48.9931],[8.39704,48.99307],[8.39718,48.99314],[8.39731,48.99319],[8.39728,48.99323],[8.39713,48.99316],[8.39706,48.99313],[8.397,48.9931]]],[[[8.39736,48.99326],[8.3974,48.99323],[8.39751,48.99328],[8.39775,48.99336],[8.39772,48.9934],[8.39754,48.99334],[8.39736,48.99326]]]]}},{"type":"Feature","properties":{"zone":"290","district":"Südstadt","rawHours":"täglich 6 bis 24 Uhr","rawFee":"30 min = 1,50 €; 60 min = 3,00 €; 90 min = 4,50 €; 120 min = 6,00 €; Tagespauschale = 22,50 €","note":"Güterbahnstraße","windows":[{"weekdays":[0,1,2,3,4,5,6],"fromMinute":360,"toMinute":1440}],"fee":{"kind":"exact","centsPerHour":300},"unmodelledRules":[],"sourceDefect":null,"spaces":null,"maxStayMinutes":null,"maxStay":"24h","maxStayShare":1,"maxStayValues":["24h"],"chargingPoints":0,"carsharing":0},"geometry":{"type":"MultiPolygon","coordinates":[[[[8.40769,48.99307],[8.40775,48.99309],[8.40782,48.99299],[8.40776,48.99297],[8.40769,48.99307]]],[[[8.40783,48.99297],[8.40792,48.99285],[8.40786,48.99283],[8.40777,48.99295],[8.40783,48.99297]]]]}},{"type":"Feature","properties":{"zone":"291","district":"Innenstadt-West","rawHours":"werktags 8 bis 20 Uhr","rawFee":"15 min = 1,50 €; 30 min = 3,00 €; 45 min = 4,50 €; 60 min = 6,00 €","note":"Leopoldstraße 21","windows":[{"weekdays":[1,2,3,4,5,6],"fromMinute":480,"toMinute":1200}],"fee":{"kind":"exact","centsPerHour":600},"unmodelledRules":[],"sourceDefect":null,"spaces":null,"maxStayMinutes":null,"maxStay":"1h","maxStayShare":1,"maxStayValues":["1h"],"chargingPoints":0,"carsharing":0},"geometry":{"type":"Polygon","coordinates":[[[8.38937,49.00717],[8.38945,49.00716],[8.38946,49.00723],[8.38938,49.00723],[8.38937,49.00717]]]}},{"type":"Feature","properties":{"zone":"292","district":"Innenstadt-West","rawHours":"werktags 8 bis 20 Uhr","rawFee":"15 min = 1,50 €; 30 min = 3,00 €; 45 min = 4,50 €; 60 min = 6,00 €","note":"Leopoldstraße 24","windows":[{"weekdays":[1,2,3,4,5,6],"fromMinute":480,"toMinute":1200}],"fee":{"kind":"exact","centsPerHour":600},"unmodelledRules":[],"sourceDefect":null,"spaces":null,"maxStayMinutes":null,"maxStay":"1h","maxStayShare":1,"maxStayValues":["1h"],"chargingPoints":0,"carsharing":0},"geometry":{"type":"MultiPolygon","coordinates":[[[[8.38941,49.00668],[8.38944,49.00701],[8.38947,49.00701],[8.38943,49.00668],[8.38941,49.00668]]]]}},{"type":"Feature","properties":{"zone":"293","district":"Innenstadt-West","rawHours":"werktags 8 bis 20 Uhr","rawFee":"15 min = 1,50 €; 30 min = 3,00 €; 45 min = 4,50 €; 60 min = 6,00 €","note":"Leopoldstraße 36","windows":[{"weekdays":[1,2,3,4,5,6],"fromMinute":480,"toMinute":1200}],"fee":{"kind":"exact","centsPerHour":600},"unmodelledRules":[],"sourceDefect":null,"spaces":null,"maxStayMinutes":null,"maxStay":"1h","maxStayShare":1,"maxStayValues":["1h"],"chargingPoints":0,"carsharing":0},"geometry":{"type":"MultiPolygon","coordinates":[[[[8.3893,49.00574],[8.38932,49.00574],[8.38934,49.00591],[8.38931,49.00591],[8.3893,49.00574]]],[[[8.38932,49.00597],[8.38934,49.00596],[8.38936,49.00615],[8.38934,49.00616],[8.38932,49.00597]]]]}},{"type":"Feature","properties":{"zone":"294","district":"Innenstadt-Ost","rawHours":"werktags 8 bis 20 Uhr","rawFee":"15 min = 1,50 €; 30 min = 3,00 €; 45 min = 4,50 €; 60 min = 6,00 €","note":"Kaiserstraße 17 · Kaiserstraße 23","windows":[{"weekdays":[1,2,3,4,5,6],"fromMinute":480,"toMinute":1200}],"fee":{"kind":"exact","centsPerHour":600},"unmodelledRules":[],"sourceDefect":null,"spaces":null,"maxStayMinutes":null,"maxStay":"1h","maxStayShare":1,"maxStayValues":["1h"],"chargingPoints":0,"carsharing":0},"geometry":{"type":"MultiPolygon","coordinates":[[[[8.4133,49.0091],[8.41331,49.00912],[8.41343,49.00912],[8.41343,49.00909],[8.4133,49.0091]]],[[[8.41354,49.00909],[8.41354,49.00911],[8.41385,49.0091],[8.41385,49.00908],[8.41354,49.00909]]],[[[8.41392,49.00907],[8.41393,49.00909],[8.41527,49.00904],[8.41526,49.00902],[8.41471,49.00904],[8.41392,49.00907]]]]}}]}